t_s,mode,target_rad_s,speed_rad_s,u,u_unsaturated
0.0900,coast,6.2800,0.0000,0.0000,0.0000
0.0918,pi,6.2800,0.0000,0.1256,0.1256
0.0963,pi,6.2800,0.0000,0.1272,0.1272
0.1006,pi,6.2800,0.0000,0.1287,0.1287
0.1050,pi,6.2800,0.0000,0.1303,0.1303
0.1087,pi,6.2800,0.0000,0.1319,0.1319
0.1125,pi,6.2800,0.0000,0.1335,0.1335
0.1163,pi,6.2800,0.0716,0.1336,0.1336
0.1200,pi,6.2800,0.1831,0.1329,0.1329
0.1238,pi,6.2800,0.3133,0.1319,0.1319
0.1276,pi,6.2800,0.4514,0.1306,0.1306
0.1314,pi,6.2800,0.6126,0.1288,0.1288
0.1354,pi,6.2800,0.8412,0.1257,0.1257
0.1391,pi,6.2800,1.0746,0.1223,0.1223
0.1428,pi,6.2800,1.3629,0.1179,0.1179
0.1469,pi,6.2800,1.6434,0.1135,0.1135
0.1508,pi,6.2800,1.9082,0.1094,0.1094
0.1551,pi,6.2800,2.1808,0.1050,0.1050
0.1594,pi,6.2800,2.4295,0.1011,0.1011
0.1644,pi,6.2800,2.6751,0.0971,0.0971
0.1694,pi,6.2800,2.9170,0.0932,0.0932
0.1744,pi,6.2800,3.1562,0.0892,0.0892
0.1794,pi,6.2800,3.3478,0.0862,0.0862
0.1844,pi,6.2800,3.5009,0.0838,0.0838
0.1894,pi,6.2800,3.6690,0.0812,0.0812
0.1945,pi,6.2800,3.7581,0.0800,0.0800
0.1995,pi,6.2800,3.8610,0.0786,0.0786
0.2044,pi,6.2800,3.9569,0.0773,0.0773
0.2095,pi,6.2800,4.0200,0.0766,0.0766
0.2145,pi,6.2800,4.0703,0.0762,0.0762
0.2198,pi,6.2800,4.0599,0.0769,0.0769
0.2245,pi,6.2800,4.0516,0.0777,0.0777
0.2294,pi,6.2800,4.0954,0.0774,0.0774
0.2344,pi,6.2800,4.0803,0.0782,0.0782
0.2394,pi,6.2800,4.0682,0.0790,0.0790
0.2445,pi,6.2800,4.0587,0.0797,0.0797
0.2496,pi,6.2800,4.0509,0.0804,0.0804
0.2545,pi,6.2800,3.9947,0.0821,0.0821
0.2594,pi,6.2800,3.9725,0.0831,0.0831
0.2645,pi,6.2800,3.9549,0.0841,0.0841
0.2695,pi,6.2800,3.9408,0.0849,0.0849
0.2744,pi,6.2800,3.9298,0.0857,0.0857
0.2794,pi,6.2800,3.9211,0.0865,0.0865
0.2845,pi,6.2800,3.8681,0.0881,0.0881
0.2895,pi,6.2800,3.8484,0.0891,0.0891
0.2944,pi,6.2800,3.8556,0.0896,0.0896
0.2994,pi,6.2800,3.8613,0.0901,0.0901
0.3044,pi,6.2800,3.8206,0.0915,0.0915
0.3095,pi,6.2800,3.8104,0.0923,0.0923
0.3144,pi,6.2800,3.8252,0.0927,0.0927
0.3195,pi,6.2800,3.8141,0.0935,0.0935
0.3244,pi,6.2800,3.8280,0.0938,0.0938
0.3295,pi,6.2800,3.8164,0.0947,0.0947
0.3344,pi,6.2800,3.8300,0.0950,0.0950
0.3394,pi,6.2800,3.8866,0.0945,0.0945
0.3444,pi,6.2800,3.9135,0.0946,0.0946
0.3494,pi,6.2800,3.9077,0.0953,0.0953
0.3545,pi,6.2800,3.9033,0.0959,0.0959
0.3595,pi,6.2800,3.9453,0.0957,0.0957
0.3644,pi,6.2800,3.9790,0.0956,0.0956
0.3694,pi,6.2800,4.0059,0.0957,0.0957
0.3744,pi,6.2800,4.0275,0.0958,0.0958
0.3795,pi,6.2800,4.0765,0.0954,0.0954
0.3844,pi,6.2800,4.0654,0.0961,0.0961
0.3894,pi,6.2800,4.0565,0.0969,0.0969
0.3944,pi,6.2800,4.0678,0.0972,0.0972
0.3995,pi,6.2800,4.1081,0.0970,0.0970
0.4044,pi,6.2800,4.1406,0.0969,0.0969
0.4095,pi,6.2800,4.1669,0.0969,0.0969
0.4144,pi,6.2800,4.2017,0.0967,0.0967
0.4195,pi,6.2800,4.1653,0.0979,0.0979
0.4245,pi,6.2800,4.1865,0.0980,0.0980
0.4294,pi,6.2800,4.2173,0.0979,0.0979
0.4344,pi,6.2800,4.1965,0.0989,0.0989
0.4394,pi,6.2800,4.2256,0.0988,0.0988
0.4444,pi,6.2800,4.2489,0.0989,0.0989
0.4494,pi,6.2800,4.2674,0.0990,0.0990
0.4544,pi,6.2800,4.2375,0.1001,0.1001
0.4594,pi,6.2800,4.2583,0.1002,0.1002
0.4644,pi,6.2800,4.2611,0.1006,0.1006
0.4694,pi,6.2800,4.2771,0.1008,0.1008
0.4744,pi,6.2800,4.2900,0.1011,0.1011
0.4795,pi,6.2800,4.2864,0.1016,0.1016
0.4844,pi,6.2800,4.3338,0.1012,0.1012
0.4894,pi,6.2800,4.3715,0.1009,0.1009
0.4945,pi,6.2800,4.3516,0.1018,0.1018
0.4994,pi,6.2800,4.3356,0.1026,0.1026
0.5044,pi,6.2800,4.3729,0.1023,0.1023
0.5094,pi,6.2800,4.4030,0.1022,0.1022
0.5144,pi,6.2800,4.4271,0.1022,0.1022
0.5194,pi,6.2800,4.3958,0.1033,0.1033
0.5244,pi,6.2800,4.4212,0.1033,0.1033
0.5294,pi,6.2800,4.4508,0.1031,0.1031
0.5345,pi,6.2800,4.4747,0.1031,0.1031
0.5395,pi,6.2800,4.4477,0.1041,0.1041
0.5445,pi,6.2800,4.4628,0.1043,0.1043
0.5494,pi,6.2800,4.4750,0.1045,0.1045
0.5544,pi,6.2800,4.4848,0.1047,0.1047
0.5594,pi,6.2800,4.5017,0.1048,0.1048
0.5644,pi,6.2800,4.5061,0.1052,0.1052
0.5694,pi,6.2800,4.5188,0.1054,0.1054
0.5744,pi,6.2800,4.5748,0.1047,0.1047
0.5795,pi,6.2800,4.5646,0.1053,0.1053
0.5844,pi,6.2800,4.5564,0.1059,0.1059
0.5894,pi,6.2800,4.5589,0.1063,0.1063
0.5945,pi,6.2800,4.6020,0.1059,0.1059
0.5994,pi,6.2800,4.6413,0.1055,0.1055
0.6045,pi,6.2800,4.6274,0.1062,0.1062
0.6095,pi,6.2800,4.6159,0.1068,0.1068
0.6144,pi,6.2800,4.6067,0.1074,0.1074
0.6194,pi,6.2800,4.5994,0.1080,0.1080
0.6245,pi,6.2800,4.5936,0.1085,0.1085
0.6294,pi,6.2800,4.5889,0.1091,0.1091
0.6344,pi,6.2800,4.6309,0.1086,0.1086
0.6394,pi,6.2800,4.6646,0.1084,0.1084
0.6445,pi,6.2800,4.6361,0.1093,0.1093
0.6494,pi,6.2800,4.6136,0.1102,0.1102
0.6544,pi,6.2800,4.6458,0.1100,0.1100
0.6594,pi,6.2800,4.6760,0.1098,0.1098
0.6644,pi,6.2800,4.7005,0.1097,0.1097
0.6695,pi,6.2800,4.7154,0.1098,0.1098
0.6744,pi,6.2800,4.7270,0.1100,0.1100
0.6794,pi,6.2800,4.7411,0.1101,0.1101
0.6845,pi,6.2800,4.7477,0.1103,0.1103
0.6894,pi,6.2800,4.7529,0.1106,0.1106
0.6944,pi,6.2800,4.7616,0.1108,0.1108
0.6994,pi,6.2800,4.8145,0.1101,0.1101
0.7044,pi,6.2800,4.8566,0.1096,0.1096
0.7094,pi,6.2800,4.8401,0.1103,0.1103
0.7145,pi,6.2800,4.8267,0.1110,0.1110
0.7195,pi,6.2800,4.8163,0.1115,0.1115
0.7245,pi,6.2800,4.8125,0.1120,0.1120
0.7295,pi,6.2800,4.8049,0.1125,0.1125
0.7345,pi,6.2800,4.7989,0.1130,0.1130
0.7395,pi,6.2800,4.7941,0.1134,0.1134
0.7445,pi,6.2800,4.7903,0.1139,0.1139
0.7494,pi,6.2800,4.7872,0.1143,0.1143
0.7544,pi,6.2800,4.7848,0.1148,0.1148
0.7595,pi,6.2800,4.7873,0.1151,0.1151
0.7646,pi,6.2800,4.8350,0.1145,0.1145
0.7696,pi,6.2800,4.8730,0.1141,0.1141
0.7746,pi,6.2800,4.9036,0.1138,0.1138
0.7799,pi,6.2800,4.9276,0.1137,0.1137
0.7853,pi,6.2800,4.9467,0.1137,0.1137
0.7903,pi,6.2800,4.9620,0.1137,0.1137
0.7947,pi,6.2800,5.0248,0.1128,0.1128
0.7994,pi,6.2800,5.0709,0.1121,0.1121
0.8044,pi,6.2800,5.1081,0.1117,0.1117
0.8094,pi,6.2800,5.1421,0.1113,0.1113
0.8144,pi,6.2800,5.1646,0.1112,0.1112
0.8194,pi,6.2800,5.1830,0.1111,0.1111
0.8245,pi,6.2800,5.2018,0.1110,0.1110
0.8294,pi,6.2800,5.2123,0.1110,0.1110
0.8344,pi,6.2800,5.2215,0.1111,0.1111
0.8394,pi,6.2800,5.2293,0.1112,0.1112
0.8444,pi,6.2800,5.2353,0.1114,0.1114
0.8494,pi,6.2800,5.1938,0.1124,0.1124
0.8545,pi,6.2800,5.1603,0.1134,0.1134
0.8594,pi,6.2800,5.1333,0.1142,0.1142
0.8644,pi,6.2800,5.1120,0.1149,0.1149
0.8695,pi,6.2800,5.0945,0.1156,0.1156
0.8744,pi,6.2800,5.0810,0.1161,0.1161
0.8795,pi,6.2800,5.0702,0.1166,0.1166
0.8845,pi,6.2800,5.0613,0.1171,0.1171
0.8895,pi,6.2800,5.0528,0.1176,0.1176
0.8944,pi,6.2800,5.0474,0.1180,0.1180
0.8995,pi,6.2800,5.0432,0.1184,0.1184
0.9044,pi,6.2800,5.0400,0.1188,0.1188
0.9095,pi,6.2800,5.0372,0.1191,0.1191
0.9144,pi,6.2800,5.0808,0.1186,0.1186
0.9194,pi,6.2800,5.1157,0.1182,0.1182
0.9245,pi,6.2800,5.1481,0.1178,0.1178
0.9294,pi,6.2800,5.1695,0.1177,0.1177
0.9344,pi,6.2800,5.1867,0.1176,0.1176
0.9394,pi,6.2800,5.2005,0.1176,0.1176
0.9445,pi,6.2800,5.2126,0.1176,0.1176
0.9496,pi,6.2800,5.2256,0.1177,0.1177
0.9545,pi,6.2800,5.2360,0.1177,0.1177
0.9595,pi,6.2800,5.2443,0.1178,0.1178
0.9644,pi,6.2800,5.2007,0.1189,0.1189
0.9694,pi,6.2800,5.2115,0.1190,0.1190
0.9744,pi,6.2800,5.2202,0.1191,0.1191
0.9794,pi,6.2800,5.2273,0.1192,0.1192
0.9845,pi,6.2800,5.2374,0.1193,0.1193
0.9894,pi,6.2800,5.2453,0.1194,0.1194
0.9944,pi,6.2800,5.2472,0.1196,0.1196
0.9995,pi,6.2800,5.2533,0.1197,0.1197
1.0045,pi,6.2800,5.2580,0.1199,0.1199
1.0096,pi,6.2800,5.3029,0.1192,0.1192
1.0146,pi,6.2800,5.3479,0.1186,0.1186
1.0194,pi,6.2800,5.3338,0.1191,0.1191
1.0244,pi,6.2800,5.3181,0.1197,0.1197
1.0294,pi,6.2800,5.3101,0.1201,0.1201
1.0344,pi,6.2800,5.2991,0.1205,0.1205
1.0394,pi,6.2800,5.2902,0.1209,0.1209
1.0444,pi,6.2800,5.2833,0.1213,0.1213
1.0494,pi,6.2800,5.3234,0.1208,0.1208
1.0545,pi,6.2800,5.3644,0.1202,0.1202
1.0594,pi,6.2800,5.3882,0.1199,0.1199
1.0645,pi,6.2800,5.3617,0.1207,0.1207
1.0695,pi,6.2800,5.3406,0.1213,0.1213
1.0745,pi,6.2800,5.3781,0.1208,0.1208
1.0802,pi,6.2800,5.4079,0.1205,0.1205
1.0857,pi,6.2800,5.4314,0.1202,0.1202
1.0903,pi,6.2800,5.4416,0.1202,0.1202
1.0945,pi,6.2800,5.4591,0.1201,0.1201
1.0995,pi,6.2800,5.4221,0.1210,0.1210
1.1047,pi,6.2800,5.3889,0.1219,0.1219
1.1099,pi,6.2800,5.3659,0.1226,0.1226
1.1147,pi,6.2800,5.3479,0.1232,0.1232
1.1198,pi,6.2800,5.3837,0.1227,0.1227
1.1244,pi,6.2800,5.3626,0.1233,0.1233
1.1294,pi,6.2800,5.3411,0.1240,0.1240
1.1344,pi,6.2800,5.3243,0.1246,0.1246
1.1397,pi,6.2800,5.3649,0.1240,0.1240
1.1450,pi,6.2800,5.3973,0.1236,0.1236
1.1497,pi,6.2800,5.4141,0.1235,0.1235
1.1544,pi,6.2800,5.4286,0.1234,0.1234
1.1594,pi,6.2800,5.4397,0.1234,0.1234
1.1644,pi,6.2800,5.4950,0.1225,0.1225
1.1695,pi,6.2800,5.5389,0.1218,0.1218
1.1745,pi,6.2800,5.5368,0.1220,0.1220
1.1795,pi,6.2800,5.5719,0.1215,0.1215
1.1844,pi,6.2800,5.6001,0.1211,0.1211
1.1894,pi,6.2800,5.6227,0.1208,0.1208
1.1944,pi,6.2800,5.5956,0.1215,0.1215
1.1994,pi,6.2800,5.5737,0.1222,0.1222
1.2044,pi,6.2800,5.5566,0.1227,0.1227
1.2094,pi,6.2800,5.5878,0.1222,0.1222
1.2144,pi,6.2800,5.6127,0.1219,0.1219
1.2195,pi,6.2800,5.5958,0.1224,0.1224
1.2245,pi,6.2800,5.5823,0.1229,0.1229
1.2295,pi,6.2800,5.5211,0.1243,0.1243
1.2344,pi,6.2800,5.5225,0.1244,0.1244
1.2397,pi,6.2800,5.5232,0.1246,0.1246
1.2444,pi,6.2800,5.5238,0.1248,0.1248
1.2495,pi,6.2800,5.5233,0.1250,0.1250
1.2544,pi,6.2800,5.5244,0.1251,0.1251
1.2594,pi,6.2800,5.5618,0.1246,0.1246
1.2645,pi,6.2800,5.5551,0.1249,0.1249
1.2695,pi,6.2800,5.5498,0.1252,0.1252
1.2744,pi,6.2800,5.5960,0.1244,0.1244
1.2794,pi,6.2800,5.6194,0.1241,0.1241
1.2844,pi,6.2800,5.6382,0.1239,0.1239
1.2895,pi,6.2800,5.6072,0.1247,0.1247
1.2944,pi,6.2800,5.5825,0.1254,0.1254
1.2995,pi,6.2800,5.6088,0.1250,0.1250
1.3045,pi,6.2800,5.6429,0.1245,0.1245
1.3095,pi,6.2800,5.6196,0.1251,0.1251
1.3144,pi,6.2800,5.6517,0.1246,0.1246
1.3195,pi,6.2800,5.6774,0.1243,0.1243
1.3244,pi,6.2800,5.6842,0.1243,0.1243
1.3295,pi,6.2800,5.6532,0.1251,0.1251
1.3344,pi,6.2800,5.6650,0.1250,0.1250
1.3394,pi,6.2800,5.6744,0.1250,0.1250
1.3444,pi,6.2800,5.6819,0.1250,0.1250
1.3494,pi,6.2800,5.7016,0.1247,0.1247
1.3544,pi,6.2800,5.7173,0.1245,0.1245
1.3594,pi,6.2800,5.7161,0.1247,0.1247
1.3645,pi,6.2800,5.6786,0.1256,0.1256
1.3694,pi,6.2800,5.6394,0.1265,0.1265
1.3745,pi,6.2800,5.6676,0.1261,0.1261
1.3794,pi,6.2800,5.6766,0.1261,0.1261
1.3845,pi,6.2800,5.6470,0.1269,0.1269
1.3894,pi,6.2800,5.6737,0.1265,0.1265
1.3944,pi,6.2800,5.6813,0.1265,0.1265
1.3994,pi,6.2800,5.6508,0.1272,0.1272
1.4044,pi,6.2800,5.6265,0.1279,0.1279
1.4094,pi,6.2800,5.6573,0.1274,0.1274
1.4144,pi,6.2800,5.6682,0.1274,0.1274
1.4194,pi,6.2800,5.6769,0.1273,0.1273
1.4246,pi,6.2800,5.6463,0.1281,0.1281
1.4294,pi,6.2800,5.6729,0.1277,0.1277
1.4344,pi,6.2800,5.6807,0.1277,0.1277
1.4395,pi,6.2800,5.6504,0.1285,0.1285
1.4444,pi,6.2800,5.6627,0.1284,0.1284
1.4494,pi,6.2800,5.6726,0.1284,0.1284
1.4544,pi,6.2800,5.6806,0.1283,0.1283
1.4595,pi,6.2800,5.6502,0.1291,0.1291
1.4644,pi,6.2800,5.6627,0.1290,0.1290
1.4694,pi,6.2800,5.6726,0.1290,0.1290
1.4744,pi,6.2800,5.6805,0.1290,0.1290
1.4795,pi,6.2800,5.6877,0.1290,0.1290
1.4845,pi,6.2800,5.7062,0.1287,0.1287
1.4894,pi,6.2800,5.7074,0.1289,0.1289
1.4945,pi,6.2800,5.6718,0.1297,0.1297
1.4994,pi,6.2800,5.6798,0.1297,0.1297
1.5045,pi,6.2800,5.6999,0.1295,0.1295
1.5095,pi,6.2800,5.7160,0.1293,0.1293
1.5144,pi,6.2800,5.7288,0.1292,0.1292
1.5194,pi,6.2800,5.7391,0.1291,0.1291
1.5245,pi,6.2800,5.7468,0.1291,0.1291
1.5294,pi,6.2800,5.7854,0.1284,0.1284
1.5344,pi,6.2800,5.8165,0.1279,0.1279
1.5394,pi,6.2800,5.8092,0.1282,0.1282
1.5445,pi,6.2800,5.8033,0.1284,0.1284
1.5494,pi,6.2800,5.7987,0.1287,0.1287
1.5544,pi,6.2800,5.7815,0.1291,0.1291
1.5595,pi,6.2800,5.7675,0.1295,0.1295
1.5645,pi,6.2800,5.7700,0.1296,0.1296
1.5694,pi,6.2800,5.7721,0.1297,0.1297
1.5745,pi,6.2800,5.7601,0.1300,0.1300
1.5795,pi,6.2800,5.7138,0.1311,0.1311
1.5845,pi,6.2800,5.7271,0.1310,0.1310
1.5903,pi,6.2800,5.7372,0.1309,0.1309
1.5956,pi,6.2800,5.7454,0.1309,0.1309
1.6005,pi,6.2800,5.7521,0.1309,0.1309
1.6047,pi,6.2800,5.7575,0.1309,0.1309
1.6094,pi,6.2800,5.7618,0.1310,0.1310
1.6143,pi,6.2800,5.7975,0.1304,0.1304
1.6194,pi,6.2800,5.7805,0.1308,0.1308
1.6246,pi,6.2800,5.7794,0.1310,0.1310
1.6294,pi,6.2800,5.8296,0.1301,0.1301
1.6344,pi,6.2800,5.8519,0.1298,0.1298
1.6394,pi,6.2800,5.8241,0.1304,0.1304
1.6444,pi,6.2800,5.8480,0.1301,0.1301
1.6495,pi,6.2800,5.8344,0.1304,0.1304
1.6544,pi,6.2800,5.8106,0.1310,0.1310
1.6595,pi,6.2800,5.8366,0.1306,0.1306
1.6651,pi,6.2800,5.8243,0.1310,0.1310
1.6701,pi,6.2800,5.8148,0.1313,0.1313
1.6747,pi,6.2800,5.8395,0.1309,0.1309
1.6794,pi,6.2800,5.8606,0.1306,0.1306
1.6844,pi,6.2800,5.8444,0.1310,0.1310
1.6895,pi,6.2800,5.8818,0.1304,0.1304
1.6945,pi,6.2800,5.8612,0.1309,0.1309
1.6995,pi,6.2800,5.8769,0.1307,0.1307
1.7044,pi,6.2800,5.9077,0.1302,0.1302
1.7094,pi,6.2800,5.9140,0.1301,0.1301
1.7144,pi,6.2800,5.9195,0.1301,0.1301
1.7194,pi,6.2800,5.9245,0.1301,0.1301
1.7244,pi,6.2800,5.9282,0.1301,0.1301
1.7295,pi,6.2800,5.8986,0.1308,0.1308
1.7344,pi,6.2800,5.9252,0.1304,0.1304
1.7395,pi,6.2800,5.8960,0.1310,0.1310
1.7444,pi,6.2800,5.9049,0.1310,0.1310
1.7494,pi,6.2800,5.9123,0.1309,0.1309
1.7545,pi,6.2800,5.8859,0.1315,0.1315
1.7594,pi,6.2800,5.8968,0.1314,0.1314
1.7644,pi,6.2800,5.9056,0.1313,0.1313
1.7695,pi,6.2800,5.9302,0.1309,0.1309
1.7744,pi,6.2800,5.9503,0.1306,0.1306
1.7794,pi,6.2800,5.9665,0.1304,0.1304
1.7844,pi,6.2800,6.0070,0.1296,0.1296
1.7894,pi,6.2800,5.9938,0.1300,0.1300
1.7945,pi,6.2800,5.9509,0.1309,0.1309
1.7994,pi,6.2800,5.9488,0.1310,0.1310
1.8044,pi,6.2800,5.9474,0.1311,0.1311
1.8095,pi,6.2800,5.9139,0.1319,0.1319
1.8144,pi,6.2800,5.9374,0.1315,0.1315
1.8194,pi,6.2800,5.9379,0.1316,0.1316
1.8245,pi,6.2800,5.9394,0.1317,0.1317
1.8294,pi,6.2800,5.9398,0.1317,0.1317
1.8344,pi,6.2800,5.9402,0.1318,0.1318
1.8394,pi,6.2800,5.9404,0.1319,0.1319
1.8445,pi,6.2800,5.9585,0.1316,0.1316
1.8494,pi,6.2800,6.0007,0.1308,0.1308
1.8544,pi,6.2800,5.9890,0.1311,0.1311
1.8595,pi,6.2800,5.9792,0.1314,0.1314
1.8645,pi,6.2800,5.9897,0.1313,0.1313
1.8695,pi,6.2800,5.9981,0.1312,0.1312
1.8744,pi,6.2800,6.0047,0.1311,0.1311
1.8794,pi,6.2800,5.9919,0.1315,0.1315
1.8845,pi,6.2800,5.9998,0.1314,0.1314
1.8894,pi,6.2800,5.9558,0.1323,0.1323
1.8944,pi,6.2800,5.9527,0.1325,0.1325
1.8995,pi,6.2800,5.9181,0.1332,0.1332
1.9044,pi,6.2800,5.9407,0.1329,0.1329
1.9094,pi,6.2800,5.9589,0.1326,0.1326
1.9144,pi,6.2800,6.0008,0.1318,0.1318
1.9194,pi,6.2800,5.9888,0.1321,0.1321
1.9245,pi,6.2800,5.9970,0.1321,0.1321
1.9294,pi,6.2800,6.0037,0.1320,0.1320
1.9345,pi,6.2800,6.0091,0.1319,0.1319
1.9395,pi,6.2800,6.0133,0.1319,0.1319
1.9444,pi,6.2800,6.0445,0.1314,0.1314
1.9495,pi,6.2800,6.0419,0.1315,0.1315
1.9544,pi,6.2800,6.0399,0.1316,0.1316
1.9594,pi,6.2800,6.0197,0.1320,0.1320
1.9645,pi,6.2800,5.9719,0.1331,0.1331
1.9694,pi,6.2800,5.9656,0.1333,0.1333
1.9744,pi,6.2800,5.9607,0.1335,0.1335
1.9794,pi,6.2800,5.9113,0.1345,0.1345
1.9844,pi,6.2800,5.9175,0.1345,0.1345
1.9894,pi,6.2800,5.9224,0.1345,0.1345
1.9944,pi,6.2800,5.9442,0.1341,0.1341
1.9994,pi,6.2800,5.9435,0.1342,0.1342
2.0044,pi,6.2800,5.9889,0.1334,0.1334
2.0094,pi,6.2800,5.9790,0.1337,0.1337
2.0144,pi,6.2800,5.9714,0.1339,0.1339
2.0195,pi,6.2800,5.9829,0.1338,0.1338
2.0244,pi,6.2800,6.0200,0.1331,0.1331
2.0295,pi,6.2800,6.0726,0.1321,0.1321
2.0344,pi,6.2800,6.0643,0.1323,0.1323
2.0394,pi,6.2800,6.0852,0.1320,0.1320
2.0444,pi,6.2800,6.1020,0.1317,0.1317
2.0494,pi,6.2800,6.1382,0.1310,0.1310
2.0544,pi,6.2800,6.1169,0.1314,0.1314
2.0594,pi,6.2800,6.0998,0.1318,0.1318
2.0644,pi,6.2800,6.0862,0.1321,0.1321
2.0694,pi,6.2800,6.1028,0.1319,0.1319
2.0746,pi,6.2800,6.0876,0.1322,0.1322
2.0795,pi,6.2800,6.0762,0.1325,0.1325
2.0847,pi,6.2800,6.0669,0.1327,0.1327
2.0903,pi,6.2800,6.0091,0.1339,0.1339
2.0945,pi,6.2800,6.0133,0.1339,0.1339
2.0994,pi,6.2800,5.9988,0.1343,0.1343
2.1045,pi,6.2800,6.0050,0.1342,0.1342
2.1097,pi,6.2800,6.0098,0.1342,0.1342
2.1144,pi,6.2800,6.0639,0.1332,0.1332
2.1194,pi,6.2800,6.0572,0.1334,0.1334
2.1244,pi,6.2800,6.0795,0.1330,0.1330
2.1294,pi,6.2800,6.0524,0.1336,0.1336
2.1344,pi,6.2800,6.0303,0.1341,0.1341
2.1394,pi,6.2800,6.0585,0.1336,0.1336
2.1444,pi,6.2800,6.0810,0.1332,0.1332
2.1495,pi,6.2800,6.1213,0.1324,0.1324
2.1544,pi,6.2800,6.1309,0.1323,0.1323
2.1594,pi,6.2800,6.1387,0.1321,0.1321
2.1644,pi,6.2800,6.1454,0.1320,0.1320
2.1695,pi,6.2800,6.1724,0.1315,0.1315
2.1745,pi,6.2800,6.1439,0.1321,0.1321
2.1794,pi,6.2800,6.1212,0.1326,0.1326
2.1845,pi,6.2800,6.1534,0.1320,0.1320
2.1895,pi,6.2800,6.1287,0.1325,0.1325
2.1945,pi,6.2800,6.1580,0.1320,0.1320
2.1994,pi,6.2800,6.1330,0.1325,0.1325
2.2044,pi,6.2800,6.1405,0.1324,0.1324
2.2094,pi,6.2800,6.1461,0.1323,0.1323
2.2145,pi,6.2800,6.1232,0.1328,0.1328
2.2194,pi,6.2800,6.1323,0.1327,0.1327
2.2244,pi,6.2800,6.0944,0.1335,0.1335
2.2294,pi,6.2800,6.0639,0.1341,0.1341
2.2345,pi,6.2800,6.0571,0.1343,0.1343
2.2394,pi,6.2800,6.0796,0.1339,0.1339
2.2444,pi,6.2800,6.0978,0.1336,0.1336
2.2494,pi,6.2800,6.0680,0.1343,0.1343
2.2545,pi,6.2800,6.0607,0.1345,0.1345
2.2597,pi,6.2800,6.0540,0.1346,0.1346
2.2644,pi,6.2800,6.0994,0.1338,0.1338
2.2700,pi,6.2800,6.0852,0.1341,0.1341
2.2748,pi,6.2800,6.1244,0.1334,0.1334
2.2795,pi,6.2800,6.1559,0.1328,0.1328
2.2844,pi,6.2800,6.2043,0.1319,0.1319
2.2894,pi,6.2800,6.1698,0.1326,0.1326
2.2945,pi,6.2800,6.1239,0.1335,0.1335
2.2994,pi,6.2800,6.1557,0.1329,0.1329
2.3044,pi,6.2800,6.1586,0.1329,0.1329
2.3094,pi,6.2800,6.1605,0.1329,0.1329
2.3144,pi,6.2800,6.1629,0.1329,0.1329
2.3195,pi,6.2800,6.1180,0.1338,0.1338
2.3244,pi,6.2800,6.1286,0.1336,0.1336
2.3294,pi,6.2800,6.0915,0.1344,0.1344
2.3344,pi,6.2800,6.1074,0.1341,0.1341
2.3395,pi,6.2800,6.0922,0.1345,0.1345
2.3444,pi,6.2800,6.1301,0.1338,0.1338
2.3494,pi,6.2800,6.1378,0.1337,0.1337
2.3544,pi,6.2800,6.1443,0.1336,0.1336
2.3594,pi,6.2800,6.1218,0.1340,0.1340
2.3644,pi,6.2800,6.1038,0.1344,0.1344
2.3694,pi,6.2800,6.1168,0.1342,0.1342
2.3744,pi,6.2800,6.1276,0.1340,0.1340
2.3794,pi,6.2800,6.1361,0.1339,0.1339
2.3844,pi,6.2800,6.1152,0.1344,0.1344
2.3895,pi,6.2800,6.0984,0.1347,0.1347
2.3944,pi,6.2800,6.1126,0.1345,0.1345
2.3995,pi,6.2800,6.0964,0.1349,0.1349
2.4044,pi,6.2800,6.0834,0.1352,0.1352
2.4095,pi,6.2800,6.0730,0.1354,0.1354
2.4144,pi,6.2800,6.0922,0.1351,0.1351
2.4195,pi,6.2800,6.0797,0.1354,0.1354
2.4244,pi,6.2800,6.0700,0.1356,0.1356
2.4294,pi,6.2800,6.0623,0.1359,0.1359
2.4344,pi,6.2800,6.0561,0.1360,0.1360
2.4394,pi,6.2800,6.0787,0.1356,0.1356
2.4445,pi,6.2800,6.0692,0.1359,0.1359
2.4494,pi,6.2800,6.0891,0.1355,0.1355
2.4545,pi,6.2800,6.1053,0.1353,0.1353
2.4594,pi,6.2800,6.1179,0.1350,0.1350
2.4644,pi,6.2800,6.1282,0.1349,0.1349
2.4694,pi,6.2800,6.0907,0.1357,0.1357
2.4745,pi,6.2800,6.1285,0.1350,0.1350
2.4795,pi,6.2800,6.1367,0.1348,0.1348
2.4844,pi,6.2800,6.1432,0.1347,0.1347
2.4895,pi,6.2800,6.1202,0.1352,0.1352
2.4944,pi,6.2800,6.1298,0.1351,0.1351
2.4995,pi,6.2800,6.1100,0.1355,0.1355
2.5045,pi,6.2800,6.0944,0.1359,0.1359
2.5095,pi,6.2800,6.0818,0.1362,0.1362
2.5144,pi,6.2800,6.0536,0.1368,0.1368
2.5194,pi,6.2800,6.0767,0.1364,0.1364
2.5245,pi,6.2800,6.0950,0.1361,0.1361
2.5295,pi,6.2800,6.1108,0.1358,0.1358
2.5345,pi,6.2800,6.0948,0.1362,0.1362
2.5394,pi,6.2800,6.1095,0.1359,0.1359
2.5445,pi,6.2800,6.0940,0.1363,0.1363
2.5494,pi,6.2800,6.0632,0.1369,0.1369
2.5545,pi,6.2800,6.1071,0.1361,0.1361
2.5594,pi,6.2800,6.1651,0.1350,0.1350
2.5644,pi,6.2800,6.1660,0.1350,0.1350
2.5695,pi,6.2800,6.1894,0.1346,0.1346
2.5744,pi,6.2800,6.1854,0.1347,0.1347
2.5795,pi,6.2800,6.2042,0.1343,0.1343
2.5844,pi,6.2800,6.1972,0.1345,0.1345
2.5895,pi,6.2800,6.1917,0.1346,0.1346
2.5944,pi,6.2800,6.1872,0.1347,0.1347
2.5995,pi,6.2800,6.1836,0.1348,0.1348
2.6044,pi,6.2800,6.2266,0.1340,0.1340
2.6095,pi,6.2800,6.1873,0.1348,0.1348
2.6144,pi,6.2800,6.2064,0.1344,0.1344
2.6194,pi,6.2800,6.1713,0.1351,0.1351
2.6244,pi,6.2800,6.1936,0.1347,0.1347
2.6294,pi,6.2800,6.1885,0.1348,0.1348
2.6345,pi,6.2800,6.1571,0.1355,0.1355
2.6394,pi,6.2800,6.1822,0.1350,0.1350
2.6444,pi,6.2800,6.2253,0.1342,0.1342
2.6495,pi,6.2800,6.2141,0.1344,0.1344
2.6544,pi,6.2800,6.2053,0.1346,0.1346
2.6595,pi,6.2800,6.2208,0.1343,0.1343
2.6644,pi,6.2800,6.2333,0.1341,0.1341
2.6694,pi,6.2800,6.2204,0.1343,0.1343
2.6745,pi,6.2800,6.1826,0.1351,0.1351
2.6794,pi,6.2800,6.2027,0.1347,0.1347
2.6845,pi,6.2800,6.2181,0.1344,0.1344
2.6894,pi,6.2800,6.2539,0.1337,0.1337
2.6945,pi,6.2800,6.2086,0.1347,0.1347
2.6994,pi,6.2800,6.2234,0.1344,0.1344
2.7044,pi,6.2800,6.2127,0.1346,0.1346
2.7095,pi,6.2800,6.2262,0.1344,0.1344
2.7144,pi,6.2800,6.2149,0.1346,0.1346
2.7195,pi,6.2800,6.1782,0.1353,0.1353
2.7244,pi,6.2800,6.1764,0.1354,0.1354
2.7294,pi,6.2800,6.1749,0.1355,0.1355
2.7345,pi,6.2800,6.1738,0.1355,0.1355
2.7395,pi,6.2800,6.1453,0.1361,0.1361
2.7444,pi,6.2800,6.1497,0.1361,0.1361
2.7494,pi,6.2800,6.1261,0.1366,0.1366
2.7544,pi,6.2800,6.1350,0.1364,0.1364
2.7594,pi,6.2800,6.1416,0.1363,0.1363
2.7644,pi,6.2800,6.1021,0.1371,0.1371
2.7695,pi,6.2800,6.1384,0.1365,0.1365
2.7744,pi,6.2800,6.1902,0.1355,0.1355
2.7794,pi,6.2800,6.1859,0.1356,0.1356
2.7846,pi,6.2800,6.1545,0.1362,0.1362
2.7894,pi,6.2800,6.1297,0.1368,0.1368
2.7944,pi,6.2800,6.1377,0.1366,0.1366
2.7996,pi,6.2800,6.1660,0.1361,0.1361
2.8044,pi,6.2800,6.1392,0.1367,0.1367
2.8097,pi,6.2800,6.1173,0.1371,0.1371
2.8144,pi,6.2800,6.1501,0.1365,0.1365
2.8196,pi,6.2800,6.1758,0.1360,0.1360
2.8244,pi,6.2800,6.1472,0.1366,0.1366
2.8294,pi,6.2800,6.1058,0.1375,0.1375
2.8344,pi,6.2800,6.1183,0.1373,0.1373
2.8395,pi,6.2800,6.1288,0.1371,0.1371
2.8445,pi,6.2800,6.1596,0.1365,0.1365
2.8494,pi,6.2800,6.1613,0.1365,0.1365
2.8545,pi,6.2800,6.1856,0.1361,0.1361
2.8594,pi,6.2800,6.2279,0.1353,0.1353
2.8645,pi,6.2800,6.2621,0.1346,0.1346
2.8695,pi,6.2800,6.2438,0.1350,0.1350
2.8745,pi,6.2800,6.2012,0.1358,0.1358
2.8795,pi,6.2800,6.2176,0.1355,0.1355
2.8844,pi,6.2800,6.2536,0.1348,0.1348
2.8894,pi,6.2800,6.2368,0.1352,0.1352
2.8944,pi,6.2800,6.1957,0.1360,0.1360
2.8994,pi,6.2800,6.1904,0.1361,0.1361
2.9044,pi,6.2800,6.2321,0.1353,0.1353
2.9095,pi,6.2800,6.1919,0.1361,0.1361
2.9144,pi,6.2800,6.1418,0.1371,0.1371
2.9195,pi,6.2800,6.1475,0.1371,0.1371
2.9244,pi,6.2800,6.1977,0.1361,0.1361
2.9294,pi,6.2800,6.2381,0.1353,0.1353
2.9345,pi,6.2800,6.1966,0.1361,0.1361
2.9394,pi,6.2800,6.2138,0.1358,0.1358
2.9444,pi,6.2800,6.2047,0.1360,0.1360
2.9494,pi,6.2800,6.2434,0.1353,0.1353
2.9545,pi,6.2800,6.2011,0.1361,0.1361
2.9594,pi,6.2800,6.1945,0.1363,0.1363
2.9645,pi,6.2800,6.2121,0.1359,0.1359
2.9694,pi,6.2800,6.2261,0.1357,0.1357
2.9745,pi,6.2800,6.1869,0.1365,0.1365
2.9794,pi,6.2800,6.2059,0.1361,0.1361
2.9844,pi,6.2800,6.1982,0.1363,0.1363
2.9894,pi,6.2800,6.2382,0.1355,0.1355
2.9945,pi,6.2800,6.2244,0.1358,0.1358
2.9994,pi,6.2800,6.2591,0.1351,0.1351
3.0044,pi,6.2800,6.2870,0.1346,0.1346
3.0094,pi,6.2800,6.3090,0.1341,0.1341
3.0145,pi,6.2800,6.2810,0.1347,0.1347
3.0194,pi,6.2800,6.3043,0.1342,0.1342
3.0245,pi,6.2800,6.3000,0.1343,0.1343
3.0294,pi,6.2800,6.2963,0.1344,0.1344
3.0345,pi,6.2800,6.2936,0.1344,0.1344
3.0394,pi,6.2800,6.2915,0.1344,0.1344
3.0444,pi,6.2800,6.2669,0.1349,0.1349
3.0494,pi,6.2800,6.2701,0.1349,0.1349
3.0544,pi,6.2800,6.2501,0.1353,0.1353
3.0594,pi,6.2800,6.2064,0.1362,0.1362
3.0644,pi,6.2800,6.1989,0.1363,0.1363
3.0694,pi,6.2800,6.2157,0.1360,0.1360
3.0744,pi,6.2800,6.2063,0.1362,0.1362
3.0795,pi,6.2800,6.1989,0.1364,0.1364
3.0844,pi,6.2800,6.1931,0.1365,0.1365
3.0895,pi,6.2800,6.2102,0.1362,0.1362
3.0944,pi,6.2800,6.2247,0.1359,0.1359
3.0995,pi,6.2800,6.1861,0.1367,0.1367
3.1045,pi,6.2800,6.2050,0.1364,0.1364
3.1097,pi,6.2800,6.2202,0.1361,0.1361
3.1147,pi,6.2800,6.2316,0.1359,0.1359
3.1195,pi,6.2800,6.1916,0.1367,0.1367
3.1244,pi,6.2800,6.1590,0.1373,0.1373
3.1294,pi,6.2800,6.1611,0.1373,0.1373
3.1345,pi,6.2800,6.2086,0.1364,0.1364
3.1395,pi,6.2800,6.2005,0.1366,0.1366
3.1446,pi,6.2800,6.1663,0.1373,0.1373
3.1494,pi,6.2800,6.1897,0.1369,0.1369
3.1545,pi,6.2800,6.1858,0.1370,0.1370
3.1594,pi,6.2800,6.1827,0.1370,0.1370
3.1644,pi,6.2800,6.1804,0.1371,0.1371
3.1694,pi,6.2800,6.1792,0.1372,0.1372
3.1745,pi,6.2800,6.2228,0.1363,0.1363
3.1795,pi,6.2800,6.2345,0.1361,0.1361
3.1845,pi,6.2800,6.1935,0.1369,0.1369
3.1894,pi,6.2800,6.2114,0.1366,0.1366
3.1944,pi,6.2800,6.2029,0.1368,0.1368
3.1995,pi,6.2800,6.2189,0.1365,0.1365
3.2044,pi,6.2800,6.2314,0.1362,0.1362
3.2094,pi,6.2800,6.2415,0.1361,0.1361
3.2144,pi,6.2800,6.2497,0.1359,0.1359
3.2195,pi,6.2800,6.2561,0.1358,0.1358
3.2245,pi,6.2800,6.2112,0.1367,0.1367
3.2294,pi,6.2800,6.2029,0.1369,0.1369
3.2344,pi,6.2800,6.1962,0.1370,0.1370
3.2394,pi,6.2800,6.2367,0.1362,0.1362
3.2444,pi,6.2800,6.2459,0.1361,0.1361
3.2494,pi,6.2800,6.2533,0.1359,0.1359
3.2545,pi,6.2800,6.2592,0.1358,0.1358
3.2594,pi,6.2800,6.2869,0.1353,0.1353
3.2645,pi,6.2800,6.2636,0.1357,0.1357
3.2697,pi,6.2800,6.2674,0.1357,0.1357
3.2749,pi,6.2800,6.2699,0.1356,0.1356
3.2799,pi,6.2800,6.2717,0.1356,0.1356
3.2845,pi,6.2800,6.2739,0.1355,0.1355
3.2894,pi,6.2800,6.2756,0.1355,0.1355
3.2944,pi,6.2800,6.2546,0.1359,0.1359
3.2994,pi,6.2800,6.2834,0.1353,0.1353
3.3045,pi,6.2800,6.2610,0.1358,0.1358
3.3095,pi,6.2800,6.2149,0.1367,0.1367
3.3144,pi,6.2800,6.2285,0.1365,0.1365
3.3195,pi,6.2800,6.2384,0.1363,0.1363
3.3244,pi,6.2800,6.2248,0.1366,0.1366
3.3294,pi,6.2800,6.2146,0.1368,0.1368
3.3344,pi,6.2800,6.2063,0.1370,0.1370
3.3394,pi,6.2800,6.2449,0.1362,0.1362
3.3445,pi,6.2800,6.2523,0.1361,0.1361
3.3495,pi,6.2800,6.2079,0.1370,0.1370
3.3544,pi,6.2800,6.2229,0.1367,0.1367
3.3594,pi,6.2800,6.2118,0.1369,0.1369
3.3645,pi,6.2800,6.2260,0.1367,0.1367
3.3694,pi,6.2800,6.2144,0.1369,0.1369
3.3744,pi,6.2800,6.2067,0.1371,0.1371
3.3795,pi,6.2800,6.2721,0.1358,0.1358
3.3844,pi,6.2800,6.2740,0.1357,0.1357
3.3895,pi,6.2800,6.2252,0.1367,0.1367
3.3944,pi,6.2800,6.2367,0.1365,0.1365
3.3994,pi,6.2800,6.2231,0.1368,0.1368
3.4044,pi,6.2800,6.2582,0.1361,0.1361
3.4095,pi,6.2800,6.2631,0.1360,0.1360
3.4144,pi,6.2800,6.2900,0.1355,0.1355
3.4195,pi,6.2800,6.2884,0.1355,0.1355
3.4247,pi,6.2800,6.2864,0.1355,0.1355
3.4303,pi,6.2800,6.2353,0.1366,0.1366
3.4347,pi,6.2800,6.2224,0.1368,0.1368
3.4394,pi,6.2800,6.2119,0.1371,0.1371
3.4444,pi,6.2800,6.2494,0.1363,0.1363
3.4494,pi,6.2800,6.2335,0.1366,0.1366
3.4544,pi,6.2800,6.2209,0.1369,0.1369
3.4594,pi,6.2800,6.2104,0.1371,0.1371
3.4644,pi,6.2800,6.2480,0.1364,0.1364
3.4694,pi,6.2800,6.2322,0.1367,0.1367
3.4744,pi,6.2800,6.2656,0.1361,0.1361
3.4794,pi,6.2800,6.2472,0.1364,0.1364
3.4844,pi,6.2800,6.2779,0.1358,0.1358
3.4894,pi,6.2800,6.2562,0.1363,0.1363
3.4945,pi,6.2800,6.2616,0.1362,0.1362
3.4994,pi,6.2800,6.2656,0.1361,0.1361
3.5044,pi,6.2800,6.2921,0.1356,0.1356
3.5094,pi,6.2800,6.2903,0.1356,0.1356
3.5145,pi,6.2800,6.2385,0.1366,0.1366
3.5194,pi,6.2800,6.2246,0.1369,0.1369
3.5249,pi,6.2800,6.2342,0.1367,0.1367
3.5303,pi,6.2800,6.2405,0.1366,0.1366
3.5352,pi,6.2800,6.1977,0.1375,0.1375
3.5397,pi,6.2800,6.2130,0.1372,0.1372
3.5453,pi,6.2800,6.1731,0.1380,0.1380
3.5499,pi,6.2800,6.1933,0.1376,0.1376
3.5551,pi,6.2800,6.1606,0.1383,0.1383
3.5599,pi,6.2800,6.1845,0.1379,0.1379
3.5648,pi,6.2800,6.1985,0.1376,0.1376
3.5695,pi,6.2800,6.2142,0.1373,0.1373
3.5745,pi,6.2800,6.2048,0.1375,0.1375
3.5795,pi,6.2800,6.1992,0.1377,0.1377
3.5845,pi,6.2800,6.1955,0.1378,0.1378
3.5895,pi,6.2800,6.2369,0.1369,0.1369
3.5945,pi,6.2800,6.2244,0.1372,0.1372
3.5995,pi,6.2800,6.2616,0.1365,0.1365
3.6045,pi,6.2800,6.2444,0.1368,0.1368
3.6096,pi,6.2800,6.2750,0.1362,0.1362
3.6152,pi,6.2800,6.2531,0.1367,0.1367
3.6198,pi,6.2800,6.2582,0.1366,0.1366
3.6253,pi,6.2800,6.2622,0.1365,0.1365
3.6298,pi,6.2800,6.2655,0.1364,0.1364
3.6347,pi,6.2800,6.2687,0.1364,0.1364
3.6396,pi,6.2800,6.2206,0.1373,0.1373
3.6445,pi,6.2800,6.2326,0.1371,0.1371
3.6496,pi,6.2800,6.2423,0.1369,0.1369
3.6547,pi,6.2800,6.2504,0.1368,0.1368
3.6597,pi,6.2800,6.2569,0.1367,0.1367
3.6646,pi,6.2800,6.2386,0.1370,0.1370
3.6696,pi,6.2800,6.2708,0.1364,0.1364
3.6747,pi,6.2800,6.2513,0.1368,0.1368
3.6794,pi,6.2800,6.2812,0.1362,0.1362
3.6844,pi,6.2800,6.2595,0.1366,0.1366
3.6894,pi,6.2800,6.2884,0.1361,0.1361
3.6944,pi,6.2800,6.3116,0.1356,0.1356
3.6994,pi,6.2800,6.3299,0.1352,0.1352
3.7045,pi,6.2800,6.2988,0.1358,0.1358
3.7095,pi,6.2800,6.2446,0.1369,0.1369
3.7144,pi,6.2800,6.2304,0.1372,0.1372
3.7194,pi,6.2800,6.2189,0.1374,0.1374
3.7244,pi,6.2800,6.2096,0.1376,0.1376
3.7295,pi,6.2800,6.2474,0.1369,0.1369
3.7344,pi,6.2800,6.2321,0.1372,0.1372
3.7395,pi,6.2800,6.1904,0.1381,0.1381
3.7445,pi,6.2800,6.2086,0.1377,0.1377
3.7494,pi,6.2800,6.2234,0.1374,0.1374
3.7545,pi,6.2800,6.2351,0.1372,0.1372
3.7594,pi,6.2800,6.2215,0.1375,0.1375
3.7645,pi,6.2800,6.2335,0.1373,0.1373
3.7694,pi,6.2800,6.2660,0.1366,0.1366
3.7745,pi,6.2800,6.2924,0.1361,0.1361
3.7794,pi,6.2800,6.3136,0.1357,0.1357
3.7845,pi,6.2800,6.2850,0.1363,0.1363
3.7894,pi,6.2800,6.3075,0.1358,0.1358
3.7944,pi,6.2800,6.3025,0.1359,0.1359
3.7994,pi,6.2800,6.2482,0.1370,0.1370
3.8044,pi,6.2800,6.2552,0.1368,0.1368
3.8094,pi,6.2800,6.2835,0.1363,0.1363
3.8145,pi,6.2800,6.2834,0.1363,0.1363
3.8194,pi,6.2800,6.3062,0.1358,0.1358
3.8244,pi,6.2800,6.2787,0.1364,0.1364
3.8295,pi,6.2800,6.2794,0.1364,0.1364
3.8344,pi,6.2800,6.2572,0.1368,0.1368
3.8395,pi,6.2800,6.2106,0.1377,0.1377
3.8444,pi,6.2800,6.2023,0.1379,0.1379
3.8494,pi,6.2800,6.2414,0.1372,0.1372
3.8544,pi,6.2800,6.2729,0.1365,0.1365
3.8594,pi,6.2800,6.2977,0.1360,0.1360
3.8644,pi,6.2800,6.2719,0.1366,0.1366
3.8694,pi,6.2800,6.2741,0.1365,0.1365
3.8745,pi,6.2800,6.2759,0.1365,0.1365
3.8794,pi,6.2800,6.2763,0.1365,0.1365
3.8844,pi,6.2800,6.2776,0.1364,0.1364
3.8894,pi,6.2800,6.3016,0.1360,0.1360
3.8944,pi,6.2800,6.2978,0.1360,0.1360
3.8994,pi,6.2800,6.2949,0.1361,0.1361
3.9044,pi,6.2800,6.2698,0.1366,0.1366
3.9095,pi,6.2800,6.2724,0.1365,0.1365
3.9152,pi,6.2800,6.2740,0.1365,0.1365
3.9203,pi,6.2800,6.2732,0.1365,0.1365
3.9245,pi,6.2800,6.2748,0.1365,0.1365
3.9294,pi,6.2800,6.2994,0.1360,0.1360
3.9345,pi,6.2800,6.2961,0.1361,0.1361
3.9394,pi,6.2800,6.3165,0.1357,0.1357
3.9445,pi,6.2800,6.2870,0.1362,0.1362
3.9495,pi,6.2800,6.2862,0.1363,0.1363
3.9544,pi,6.2800,6.2855,0.1363,0.1363
3.9594,pi,6.2800,6.3078,0.1358,0.1358
3.9645,pi,6.2800,6.2800,0.1364,0.1364
3.9694,pi,6.2800,6.3040,0.1359,0.1359
3.9744,pi,6.2800,6.2793,0.1364,0.1364
3.9795,pi,6.2800,6.2800,0.1364,0.1364
3.9844,pi,6.2800,6.2577,0.1368,0.1368
3.9894,pi,6.2800,6.2627,0.1367,0.1367
3.9944,pi,6.2800,6.2667,0.1366,0.1366
3.9994,pi,6.2800,6.2196,0.1376,0.1376
4.0045,pi,6.2800,6.2096,0.1378,0.1378
4.0095,pi,6.2800,6.2243,0.1375,0.1375
4.0144,pi,6.2800,6.2131,0.1378,0.1378
4.0195,pi,6.2800,6.1755,0.1385,0.1385
4.0244,pi,6.2800,6.1742,0.1386,0.1386
4.0295,pi,6.2800,6.1959,0.1382,0.1382
4.0344,pi,6.2800,6.2133,0.1378,0.1378
4.0394,pi,6.2800,6.2502,0.1371,0.1371
4.0445,pi,6.2800,6.2339,0.1375,0.1375
4.0494,pi,6.2800,6.2667,0.1368,0.1368
4.0544,pi,6.2800,6.2931,0.1363,0.1363
4.0594,pi,6.2800,6.3139,0.1359,0.1359
4.0645,pi,6.2800,6.3077,0.1360,0.1360
4.0694,pi,6.2800,6.3256,0.1356,0.1356
4.0744,pi,6.2800,6.3410,0.1353,0.1353
4.0795,pi,6.2800,6.2791,0.1365,0.1365
4.0844,pi,6.2800,6.2571,0.1370,0.1370
4.0894,pi,6.2800,6.2623,0.1369,0.1369
4.0944,pi,6.2800,6.2659,0.1368,0.1368
4.0994,pi,6.2800,6.2922,0.1363,0.1363
4.1045,pi,6.2800,6.2678,0.1368,0.1368
4.1096,pi,6.2800,6.2700,0.1367,0.1367
4.1147,pi,6.2800,6.2723,0.1367,0.1367
4.1195,pi,6.2800,6.2234,0.1377,0.1377
4.1250,pi,6.2800,6.2343,0.1375,0.1375
4.1304,pi,6.2800,6.2933,0.1363,0.1363
4.1350,pi,6.2800,6.2898,0.1363,0.1363
4.1398,pi,6.2800,6.2873,0.1364,0.1364
4.1452,pi,6.2800,6.2857,0.1364,0.1364
4.1496,pi,6.2800,6.2846,0.1364,0.1364
4.1545,pi,6.2800,6.2840,0.1365,0.1365
4.1594,pi,6.2800,6.3064,0.1360,0.1360
4.1645,pi,6.2800,6.2796,0.1365,0.1365
4.1694,pi,6.2800,6.3034,0.1361,0.1361
4.1744,pi,6.2800,6.3228,0.1357,0.1357
4.1795,pi,6.2800,6.3386,0.1353,0.1353
4.1845,pi,6.2800,6.3056,0.1360,0.1360
4.1894,pi,6.2800,6.3252,0.1356,0.1356
4.1945,pi,6.2800,6.2948,0.1362,0.1362
4.1995,pi,6.2800,6.3165,0.1357,0.1357
4.2046,pi,6.2800,6.3096,0.1359,0.1359
4.2094,pi,6.2800,6.3043,0.1360,0.1360
4.2143,pi,6.2800,6.2774,0.1365,0.1365
4.2195,pi,6.2800,6.3016,0.1360,0.1360
4.2244,pi,6.2800,6.2752,0.1365,0.1365
4.2294,pi,6.2800,6.2997,0.1361,0.1361
4.2344,pi,6.2800,6.2739,0.1366,0.1366
4.2394,pi,6.2800,6.2989,0.1361,0.1361
4.2444,pi,6.2800,6.2730,0.1366,0.1366
4.2494,pi,6.2800,6.2983,0.1361,0.1361
4.2544,pi,6.2800,6.2726,0.1366,0.1366
4.2595,pi,6.2800,6.2746,0.1366,0.1366
4.2644,pi,6.2800,6.3263,0.1355,0.1355
4.2694,pi,6.2800,6.3174,0.1357,0.1357
4.2744,pi,6.2800,6.3103,0.1358,0.1358
4.2795,pi,6.2800,6.3047,0.1359,0.1359
4.2844,pi,6.2800,6.3505,0.1350,0.1350
4.2894,pi,6.2800,6.3365,0.1353,0.1353
4.2944,pi,6.2800,6.3758,0.1345,0.1345
4.2995,pi,6.2800,6.3570,0.1348,0.1348
4.3044,pi,6.2800,6.3650,0.1346,0.1346
4.3094,pi,6.2800,6.3715,0.1345,0.1345
4.3144,pi,6.2800,6.3034,0.1358,0.1358
4.3196,pi,6.2800,6.2978,0.1359,0.1359
4.3245,pi,6.2800,6.2943,0.1360,0.1360
4.3294,pi,6.2800,6.3149,0.1356,0.1356
4.3344,pi,6.2800,6.2583,0.1367,0.1367
4.3394,pi,6.2800,6.2404,0.1371,0.1371
4.3445,pi,6.2800,6.2261,0.1374,0.1374
4.3495,pi,6.2800,6.2374,0.1371,0.1371
4.3548,pi,6.2800,6.1957,0.1380,0.1380
4.3602,pi,6.2800,6.2125,0.1377,0.1377
4.3647,pi,6.2800,6.2265,0.1374,0.1374
4.3693,pi,6.2800,6.2607,0.1367,0.1367
4.3744,pi,6.2800,6.2437,0.1371,0.1371
4.3795,pi,6.2800,6.2504,0.1370,0.1370
4.3845,pi,6.2800,6.2564,0.1369,0.1369
4.3896,pi,6.2800,6.2598,0.1368,0.1368
4.3944,pi,6.2800,6.2642,0.1367,0.1367
4.3994,pi,6.2800,6.2909,0.1362,0.1362
4.4044,pi,6.2800,6.2667,0.1367,0.1367
4.4095,pi,6.2800,6.2931,0.1361,0.1361
4.4144,pi,6.2800,6.2687,0.1366,0.1366
4.4195,pi,6.2800,6.2716,0.1366,0.1366
4.4244,pi,6.2800,6.2509,0.1370,0.1370
4.4295,pi,6.2800,6.2802,0.1364,0.1364
4.4344,pi,6.2800,6.2592,0.1368,0.1368
4.4394,pi,6.2800,6.2873,0.1363,0.1363
4.4444,pi,6.2800,6.2652,0.1367,0.1367
4.4495,pi,6.2800,6.2688,0.1366,0.1366
4.4544,pi,6.2800,6.2716,0.1366,0.1366
4.4594,pi,6.2800,6.2965,0.1361,0.1361
4.4645,pi,6.2800,6.2938,0.1361,0.1361
4.4694,pi,6.2800,6.2916,0.1362,0.1362
4.4744,pi,6.2800,6.2898,0.1362,0.1362
4.4794,pi,6.2800,6.3113,0.1358,0.1358
4.4845,pi,6.2800,6.3057,0.1359,0.1359
4.4894,pi,6.2800,6.3012,0.1360,0.1360
4.4944,pi,6.2800,6.2747,0.1365,0.1365
4.4994,pi,6.2800,6.2994,0.1360,0.1360
4.5044,pi,6.2800,6.2737,0.1365,0.1365
4.5094,pi,6.2800,6.2986,0.1360,0.1360
4.5144,pi,6.2800,6.2729,0.1365,0.1365
4.5194,pi,6.2800,6.2523,0.1369,0.1369
4.5245,pi,6.2800,6.2577,0.1368,0.1368
4.5293,pi,6.2800,6.2859,0.1363,0.1363
4.5344,pi,6.2800,6.2627,0.1367,0.1367
4.5394,pi,6.2800,6.2899,0.1362,0.1362
4.5444,pi,6.2800,6.2659,0.1367,0.1367
4.5494,pi,6.2800,6.2925,0.1361,0.1361
4.5544,pi,6.2800,6.2681,0.1366,0.1366
4.5595,pi,6.2800,6.2206,0.1376,0.1376
4.5644,pi,6.2800,6.2331,0.1373,0.1373
4.5694,pi,6.2800,6.2659,0.1367,0.1367
4.5744,pi,6.2800,6.2924,0.1362,0.1362
4.5795,pi,6.2800,6.2899,0.1362,0.1362
4.5844,pi,6.2800,6.2657,0.1367,0.1367
4.5894,pi,6.2800,6.2692,0.1366,0.1366
4.5944,pi,6.2800,6.2492,0.1370,0.1370
4.5994,pi,6.2800,6.2056,0.1379,0.1379
4.6045,pi,6.2800,6.2199,0.1377,0.1377
4.6094,pi,6.2800,6.2551,0.1370,0.1370
4.6144,pi,6.2800,6.2837,0.1364,0.1364
4.6194,pi,6.2800,6.2836,0.1364,0.1364
4.6244,pi,6.2800,6.2835,0.1364,0.1364
4.6294,pi,6.2800,6.3063,0.1359,0.1359
4.6345,pi,6.2800,6.3014,0.1360,0.1360
4.6394,pi,6.2800,6.2474,0.1371,0.1371
4.6444,pi,6.2800,6.2318,0.1374,0.1374
4.6494,pi,6.2800,6.2650,0.1368,0.1368
4.6544,pi,6.2800,6.2916,0.1362,0.1362
4.6595,pi,6.2800,6.2389,0.1373,0.1373
4.6644,pi,6.2800,6.2475,0.1371,0.1371
4.6694,pi,6.2800,6.2541,0.1370,0.1370
4.6745,pi,6.2800,6.2592,0.1369,0.1369
4.6796,pi,6.2800,6.2133,0.1378,0.1378
4.6848,pi,6.2800,6.2269,0.1376,0.1376
4.6900,pi,6.2800,6.2878,0.1364,0.1364
4.6950,pi,6.2800,6.2853,0.1364,0.1364
4.6996,pi,6.2800,6.2837,0.1365,0.1365
4.7047,pi,6.2800,6.2828,0.1365,0.1365
4.7098,pi,6.2800,6.2824,0.1365,0.1365
4.7148,pi,6.2800,6.2812,0.1365,0.1365
4.7200,pi,6.2800,6.2305,0.1375,0.1375
4.7250,pi,6.2800,6.2407,0.1373,0.1373
4.7301,pi,6.2800,6.2485,0.1372,0.1372
4.7352,pi,6.2800,6.2549,0.1371,0.1371
4.7395,pi,6.2800,6.2096,0.1380,0.1380
4.7444,pi,6.2800,6.2023,0.1381,0.1381
4.7495,pi,6.2800,6.1966,0.1383,0.1383
4.7544,pi,6.2800,6.1921,0.1384,0.1384
4.7596,pi,6.2800,6.1876,0.1385,0.1385
4.7648,pi,6.2800,6.2300,0.1377,0.1377
4.7698,pi,6.2800,6.2645,0.1370,0.1370
4.7744,pi,6.2800,6.2921,0.1364,0.1364
4.7794,pi,6.2800,6.3141,0.1360,0.1360
4.7844,pi,6.2800,6.3319,0.1356,0.1356
4.7894,pi,6.2800,6.3461,0.1353,0.1353
4.7945,pi,6.2800,6.3335,0.1356,0.1356
4.7994,pi,6.2800,6.3233,0.1358,0.1358
4.8045,pi,6.2800,6.3151,0.1359,0.1359
4.8094,pi,6.2800,6.2855,0.1365,0.1365
4.8144,pi,6.2800,6.3083,0.1360,0.1360
4.8195,pi,6.2800,6.2517,0.1372,0.1372
4.8244,pi,6.2800,6.2356,0.1375,0.1375
4.8298,pi,6.2800,6.1938,0.1383,0.1383
4.8345,pi,6.2800,6.2114,0.1380,0.1380
4.8395,pi,6.2800,6.1747,0.1388,0.1388
4.8444,pi,6.2800,6.1963,0.1384,0.1384
4.8494,pi,6.2800,6.2137,0.1380,0.1380
4.8544,pi,6.2800,6.2506,0.1373,0.1373
4.8594,pi,6.2800,6.2341,0.1377,0.1377
4.8645,pi,6.2800,6.2438,0.1375,0.1375
4.8694,pi,6.2800,6.2287,0.1378,0.1378
4.8745,pi,6.2800,6.2394,0.1376,0.1376
4.8794,pi,6.2800,6.2252,0.1379,0.1379
4.8844,pi,6.2800,6.2603,0.1372,0.1372
4.8895,pi,6.2800,6.2421,0.1376,0.1376
4.8944,pi,6.2800,6.2503,0.1374,0.1374
4.8995,pi,6.2800,6.2568,0.1373,0.1373
4.9045,pi,6.2800,6.2620,0.1372,0.1372
4.9094,pi,6.2800,6.2890,0.1366,0.1366
4.9144,pi,6.2800,6.3107,0.1362,0.1362
4.9194,pi,6.2800,6.3282,0.1358,0.1358
4.9245,pi,6.2800,6.3422,0.1356,0.1356
4.9294,pi,6.2800,6.3534,0.1353,0.1353
4.9344,pi,6.2800,6.3393,0.1356,0.1356
4.9394,pi,6.2800,6.3510,0.1353,0.1353
4.9445,pi,6.2800,6.3374,0.1356,0.1356
4.9494,pi,6.2800,6.3493,0.1353,0.1353
4.9544,pi,6.2800,6.3593,0.1351,0.1351
4.9594,pi,6.2800,6.2935,0.1364,0.1364
4.9644,pi,6.2800,6.2686,0.1369,0.1369
4.9694,pi,6.2800,6.2945,0.1364,0.1364
4.9744,pi,6.2800,6.2693,0.1369,0.1369
4.9794,pi,6.2800,6.2950,0.1364,0.1364
4.9844,pi,6.2800,6.2698,0.1369,0.1369
4.9894,pi,6.2800,6.2954,0.1364,0.1364
4.9944,pi,6.2800,6.2700,0.1369,0.1369
4.9994,pi,6.2800,6.2955,0.1364,0.1364
5.0045,pi,6.2800,6.2930,0.1364,0.1364
5.0094,pi,6.2800,6.3137,0.1360,0.1360
5.0144,pi,6.2800,6.3075,0.1361,0.1361
5.0194,pi,6.2800,6.3026,0.1362,0.1362
5.0244,pi,6.2800,6.2987,0.1363,0.1363
5.0294,pi,6.2800,6.2955,0.1363,0.1363
5.0344,pi,6.2800,6.2930,0.1364,0.1364
5.0394,pi,6.2800,6.2910,0.1364,0.1364
5.0444,pi,6.2800,6.2665,0.1369,0.1369
5.0494,pi,6.2800,6.2928,0.1364,0.1364
5.0544,pi,6.2800,6.2683,0.1369,0.1369
5.0594,pi,6.2800,6.2941,0.1364,0.1364
5.0645,pi,6.2800,6.2691,0.1369,0.1369
5.0694,pi,6.2800,6.2950,0.1363,0.1363
5.0746,pi,6.2800,6.2917,0.1364,0.1364
5.0794,pi,6.2800,6.2898,0.1364,0.1364
5.0845,pi,6.2800,6.2883,0.1365,0.1365
5.0895,pi,6.2800,6.3106,0.1360,0.1360
5.0944,pi,6.2800,6.3051,0.1361,0.1361
5.0995,pi,6.2800,6.3236,0.1357,0.1357
5.1045,pi,6.2800,6.3155,0.1359,0.1359
5.1094,pi,6.2800,6.3317,0.1356,0.1356
5.1145,pi,6.2800,6.3216,0.1357,0.1357
5.1197,pi,6.2800,6.3133,0.1359,0.1359
5.1247,pi,6.2800,6.2838,0.1365,0.1365
5.1294,pi,6.2800,6.2836,0.1365,0.1365
5.1344,pi,6.2800,6.2609,0.1369,0.1369
5.1395,pi,6.2800,6.2646,0.1369,0.1369
5.1444,pi,6.2800,6.2449,0.1373,0.1373
5.1494,pi,6.2800,6.2756,0.1367,0.1367
5.1546,pi,6.2800,6.2770,0.1366,0.1366
5.1594,pi,6.2800,6.2778,0.1366,0.1366
5.1645,pi,6.2800,6.2557,0.1371,0.1371
5.1694,pi,6.2800,6.2841,0.1365,0.1365
5.1744,pi,6.2800,6.2614,0.1370,0.1370
5.1794,pi,6.2800,6.2890,0.1364,0.1364
5.1845,pi,6.2800,6.2877,0.1364,0.1364
5.1894,pi,6.2800,6.2867,0.1365,0.1365
5.1944,pi,6.2800,6.2857,0.1365,0.1365
5.1995,pi,6.2800,6.2345,0.1375,0.1375
5.2045,pi,6.2800,6.2442,0.1373,0.1373
5.2094,pi,6.2800,6.2746,0.1367,0.1367
5.2144,pi,6.2800,6.2536,0.1371,0.1371
5.2194,pi,6.2800,6.2824,0.1366,0.1366
5.2248,pi,6.2800,6.2821,0.1366,0.1366
5.2299,pi,6.2800,6.2816,0.1366,0.1366
5.2348,pi,6.2800,6.2814,0.1366,0.1366
5.2398,pi,6.2800,6.2308,0.1376,0.1376
5.2444,pi,6.2800,6.2412,0.1374,0.1374
5.2493,pi,6.2800,6.2726,0.1368,0.1368
5.2544,pi,6.2800,6.2980,0.1363,0.1363
5.2594,pi,6.2800,6.3180,0.1359,0.1359
5.2645,pi,6.2800,6.3110,0.1360,0.1360
5.2694,pi,6.2800,6.3284,0.1356,0.1356
5.2745,pi,6.2800,6.2966,0.1363,0.1363
5.2795,pi,6.2800,6.3173,0.1358,0.1358
5.2845,pi,6.2800,6.2883,0.1364,0.1364
5.2894,pi,6.2800,6.3107,0.1360,0.1360
5.2944,pi,6.2800,6.3288,0.1356,0.1356
5.2995,pi,6.2800,6.3189,0.1358,0.1358
5.3045,pi,6.2800,6.3117,0.1359,0.1359
5.3094,pi,6.2800,6.3287,0.1356,0.1356
5.3144,pi,6.2800,6.2966,0.1362,0.1362
5.3195,pi,6.2800,6.2937,0.1363,0.1363
5.3245,pi,6.2800,6.2915,0.1363,0.1363
5.3294,pi,6.2800,6.3128,0.1359,0.1359
5.3344,pi,6.2800,6.2840,0.1364,0.1364
5.3394,pi,6.2800,6.3068,0.1360,0.1360
5.3444,pi,6.2800,6.3251,0.1356,0.1356
5.3494,pi,6.2800,6.3396,0.1353,0.1353
5.3544,pi,6.2800,6.3063,0.1360,0.1360
5.3594,pi,6.2800,6.3244,0.1356,0.1356
5.3645,pi,6.2800,6.3161,0.1357,0.1357
5.3694,pi,6.2800,6.3324,0.1354,0.1354
5.3744,pi,6.2800,6.2998,0.1360,0.1360
5.3795,pi,6.2800,6.2964,0.1361,0.1361
5.3844,pi,6.2800,6.3166,0.1357,0.1357
5.3894,pi,6.2800,6.3328,0.1354,0.1354
5.3945,pi,6.2800,6.2723,0.1366,0.1366
5.3994,pi,6.2800,6.2516,0.1370,0.1370
5.4044,pi,6.2800,6.2810,0.1364,0.1364
5.4094,pi,6.2800,6.2813,0.1364,0.1364
5.4144,pi,6.2800,6.3320,0.1354,0.1354
5.4194,pi,6.2800,6.3221,0.1356,0.1356
5.4244,pi,6.2800,6.3372,0.1353,0.1353
5.4294,pi,6.2800,6.3495,0.1350,0.1350
5.4345,pi,6.2800,6.3358,0.1352,0.1352
5.4394,pi,6.2800,6.3253,0.1354,0.1354
5.4444,pi,6.2800,6.3398,0.1351,0.1351
5.4494,pi,6.2800,6.3515,0.1349,0.1349
5.4545,pi,6.2800,6.3152,0.1356,0.1356
5.4595,pi,6.2800,6.3088,0.1357,0.1357
5.4644,pi,6.2800,6.3265,0.1354,0.1354
5.4695,pi,6.2800,6.3175,0.1355,0.1355
5.4746,pi,6.2800,6.3084,0.1357,0.1357
5.4794,pi,6.2800,6.3033,0.1358,0.1358
5.4844,pi,6.2800,6.3222,0.1354,0.1354
5.4894,pi,6.2800,6.2918,0.1360,0.1360
5.4945,pi,6.2800,6.2395,0.1371,0.1371
5.4995,pi,6.2800,6.2481,0.1369,0.1369
5.5044,pi,6.2800,6.3053,0.1358,0.1358
5.5094,pi,6.2800,6.3235,0.1354,0.1354
5.5145,pi,6.2800,6.2651,0.1365,0.1365
5.5194,pi,6.2800,6.2459,0.1369,0.1369
5.5244,pi,6.2800,6.2306,0.1372,0.1372
5.5294,pi,6.2800,6.2202,0.1375,0.1375
5.5345,pi,6.2800,6.1824,0.1382,0.1382
5.5394,pi,6.2800,6.1795,0.1383,0.1383
5.5445,pi,6.2800,6.2231,0.1375,0.1375
5.5494,pi,6.2800,6.2581,0.1368,0.1368
5.5545,pi,6.2800,6.2129,0.1377,0.1377
5.5595,pi,6.2800,6.2269,0.1374,0.1374
5.5644,pi,6.2800,6.2611,0.1368,0.1368
5.5700,pi,6.2800,6.2648,0.1367,0.1367
5.5755,pi,6.2800,6.3184,0.1356,0.1356
5.5801,pi,6.2800,6.3112,0.1358,0.1358
5.5844,pi,6.2800,6.3558,0.1349,0.1349
5.5894,pi,6.2800,6.3411,0.1351,0.1351
5.5943,pi,6.2800,6.3524,0.1349,0.1349
5.5994,pi,6.2800,6.3157,0.1356,0.1356
5.6045,pi,6.2800,6.3594,0.1347,0.1347
5.6095,pi,6.2800,6.3440,0.1350,0.1350
5.6144,pi,6.2800,6.2814,0.1362,0.1362
5.6194,pi,6.2800,6.2588,0.1367,0.1367
5.6244,pi,6.2800,6.2871,0.1361,0.1361
5.6295,pi,6.2800,6.2639,0.1366,0.1366
5.6357,pi,6.2800,6.2171,0.1375,0.1375
5.6403,pi,6.2800,6.2296,0.1373,0.1373
5.6448,pi,6.2800,6.1885,0.1381,0.1381
5.6500,pi,6.2800,6.2064,0.1378,0.1378
5.6549,pi,6.2800,6.1711,0.1385,0.1385
5.6594,pi,6.2800,6.1935,0.1381,0.1381
5.6644,pi,6.2800,6.2343,0.1373,0.1373
5.6695,pi,6.2800,6.2441,0.1371,0.1371
5.6744,pi,6.2800,6.2517,0.1370,0.1370
5.6794,pi,6.2800,6.2579,0.1369,0.1369
5.6844,pi,6.2800,6.2857,0.1363,0.1363
5.6895,pi,6.2800,6.3082,0.1359,0.1359
5.6944,pi,6.2800,6.3268,0.1355,0.1355
5.6994,pi,6.2800,6.3422,0.1352,0.1352
5.7044,pi,6.2800,6.3542,0.1349,0.1349
5.7095,pi,6.2800,6.3400,0.1352,0.1352
5.7144,pi,6.2800,6.3285,0.1354,0.1354
5.7194,pi,6.2800,6.3195,0.1356,0.1356
5.7244,pi,6.2800,6.3351,0.1352,0.1352
5.7295,pi,6.2800,6.3019,0.1359,0.1359
5.7344,pi,6.2800,6.3211,0.1355,0.1355
5.7394,pi,6.2800,6.2906,0.1361,0.1361
5.7444,pi,6.2800,6.2891,0.1361,0.1361
5.7495,pi,6.2800,6.2879,0.1362,0.1362
5.7544,pi,6.2800,6.2869,0.1362,0.1362
5.7594,pi,6.2800,6.2631,0.1366,0.1366
5.7644,pi,6.2800,6.2671,0.1366,0.1366
5.7694,pi,6.2800,6.2475,0.1370,0.1370
5.7745,pi,6.2800,6.2544,0.1368,0.1368
5.7795,pi,6.2800,6.3098,0.1357,0.1357
5.7844,pi,6.2800,6.3273,0.1354,0.1354
5.7895,pi,6.2800,6.3181,0.1355,0.1355
5.7944,pi,6.2800,6.3110,0.1357,0.1357
5.7994,pi,6.2800,6.2826,0.1362,0.1362
5.8044,pi,6.2800,6.3058,0.1358,0.1358
5.8095,pi,6.2800,6.3011,0.1359,0.1359
5.8144,pi,6.2800,6.3203,0.1355,0.1355
5.8195,pi,6.2800,6.3631,0.1346,0.1346
5.8244,pi,6.2800,6.3701,0.1344,0.1344
5.8294,pi,6.2800,6.3301,0.1352,0.1352
5.8345,pi,6.2800,6.3201,0.1354,0.1354
5.8394,pi,6.2800,6.2900,0.1360,0.1360
5.8444,pi,6.2800,6.3120,0.1356,0.1356
5.8494,pi,6.2800,6.2835,0.1361,0.1361
5.8544,pi,6.2800,6.3066,0.1357,0.1357
5.8594,pi,6.2800,6.3248,0.1353,0.1353
5.8644,pi,6.2800,6.3396,0.1350,0.1350
5.8695,pi,6.2800,6.3055,0.1356,0.1356
5.8744,pi,6.2800,6.2786,0.1362,0.1362
5.8795,pi,6.2800,6.3026,0.1357,0.1357
5.8844,pi,6.2800,6.3216,0.1353,0.1353
5.8895,pi,6.2800,6.3640,0.1345,0.1345
5.8944,pi,6.2800,6.3477,0.1348,0.1348
5.8994,pi,6.2800,6.3577,0.1345,0.1345
5.9045,pi,6.2800,6.3426,0.1348,0.1348
5.9094,pi,6.2800,6.3305,0.1351,0.1351
5.9144,pi,6.2800,6.3210,0.1352,0.1352
5.9194,pi,6.2800,6.3634,0.1344,0.1344
5.9245,pi,6.2800,6.3469,0.1347,0.1347
5.9294,pi,6.2800,6.2837,0.1359,0.1359
5.9344,pi,6.2800,6.2833,0.1359,0.1359
5.9394,pi,6.2800,6.3060,0.1355,0.1355
5.9444,pi,6.2800,6.2788,0.1360,0.1360
5.9494,pi,6.2800,6.2797,0.1360,0.1360
5.9544,pi,6.2800,6.2803,0.1360,0.1360
5.9594,pi,6.2800,6.2806,0.1360,0.1360
5.9644,pi,6.2800,6.2810,0.1360,0.1360
5.9694,pi,6.2800,6.2584,0.1364,0.1364
5.9744,pi,6.2800,6.2407,0.1368,0.1368
5.9794,pi,6.2800,6.2723,0.1362,0.1362
5.9844,pi,6.2800,6.2974,0.1357,0.1357
5.9895,pi,6.2800,6.2442,0.1367,0.1367
5.9944,pi,6.2800,6.2520,0.1366,0.1366
5.9994,pi,6.2800,6.2079,0.1375,0.1375
6.0044,pi,6.2800,6.2002,0.1376,0.1376
6.0094,pi,6.2800,6.1937,0.1378,0.1378
6.0144,pi,6.2800,6.1890,0.1379,0.1379
6.0195,pi,6.2800,6.1850,0.1380,0.1380
6.0244,pi,6.2800,6.2276,0.1372,0.1372
6.0295,pi,6.2800,6.1882,0.1380,0.1380
6.0344,pi,6.2800,6.2070,0.1376,0.1376
6.0394,pi,6.2800,6.2450,0.1369,0.1369
6.0445,pi,6.2800,6.2519,0.1368,0.1368
6.0494,pi,6.2800,6.3082,0.1356,0.1356
6.0544,pi,6.2800,6.3263,0.1353,0.1353
6.0594,pi,6.2800,6.3404,0.1350,0.1350
6.0645,pi,6.2800,6.3288,0.1352,0.1352
6.0694,pi,6.2800,6.3424,0.1349,0.1349
6.0745,pi,6.2800,6.3306,0.1351,0.1351
6.0794,pi,6.2800,6.3439,0.1348,0.1348
6.0844,pi,6.2800,6.3548,0.1346,0.1346
6.0894,pi,6.2800,6.3405,0.1349,0.1349
6.0944,pi,6.2800,6.3061,0.1356,0.1356
6.0994,pi,6.2800,6.3251,0.1352,0.1352
6.1045,pi,6.2800,6.3166,0.1353,0.1353
6.1094,pi,6.2800,6.3099,0.1355,0.1355
6.1145,pi,6.2800,6.2817,0.1360,0.1360
6.1195,pi,6.2800,6.2813,0.1360,0.1360
6.1247,pi,6.2800,6.2811,0.1360,0.1360
6.1294,pi,6.2800,6.2812,0.1360,0.1360
6.1344,pi,6.2800,6.2814,0.1360,0.1360
6.1394,pi,6.2800,6.2817,0.1360,0.1360
6.1445,pi,6.2800,6.2817,0.1360,0.1360
6.1494,pi,6.2800,6.2819,0.1360,0.1360
6.1544,pi,6.2800,6.2822,0.1360,0.1360
6.1594,pi,6.2800,6.2824,0.1360,0.1360
6.1644,pi,6.2800,6.2824,0.1360,0.1360
6.1694,pi,6.2800,6.3054,0.1355,0.1355
6.1745,pi,6.2800,6.2786,0.1361,0.1361
6.1794,pi,6.2800,6.3029,0.1356,0.1356
6.1844,pi,6.2800,6.2764,0.1361,0.1361
6.1894,pi,6.2800,6.3007,0.1356,0.1356
6.1945,pi,6.2800,6.2742,0.1361,0.1361
6.1994,pi,6.2800,6.2991,0.1356,0.1356
6.2044,pi,6.2800,6.2734,0.1361,0.1361
6.2094,pi,6.2800,6.2981,0.1357,0.1357
6.2144,pi,6.2800,6.3180,0.1353,0.1353
6.2195,pi,6.2800,6.3110,0.1354,0.1354
6.2245,pi,6.2800,6.3549,0.1345,0.1345
6.2294,pi,6.2800,6.3406,0.1348,0.1348
6.2344,pi,6.2800,6.3794,0.1340,0.1340
6.2394,pi,6.2800,6.3601,0.1343,0.1343
6.2444,pi,6.2800,6.3218,0.1351,0.1351
6.2497,pi,6.2800,6.3133,0.1352,0.1352
6.2550,pi,6.2800,6.3564,0.1344,0.1344
6.2600,pi,6.2800,6.3409,0.1347,0.1347
6.2643,pi,6.2800,6.3290,0.1349,0.1349
6.2694,pi,6.2800,6.2972,0.1355,0.1355
6.2744,pi,6.2800,6.3174,0.1351,0.1351
6.2794,pi,6.2800,6.2889,0.1357,0.1357
6.2845,pi,6.2800,6.2874,0.1357,0.1357
6.2894,pi,6.2800,6.2640,0.1362,0.1362
6.2944,pi,6.2800,6.2909,0.1356,0.1356
6.2994,pi,6.2800,6.3119,0.1352,0.1352
6.3045,pi,6.2800,6.3296,0.1348,0.1348
6.3095,pi,6.2800,6.2975,0.1355,0.1355
6.3144,pi,6.2800,6.2725,0.1360,0.1360
6.3195,pi,6.2800,6.2744,0.1359,0.1359
6.3244,pi,6.2800,6.2256,0.1369,0.1369
6.3294,pi,6.2800,6.2143,0.1371,0.1371
6.3345,pi,6.2800,6.2506,0.1364,0.1364
6.3395,pi,6.2800,6.2571,0.1363,0.1363
6.3444,pi,6.2800,6.2117,0.1372,0.1372
6.3494,pi,6.2800,6.2030,0.1374,0.1374
6.3544,pi,6.2800,6.1970,0.1376,0.1376
6.3594,pi,6.2800,6.1915,0.1377,0.1377
6.3644,pi,6.2800,6.1874,0.1378,0.1378
6.3694,pi,6.2800,6.2295,0.1370,0.1370
6.3744,pi,6.2800,6.2634,0.1363,0.1363
6.3794,pi,6.2800,6.2672,0.1362,0.1362
6.3844,pi,6.2800,6.2932,0.1357,0.1357
6.3894,pi,6.2800,6.2687,0.1362,0.1362
6.3944,pi,6.2800,6.2486,0.1366,0.1366
6.3994,pi,6.2800,6.2555,0.1365,0.1365
6.4044,pi,6.2800,6.2610,0.1364,0.1364
6.4094,pi,6.2800,6.2882,0.1358,0.1358
6.4144,pi,6.2800,6.2642,0.1363,0.1363
6.4194,pi,6.2800,6.2909,0.1358,0.1358
6.4245,pi,6.2800,6.2389,0.1368,0.1368
6.4294,pi,6.2800,6.2249,0.1371,0.1371
6.4345,pi,6.2800,6.1858,0.1379,0.1379
6.4394,pi,6.2800,6.2052,0.1375,0.1375
6.4444,pi,6.2800,6.2208,0.1372,0.1372
6.4494,pi,6.2800,6.2562,0.1366,0.1366
6.4544,pi,6.2800,6.2390,0.1369,0.1369
6.4594,pi,6.2800,6.2478,0.1367,0.1367
6.4644,pi,6.2800,6.2319,0.1371,0.1371
6.4694,pi,6.2800,6.2421,0.1369,0.1369
6.4744,pi,6.2800,6.2275,0.1372,0.1372
6.4794,pi,6.2800,6.2385,0.1370,0.1370
6.4844,pi,6.2800,6.2243,0.1373,0.1373
6.4894,pi,6.2800,6.2592,0.1366,0.1366
6.4944,pi,6.2800,6.2871,0.1360,0.1360
6.4994,pi,6.2800,6.3094,0.1356,0.1356
6.5044,pi,6.2800,6.2815,0.1361,0.1361
6.5094,pi,6.2800,6.3047,0.1357,0.1357
6.5144,pi,6.2800,6.2775,0.1362,0.1362
6.5194,pi,6.2800,6.3017,0.1357,0.1357
6.5244,pi,6.2800,6.2752,0.1362,0.1362
6.5294,pi,6.2800,6.2997,0.1358,0.1358
6.5344,pi,6.2800,6.3195,0.1354,0.1354
6.5394,pi,6.2800,6.3122,0.1355,0.1355
6.5444,pi,6.2800,6.3063,0.1356,0.1356
6.5494,pi,6.2800,6.3016,0.1357,0.1357
6.5544,pi,6.2800,6.3210,0.1353,0.1353
6.5594,pi,6.2800,6.3362,0.1350,0.1350
6.5645,pi,6.2800,6.3256,0.1352,0.1352
6.5695,pi,6.2800,6.3162,0.1354,0.1354
6.5745,pi,6.2800,6.3595,0.1345,0.1345
6.5794,pi,6.2800,6.3439,0.1348,0.1348
6.5844,pi,6.2800,6.3309,0.1350,0.1350
6.5895,pi,6.2800,6.3210,0.1352,0.1352
6.5944,pi,6.2800,6.3131,0.1353,0.1353
6.5994,pi,6.2800,6.3066,0.1355,0.1355
6.6044,pi,6.2800,6.2513,0.1366,0.1366
6.6096,pi,6.2800,6.2572,0.1365,0.1365
6.6144,pi,6.2800,6.3123,0.1354,0.1354
6.6194,pi,6.2800,6.3291,0.1350,0.1350
6.6245,pi,6.2800,6.3189,0.1352,0.1352
6.6294,pi,6.2800,6.2893,0.1358,0.1358
6.6345,pi,6.2800,6.3107,0.1354,0.1354
6.6395,pi,6.2800,6.2827,0.1359,0.1359
6.6450,pi,6.2800,6.2319,0.1369,0.1369
6.6497,pi,6.2800,6.2419,0.1367,0.1367
6.6544,pi,6.2800,6.3001,0.1356,0.1356
6.6594,pi,6.2800,6.3198,0.1352,0.1352
6.6644,pi,6.2800,6.3356,0.1349,0.1349
6.6694,pi,6.2800,6.3029,0.1355,0.1355
6.6744,pi,6.2800,6.3220,0.1351,0.1351
6.6794,pi,6.2800,6.2927,0.1357,0.1357
6.6844,pi,6.2800,6.3139,0.1353,0.1353
6.6895,pi,6.2800,6.2854,0.1358,0.1358
6.6944,pi,6.2800,6.3081,0.1354,0.1354
6.6994,pi,6.2800,6.3268,0.1350,0.1350
6.7044,pi,6.2800,6.3418,0.1347,0.1347
6.7095,pi,6.2800,6.3300,0.1349,0.1349
6.7144,pi,6.2800,6.3434,0.1346,0.1346
6.7195,pi,6.2800,6.3313,0.1348,0.1348
6.7244,pi,6.2800,6.2713,0.1360,0.1360
6.7294,pi,6.2800,6.2737,0.1360,0.1360
6.7344,pi,6.2800,6.2985,0.1355,0.1355
6.7395,pi,6.2800,6.2950,0.1356,0.1356
6.7447,pi,6.2800,6.2397,0.1367,0.1367
6.7501,pi,6.2800,6.2476,0.1365,0.1365
6.7548,pi,6.2800,6.2540,0.1364,0.1364
6.7594,pi,6.2800,6.2596,0.1363,0.1363
6.7644,pi,6.2800,6.2139,0.1372,0.1372
6.7693,pi,6.2800,6.2049,0.1374,0.1374
6.7744,pi,6.2800,6.2434,0.1366,0.1366
6.7794,pi,6.2800,6.2512,0.1365,0.1365
6.7844,pi,6.2800,6.2571,0.1364,0.1364
6.7894,pi,6.2800,6.2393,0.1368,0.1368
6.7944,pi,6.2800,6.2251,0.1370,0.1370
6.7994,pi,6.2800,6.2614,0.1363,0.1363
6.8044,pi,6.2800,6.2436,0.1367,0.1367
6.8094,pi,6.2800,6.2289,0.1370,0.1370
6.8144,pi,6.2800,6.2899,0.1358,0.1358
6.8194,pi,6.2800,6.2883,0.1358,0.1358
6.8244,pi,6.2800,6.2871,0.1358,0.1358
6.8294,pi,6.2800,6.2862,0.1359,0.1359
6.8344,pi,6.2800,6.3082,0.1354,0.1354
6.8395,pi,6.2800,6.3030,0.1355,0.1355
6.8444,pi,6.2800,6.3219,0.1351,0.1351
6.8495,pi,6.2800,6.3141,0.1353,0.1353
6.8544,pi,6.2800,6.3581,0.1344,0.1344
6.8594,pi,6.2800,6.3429,0.1347,0.1347
6.8644,pi,6.2800,6.3539,0.1344,0.1344
6.8695,pi,6.2800,6.3396,0.1347,0.1347
6.8744,pi,6.2800,6.3283,0.1349,0.1349
6.8794,pi,6.2800,6.3193,0.1351,0.1351
6.8850,pi,6.2800,6.2891,0.1357,0.1357
6.8895,pi,6.2800,6.2878,0.1357,0.1357
6.8944,pi,6.2800,6.2868,0.1357,0.1357
6.8993,pi,6.2800,6.2634,0.1362,0.1362
6.9044,pi,6.2800,6.2905,0.1356,0.1356
6.9095,pi,6.2800,6.2890,0.1357,0.1357
6.9144,pi,6.2800,6.2878,0.1357,0.1357
6.9194,pi,6.2800,6.2639,0.1362,0.1362
6.9244,pi,6.2800,6.2908,0.1356,0.1356
6.9295,pi,6.2800,6.2892,0.1357,0.1357
6.9345,pi,6.2800,6.3381,0.1347,0.1347
6.9397,pi,6.2800,6.3259,0.1349,0.1349
6.9451,pi,6.2800,6.3144,0.1351,0.1351
6.9498,pi,6.2800,6.3075,0.1353,0.1353
6.9544,pi,6.2800,6.3023,0.1354,0.1354
6.9594,pi,6.2800,6.2753,0.1359,0.1359
6.9645,pi,6.2800,6.2761,0.1359,0.1359
6.9695,pi,6.2800,6.2773,0.1359,0.1359
6.9745,pi,6.2800,6.2781,0.1358,0.1358
6.9795,pi,6.2800,6.2787,0.1358,0.1358
6.9844,pi,6.2800,6.3024,0.1354,0.1354
6.9894,pi,6.2800,6.2756,0.1359,0.1359
6.9944,pi,6.2800,6.3010,0.1354,0.1354
6.9994,pi,6.2800,6.3227,0.1349,0.1349
7.0046,pi,6.2800,6.3148,0.1351,0.1351
7.0094,pi,6.2800,6.3584,0.1342,0.1342
7.0145,pi,6.2800,6.3661,0.1340,0.1340
7.0194,pi,6.2800,6.3731,0.1339,0.1339
7.0245,pi,6.2800,6.3781,0.1337,0.1337
7.0294,pi,6.2800,6.3822,0.1336,0.1336
7.0345,pi,6.2800,6.3622,0.1340,0.1340
7.0394,pi,6.2800,6.3692,0.1339,0.1339
7.0444,pi,6.2800,6.3752,0.1337,0.1337
7.0494,pi,6.2800,6.3797,0.1336,0.1336
7.0544,pi,6.2800,6.3381,0.1344,0.1344
7.0595,pi,6.2800,6.3261,0.1346,0.1346
7.0644,pi,6.2800,6.3176,0.1348,0.1348
7.0694,pi,6.2800,6.3106,0.1349,0.1349
7.0744,pi,6.2800,6.3051,0.1350,0.1350
7.0795,pi,6.2800,6.2488,0.1361,0.1361
7.0844,pi,6.2800,6.2329,0.1365,0.1365
7.0894,pi,6.2800,6.2659,0.1358,0.1358
7.0945,pi,6.2800,6.2693,0.1358,0.1358
7.0995,pi,6.2800,6.2709,0.1357,0.1357
7.1044,pi,6.2800,6.2733,0.1357,0.1357
7.1094,pi,6.2800,6.2521,0.1361,0.1361
7.1144,pi,6.2800,6.2583,0.1360,0.1360
7.1194,pi,6.2800,6.2129,0.1369,0.1369
7.1245,pi,6.2800,6.2264,0.1367,0.1367
7.1296,pi,6.2800,6.2599,0.1360,0.1360
7.1345,pi,6.2800,6.2632,0.1359,0.1359
7.1394,pi,6.2800,6.2170,0.1369,0.1369
7.1444,pi,6.2800,6.2074,0.1371,0.1371
7.1494,pi,6.2800,6.2456,0.1363,0.1363
7.1544,pi,6.2800,6.2316,0.1366,0.1366
7.1594,pi,6.2800,6.2647,0.1360,0.1360
7.1644,pi,6.2800,6.2915,0.1354,0.1354
7.1694,pi,6.2800,6.3128,0.1350,0.1350
7.1746,pi,6.2800,6.3293,0.1347,0.1347
7.1794,pi,6.2800,6.3431,0.1344,0.1344
7.1844,pi,6.2800,6.3092,0.1350,0.1350
7.1894,pi,6.2800,6.3282,0.1346,0.1346
7.1944,pi,6.2800,6.3424,0.1344,0.1344
7.1995,pi,6.2800,6.3286,0.1346,0.1346
7.2044,pi,6.2800,6.3195,0.1348,0.1348
7.2095,pi,6.2800,6.3121,0.1349,0.1349
7.2144,pi,6.2800,6.3063,0.1350,0.1350
7.2195,pi,6.2800,6.2500,0.1361,0.1361
7.2244,pi,6.2800,6.2339,0.1365,0.1365
7.2295,pi,6.2800,6.2672,0.1358,0.1358
7.2345,pi,6.2800,6.2704,0.1358,0.1358
7.2395,pi,6.2800,6.2721,0.1357,0.1357
7.2444,pi,6.2800,6.2743,0.1357,0.1357
7.2494,pi,6.2800,6.2989,0.1352,0.1352
7.2544,pi,6.2800,6.2747,0.1357,0.1357
7.2594,pi,6.2800,6.2991,0.1352,0.1352
7.2645,pi,6.2800,6.2959,0.1353,0.1353
7.2694,pi,6.2800,6.3163,0.1348,0.1348
7.2746,pi,6.2800,6.3090,0.1350,0.1350
7.2794,pi,6.2800,6.3035,0.1351,0.1351
7.2844,pi,6.2800,6.2993,0.1352,0.1352
7.2894,pi,6.2800,6.3190,0.1348,0.1348
7.2945,pi,6.2800,6.3118,0.1349,0.1349
7.2994,pi,6.2800,6.3290,0.1345,0.1345
7.3044,pi,6.2800,6.2972,0.1352,0.1352
7.3095,pi,6.2800,6.2943,0.1352,0.1352
7.3144,pi,6.2800,6.2692,0.1357,0.1357
7.3195,pi,6.2800,6.2717,0.1357,0.1357
7.3244,pi,6.2800,6.2511,0.1361,0.1361
7.3294,pi,6.2800,6.2810,0.1355,0.1355
7.3344,pi,6.2800,6.2587,0.1359,0.1359
7.3395,pi,6.2800,6.2636,0.1358,0.1358
7.3444,pi,6.2800,6.2445,0.1362,0.1362
7.3494,pi,6.2800,6.2752,0.1356,0.1356
7.3545,pi,6.2800,6.2768,0.1356,0.1356
7.3594,pi,6.2800,6.3008,0.1351,0.1351
7.3644,pi,6.2800,6.2745,0.1356,0.1356
7.3694,pi,6.2800,6.2993,0.1351,0.1351
7.3744,pi,6.2800,6.2733,0.1357,0.1357
7.3794,pi,6.2800,6.2982,0.1352,0.1352
7.3844,pi,6.2800,6.2723,0.1357,0.1357
7.3895,pi,6.2800,6.2745,0.1356,0.1356
7.3944,pi,6.2800,6.2762,0.1356,0.1356
7.3994,pi,6.2800,6.2776,0.1356,0.1356
7.4044,pi,6.2800,6.2560,0.1360,0.1360
7.4095,pi,6.2800,6.2615,0.1359,0.1359
7.4144,pi,6.2800,6.2658,0.1358,0.1358
7.4195,pi,6.2800,6.2688,0.1358,0.1358
7.4245,pi,6.2800,6.2710,0.1357,0.1357
7.4294,pi,6.2800,6.2734,0.1357,0.1357
7.4345,pi,6.2800,6.2753,0.1356,0.1356
7.4394,pi,6.2800,6.2998,0.1352,0.1352
7.4445,pi,6.2800,6.2737,0.1357,0.1357
7.4494,pi,6.2800,6.2755,0.1356,0.1356
7.4544,pi,6.2800,6.2770,0.1356,0.1356
7.4594,pi,6.2800,6.3009,0.1351,0.1351
7.4645,pi,6.2800,6.2973,0.1352,0.1352
7.4694,pi,6.2800,6.3173,0.1348,0.1348
7.4745,pi,6.2800,6.2878,0.1354,0.1354
7.4794,pi,6.2800,6.3104,0.1349,0.1349
7.4844,pi,6.2800,6.3279,0.1346,0.1346
7.4894,pi,6.2800,6.3189,0.1347,0.1347
7.4945,pi,6.2800,6.3116,0.1349,0.1349
7.4994,pi,6.2800,6.3058,0.1350,0.1350
7.5045,pi,6.2800,6.3012,0.1351,0.1351
7.5094,pi,6.2800,6.2973,0.1351,0.1351
7.5145,pi,6.2800,6.2944,0.1352,0.1352
7.5194,pi,6.2800,6.2921,0.1352,0.1352
7.5244,pi,6.2800,6.2903,0.1353,0.1353
7.5294,pi,6.2800,6.2888,0.1353,0.1353
7.5344,pi,6.2800,6.2373,0.1363,0.1363
7.5394,pi,6.2800,6.2237,0.1366,0.1366
7.5444,pi,6.2800,6.2127,0.1368,0.1368
7.5494,pi,6.2800,6.2498,0.1361,0.1361
7.5544,pi,6.2800,6.2339,0.1364,0.1364
7.5594,pi,6.2800,6.2666,0.1358,0.1358
7.5645,pi,6.2800,6.2698,0.1357,0.1357
7.5694,pi,6.2800,6.2954,0.1352,0.1352
7.5745,pi,6.2800,6.2930,0.1353,0.1353
7.5794,pi,6.2800,6.2910,0.1353,0.1353
7.5844,pi,6.2800,6.2894,0.1353,0.1353
7.5894,pi,6.2800,6.3111,0.1349,0.1349
7.5945,pi,6.2800,6.3054,0.1350,0.1350
7.5994,pi,6.2800,6.3239,0.1346,0.1346
7.6044,pi,6.2800,6.2932,0.1352,0.1352
7.6095,pi,6.2800,6.2912,0.1353,0.1353
7.6144,pi,6.2800,6.2666,0.1358,0.1358
7.6194,pi,6.2800,6.2931,0.1352,0.1352
7.6245,pi,6.2800,6.2910,0.1353,0.1353
7.6294,pi,6.2800,6.3124,0.1348,0.1348
7.6344,pi,6.2800,6.2836,0.1354,0.1354
7.6394,pi,6.2800,6.3066,0.1349,0.1349
7.6444,pi,6.2800,6.2791,0.1355,0.1355
7.6495,pi,6.2800,6.2792,0.1355,0.1355
7.6544,pi,6.2800,6.2799,0.1355,0.1355
7.6594,pi,6.2800,6.2804,0.1355,0.1355
7.6644,pi,6.2800,6.2809,0.1354,0.1354
7.6694,pi,6.2800,6.2807,0.1355,0.1355
7.6744,pi,6.2800,6.2582,0.1359,0.1359
7.6794,pi,6.2800,6.2863,0.1353,0.1353
7.6844,pi,6.2800,6.2628,0.1358,0.1358
7.6895,pi,6.2800,6.2667,0.1357,0.1357
7.6944,pi,6.2800,6.2699,0.1357,0.1357
7.6994,pi,6.2800,6.2954,0.1352,0.1352
7.7044,pi,6.2800,6.2709,0.1357,0.1357
7.7095,pi,6.2800,6.2962,0.1352,0.1352
7.7144,pi,6.2800,6.2710,0.1357,0.1357
7.7195,pi,6.2800,6.2224,0.1366,0.1366
7.7244,pi,6.2800,6.2123,0.1368,0.1368
7.7295,pi,6.2800,6.2495,0.1361,0.1361
7.7344,pi,6.2800,6.2333,0.1364,0.1364
7.7394,pi,6.2800,6.2663,0.1358,0.1358
7.7447,pi,6.2800,6.2689,0.1358,0.1358
7.7494,pi,6.2800,6.2711,0.1357,0.1357
7.7546,pi,6.2800,6.2731,0.1357,0.1357
7.7601,pi,6.2800,6.2746,0.1356,0.1356
7.7645,pi,6.2800,6.2763,0.1356,0.1356
7.7694,pi,6.2800,6.3006,0.1351,0.1351
7.7745,pi,6.2800,6.3211,0.1347,0.1347
7.7794,pi,6.2800,6.3135,0.1349,0.1349
7.7845,pi,6.2800,6.3069,0.1350,0.1350
7.7894,pi,6.2800,6.3021,0.1351,0.1351
7.7944,pi,6.2800,6.2754,0.1356,0.1356
7.7994,pi,6.2800,6.3008,0.1351,0.1351
7.8044,pi,6.2800,6.2753,0.1356,0.1356
7.8096,pi,6.2800,6.2998,0.1351,0.1351
7.8145,pi,6.2800,6.2960,0.1352,0.1352
7.8194,pi,6.2800,6.2934,0.1352,0.1352
7.8245,pi,6.2800,6.2911,0.1353,0.1353
7.8294,pi,6.2800,6.2892,0.1353,0.1353
7.8345,pi,6.2800,6.2647,0.1358,0.1358
7.8395,pi,6.2800,6.2678,0.1357,0.1357
7.8445,pi,6.2800,6.2705,0.1357,0.1357
7.8494,pi,6.2800,6.2725,0.1356,0.1356
7.8543,pi,6.2800,6.2522,0.1361,0.1361
7.8594,pi,6.2800,6.2813,0.1355,0.1355
7.8644,pi,6.2800,6.2593,0.1359,0.1359
7.8695,pi,6.2800,6.2136,0.1368,0.1368
7.8744,pi,6.2800,6.2048,0.1370,0.1370
7.8794,pi,6.2800,6.1979,0.1372,0.1372
7.8844,pi,6.2800,6.1925,0.1373,0.1373
7.8894,pi,6.2800,6.1883,0.1374,0.1374
7.8944,pi,6.2800,6.1852,0.1375,0.1375
7.8994,pi,6.2800,6.1825,0.1376,0.1376
7.9044,pi,6.2800,6.1524,0.1382,0.1382
7.9094,pi,6.2800,6.1282,0.1387,0.1387
7.9144,pi,6.2800,6.1089,0.1391,0.1391
7.9194,pi,6.2800,6.0752,0.1399,0.1399
7.9244,pi,6.2800,6.0941,0.1395,0.1395
7.9294,pi,6.2800,6.0634,0.1402,0.1402
7.9345,pi,6.2800,6.0067,0.1414,0.1414
7.9394,pi,6.2800,6.0108,0.1414,0.1414
7.9444,pi,6.2800,5.9650,0.1424,0.1424
7.9494,pi,6.2800,5.9784,0.1422,0.1422
7.9544,pi,6.2800,5.9709,0.1424,0.1424
7.9594,pi,6.2800,5.9326,0.1432,0.1432
7.9644,pi,6.2800,5.9522,0.1429,0.1429
7.9694,pi,6.2800,5.9681,0.1427,0.1427
7.9744,pi,6.2800,6.0082,0.1420,0.1420
7.9794,pi,6.2800,5.9947,0.1423,0.1423
7.9844,pi,6.2800,5.9838,0.1426,0.1426
7.9895,pi,6.2800,5.9930,0.1425,0.1425
7.9944,pi,6.2800,6.0004,0.1424,0.1424
7.9994,pi,6.2800,5.9561,0.1434,0.1434
8.0044,pi,6.2800,5.9710,0.1431,0.1431
8.0094,pi,6.2800,5.9830,0.1430,0.1430
8.0144,pi,6.2800,5.9424,0.1439,0.1439
8.0195,pi,6.2800,5.9592,0.1436,0.1436
8.0244,pi,6.2800,5.9234,0.1444,0.1444
8.0294,pi,6.2800,5.8944,0.1451,0.1451
8.0344,pi,6.2800,5.9217,0.1446,0.1446
8.0394,pi,6.2800,5.9253,0.1447,0.1447
8.0444,pi,6.2800,5.8838,0.1456,0.1456
8.0494,pi,6.2800,5.8953,0.1454,0.1454
8.0544,pi,6.2800,5.8723,0.1460,0.1460
8.0594,pi,6.2800,5.9042,0.1455,0.1455
8.0644,pi,6.2800,5.9115,0.1454,0.1454
8.0694,pi,6.2800,5.9173,0.1454,0.1454
8.0747,pi,6.2800,5.8898,0.1460,0.1460
8.0795,pi,6.2800,5.9181,0.1456,0.1456
8.0846,pi,6.2800,5.8902,0.1462,0.1462
8.0900,pi,6.2800,5.9181,0.1457,0.1457
8.0945,pi,6.2800,5.9404,0.1454,0.1454
8.0994,pi,6.2800,5.9405,0.1455,0.1455
8.1044,pi,6.2800,5.8952,0.1465,0.1465
8.1094,pi,6.2800,5.9044,0.1464,0.1464
8.1144,pi,6.2800,5.8660,0.1472,0.1472
8.1194,pi,6.2800,5.8811,0.1470,0.1470
8.1245,pi,6.2800,5.9109,0.1465,0.1465
8.1297,pi,6.2800,5.8827,0.1472,0.1472
8.1345,pi,6.2800,5.9121,0.1467,0.1467
8.1394,pi,6.2800,5.8855,0.1473,0.1473
8.1444,pi,6.2800,5.8968,0.1472,0.1472
8.1495,pi,6.2800,5.9237,0.1468,0.1468
8.1545,pi,6.2800,5.9450,0.1464,0.1464
8.1595,pi,6.2800,5.9617,0.1462,0.1462
8.1644,pi,6.2800,5.9755,0.1460,0.1460
8.1694,pi,6.2800,5.9362,0.1468,0.1468
8.1744,pi,6.2800,5.9367,0.1469,0.1469
8.1795,pi,6.2800,5.9378,0.1470,0.1470
8.1845,pi,6.2800,5.9400,0.1470,0.1470
8.1894,pi,6.2800,5.9405,0.1471,0.1471
8.1945,pi,6.2800,5.9085,0.1478,0.1478
8.1994,pi,6.2800,5.9149,0.1478,0.1478
8.2044,pi,6.2800,5.9202,0.1478,0.1478
8.2095,pi,6.2800,5.9240,0.1478,0.1478
8.2145,pi,6.2800,5.9447,0.1475,0.1475
8.2194,pi,6.2800,5.9618,0.1472,0.1472
8.2244,pi,6.2800,5.9756,0.1470,0.1470
8.2294,pi,6.2800,5.9686,0.1472,0.1472
8.2345,pi,6.2800,5.9630,0.1474,0.1474
8.2395,pi,6.2800,5.9264,0.1482,0.1482
8.2444,pi,6.2800,5.9474,0.1479,0.1479
8.2494,pi,6.2800,5.9139,0.1486,0.1486
8.2545,pi,6.2800,5.8869,0.1493,0.1493
8.2594,pi,6.2800,5.9159,0.1488,0.1488
8.2644,pi,6.2800,5.9208,0.1488,0.1488
8.2695,pi,6.2800,5.9426,0.1484,0.1484
8.2744,pi,6.2800,5.9421,0.1485,0.1485
8.2795,pi,6.2800,5.9600,0.1483,0.1483
8.2844,pi,6.2800,5.9741,0.1481,0.1481
8.2894,pi,6.2800,5.9674,0.1483,0.1483
8.2944,pi,6.2800,6.0079,0.1475,0.1475
8.2995,pi,6.2800,6.0125,0.1475,0.1475
8.3044,pi,6.2800,6.0438,0.1470,0.1470
8.3094,pi,6.2800,6.0689,0.1465,0.1465
8.3145,pi,6.2800,6.0432,0.1471,0.1471
8.3195,pi,6.2800,6.0226,0.1476,0.1476
8.3244,pi,6.2800,6.0065,0.1479,0.1479
8.3294,pi,6.2800,5.9935,0.1483,0.1483
8.3344,pi,6.2800,5.9373,0.1495,0.1495
8.3394,pi,6.2800,5.8926,0.1504,0.1504
8.3444,pi,6.2800,5.9024,0.1503,0.1503
8.3494,pi,6.2800,5.8646,0.1512,0.1512
8.3545,pi,6.2800,5.8347,0.1519,0.1519
8.3594,pi,6.2800,5.7644,0.1534,0.1534
8.3644,pi,6.2800,5.7543,0.1537,0.1537
8.3694,pi,6.2800,5.7461,0.1540,0.1540
8.3744,pi,6.2800,5.7396,0.1543,0.1543
8.3794,pi,6.2800,5.7344,0.1545,0.1545
8.3845,pi,6.2800,5.7434,0.1545,0.1545
8.3895,pi,6.2800,5.7508,0.1545,0.1545
8.3944,pi,6.2800,5.7566,0.1545,0.1545
8.3994,pi,6.2800,5.7613,0.1545,0.1545
8.4045,pi,6.2800,5.8153,0.1536,0.1536
8.4094,pi,6.2800,5.8585,0.1528,0.1528
8.4144,pi,6.2800,5.8424,0.1533,0.1533
8.4194,pi,6.2800,5.8800,0.1526,0.1526
8.4246,pi,6.2800,5.9098,0.1521,0.1521
8.4294,pi,6.2800,5.9333,0.1518,0.1518
8.4344,pi,6.2800,5.9343,0.1518,0.1518
8.4394,pi,6.2800,5.9358,0.1519,0.1519
8.4444,pi,6.2800,5.9369,0.1519,0.1519
8.4494,pi,6.2800,5.9378,0.1520,0.1520
8.4544,pi,6.2800,5.9384,0.1521,0.1521
8.4594,pi,6.2800,5.8930,0.1531,0.1531
8.4644,pi,6.2800,5.9028,0.1530,0.1530
8.4694,pi,6.2800,5.9107,0.1529,0.1529
8.4744,pi,6.2800,5.8711,0.1538,0.1538
8.4794,pi,6.2800,5.8857,0.1536,0.1536
8.4844,pi,6.2800,5.8516,0.1544,0.1544
8.4894,pi,6.2800,5.8238,0.1551,0.1551
8.4944,pi,6.2800,5.8472,0.1547,0.1547
8.4995,pi,6.2800,5.8337,0.1551,0.1551
8.5045,pi,6.2800,5.8726,0.1544,0.1544
8.5094,pi,6.2800,5.8860,0.1542,0.1542
8.5144,pi,6.2800,5.8649,0.1548,0.1548
8.5194,pi,6.2800,5.8799,0.1546,0.1546
8.5248,pi,6.2800,5.9098,0.1541,0.1541
8.5305,pi,6.2800,5.8814,0.1547,0.1547
8.5353,pi,6.2800,5.9099,0.1543,0.1543
8.5398,pi,6.2800,5.9325,0.1539,0.1539
8.5455,pi,6.2800,5.9503,0.1536,0.1536
8.5501,pi,6.2800,5.9655,0.1534,0.1534
8.5546,pi,6.2800,5.9600,0.1536,0.1536
8.5595,pi,6.2800,5.9737,0.1534,0.1534
8.5645,pi,6.2800,5.9848,0.1533,0.1533
8.5695,pi,6.2800,5.9933,0.1532,0.1532
8.5745,pi,6.2800,5.9823,0.1535,0.1535
8.5795,pi,6.2800,5.9743,0.1537,0.1537
8.5845,pi,6.2800,5.9691,0.1539,0.1539
8.5896,pi,6.2800,5.9183,0.1550,0.1550
8.5945,pi,6.2800,5.9241,0.1549,0.1549
8.5995,pi,6.2800,5.8828,0.1559,0.1559
8.6045,pi,6.2800,5.8494,0.1566,0.1566
8.6095,pi,6.2800,5.8677,0.1564,0.1564
8.6153,pi,6.2800,5.8486,0.1568,0.1568
8.6212,pi,6.2800,5.7956,0.1580,0.1580
8.6261,pi,6.2800,5.7543,0.1590,0.1590
8.6306,pi,6.2800,5.7583,0.1590,0.1590
8.6352,pi,6.2800,5.7620,0.1591,0.1591
8.6397,pi,6.2800,5.8154,0.1581,0.1581
8.6446,pi,6.2800,5.8082,0.1584,0.1584
8.6496,pi,6.2800,5.8023,0.1586,0.1586
8.6548,pi,6.2800,5.7975,0.1588,0.1588
8.6597,pi,6.2800,5.7940,0.1590,0.1590
8.6648,pi,6.2800,5.7769,0.1595,0.1595
8.6697,pi,6.2800,5.7637,0.1599,0.1599
8.6747,pi,6.2800,5.8158,0.1590,0.1590
8.6794,pi,6.2800,5.8408,0.1586,0.1586
8.6844,pi,6.2800,5.8165,0.1592,0.1592
8.6894,pi,6.2800,5.7966,0.1597,0.1597
8.6944,pi,6.2800,5.7805,0.1601,0.1601
8.6994,pi,6.2800,5.7674,0.1605,0.1605
8.7044,pi,6.2800,5.8029,0.1599,0.1599
8.7094,pi,6.2800,5.8310,0.1595,0.1595
8.7144,pi,6.2800,5.8075,0.1601,0.1601
8.7194,pi,6.2800,5.8350,0.1597,0.1597
8.7244,pi,6.2800,5.8578,0.1593,0.1593
8.7294,pi,6.2800,5.8765,0.1590,0.1590
8.7344,pi,6.2800,5.9075,0.1585,0.1585
8.7394,pi,6.2800,5.9323,0.1581,0.1581
8.7444,pi,6.2800,5.9340,0.1582,0.1582
8.7494,pi,6.2800,5.9032,0.1589,0.1589
8.7544,pi,6.2800,5.8653,0.1597,0.1597
8.7595,pi,6.2800,5.7970,0.1612,0.1612
8.7644,pi,6.2800,5.7802,0.1617,0.1617
8.7694,pi,6.2800,5.7667,0.1620,0.1620
8.7744,pi,6.2800,5.7103,0.1633,0.1633
8.7795,pi,6.2800,5.6650,0.1643,0.1643
8.7845,pi,6.2800,5.5875,0.1661,0.1661
8.7894,pi,6.2800,5.5667,0.1666,0.1666
8.7944,pi,6.2800,5.5592,0.1670,0.1670
8.7994,pi,6.2800,5.5440,0.1675,0.1675
8.8044,pi,6.2800,5.5912,0.1667,0.1667
8.8094,pi,6.2800,5.6151,0.1664,0.1664
8.8144,pi,6.2800,5.6481,0.1659,0.1659
8.8194,pi,6.2800,5.6745,0.1655,0.1655
8.8245,pi,6.2800,5.7453,0.1643,0.1643
8.8294,pi,6.2800,5.8518,0.1623,0.1623
8.8345,pi,6.2800,5.9152,0.1611,0.1611
8.8395,pi,6.2800,5.9884,0.1597,0.1597
8.8445,pi,6.2800,6.0469,0.1586,0.1586
8.8500,pi,6.2800,6.1439,0.1568,0.1568
8.8547,pi,6.2800,6.1709,0.1562,0.1562
8.8595,pi,6.2800,6.1930,0.1558,0.1558
8.8644,pi,6.2800,6.2109,0.1555,0.1555
8.8694,pi,6.2800,6.2026,0.1557,0.1557
8.8745,pi,6.2800,6.2416,0.1549,0.1549
8.8795,pi,6.2800,6.1993,0.1558,0.1558
8.8844,pi,6.2800,6.1656,0.1565,0.1565
8.8894,pi,6.2800,6.1661,0.1565,0.1565
8.8945,pi,6.2800,6.1392,0.1571,0.1571
8.8994,pi,6.2800,6.1452,0.1570,0.1570
8.9045,pi,6.2800,6.1053,0.1578,0.1578
8.9094,pi,6.2800,6.0725,0.1585,0.1585
8.9144,pi,6.2800,6.0921,0.1582,0.1582
8.9195,pi,6.2800,6.0798,0.1585,0.1585
8.9244,pi,6.2800,6.0701,0.1587,0.1587
8.9294,pi,6.2800,6.0442,0.1593,0.1593
8.9346,pi,6.2800,6.0416,0.1594,0.1594
8.9395,pi,6.2800,6.0396,0.1595,0.1595
8.9447,pi,6.2800,6.0356,0.1596,0.1596
8.9494,pi,6.2800,6.0348,0.1597,0.1597
8.9545,pi,6.2800,6.0341,0.1598,0.1598
8.9594,pi,6.2800,6.0609,0.1593,0.1593
8.9645,pi,6.2800,6.0551,0.1595,0.1595
8.9695,pi,6.2800,6.1004,0.1586,0.1586
8.9745,pi,6.2800,6.0864,0.1589,0.1589
8.9794,pi,6.2800,6.1256,0.1582,0.1582
8.9844,pi,6.2800,6.1799,0.1572,0.1572
8.9895,pi,6.2800,6.2237,0.1563,0.1563
8.9945,pi,6.2800,6.2587,0.1556,0.1556
8.9994,pi,6.2800,6.3346,0.1541,0.1541
9.0045,pi,6.2800,6.3932,0.1529,0.1529
9.0095,pi,6.2800,6.4396,0.1520,0.1520
9.0144,pi,6.2800,6.4770,0.1512,0.1512
9.0194,pi,6.2800,6.5526,0.1496,0.1496
9.0244,pi,6.2800,6.6135,0.1483,0.1483
9.0294,pi,6.2800,6.6622,0.1473,0.1473
9.0345,pi,6.2800,6.7008,0.1464,0.1464
9.0394,pi,6.2800,6.7315,0.1457,0.1457
9.0444,pi,6.2800,6.7925,0.1444,0.1444
9.0494,pi,6.2800,6.8047,0.1440,0.1440
9.0544,pi,6.2800,6.8151,0.1436,0.1436
9.0594,pi,6.2800,6.8229,0.1434,0.1434
9.0644,pi,6.2800,6.8751,0.1422,0.1422
9.0695,pi,6.2800,6.8573,0.1424,0.1424
9.0744,pi,6.2800,6.8429,0.1425,0.1425
9.0795,pi,6.2800,6.8810,0.1416,0.1416
9.0844,pi,6.2800,6.8620,0.1418,0.1418
9.0894,pi,6.2800,6.8605,0.1417,0.1417
9.0945,pi,6.2800,6.7939,0.1429,0.1429
9.0994,pi,6.2800,6.7922,0.1428,0.1428
9.1044,pi,6.2800,6.8048,0.1424,0.1424
9.1095,pi,6.2800,6.7999,0.1424,0.1424
9.1144,pi,6.2800,6.7471,0.1433,0.1433
9.1194,pi,6.2800,6.7230,0.1437,0.1437
9.1245,pi,6.2800,6.6849,0.1444,0.1444
9.1295,pi,6.2800,6.6546,0.1449,0.1449
9.1346,pi,6.2800,6.6805,0.1442,0.1442
9.1395,pi,6.2800,6.7008,0.1437,0.1437
9.1444,pi,6.2800,6.6858,0.1439,0.1439
9.1494,pi,6.2800,6.7205,0.1431,0.1431
9.1545,pi,6.2800,6.6833,0.1438,0.1438
9.1594,pi,6.2800,6.6716,0.1439,0.1439
9.1645,pi,6.2800,6.6441,0.1444,0.1444
9.1694,pi,6.2800,6.6222,0.1447,0.1447
9.1744,pi,6.2800,6.6228,0.1446,0.1446
9.1795,pi,6.2800,6.6047,0.1449,0.1449
9.1844,pi,6.2800,6.6097,0.1447,0.1447
9.1894,pi,6.2800,6.6132,0.1446,0.1446
9.1944,pi,6.2800,6.5707,0.1453,0.1453
9.1995,pi,6.2800,6.5634,0.1454,0.1454
9.2044,pi,6.2800,6.5760,0.1451,0.1451
9.2095,pi,6.2800,6.5676,0.1452,0.1452
9.2144,pi,6.2800,6.5792,0.1449,0.1449
9.2195,pi,6.2800,6.6344,0.1437,0.1437
9.2245,pi,6.2800,6.6142,0.1440,0.1440
9.2294,pi,6.2800,6.6166,0.1439,0.1439
9.2345,pi,6.2800,6.6197,0.1437,0.1437
9.2395,pi,6.2800,6.6024,0.1440,0.1440
9.2446,pi,6.2800,6.6386,0.1432,0.1432
9.2502,pi,6.2800,6.6172,0.1435,0.1435
9.2551,pi,6.2800,6.6005,0.1438,0.1438
9.2597,pi,6.2800,6.6376,0.1429,0.1429
9.2644,pi,6.2800,6.6169,0.1433,0.1433
9.2694,pi,6.2800,6.6189,0.1431,0.1431
9.2747,pi,6.2800,6.6019,0.1434,0.1434
9.2799,pi,6.2800,6.5881,0.1436,0.1436
9.2849,pi,6.2800,6.6274,0.1427,0.1427
9.2895,pi,6.2800,6.6588,0.1420,0.1420
9.2945,pi,6.2800,6.6521,0.1421,0.1421
9.2994,pi,6.2800,6.6473,0.1421,0.1421
9.3044,pi,6.2800,6.6894,0.1411,0.1411
9.3095,pi,6.2800,6.6580,0.1417,0.1417
9.3144,pi,6.2800,6.6833,0.1410,0.1410
9.3196,pi,6.2800,6.6522,0.1416,0.1416
9.3247,pi,6.2800,6.6784,0.1410,0.1410
9.3297,pi,6.2800,6.6994,0.1404,0.1404
9.3347,pi,6.2800,6.6659,0.1410,0.1410
9.3397,pi,6.2800,6.6393,0.1414,0.1414
9.3444,pi,6.2800,6.5912,0.1423,0.1423
9.3494,pi,6.2800,6.5985,0.1421,0.1421
9.3545,pi,6.2800,6.5354,0.1433,0.1433
9.3594,pi,6.2800,6.5076,0.1438,0.1438
9.3645,pi,6.2800,6.5125,0.1436,0.1436
9.3694,pi,6.2800,6.4898,0.1440,0.1440
9.3745,pi,6.2800,6.5175,0.1434,0.1434
9.3794,pi,6.2800,6.5395,0.1429,0.1429
9.3845,pi,6.2800,6.5117,0.1434,0.1434
9.3894,pi,6.2800,6.5352,0.1429,0.1429
9.3945,pi,6.2800,6.5080,0.1433,0.1433
9.3995,pi,6.2800,6.5132,0.1432,0.1432
9.4044,pi,6.2800,6.5359,0.1427,0.1427
9.4095,pi,6.2800,6.5355,0.1426,0.1426
9.4144,pi,6.2800,6.5535,0.1422,0.1422
9.4194,pi,6.2800,6.5688,0.1418,0.1418
9.4245,pi,6.2800,6.5801,0.1415,0.1415
9.4294,pi,6.2800,6.5898,0.1412,0.1412
9.4345,pi,6.2800,6.6285,0.1404,0.1404
9.4395,pi,6.2800,6.6094,0.1407,0.1407
9.4444,pi,6.2800,6.6126,0.1405,0.1405
9.4495,pi,6.2800,6.5958,0.1408,0.1408
9.4544,pi,6.2800,6.5836,0.1410,0.1410
9.4594,pi,6.2800,6.5919,0.1407,0.1407
9.4644,pi,6.2800,6.5987,0.1405,0.1405
9.4694,pi,6.2800,6.6043,0.1403,0.1403
9.4745,pi,6.2800,6.5903,0.1405,0.1405
9.4795,pi,6.2800,6.5788,0.1407,0.1407
9.4846,pi,6.2800,6.5420,0.1413,0.1413
9.4898,pi,6.2800,6.5403,0.1413,0.1413
9.4945,pi,6.2800,6.5391,0.1412,0.1412
9.4994,pi,6.2800,6.5109,0.1417,0.1417
9.5044,pi,6.2800,6.5352,0.1412,0.1412
9.5094,pi,6.2800,6.5534,0.1408,0.1408
9.5146,pi,6.2800,6.5495,0.1408,0.1408
9.5195,pi,6.2800,6.5463,0.1408,0.1408
9.5245,pi,6.2800,6.5437,0.1408,0.1408
9.5294,pi,6.2800,6.5601,0.1404,0.1404
9.5344,pi,6.2800,6.5279,0.1409,0.1409
9.5395,pi,6.2800,6.5480,0.1405,0.1405
9.5444,pi,6.2800,6.5640,0.1401,0.1401
9.5494,pi,6.2800,6.5309,0.1407,0.1407
9.5545,pi,6.2800,6.5304,0.1406,0.1406
9.5595,pi,6.2800,6.4810,0.1416,0.1416
9.5644,pi,6.2800,6.4641,0.1418,0.1418
9.5694,pi,6.2800,6.4510,0.1421,0.1421
9.5745,pi,6.2800,6.4403,0.1422,0.1422
9.5795,pi,6.2800,6.4777,0.1414,0.1414
9.5844,pi,6.2800,6.4617,0.1417,0.1417
9.5895,pi,6.2800,6.4947,0.1410,0.1410
9.5944,pi,6.2800,6.4752,0.1414,0.1414
9.5994,pi,6.2800,6.4869,0.1411,0.1411
9.6044,pi,6.2800,6.5150,0.1405,0.1405
9.6094,pi,6.2800,6.4926,0.1408,0.1408
9.6144,pi,6.2800,6.5195,0.1403,0.1403
9.6194,pi,6.2800,6.4954,0.1407,0.1407
9.6244,pi,6.2800,6.5217,0.1401,0.1401
9.6294,pi,6.2800,6.4971,0.1405,0.1405
9.6344,pi,6.2800,6.4774,0.1409,0.1409
9.6395,pi,6.2800,6.4382,0.1416,0.1416
9.6444,pi,6.2800,6.4301,0.1417,0.1417
9.6494,pi,6.2800,6.4695,0.1409,0.1409
9.6544,pi,6.2800,6.4322,0.1416,0.1416
9.6594,pi,6.2800,6.4526,0.1411,0.1411
9.6645,pi,6.2800,6.4184,0.1418,0.1418
9.6695,pi,6.2800,6.4411,0.1413,0.1413
9.6747,pi,6.2800,6.4080,0.1419,0.1419
9.6802,pi,6.2800,6.4317,0.1414,0.1414
9.6852,pi,6.2800,6.4508,0.1410,0.1410
9.6902,pi,6.2800,6.4654,0.1407,0.1407
9.6946,pi,6.2800,6.4782,0.1404,0.1404
9.6996,pi,6.2800,6.4884,0.1401,0.1401
9.7047,pi,6.2800,6.4968,0.1399,0.1399
9.7098,pi,6.2800,6.5027,0.1397,0.1397
9.7148,pi,6.2800,6.5069,0.1396,0.1396
9.7198,pi,6.2800,6.5118,0.1394,0.1394
9.7248,pi,6.2800,6.5162,0.1393,0.1393
9.7298,pi,6.2800,6.5384,0.1388,0.1388
9.7351,pi,6.2800,6.5368,0.1387,0.1387
9.7398,pi,6.2800,6.5098,0.1392,0.1392
9.7444,pi,6.2800,6.5352,0.1386,0.1386
9.7494,pi,6.2800,6.5085,0.1391,0.1391
9.7544,pi,6.2800,6.4872,0.1395,0.1395
9.7595,pi,6.2800,6.4695,0.1398,0.1398
9.7645,pi,6.2800,6.4558,0.1400,0.1400
9.7704,pi,6.2800,6.4912,0.1393,0.1393
9.7758,pi,6.2800,6.4989,0.1391,0.1391
9.7797,pi,6.2800,6.4799,0.1394,0.1394
9.7844,pi,6.2800,6.4640,0.1397,0.1397
9.7894,pi,6.2800,6.4527,0.1398,0.1398
9.7945,pi,6.2800,6.4421,0.1400,0.1400
9.7995,pi,6.2800,6.4603,0.1396,0.1396
9.8048,pi,6.2800,6.4748,0.1393,0.1393
9.8096,pi,6.2800,6.4866,0.1390,0.1390
9.8144,pi,6.2800,6.4686,0.1393,0.1393
9.8194,pi,6.2800,6.4549,0.1395,0.1395
9.8245,pi,6.2800,6.4443,0.1397,0.1397
9.8295,pi,6.2800,6.4623,0.1393,0.1393
9.8344,pi,6.2800,6.4951,0.1386,0.1386
9.8394,pi,6.2800,6.5027,0.1384,0.1384
9.8445,pi,6.2800,6.5090,0.1382,0.1382
9.8494,pi,6.2800,6.5323,0.1377,0.1377
9.8544,pi,6.2800,6.5057,0.1381,0.1381
9.8594,pi,6.2800,6.4841,0.1385,0.1385
9.8645,pi,6.2800,6.4670,0.1388,0.1388
9.8696,pi,6.2800,6.4803,0.1385,0.1385
9.8745,pi,6.2800,6.4404,0.1392,0.1392
9.8794,pi,6.2800,6.4316,0.1394,0.1394
9.8844,pi,6.2800,6.4248,0.1395,0.1395
9.8896,pi,6.2800,6.3962,0.1400,0.1400
9.8945,pi,6.2800,6.4233,0.1394,0.1394
9.8994,pi,6.2800,6.3950,0.1400,0.1400
9.9044,pi,6.2800,6.3957,0.1399,0.1399
9.9096,pi,6.2800,6.4234,0.1393,0.1393
9.9144,pi,6.2800,6.4454,0.1389,0.1389
9.9194,pi,6.2800,6.4814,0.1381,0.1381
9.9245,pi,6.2800,6.4646,0.1384,0.1384
9.9295,pi,6.2800,6.4785,0.1381,0.1381
9.9344,pi,6.2800,6.4895,0.1378,0.1378
9.9394,pi,6.2800,6.5166,0.1372,0.1372
9.9445,pi,6.2800,6.4930,0.1376,0.1376
9.9494,pi,6.2800,6.4742,0.1379,0.1379
9.9545,pi,6.2800,6.4360,0.1387,0.1387
9.9595,pi,6.2800,6.4052,0.1392,0.1392
9.9644,pi,6.2800,6.4037,0.1392,0.1392
9.9695,pi,6.2800,6.3795,0.1397,0.1397
9.9744,pi,6.2800,6.3601,0.1400,0.1400
9.9795,pi,6.2800,6.3447,0.1403,0.1403
9.9844,pi,6.2800,6.3552,0.1401,0.1401
9.9894,pi,6.2800,6.3638,0.1399,0.1399
9.9945,pi,6.2800,6.3979,0.1392,0.1392
9.9994,pi,6.2800,6.4434,0.1383,0.1383
10.0044,pi,6.2800,6.4347,0.1384,0.1384
10.0095,pi,6.2800,6.4035,0.1390,0.1390
10.0144,pi,6.2800,6.4025,0.1390,0.1390
10.0195,pi,6.2800,6.3557,0.1399,0.1399
10.0244,pi,6.2800,6.3642,0.1397,0.1397
10.0295,pi,6.2800,6.3479,0.1400,0.1400
10.0345,pi,6.2800,6.3349,0.1402,0.1402
10.0394,pi,6.2800,6.3747,0.1394,0.1394
10.0445,pi,6.2800,6.3560,0.1398,0.1398
10.0495,pi,6.2800,6.3414,0.1401,0.1401
10.0544,pi,6.2800,6.3798,0.1393,0.1393
10.0594,pi,6.2800,6.3829,0.1392,0.1392
10.0645,pi,6.2800,6.4131,0.1386,0.1386
10.0695,pi,6.2800,6.4372,0.1380,0.1380
10.0744,pi,6.2800,6.4565,0.1376,0.1376
10.0795,pi,6.2800,6.4721,0.1373,0.1373
10.0844,pi,6.2800,6.5029,0.1366,0.1366
10.0895,pi,6.2800,6.5277,0.1360,0.1360
10.0944,pi,6.2800,6.5017,0.1365,0.1365
10.0995,pi,6.2800,6.4578,0.1373,0.1373
10.1044,pi,6.2800,6.4460,0.1375,0.1375
10.1094,pi,6.2800,6.4361,0.1377,0.1377
10.1145,pi,6.2800,6.4054,0.1382,0.1382
10.1194,pi,6.2800,6.4039,0.1382,0.1382
10.1245,pi,6.2800,6.3797,0.1387,0.1387
10.1294,pi,6.2800,6.3833,0.1386,0.1386
10.1345,pi,6.2800,6.3626,0.1390,0.1390
10.1397,pi,6.2800,6.3462,0.1393,0.1393
10.1446,pi,6.2800,6.3833,0.1385,0.1385
10.1494,pi,6.2800,6.3861,0.1385,0.1385
10.1544,pi,6.2800,6.4344,0.1375,0.1375
10.1594,pi,6.2800,6.4268,0.1376,0.1376
10.1645,pi,6.2800,6.4209,0.1377,0.1377
10.1695,pi,6.2800,6.3933,0.1382,0.1382
10.1744,pi,6.2800,6.4215,0.1376,0.1376
10.1795,pi,6.2800,6.3938,0.1381,0.1381
10.1844,pi,6.2800,6.3943,0.1381,0.1381
10.1894,pi,6.2800,6.3954,0.1380,0.1380
10.1945,pi,6.2800,6.3962,0.1380,0.1380
10.1994,pi,6.2800,6.3969,0.1379,0.1379
10.2045,pi,6.2800,6.3740,0.1384,0.1384
10.2095,pi,6.2800,6.3554,0.1387,0.1387
10.2145,pi,6.2800,6.3408,0.1390,0.1390
10.2194,pi,6.2800,6.3795,0.1382,0.1382
10.2244,pi,6.2800,6.3830,0.1381,0.1381
10.2295,pi,6.2800,6.3861,0.1380,0.1380
10.2344,pi,6.2800,6.4341,0.1370,0.1370
10.2395,pi,6.2800,6.4269,0.1371,0.1371
10.2446,pi,6.2800,6.3968,0.1377,0.1377
10.2495,pi,6.2800,6.3741,0.1381,0.1381
10.2544,pi,6.2800,6.3790,0.1380,0.1380
10.2594,pi,6.2800,6.3828,0.1379,0.1379
10.2645,pi,6.2800,6.4124,0.1373,0.1373
10.2695,pi,6.2800,6.4364,0.1368,0.1368
10.2745,pi,6.2800,6.4554,0.1363,0.1363
10.2794,pi,6.2800,6.4710,0.1360,0.1360
10.2845,pi,6.2800,6.4334,0.1367,0.1367
10.2894,pi,6.2800,6.4536,0.1362,0.1362
10.2944,pi,6.2800,6.4423,0.1364,0.1364
10.2994,pi,6.2800,6.4801,0.1356,0.1356
10.3045,pi,6.2800,6.4407,0.1364,0.1364
10.3094,pi,6.2800,6.4591,0.1360,0.1360
10.3144,pi,6.2800,6.4465,0.1362,0.1362
10.3196,pi,6.2800,6.4137,0.1368,0.1368
10.3245,pi,6.2800,6.3646,0.1377,0.1377
10.3294,pi,6.2800,6.3719,0.1376,0.1376
10.3344,pi,6.2800,6.3314,0.1384,0.1384
10.3395,pi,6.2800,6.3447,0.1381,0.1381
10.3445,pi,6.2800,6.3827,0.1373,0.1373
10.3494,pi,6.2800,6.3859,0.1372,0.1372
10.3545,pi,6.2800,6.3429,0.1380,0.1380
10.3594,pi,6.2800,6.3539,0.1378,0.1378
10.3644,pi,6.2800,6.3632,0.1376,0.1376
10.3694,pi,6.2800,6.3704,0.1374,0.1374
10.3744,pi,6.2800,6.3765,0.1373,0.1373
10.3794,pi,6.2800,6.3812,0.1372,0.1372
10.3844,pi,6.2800,6.3846,0.1371,0.1371
10.3894,pi,6.2800,6.3875,0.1370,0.1370
10.3944,pi,6.2800,6.3897,0.1369,0.1369
10.3994,pi,6.2800,6.3459,0.1378,0.1378
10.4044,pi,6.2800,6.3565,0.1375,0.1375
10.4094,pi,6.2800,6.3646,0.1374,0.1374
10.4145,pi,6.2800,6.3483,0.1377,0.1377
10.4194,pi,6.2800,6.3352,0.1379,0.1379
10.4244,pi,6.2800,6.3477,0.1377,0.1377
10.4294,pi,6.2800,6.3119,0.1384,0.1384
10.4344,pi,6.2800,6.3292,0.1380,0.1380
10.4395,pi,6.2800,6.3700,0.1372,0.1372
10.4444,pi,6.2800,6.3527,0.1375,0.1375
10.4494,pi,6.2800,6.3386,0.1378,0.1378
10.4544,pi,6.2800,6.3506,0.1375,0.1375
10.4594,pi,6.2800,6.3599,0.1373,0.1373
10.4644,pi,6.2800,6.3445,0.1376,0.1376
10.4694,pi,6.2800,6.3551,0.1374,0.1374
10.4745,pi,6.2800,6.3406,0.1376,0.1376
10.4794,pi,6.2800,6.3793,0.1368,0.1368
10.4844,pi,6.2800,6.3600,0.1372,0.1372
10.4894,pi,6.2800,6.3675,0.1370,0.1370
10.4945,pi,6.2800,6.3281,0.1378,0.1378
10.4994,pi,6.2800,6.3420,0.1375,0.1375
10.5044,pi,6.2800,6.3302,0.1377,0.1377
10.5094,pi,6.2800,6.3207,0.1379,0.1379
10.5144,pi,6.2800,6.3635,0.1370,0.1370
10.5194,pi,6.2800,6.3703,0.1369,0.1369
10.5244,pi,6.2800,6.3299,0.1377,0.1377
10.5295,pi,6.2800,6.3205,0.1378,0.1378
10.5344,pi,6.2800,6.3359,0.1375,0.1375
10.5394,pi,6.2800,6.3252,0.1377,0.1377
10.5445,pi,6.2800,6.3670,0.1369,0.1369
10.5495,pi,6.2800,6.4004,0.1362,0.1362
10.5544,pi,6.2800,6.4270,0.1356,0.1356
10.5595,pi,6.2800,6.3979,0.1362,0.1362
10.5645,pi,6.2800,6.3750,0.1366,0.1366
10.5695,pi,6.2800,6.4063,0.1359,0.1359
10.5744,pi,6.2800,6.4316,0.1354,0.1354
10.5795,pi,6.2800,6.4014,0.1360,0.1360
10.5845,pi,6.2800,6.3774,0.1364,0.1364
10.5895,pi,6.2800,6.4086,0.1358,0.1358
10.5944,pi,6.2800,6.3831,0.1363,0.1363
10.5995,pi,6.2800,6.3627,0.1366,0.1366
10.6045,pi,6.2800,6.3467,0.1369,0.1369
10.6094,pi,6.2800,6.3842,0.1362,0.1362
10.6144,pi,6.2800,6.3636,0.1366,0.1366
10.6194,pi,6.2800,6.3700,0.1364,0.1364
10.6244,pi,6.2800,6.3757,0.1363,0.1363
10.6294,pi,6.2800,6.3801,0.1362,0.1362
10.6345,pi,6.2800,6.3606,0.1365,0.1365
10.6395,pi,6.2800,6.3450,0.1368,0.1368
10.6444,pi,6.2800,6.3324,0.1371,0.1371
10.6494,pi,6.2800,6.3226,0.1372,0.1372
10.6544,pi,6.2800,6.3147,0.1374,0.1374
10.6594,pi,6.2800,6.3312,0.1370,0.1370
10.6644,pi,6.2800,6.3444,0.1368,0.1368
10.6695,pi,6.2800,6.3320,0.1370,0.1370
10.6744,pi,6.2800,6.3451,0.1367,0.1367
10.6795,pi,6.2800,6.3100,0.1374,0.1374
10.6844,pi,6.2800,6.3277,0.1370,0.1370
10.6894,pi,6.2800,6.3420,0.1368,0.1368
10.6944,pi,6.2800,6.3534,0.1365,0.1365
10.6994,pi,6.2800,6.4085,0.1354,0.1354
10.7044,pi,6.2800,6.4069,0.1354,0.1354
10.7094,pi,6.2800,6.4050,0.1354,0.1354
10.7144,pi,6.2800,6.4037,0.1354,0.1354
10.7194,pi,6.2800,6.4027,0.1354,0.1354
10.7244,pi,6.2800,6.4021,0.1354,0.1354
10.7294,pi,6.2800,6.3556,0.1363,0.1363
10.7344,pi,6.2800,6.3642,0.1361,0.1361
10.7394,pi,6.2800,6.3709,0.1359,0.1359
10.7444,pi,6.2800,6.3765,0.1358,0.1358
10.7494,pi,6.2800,6.3075,0.1371,0.1371
10.7544,pi,6.2800,6.2800,0.1377,0.1377
10.7594,pi,6.2800,6.3033,0.1372,0.1372
10.7644,pi,6.2800,6.3223,0.1368,0.1368
10.7694,pi,6.2800,6.3374,0.1365,0.1365
10.7745,pi,6.2800,6.3256,0.1367,0.1367
10.7793,pi,6.2800,6.3399,0.1364,0.1364
10.7845,pi,6.2800,6.3284,0.1367,0.1367
10.7894,pi,6.2800,6.3192,0.1368,0.1368
10.7944,pi,6.2800,6.3118,0.1370,0.1370
10.7994,pi,6.2800,6.3289,0.1366,0.1366
10.8044,pi,6.2800,6.3198,0.1368,0.1368
10.8094,pi,6.2800,6.3117,0.1369,0.1369
10.8145,pi,6.2800,6.3056,0.1370,0.1370
10.8194,pi,6.2800,6.3008,0.1371,0.1371
10.8244,pi,6.2800,6.2740,0.1377,0.1377
10.8294,pi,6.2800,6.2755,0.1376,0.1376
10.8344,pi,6.2800,6.2767,0.1376,0.1376
10.8394,pi,6.2800,6.2777,0.1376,0.1376
10.8444,pi,6.2800,6.2782,0.1376,0.1376
10.8495,pi,6.2800,6.2787,0.1376,0.1376
10.8544,pi,6.2800,6.3294,0.1366,0.1366
10.8594,pi,6.2800,6.3424,0.1363,0.1363
10.8644,pi,6.2800,6.3537,0.1361,0.1361
10.8695,pi,6.2800,6.3394,0.1363,0.1363
10.8744,pi,6.2800,6.3509,0.1361,0.1361
10.8795,pi,6.2800,6.3372,0.1363,0.1363
10.8844,pi,6.2800,6.3492,0.1361,0.1361
10.8895,pi,6.2800,6.3589,0.1359,0.1359
10.8944,pi,6.2800,6.3666,0.1357,0.1357
10.8994,pi,6.2800,6.3730,0.1355,0.1355
10.9045,pi,6.2800,6.3781,0.1354,0.1354
10.9094,pi,6.2800,6.3360,0.1362,0.1362
10.9145,pi,6.2800,6.3253,0.1364,0.1364
10.9194,pi,6.2800,6.3168,0.1366,0.1366
10.9246,pi,6.2800,6.3098,0.1367,0.1367
10.9294,pi,6.2800,6.3273,0.1364,0.1364
10.9344,pi,6.2800,6.3413,0.1361,0.1361
10.9394,pi,6.2800,6.3526,0.1358,0.1358
10.9445,pi,6.2800,6.3615,0.1356,0.1356
10.9495,pi,6.2800,6.3961,0.1349,0.1349
10.9544,pi,6.2800,6.3966,0.1349,0.1349
10.9595,pi,6.2800,6.3731,0.1353,0.1353
10.9644,pi,6.2800,6.3551,0.1357,0.1357
10.9694,pi,6.2800,6.3636,0.1355,0.1355
10.9745,pi,6.2800,6.3705,0.1353,0.1353
10.9795,pi,6.2800,6.3530,0.1356,0.1356
10.9844,pi,6.2800,6.3162,0.1364,0.1364
10.9895,pi,6.2800,6.3095,0.1365,0.1365
10.9945,pi,6.2800,6.3041,0.1366,0.1366
10.9995,pi,6.2800,6.2999,0.1367,0.1367
11.0044,pi,6.2800,6.3467,0.1357,0.1357
11.0095,pi,6.2800,6.3566,0.1355,0.1355
11.0145,pi,6.2800,6.3921,0.1348,0.1348
11.0194,pi,6.2800,6.3703,0.1352,0.1352
11.0244,pi,6.2800,6.4031,0.1345,0.1345
11.0295,pi,6.2800,6.3791,0.1350,0.1350
11.0344,pi,6.2800,6.3829,0.1349,0.1349
11.0395,pi,6.2800,6.3858,0.1348,0.1348
11.0445,pi,6.2800,6.4156,0.1341,0.1341
11.0495,pi,6.2800,6.3889,0.1346,0.1346
11.0544,pi,6.2800,6.3909,0.1346,0.1346
11.0594,pi,6.2800,6.3462,0.1354,0.1354
11.0644,pi,6.2800,6.3566,0.1352,0.1352
11.0695,pi,6.2800,6.3192,0.1360,0.1360
11.0748,pi,6.2800,6.3119,0.1361,0.1361
11.0795,pi,6.2800,6.3059,0.1362,0.1362
11.0846,pi,6.2800,6.3009,0.1363,0.1363
11.0902,pi,6.2800,6.2969,0.1364,0.1364
11.0950,pi,6.2800,6.2937,0.1364,0.1364
11.0994,pi,6.2800,6.2688,0.1369,0.1369
11.1044,pi,6.2800,6.2949,0.1364,0.1364
11.1094,pi,6.2800,6.2698,0.1369,0.1369
11.1144,pi,6.2800,6.2955,0.1364,0.1364
11.1195,pi,6.2800,6.2703,0.1369,0.1369
11.1244,pi,6.2800,6.2959,0.1364,0.1364
11.1294,pi,6.2800,6.2706,0.1369,0.1369
11.1344,pi,6.2800,6.2965,0.1364,0.1364
11.1395,pi,6.2800,6.2709,0.1369,0.1369
11.1447,pi,6.2800,6.2730,0.1368,0.1368
11.1498,pi,6.2800,6.2746,0.1368,0.1368
11.1545,pi,6.2800,6.2239,0.1378,0.1378
11.1594,pi,6.2800,6.2354,0.1376,0.1376
11.1645,pi,6.2800,6.1946,0.1384,0.1384
11.1694,pi,6.2800,6.1894,0.1386,0.1386
11.1745,pi,6.2800,6.1576,0.1392,0.1392
11.1795,pi,6.2800,6.1322,0.1398,0.1398
11.1845,pi,6.2800,6.0615,0.1412,0.1412
11.1894,pi,6.2800,5.9913,0.1427,0.1427
11.1945,pi,6.2800,5.9814,0.1429,0.1429
11.1994,pi,6.2800,5.9283,0.1441,0.1441
11.2045,pi,6.2800,5.8859,0.1450,0.1450
11.2095,pi,6.2800,5.8142,0.1465,0.1465
11.2144,pi,6.2800,5.7570,0.1478,0.1478
11.2194,pi,6.2800,5.7112,0.1488,0.1488
11.2244,pi,6.2800,5.6656,0.1499,0.1499
11.2294,pi,6.2800,5.6295,0.1508,0.1508
11.2344,pi,6.2800,5.6004,0.1515,0.1515
11.2395,pi,6.2800,5.5861,0.1520,0.1520
11.2444,pi,6.2800,5.5244,0.1534,0.1534
11.2495,pi,6.2800,5.4751,0.1546,0.1546
11.2544,pi,6.2800,5.4769,0.1547,0.1547
11.2594,pi,6.2800,5.4781,0.1549,0.1549
11.2645,pi,6.2800,5.4793,0.1551,0.1551
11.2696,pi,6.2800,5.4388,0.1561,0.1561
11.2744,pi,6.2800,5.4478,0.1561,0.1561
11.2794,pi,6.2800,5.4640,0.1560,0.1560
11.2843,pi,6.2800,5.4678,0.1561,0.1561
11.2895,pi,6.2800,5.4710,0.1563,0.1563
11.2945,pi,6.2800,5.4826,0.1562,0.1562
11.2994,pi,6.2800,5.5421,0.1552,0.1552
11.3044,pi,6.2800,5.5395,0.1555,0.1555
11.3095,pi,6.2800,5.5373,0.1557,0.1557
11.3144,pi,6.2800,5.5357,0.1559,0.1559
11.3195,pi,6.2800,5.5708,0.1554,0.1554
11.3245,pi,6.2800,5.5624,0.1558,0.1558
11.3294,pi,6.2800,5.5556,0.1561,0.1561
11.3344,pi,6.2800,5.5502,0.1564,0.1564
11.3394,pi,6.2800,5.5367,0.1568,0.1568
11.3445,pi,6.2800,5.5259,0.1572,0.1572
11.3495,pi,6.2800,5.5175,0.1576,0.1576
11.3545,pi,6.2800,5.4654,0.1588,0.1588
11.3595,pi,6.2800,5.4231,0.1599,0.1599
11.3645,pi,6.2800,5.3895,0.1607,0.1607
11.3696,pi,6.2800,5.3161,0.1624,0.1624
11.3744,pi,6.2800,5.2583,0.1638,0.1638
11.3794,pi,6.2800,5.2121,0.1650,0.1650
11.3844,pi,6.2800,5.1750,0.1660,0.1660
11.3894,pi,6.2800,5.1453,0.1669,0.1669
11.3944,pi,6.2800,5.1215,0.1677,0.1677
11.3994,pi,6.2800,5.1027,0.1683,0.1683
11.4044,pi,6.2800,5.0877,0.1689,0.1689
11.4095,pi,6.2800,5.0753,0.1695,0.1695
11.4144,pi,6.2800,5.0656,0.1700,0.1700
11.4194,pi,6.2800,5.0578,0.1704,0.1704
11.4244,pi,6.2800,5.0522,0.1708,0.1708
11.4294,pi,6.2800,5.0473,0.1712,0.1712
11.4344,pi,6.2800,5.0431,0.1716,0.1716
11.4395,pi,6.2800,5.0397,0.1720,0.1720
11.4444,pi,6.2800,5.0371,0.1724,0.1724
11.4494,pi,6.2800,5.0349,0.1727,0.1727
11.4544,pi,6.2800,5.0334,0.1731,0.1731
11.4595,pi,6.2800,5.0319,0.1734,0.1734
11.4645,pi,6.2800,5.0308,0.1737,0.1737
11.4694,pi,6.2800,5.0756,0.1732,0.1732
11.4744,pi,6.2800,5.1160,0.1726,0.1726
11.4794,pi,6.2800,5.1484,0.1723,0.1723
11.4844,pi,6.2800,5.2245,0.1711,0.1711
11.4894,pi,6.2800,5.2763,0.1703,0.1703
11.4945,pi,6.2800,5.3267,0.1695,0.1695
11.4994,pi,6.2800,5.3669,0.1690,0.1690
11.5044,pi,6.2800,5.4491,0.1675,0.1675
11.5094,pi,6.2800,5.5016,0.1667,0.1667
11.5144,pi,6.2800,5.5894,0.1651,0.1651
11.5202,pi,6.2800,5.6272,0.1646,0.1646
11.5254,pi,6.2800,5.6574,0.1641,0.1641
11.5296,pi,6.2800,5.7319,0.1628,0.1628
11.5345,pi,6.2800,5.7412,0.1627,0.1627
11.5394,pi,6.2800,5.7809,0.1621,0.1621
11.5445,pi,6.2800,5.8129,0.1616,0.1616
11.5494,pi,6.2800,5.8387,0.1612,0.1612
11.5545,pi,6.2800,5.8597,0.1608,0.1608
11.5595,pi,6.2800,5.8942,0.1603,0.1603
11.5645,pi,6.2800,5.9036,0.1602,0.1602
11.5694,pi,6.2800,5.8651,0.1610,0.1610
11.5745,pi,6.2800,5.8807,0.1608,0.1608
11.5794,pi,6.2800,5.8929,0.1607,0.1607
11.5844,pi,6.2800,5.9027,0.1606,0.1606
11.5895,pi,6.2800,5.8782,0.1612,0.1612
11.5944,pi,6.2800,5.9089,0.1607,0.1607
11.5994,pi,6.2800,5.9151,0.1606,0.1606
11.6045,pi,6.2800,5.9205,0.1606,0.1606
11.6094,pi,6.2800,5.9701,0.1597,0.1597
11.6145,pi,6.2800,5.9824,0.1595,0.1595
11.6194,pi,6.2800,6.0197,0.1589,0.1589
11.6244,pi,6.2800,6.0497,0.1583,0.1583
11.6295,pi,6.2800,6.0278,0.1588,0.1588
11.6353,pi,6.2800,6.0283,0.1589,0.1589
11.6411,pi,6.2800,6.0279,0.1589,0.1589
11.6460,pi,6.2800,5.9279,0.1610,0.1610
11.6504,pi,6.2800,5.8978,0.1617,0.1617
11.6548,pi,6.2800,5.8241,0.1633,0.1633
11.6595,pi,6.2800,5.7147,0.1656,0.1656
11.6644,pi,6.2800,5.6271,0.1675,0.1675
11.6694,pi,6.2800,5.5071,0.1700,0.1700
11.6745,pi,6.2800,5.4108,0.1721,0.1721
11.6794,pi,6.2800,5.3339,0.1739,0.1739
11.6844,pi,6.2800,5.3181,0.1745,0.1745
11.6894,pi,6.2800,5.2602,0.1759,0.1759
11.6944,pi,6.2800,5.2144,0.1770,0.1770
11.6994,pi,6.2800,5.2231,0.1771,0.1771
11.7044,pi,6.2800,5.1846,0.1782,0.1782
11.7095,pi,6.2800,5.2029,0.1781,0.1781
11.7144,pi,6.2800,5.2132,0.1781,0.1781
11.7195,pi,6.2800,5.2259,0.1781,0.1781
11.7244,pi,6.2800,5.2774,0.1774,0.1774
11.7295,pi,6.2800,5.3270,0.1766,0.1766
11.7344,pi,6.2800,5.3580,0.1762,0.1762
11.7395,pi,6.2800,5.3418,0.1768,0.1768
11.7445,pi,6.2800,5.3287,0.1773,0.1773
11.7494,pi,6.2800,5.3687,0.1767,0.1767
11.7544,pi,6.2800,5.4007,0.1763,0.1763
11.7594,pi,6.2800,5.4629,0.1753,0.1753
11.7644,pi,6.2800,5.5133,0.1745,0.1745
11.7695,pi,6.2800,5.5532,0.1739,0.1739
11.7745,pi,6.2800,5.5482,0.1742,0.1742
11.7794,pi,6.2800,5.5809,0.1737,0.1737
11.7844,pi,6.2800,5.6083,0.1733,0.1733
11.7895,pi,6.2800,5.6427,0.1728,0.1728
11.7944,pi,6.2800,5.7022,0.1718,0.1718
11.7995,pi,6.2800,5.7501,0.1710,0.1710
11.8045,pi,6.2800,5.7562,0.1710,0.1710
11.8095,pi,6.2800,5.7105,0.1720,0.1720
11.8144,pi,6.2800,5.7244,0.1719,0.1719
11.8195,pi,6.2800,5.7356,0.1718,0.1718
11.8244,pi,6.2800,5.7766,0.1711,0.1711
11.8295,pi,6.2800,5.8095,0.1706,0.1706
11.8345,pi,6.2800,5.8036,0.1708,0.1708
11.8394,pi,6.2800,5.8309,0.1704,0.1704
11.8444,pi,6.2800,5.8530,0.1701,0.1701
11.8494,pi,6.2800,5.8887,0.1695,0.1695
11.8545,pi,6.2800,5.8993,0.1693,0.1693
11.8594,pi,6.2800,5.9532,0.1684,0.1684
11.8644,pi,6.2800,5.9964,0.1676,0.1676
11.8694,pi,6.2800,6.0310,0.1670,0.1670
11.8745,pi,6.2800,6.0311,0.1670,0.1670
11.8794,pi,6.2800,6.0814,0.1661,0.1661
11.8844,pi,6.2800,6.0988,0.1658,0.1658
11.8894,pi,6.2800,6.1588,0.1646,0.1646
11.8945,pi,6.2800,6.1610,0.1646,0.1646
11.8994,pi,6.2800,6.2083,0.1637,0.1637
11.9044,pi,6.2800,6.2464,0.1629,0.1629
11.9095,pi,6.2800,6.2765,0.1623,0.1623
11.9144,pi,6.2800,6.3006,0.1619,0.1619
11.9194,pi,6.2800,6.3202,0.1615,0.1615
11.9244,pi,6.2800,6.3356,0.1612,0.1612
11.9294,pi,6.2800,6.3481,0.1609,0.1609
11.9345,pi,6.2800,6.3350,0.1611,0.1611
11.9394,pi,6.2800,6.3244,0.1613,0.1613
11.9444,pi,6.2800,6.3664,0.1605,0.1605
11.9495,pi,6.2800,6.3496,0.1608,0.1608
11.9545,pi,6.2800,6.2860,0.1620,0.1620
11.9594,pi,6.2800,6.2854,0.1621,0.1621
11.9644,pi,6.2800,6.2346,0.1631,0.1631
11.9694,pi,6.2800,6.2442,0.1629,0.1629
11.9744,pi,6.2800,6.2290,0.1632,0.1632
11.9794,pi,6.2800,6.1895,0.1640,0.1640
11.9844,pi,6.2800,6.1396,0.1650,0.1650
11.9895,pi,6.2800,6.0676,0.1665,0.1665
11.9945,pi,6.2800,5.9598,0.1687,0.1687
11.9994,pi,6.2800,5.8735,0.1705,0.1705
12.0044,pi,6.2800,5.7959,0.1722,0.1722
12.0095,pi,6.2800,5.7425,0.1734,0.1734
12.0144,pi,6.2800,5.6993,0.1744,0.1744
12.0194,pi,6.2800,5.6152,0.1762,0.1762
12.0244,pi,6.2800,5.5472,0.1777,0.1777
12.0294,pi,6.2800,5.4933,0.1790,0.1790
12.0345,pi,6.2800,5.4485,0.1801,0.1801
12.0394,pi,6.2800,5.4103,0.1810,0.1810
12.0444,pi,6.2800,5.4250,0.1810,0.1810
12.0494,pi,6.2800,5.4368,0.1809,0.1809
12.0544,pi,6.2800,5.4465,0.1810,0.1810
12.0595,pi,6.2800,5.4125,0.1818,0.1818
12.0645,pi,6.2800,5.3807,0.1827,0.1827
12.0694,pi,6.2800,5.4017,0.1825,0.1825
12.0744,pi,6.2800,5.4181,0.1824,0.1824
12.0794,pi,6.2800,5.4316,0.1823,0.1823
12.0844,pi,6.2800,5.4424,0.1823,0.1823
12.0894,pi,6.2800,5.4519,0.1824,0.1824
12.0944,pi,6.2800,5.5041,0.1815,0.1815
12.0994,pi,6.2800,5.5002,0.1818,0.1818
12.1045,pi,6.2800,5.4971,0.1820,0.1820
12.1094,pi,6.2800,5.5400,0.1814,0.1814
12.1144,pi,6.2800,5.5747,0.1809,0.1809
12.1194,pi,6.2800,5.6025,0.1805,0.1805
12.1244,pi,6.2800,5.6245,0.1802,0.1802
12.1295,pi,6.2800,5.6556,0.1798,0.1798
12.1344,pi,6.2800,5.7308,0.1784,0.1784
12.1394,pi,6.2800,5.7726,0.1777,0.1777
12.1445,pi,6.2800,5.8240,0.1768,0.1768
12.1497,pi,6.2800,5.8653,0.1761,0.1761
12.1546,pi,6.2800,5.9485,0.1745,0.1745
12.1594,pi,6.2800,5.9648,0.1743,0.1743
12.1644,pi,6.2800,6.0282,0.1731,0.1731
12.1694,pi,6.2800,6.0563,0.1726,0.1726
12.1746,pi,6.2800,6.0506,0.1728,0.1728
12.1794,pi,6.2800,6.0467,0.1729,0.1729
12.1844,pi,6.2800,6.0256,0.1734,0.1734
12.1894,pi,6.2800,5.9629,0.1747,0.1747
12.1944,pi,6.2800,5.9128,0.1758,0.1758
12.1994,pi,6.2800,5.7816,0.1785,0.1785
12.2045,pi,6.2800,5.6763,0.1807,0.1807
12.2094,pi,6.2800,5.5465,0.1835,0.1835
12.2144,pi,6.2800,5.4429,0.1858,0.1858
12.2195,pi,6.2800,5.3092,0.1886,0.1886
12.2244,pi,6.2800,5.2067,0.1909,0.1909
12.2295,pi,6.2800,5.1254,0.1928,0.1928
12.2345,pi,6.2800,5.1054,0.1935,0.1935
12.2395,pi,6.2800,5.0894,0.1941,0.1941
12.2445,pi,6.2800,5.0765,0.1947,0.1947
12.2494,pi,6.2800,5.1668,0.1932,0.1932
12.2553,pi,6.2800,5.2895,0.1910,0.1910
12.2608,pi,6.2800,5.3870,0.1893,0.1893
12.2654,pi,6.2800,5.4652,0.1880,0.1880
12.2697,pi,6.2800,5.5784,0.1859,0.1859
12.2744,pi,6.2800,5.6963,0.1837,0.1837
12.2794,pi,6.2800,5.7909,0.1820,0.1820
12.2845,pi,6.2800,5.8391,0.1811,0.1811
12.2898,pi,6.2800,5.9278,0.1795,0.1795
12.2944,pi,6.2800,6.0489,0.1771,0.1771
12.2994,pi,6.2800,6.0954,0.1763,0.1763
12.3045,pi,6.2800,6.1100,0.1760,0.1760
12.3094,pi,6.2800,6.1224,0.1758,0.1758
12.3145,pi,6.2800,6.1538,0.1752,0.1752
12.3196,pi,6.2800,6.1793,0.1747,0.1747
12.3246,pi,6.2800,6.1489,0.1754,0.1754
12.3303,pi,6.2800,6.1750,0.1749,0.1749
12.3353,pi,6.2800,6.1964,0.1745,0.1745
12.3396,pi,6.2800,6.2366,0.1737,0.1737
12.3444,pi,6.2800,6.2237,0.1740,0.1740
12.3494,pi,6.2800,6.1677,0.1751,0.1751
12.3545,pi,6.2800,6.1683,0.1751,0.1751
12.3595,pi,6.2800,6.1408,0.1757,0.1757
12.3645,pi,6.2800,6.1687,0.1752,0.1752
12.3694,pi,6.2800,6.1698,0.1752,0.1752
12.3744,pi,6.2800,6.1704,0.1752,0.1752
12.3795,pi,6.2800,6.1707,0.1752,0.1752
12.3845,pi,6.2800,6.1711,0.1752,0.1752
12.3894,pi,6.2800,6.1431,0.1758,0.1758
12.3943,pi,6.2800,6.1486,0.1757,0.1757
12.3994,pi,6.2800,6.2257,0.1742,0.1742
12.4044,pi,6.2800,6.2371,0.1740,0.1740
12.4095,pi,6.2800,6.2463,0.1738,0.1738
12.4145,pi,6.2800,6.2766,0.1732,0.1732
12.4195,pi,6.2800,6.3277,0.1722,0.1722
12.4244,pi,6.2800,6.3187,0.1724,0.1724
12.4294,pi,6.2800,6.2884,0.1730,0.1730
12.4344,pi,6.2800,6.2873,0.1730,0.1730
12.4395,pi,6.2800,6.2862,0.1730,0.1730
12.4444,pi,6.2800,6.2853,0.1730,0.1730
12.4494,pi,6.2800,6.2344,0.1741,0.1741
12.4544,pi,6.2800,6.1938,0.1749,0.1749
12.4594,pi,6.2800,6.1613,0.1756,0.1756
12.4645,pi,6.2800,6.0851,0.1771,0.1771
12.4694,pi,6.2800,6.0563,0.1777,0.1777
12.4745,pi,6.2800,6.0009,0.1789,0.1789
12.4794,pi,6.2800,5.9567,0.1799,0.1799
12.4844,pi,6.2800,5.9214,0.1806,0.1806
12.4894,pi,6.2800,5.8793,0.1816,0.1816
12.4945,pi,6.2800,5.8089,0.1831,0.1831
12.4995,pi,6.2800,5.7526,0.1843,0.1843
12.5044,pi,6.2800,5.7445,0.1846,0.1846
12.5095,pi,6.2800,5.7379,0.1849,0.1849
12.5145,pi,6.2800,5.7327,0.1851,0.1851
12.5194,pi,6.2800,5.7422,0.1851,0.1851
12.5244,pi,6.2800,5.7498,0.1851,0.1851
12.5294,pi,6.2800,5.7559,0.1851,0.1851
12.5344,pi,6.2800,5.7607,0.1851,0.1851
12.5396,pi,6.2800,5.7646,0.1852,0.1852
12.5444,pi,6.2800,5.8180,0.1842,0.1842
12.5494,pi,6.2800,5.8428,0.1838,0.1838
12.5545,pi,6.2800,5.8805,0.1832,0.1832
12.5595,pi,6.2800,5.9108,0.1827,0.1827
12.5644,pi,6.2800,5.9624,0.1817,0.1817
12.5694,pi,6.2800,6.0039,0.1810,0.1810
12.5744,pi,6.2800,5.9914,0.1813,0.1813
12.5794,pi,6.2800,6.0273,0.1807,0.1807
12.5844,pi,6.2800,6.0560,0.1802,0.1802
12.5894,pi,6.2800,6.0789,0.1798,0.1798
12.5944,pi,6.2800,6.0972,0.1794,0.1794
12.5994,pi,6.2800,6.0664,0.1801,0.1801
12.6045,pi,6.2800,6.0090,0.1813,0.1813
12.6095,pi,6.2800,6.0134,0.1813,0.1813
12.6144,pi,6.2800,5.9993,0.1816,0.1816
12.6194,pi,6.2800,5.9421,0.1828,0.1828
12.6244,pi,6.2800,5.9419,0.1829,0.1829
12.6295,pi,6.2800,5.9088,0.1837,0.1837
12.6344,pi,6.2800,5.8831,0.1843,0.1843
12.6395,pi,6.2800,5.8118,0.1858,0.1858
12.6444,pi,6.2800,5.7920,0.1863,0.1863
12.6494,pi,6.2800,5.7762,0.1868,0.1868
12.6545,pi,6.2800,5.8089,0.1862,0.1862
12.6595,pi,6.2800,5.8352,0.1858,0.1858
12.6645,pi,6.2800,5.8740,0.1852,0.1852
12.6694,pi,6.2800,5.9054,0.1846,0.1846
12.6744,pi,6.2800,5.9305,0.1842,0.1842
12.6794,pi,6.2800,5.9326,0.1843,0.1843
12.6844,pi,6.2800,5.9805,0.1834,0.1834
12.6894,pi,6.2800,6.0184,0.1827,0.1827
12.6944,pi,6.2800,6.0946,0.1813,0.1813
12.6994,pi,6.2800,6.1323,0.1805,0.1805
12.7045,pi,6.2800,6.1121,0.1810,0.1810
12.7094,pi,6.2800,6.1235,0.1808,0.1808
12.7144,pi,6.2800,6.1328,0.1807,0.1807
12.7195,pi,6.2800,6.0620,0.1821,0.1821
12.7245,pi,6.2800,6.0045,0.1833,0.1833
12.7294,pi,6.2800,5.9096,0.1853,0.1853
12.7344,pi,6.2800,5.7830,0.1879,0.1879
12.7397,pi,6.2800,5.6295,0.1911,0.1911
12.7445,pi,6.2800,5.4086,0.1957,0.1957
12.7494,pi,6.2800,5.2318,0.1994,0.1994
12.7545,pi,6.2800,5.0540,0.2033,0.2033
12.7594,pi,6.2800,4.7965,0.2087,0.2087
12.7644,pi,6.2800,4.5912,0.2132,0.2132
12.7694,pi,6.2800,4.4498,0.2164,0.2164
12.7744,pi,6.2800,4.3824,0.2182,0.2182
12.7794,pi,6.2800,4.2833,0.2207,0.2207
12.7845,pi,6.2800,4.2306,0.2222,0.2222
12.7894,pi,6.2800,4.2070,0.2232,0.2232
12.7944,pi,6.2800,4.2344,0.2232,0.2232
12.7994,pi,6.2800,4.3475,0.2215,0.2215
12.8045,pi,6.2800,4.4834,0.2192,0.2192
12.8096,pi,6.2800,4.6930,0.2155,0.2155
12.8144,pi,6.2800,4.9105,0.2115,0.2115
12.8195,pi,6.2800,5.1344,0.2074,0.2074
12.8244,pi,6.2800,5.3412,0.2035,0.2035
12.8295,pi,6.2800,5.5798,0.1990,0.1990
12.8344,pi,6.2800,5.8346,0.1941,0.1941
12.8395,pi,6.2800,6.0846,0.1892,0.1892
12.8446,pi,6.2800,6.3763,0.1834,0.1834
12.8497,pi,6.2800,6.6582,0.1777,0.1777
12.8553,pi,6.2800,6.8840,0.1731,0.1731
12.8596,pi,6.2800,7.1151,0.1684,0.1684
12.8644,pi,6.2800,7.2912,0.1646,0.1646
12.8694,pi,6.2800,7.4326,0.1615,0.1615
12.8744,pi,6.2800,7.5912,0.1581,0.1581
12.8794,pi,6.2800,7.7186,0.1552,0.1552
12.8844,pi,6.2800,7.8204,0.1528,0.1528
12.8894,pi,6.2800,7.8559,0.1517,0.1517
12.8944,pi,6.2800,7.8842,0.1508,0.1508
12.8994,pi,6.2800,7.9078,0.1499,0.1499
12.9044,pi,6.2800,7.8804,0.1500,0.1500
12.9094,pi,6.2800,7.8588,0.1501,0.1501
12.9144,pi,6.2800,7.8413,0.1500,0.1500
12.9195,pi,6.2800,7.7809,0.1508,0.1508
12.9245,pi,6.2800,7.6821,0.1524,0.1524
12.9295,pi,6.2800,7.6029,0.1537,0.1537
12.9344,pi,6.2800,7.5397,0.1546,0.1546
12.9395,pi,6.2800,7.4892,0.1553,0.1553
12.9444,pi,6.2800,7.4491,0.1558,0.1558
12.9494,pi,6.2800,7.4169,0.1561,0.1561
12.9544,pi,6.2800,7.3959,0.1563,0.1563
12.9595,pi,6.2800,7.3743,0.1564,0.1564
12.9644,pi,6.2800,7.3618,0.1564,0.1564
12.9694,pi,6.2800,7.3518,0.1563,0.1563
12.9745,pi,6.2800,7.3389,0.1563,0.1563
12.9794,pi,6.2800,7.3791,0.1553,0.1553
12.9845,pi,6.2800,7.3609,0.1554,0.1554
12.9894,pi,6.2800,7.3461,0.1554,0.1554
12.9945,pi,6.2800,7.3345,0.1553,0.1553
12.9994,pi,6.2800,7.3251,0.1553,0.1553
13.0044,pi,6.2800,7.3225,0.1551,0.1551
13.0094,pi,6.2800,7.2743,0.1558,0.1558
13.0144,pi,6.2800,7.2266,0.1565,0.1565
13.0195,pi,6.2800,7.1884,0.1570,0.1570
13.0244,pi,6.2800,7.1671,0.1572,0.1572
13.0295,pi,6.2800,7.1405,0.1575,0.1575
13.0344,pi,6.2800,7.1197,0.1577,0.1577
13.0395,pi,6.2800,7.1031,0.1578,0.1578
13.0445,pi,6.2800,7.0897,0.1579,0.1579
13.0494,pi,6.2800,7.0884,0.1577,0.1577
13.0545,pi,6.2800,7.0782,0.1577,0.1577
13.0594,pi,6.2800,7.0789,0.1575,0.1575
13.0644,pi,6.2800,7.1254,0.1564,0.1564
13.0695,pi,6.2800,7.1626,0.1554,0.1554
13.0745,pi,6.2800,7.1878,0.1547,0.1547
13.0795,pi,6.2800,7.1666,0.1549,0.1549
13.0844,pi,6.2800,7.1504,0.1550,0.1550
13.0894,pi,6.2800,7.1828,0.1541,0.1541
13.0944,pi,6.2800,7.2087,0.1534,0.1534
13.0995,pi,6.2800,7.2296,0.1527,0.1527
13.1045,pi,6.2800,7.1911,0.1533,0.1533
13.1094,pi,6.2800,7.1602,0.1537,0.1537
13.1145,pi,6.2800,7.1355,0.1539,0.1539
13.1194,pi,6.2800,7.1249,0.1539,0.1539
13.1244,pi,6.2800,7.1166,0.1539,0.1539
13.1294,pi,6.2800,7.1100,0.1538,0.1538
13.1345,pi,6.2800,7.0953,0.1539,0.1539
13.1395,pi,6.2800,7.0837,0.1539,0.1539
13.1445,pi,6.2800,7.0735,0.1539,0.1539
13.1498,pi,6.2800,7.0654,0.1539,0.1539
13.1548,pi,6.2800,7.1093,0.1528,0.1528
13.1594,pi,6.2800,7.1448,0.1519,0.1519
13.1644,pi,6.2800,7.1327,0.1519,0.1519
13.1694,pi,6.2800,7.1231,0.1519,0.1519
13.1745,pi,6.2800,7.1059,0.1520,0.1520
13.1794,pi,6.2800,7.1013,0.1519,0.1519
13.1844,pi,6.2800,7.0979,0.1518,0.1518
13.1894,pi,6.2800,7.1410,0.1507,0.1507
13.1945,pi,6.2800,7.1296,0.1507,0.1507
13.1995,pi,6.2800,7.1213,0.1507,0.1507
13.2044,pi,6.2800,7.1145,0.1506,0.1506
13.2094,pi,6.2800,7.1086,0.1505,0.1505
13.2145,pi,6.2800,7.0939,0.1506,0.1506
13.2194,pi,6.2800,7.0823,0.1506,0.1506
13.2244,pi,6.2800,7.0822,0.1504,0.1504
13.2294,pi,6.2800,7.0824,0.1502,0.1502
13.2344,pi,6.2800,7.0732,0.1502,0.1502
13.2395,pi,6.2800,7.0154,0.1512,0.1512
13.2445,pi,6.2800,7.0194,0.1509,0.1509
13.2494,pi,6.2800,7.0227,0.1507,0.1507
13.2544,pi,6.2800,7.0348,0.1502,0.1502
13.2595,pi,6.2800,7.0350,0.1500,0.1500
13.2645,pi,6.2800,7.0353,0.1498,0.1498
13.2694,pi,6.2800,7.0356,0.1496,0.1496
13.2744,pi,6.2800,7.0452,0.1493,0.1493
13.2795,pi,6.2800,6.9931,0.1501,0.1501
13.2845,pi,6.2800,6.9511,0.1508,0.1508
13.2894,pi,6.2800,6.9682,0.1503,0.1503
13.2945,pi,6.2800,6.9803,0.1499,0.1499
13.2994,pi,6.2800,6.9913,0.1495,0.1495
13.3044,pi,6.2800,6.9643,0.1498,0.1498
13.3094,pi,6.2800,6.9421,0.1501,0.1501
13.3145,pi,6.2800,6.9245,0.1503,0.1503
13.3200,pi,6.2800,6.8963,0.1507,0.1507
13.3247,pi,6.2800,6.8736,0.1510,0.1510
13.3295,pi,6.2800,6.9058,0.1502,0.1502
13.3344,pi,6.2800,6.9411,0.1493,0.1493
13.3395,pi,6.2800,6.9603,0.1488,0.1488
13.3444,pi,6.2800,6.9389,0.1490,0.1490
13.3495,pi,6.2800,6.9082,0.1495,0.1495
13.3545,pi,6.2800,6.9335,0.1488,0.1488
13.3594,pi,6.2800,6.9036,0.1493,0.1493
13.3644,pi,6.2800,6.8936,0.1493,0.1493
13.3695,pi,6.2800,6.8857,0.1493,0.1493
13.3745,pi,6.2800,6.9254,0.1484,0.1484
13.3795,pi,6.2800,6.9113,0.1485,0.1485
13.3846,pi,6.2800,6.8862,0.1488,0.1488
13.3894,pi,6.2800,6.8661,0.1491,0.1491
13.3944,pi,6.2800,6.8637,0.1490,0.1490
13.3995,pi,6.2800,6.8619,0.1489,0.1489
13.4044,pi,6.2800,6.8608,0.1487,0.1487
13.4094,pi,6.2800,6.8594,0.1486,0.1486
13.4145,pi,6.2800,6.8445,0.1488,0.1488
13.4194,pi,6.2800,6.8327,0.1489,0.1489
13.4245,pi,6.2800,6.8230,0.1489,0.1489
13.4294,pi,6.2800,6.8292,0.1487,0.1487
13.4345,pi,6.2800,6.8708,0.1477,0.1477
13.4395,pi,6.2800,6.8537,0.1479,0.1479
13.4444,pi,6.2800,6.8539,0.1477,0.1477
13.4494,pi,6.2800,6.8541,0.1476,0.1476
13.4545,pi,6.2800,6.8545,0.1474,0.1474
13.4594,pi,6.2800,6.8542,0.1473,0.1473
13.4644,pi,6.2800,6.8544,0.1472,0.1472
13.4694,pi,6.2800,6.8544,0.1470,0.1470
13.4744,pi,6.2800,6.8545,0.1469,0.1469
13.4795,pi,6.2800,6.8407,0.1470,0.1470
13.4844,pi,6.2800,6.8297,0.1471,0.1471
13.4894,pi,6.2800,6.8346,0.1469,0.1469
13.4945,pi,6.2800,6.8247,0.1469,0.1469
13.4994,pi,6.2800,6.8167,0.1469,0.1469
13.5045,pi,6.2800,6.8605,0.1459,0.1459
13.5095,pi,6.2800,6.8456,0.1461,0.1461
13.5144,pi,6.2800,6.8475,0.1459,0.1459
13.5194,pi,6.2800,6.8489,0.1457,0.1457
13.5249,pi,6.2800,6.8355,0.1459,0.1459
13.5303,pi,6.2800,6.8235,0.1460,0.1460
13.5358,pi,6.2800,6.7614,0.1471,0.1471
13.5411,pi,6.2800,6.6168,0.1498,0.1498
13.5458,pi,6.2800,6.4482,0.1531,0.1531
13.5508,pi,6.2800,6.3140,0.1558,0.1558
13.5554,pi,6.2800,6.2068,0.1579,0.1579
13.5599,pi,6.2800,6.1191,0.1597,0.1597
13.5645,pi,6.2800,6.0514,0.1611,0.1611
13.5695,pi,6.2800,5.9962,0.1622,0.1622
13.5745,pi,6.2800,5.9388,0.1634,0.1634
13.5796,pi,6.2800,5.9392,0.1635,0.1635
13.5845,pi,6.2800,5.9409,0.1636,0.1636
13.5895,pi,6.2800,5.9895,0.1627,0.1627
13.5945,pi,6.2800,6.1175,0.1602,0.1602
13.5995,pi,6.2800,6.2661,0.1573,0.1573
13.6046,pi,6.2800,6.3843,0.1549,0.1549
13.6096,pi,6.2800,6.4789,0.1530,0.1530
13.6152,pi,6.2800,6.5905,0.1507,0.1507
13.6199,pi,6.2800,6.6794,0.1488,0.1488
13.6249,pi,6.2800,6.7996,0.1463,0.1463
13.6302,pi,6.2800,6.8960,0.1443,0.1443
13.6352,pi,6.2800,6.9222,0.1436,0.1436
13.6403,pi,6.2800,6.9446,0.1430,0.1430
13.6448,pi,6.2800,6.9624,0.1425,0.1425
13.6498,pi,6.2800,6.9763,0.1420,0.1420
13.6550,pi,6.2800,6.9881,0.1416,0.1416
13.6601,pi,6.2800,6.9976,0.1413,0.1413
13.6652,pi,6.2800,7.0145,0.1407,0.1407
13.6698,pi,6.2800,6.9821,0.1412,0.1412
13.6749,pi,6.2800,6.9574,0.1415,0.1415
13.6796,pi,6.2800,6.9395,0.1417,0.1417
13.6844,pi,6.2800,6.8775,0.1428,0.1428
13.6894,pi,6.2800,6.8754,0.1427,0.1427
13.6944,pi,6.2800,6.8720,0.1426,0.1426
13.6995,pi,6.2800,6.8236,0.1434,0.1434
13.7045,pi,6.2800,6.8315,0.1431,0.1431
13.7094,pi,6.2800,6.8365,0.1429,0.1429
13.7145,pi,6.2800,6.7950,0.1436,0.1436
13.7194,pi,6.2800,6.7619,0.1441,0.1441
13.7245,pi,6.2800,6.7359,0.1445,0.1445
13.7295,pi,6.2800,6.7150,0.1448,0.1448
13.7344,pi,6.2800,6.6977,0.1450,0.1450
13.7395,pi,6.2800,6.6636,0.1456,0.1456
13.7445,pi,6.2800,6.6377,0.1460,0.1460
13.7494,pi,6.2800,6.6672,0.1454,0.1454
13.7544,pi,6.2800,6.6592,0.1454,0.1454
13.7594,pi,6.2800,6.6341,0.1458,0.1458
13.7644,pi,6.2800,6.6140,0.1462,0.1462
13.7695,pi,6.2800,6.5979,0.1464,0.1464
13.7745,pi,6.2800,6.6348,0.1456,0.1456
13.7805,pi,6.2800,6.6636,0.1449,0.1449
13.7860,pi,6.2800,6.6851,0.1444,0.1444
13.7899,pi,6.2800,6.6731,0.1445,0.1445
13.7944,pi,6.2800,6.6955,0.1440,0.1440
13.7994,pi,6.2800,6.6818,0.1441,0.1441
13.8045,pi,6.2800,6.6711,0.1443,0.1443
13.8094,pi,6.2800,6.7077,0.1434,0.1434
13.8144,pi,6.2800,6.7371,0.1427,0.1427
13.8194,pi,6.2800,6.7608,0.1421,0.1421
13.8244,pi,6.2800,6.7797,0.1416,0.1416
13.8295,pi,6.2800,6.7495,0.1421,0.1421
13.8344,pi,6.2800,6.7259,0.1425,0.1425
13.8395,pi,6.2800,6.6628,0.1436,0.1436
13.8445,pi,6.2800,6.6555,0.1437,0.1437
13.8494,pi,6.2800,6.6500,0.1437,0.1437
13.8545,pi,6.2800,6.6265,0.1441,0.1441
13.8595,pi,6.2800,6.6081,0.1444,0.1444
13.8645,pi,6.2800,6.5933,0.1446,0.1446
13.8694,pi,6.2800,6.5815,0.1447,0.1447
13.8744,pi,6.2800,6.5904,0.1445,0.1445
13.8794,pi,6.2800,6.5975,0.1443,0.1443
13.8845,pi,6.2800,6.5848,0.1444,0.1444
13.8895,pi,6.2800,6.6249,0.1436,0.1436
13.8944,pi,6.2800,6.6709,0.1425,0.1425
13.8995,pi,6.2800,6.6435,0.1430,0.1430
13.9044,pi,6.2800,6.6401,0.1430,0.1430
13.9095,pi,6.2800,6.6693,0.1423,0.1423
13.9144,pi,6.2800,6.6422,0.1427,0.1427
13.9195,pi,6.2800,6.6389,0.1427,0.1427
13.9245,pi,6.2800,6.6683,0.1420,0.1420
13.9294,pi,6.2800,6.6414,0.1425,0.1425
13.9344,pi,6.2800,6.6383,0.1425,0.1425
13.9394,pi,6.2800,6.6817,0.1415,0.1415
13.9444,pi,6.2800,6.6521,0.1420,0.1420
13.9494,pi,6.2800,6.6467,0.1420,0.1420
13.9545,pi,6.2800,6.6428,0.1420,0.1420
13.9595,pi,6.2800,6.6209,0.1423,0.1423
13.9644,pi,6.2800,6.6037,0.1426,0.1426
13.9694,pi,6.2800,6.6082,0.1424,0.1424
13.9745,pi,6.2800,6.5934,0.1426,0.1426
13.9794,pi,6.2800,6.5542,0.1433,0.1433
13.9845,pi,6.2800,6.5502,0.1434,0.1434
13.9894,pi,6.2800,6.5469,0.1434,0.1434
13.9944,pi,6.2800,6.5443,0.1433,0.1433
13.9994,pi,6.2800,6.5607,0.1429,0.1429
14.0044,pi,6.2800,6.5739,0.1426,0.1426
14.0095,pi,6.2800,6.5651,0.1427,0.1427
14.0144,pi,6.2800,6.5773,0.1424,0.1424
14.0195,pi,6.2800,6.5685,0.1425,0.1425
14.0244,pi,6.2800,6.5617,0.1426,0.1426
14.0295,pi,6.2800,6.5546,0.1426,0.1426
14.0343,pi,6.2800,6.5689,0.1423,0.1423
14.0394,pi,6.2800,6.5347,0.1429,0.1429
14.0445,pi,6.2800,6.5346,0.1428,0.1428
14.0494,pi,6.2800,6.5345,0.1428,0.1428
14.0544,pi,6.2800,6.5345,0.1427,0.1427
14.0594,pi,6.2800,6.5067,0.1432,0.1432
14.0644,pi,6.2800,6.5316,0.1426,0.1426
14.0694,pi,6.2800,6.5506,0.1422,0.1422
14.0749,pi,6.2800,6.5473,0.1422,0.1422
14.0795,pi,6.2800,6.5628,0.1418,0.1418
14.0845,pi,6.2800,6.5568,0.1419,0.1419
14.0895,pi,6.2800,6.6023,0.1409,0.1409
14.0945,pi,6.2800,6.5887,0.1411,0.1411
14.0995,pi,6.2800,6.5778,0.1412,0.1412
14.1044,pi,6.2800,6.5690,0.1413,0.1413
14.1094,pi,6.2800,6.5620,0.1414,0.1414
14.1145,pi,6.2800,6.5564,0.1414,0.1414
14.1194,pi,6.2800,6.5010,0.1425,0.1425
14.1244,pi,6.2800,6.5076,0.1423,0.1423
14.1295,pi,6.2800,6.4854,0.1427,0.1427
14.1345,pi,6.2800,6.4680,0.1430,0.1430
14.1395,pi,6.2800,6.4998,0.1423,0.1423
14.1446,pi,6.2800,6.5058,0.1421,0.1421
14.1497,pi,6.2800,6.5115,0.1419,0.1419
14.1546,pi,6.2800,6.5160,0.1418,0.1418
14.1594,pi,6.2800,6.4923,0.1422,0.1422
14.1644,pi,6.2800,6.5193,0.1416,0.1416
14.1694,pi,6.2800,6.5406,0.1411,0.1411
14.1745,pi,6.2800,6.5580,0.1407,0.1407
14.1794,pi,6.2800,6.5717,0.1404,0.1404
14.1845,pi,6.2800,6.5827,0.1401,0.1401
14.1894,pi,6.2800,6.5730,0.1402,0.1402
14.1944,pi,6.2800,6.5365,0.1409,0.1409
14.1995,pi,6.2800,6.5361,0.1408,0.1408
14.2044,pi,6.2800,6.5543,0.1404,0.1404
14.2095,pi,6.2800,6.5501,0.1404,0.1404
14.2145,pi,6.2800,6.5466,0.1404,0.1404
14.2194,pi,6.2800,6.5622,0.1400,0.1400
14.2245,pi,6.2800,6.5565,0.1401,0.1401
14.2294,pi,6.2800,6.5705,0.1397,0.1397
14.2344,pi,6.2800,6.6135,0.1388,0.1388
14.2394,pi,6.2800,6.5977,0.1390,0.1390
14.2444,pi,6.2800,6.6032,0.1388,0.1388
14.2495,pi,6.2800,6.5895,0.1390,0.1390
14.2544,pi,6.2800,6.5969,0.1388,0.1388
14.2594,pi,6.2800,6.5844,0.1390,0.1390
14.2648,pi,6.2800,6.5733,0.1391,0.1391
14.2698,pi,6.2800,6.5650,0.1392,0.1392
14.2746,pi,6.2800,6.5588,0.1392,0.1392
14.2793,pi,6.2800,6.5726,0.1389,0.1389
14.2844,pi,6.2800,6.5379,0.1395,0.1395
14.2894,pi,6.2800,6.5098,0.1400,0.1400
14.2945,pi,6.2800,6.4873,0.1404,0.1404
14.2995,pi,6.2800,6.4696,0.1407,0.1407
14.3045,pi,6.2800,6.4812,0.1404,0.1404
14.3094,pi,6.2800,6.4646,0.1407,0.1407
14.3144,pi,6.2800,6.4974,0.1400,0.1400
14.3196,pi,6.2800,6.4783,0.1403,0.1403
14.3245,pi,6.2800,6.4625,0.1406,0.1406
14.3294,pi,6.2800,6.4266,0.1413,0.1413
14.3343,pi,6.2800,6.4481,0.1408,0.1408
14.3394,pi,6.2800,6.4836,0.1401,0.1401
14.3444,pi,6.2800,6.4665,0.1404,0.1404
14.3494,pi,6.2800,6.4988,0.1397,0.1397
14.3544,pi,6.2800,6.4788,0.1400,0.1400
14.3595,pi,6.2800,6.4897,0.1397,0.1397
14.3644,pi,6.2800,6.4478,0.1405,0.1405
14.3695,pi,6.2800,6.4651,0.1401,0.1401
14.3744,pi,6.2800,6.4789,0.1398,0.1398
14.3794,pi,6.2800,6.4898,0.1395,0.1395
14.3845,pi,6.2800,6.4982,0.1393,0.1393
14.3894,pi,6.2800,6.5052,0.1391,0.1391
14.3944,pi,6.2800,6.5107,0.1390,0.1390
14.3994,pi,6.2800,6.5151,0.1388,0.1388
14.4045,pi,6.2800,6.5187,0.1387,0.1387
14.4094,pi,6.2800,6.5397,0.1382,0.1382
14.4144,pi,6.2800,6.5113,0.1387,0.1387
14.4194,pi,6.2800,6.5344,0.1382,0.1382
14.4245,pi,6.2800,6.5069,0.1387,0.1387
14.4294,pi,6.2800,6.4851,0.1391,0.1391
14.4345,pi,6.2800,6.4447,0.1398,0.1398
14.4394,pi,6.2800,6.4353,0.1400,0.1400
14.4445,pi,6.2800,6.4047,0.1405,0.1405
14.4494,pi,6.2800,6.3802,0.1410,0.1410
14.4544,pi,6.2800,6.3607,0.1414,0.1414
14.4595,pi,6.2800,6.3451,0.1416,0.1416
14.4644,pi,6.2800,6.3556,0.1414,0.1414
14.4695,pi,6.2800,6.3410,0.1417,0.1417
14.4744,pi,6.2800,6.3522,0.1415,0.1415
14.4794,pi,6.2800,6.4070,0.1403,0.1403
14.4844,pi,6.2800,6.4051,0.1403,0.1403
14.4895,pi,6.2800,6.3794,0.1408,0.1408
14.4945,pi,6.2800,6.3830,0.1407,0.1407
14.4994,pi,6.2800,6.4317,0.1397,0.1397
14.5044,pi,6.2800,6.4252,0.1398,0.1398
14.5094,pi,6.2800,6.4654,0.1390,0.1390
14.5145,pi,6.2800,6.4288,0.1397,0.1397
14.5194,pi,6.2800,6.4493,0.1392,0.1392
14.5244,pi,6.2800,6.4161,0.1398,0.1398
14.5295,pi,6.2800,6.4124,0.1399,0.1399
14.5344,pi,6.2800,6.4368,0.1394,0.1394
14.5394,pi,6.2800,6.4290,0.1395,0.1395
14.5445,pi,6.2800,6.4694,0.1386,0.1386
14.5495,pi,6.2800,6.4823,0.1383,0.1383
14.5544,pi,6.2800,6.4655,0.1386,0.1386
14.5595,pi,6.2800,6.4288,0.1393,0.1393
14.5645,pi,6.2800,6.4499,0.1388,0.1388
14.5694,pi,6.2800,6.4852,0.1381,0.1381
14.5745,pi,6.2800,6.4950,0.1378,0.1378
14.5795,pi,6.2800,6.5029,0.1376,0.1376
14.5844,pi,6.2800,6.5092,0.1375,0.1375
14.5894,pi,6.2800,6.4869,0.1378,0.1378
14.5944,pi,6.2800,6.5147,0.1372,0.1372
14.5995,pi,6.2800,6.4913,0.1376,0.1376
14.6044,pi,6.2800,6.4728,0.1380,0.1380
14.6094,pi,6.2800,6.4574,0.1382,0.1382
14.6144,pi,6.2800,6.4913,0.1375,0.1375
14.6195,pi,6.2800,6.4496,0.1383,0.1383
14.6244,pi,6.2800,6.4391,0.1384,0.1384
14.6295,pi,6.2800,6.4078,0.1390,0.1390
14.6345,pi,6.2800,6.3828,0.1395,0.1395
14.6395,pi,6.2800,6.4132,0.1389,0.1389
14.6445,pi,6.2800,6.3868,0.1394,0.1394
14.6495,pi,6.2800,6.4154,0.1388,0.1388
14.6545,pi,6.2800,6.3892,0.1393,0.1393
14.6594,pi,6.2800,6.3906,0.1392,0.1392
14.6645,pi,6.2800,6.3690,0.1396,0.1396
14.6695,pi,6.2800,6.4021,0.1389,0.1389
14.6745,pi,6.2800,6.4283,0.1384,0.1384
14.6797,pi,6.2800,6.4491,0.1379,0.1379
14.6850,pi,6.2800,6.4657,0.1375,0.1375
14.6901,pi,6.2800,6.4274,0.1383,0.1383
14.6951,pi,6.2800,6.4475,0.1378,0.1378
14.6996,pi,6.2800,6.4145,0.1384,0.1384
14.7048,pi,6.2800,6.4376,0.1379,0.1379
14.7099,pi,6.2800,6.4558,0.1375,0.1375
14.7151,pi,6.2800,6.4706,0.1372,0.1372
14.7201,pi,6.2800,6.4321,0.1379,0.1379
14.7254,pi,6.2800,6.4014,0.1385,0.1385
14.7298,pi,6.2800,6.4276,0.1379,0.1379
14.7350,pi,6.2800,6.3984,0.1385,0.1385
14.7398,pi,6.2800,6.3983,0.1385,0.1385
14.7445,pi,6.2800,6.3994,0.1384,0.1384
14.7494,pi,6.2800,6.4004,0.1384,0.1384
14.7544,pi,6.2800,6.4011,0.1383,0.1383
14.7594,pi,6.2800,6.4010,0.1383,0.1383
14.7644,pi,6.2800,6.3556,0.1392,0.1392
14.7694,pi,6.2800,6.3649,0.1390,0.1390
14.7744,pi,6.2800,6.4176,0.1379,0.1379
14.7794,pi,6.2800,6.4147,0.1379,0.1379
14.7844,pi,6.2800,6.4124,0.1379,0.1379
14.7894,pi,6.2800,6.4103,0.1379,0.1379
14.7944,pi,6.2800,6.3624,0.1389,0.1389
14.7995,pi,6.2800,6.3697,0.1387,0.1387
14.8046,pi,6.2800,6.4021,0.1380,0.1380
14.8095,pi,6.2800,6.3779,0.1385,0.1385
14.8144,pi,6.2800,6.3818,0.1384,0.1384
14.8194,pi,6.2800,6.3851,0.1383,0.1383
14.8244,pi,6.2800,6.3874,0.1382,0.1382
14.8297,pi,6.2800,6.3655,0.1386,0.1386
14.8350,pi,6.2800,6.3487,0.1389,0.1389
14.8395,pi,6.2800,6.3856,0.1382,0.1382
14.8444,pi,6.2800,6.3881,0.1381,0.1381
14.8494,pi,6.2800,6.4357,0.1371,0.1371
14.8544,pi,6.2800,6.4281,0.1372,0.1372
14.8594,pi,6.2800,6.4223,0.1373,0.1373
14.8645,pi,6.2800,6.3943,0.1378,0.1378
14.8694,pi,6.2800,6.4222,0.1373,0.1373
14.8744,pi,6.2800,6.4171,0.1373,0.1373
14.8794,pi,6.2800,6.4133,0.1374,0.1374
14.8844,pi,6.2800,6.4108,0.1374,0.1374
14.8894,pi,6.2800,6.4084,0.1374,0.1374
14.8945,pi,6.2800,6.4334,0.1369,0.1369
14.8994,pi,6.2800,6.4032,0.1374,0.1374
14.9044,pi,6.2800,6.4022,0.1374,0.1374
14.9095,pi,6.2800,6.3777,0.1379,0.1379
14.9144,pi,6.2800,6.3817,0.1378,0.1378
14.9195,pi,6.2800,6.3619,0.1381,0.1381
14.9244,pi,6.2800,6.3691,0.1380,0.1380
14.9295,pi,6.2800,6.3518,0.1383,0.1383
14.9344,pi,6.2800,6.3609,0.1381,0.1381
14.9395,pi,6.2800,6.3953,0.1374,0.1374
14.9444,pi,6.2800,6.3727,0.1378,0.1378
14.9494,pi,6.2800,6.4050,0.1371,0.1371
14.9544,pi,6.2800,6.3805,0.1376,0.1376
14.9594,pi,6.2800,6.3378,0.1384,0.1384
14.9645,pi,6.2800,6.3267,0.1386,0.1386
14.9694,pi,6.2800,6.3682,0.1378,0.1378
14.9744,pi,6.2800,6.3509,0.1381,0.1381
14.9794,pi,6.2800,6.3876,0.1374,0.1374
14.9844,pi,6.2800,6.4168,0.1368,0.1368
14.9894,pi,6.2800,6.4128,0.1368,0.1368
14.9945,pi,6.2800,6.3865,0.1373,0.1373
14.9994,pi,6.2800,6.3887,0.1372,0.1372
15.0044,pi,6.2800,6.3907,0.1372,0.1372
15.0094,pi,6.2800,6.3919,0.1371,0.1371
15.0144,pi,6.2800,6.4388,0.1361,0.1361
15.0195,pi,6.2800,6.4579,0.1357,0.1357
15.0244,pi,6.2800,6.4731,0.1354,0.1354
15.0294,pi,6.2800,6.4350,0.1361,0.1361
15.0344,pi,6.2800,6.4275,0.1362,0.1362
15.0394,pi,6.2800,6.4218,0.1363,0.1363
15.0444,pi,6.2800,6.4172,0.1363,0.1363
15.0495,pi,6.2800,6.3886,0.1369,0.1369
15.0544,pi,6.2800,6.3677,0.1373,0.1373
15.0594,pi,6.2800,6.3735,0.1371,0.1371
15.0645,pi,6.2800,6.3552,0.1375,0.1375
15.0694,pi,6.2800,6.3636,0.1373,0.1373
15.0744,pi,6.2800,6.3251,0.1380,0.1380
15.0794,pi,6.2800,6.3398,0.1377,0.1377
15.0845,pi,6.2800,6.3278,0.1379,0.1379
15.0894,pi,6.2800,6.3188,0.1381,0.1381
15.0944,pi,6.2800,6.3619,0.1372,0.1372
15.0994,pi,6.2800,6.3690,0.1371,0.1371
15.1045,pi,6.2800,6.3763,0.1369,0.1369
15.1094,pi,6.2800,6.3806,0.1368,0.1368
15.1144,pi,6.2800,6.3383,0.1376,0.1376
15.1195,pi,6.2800,6.3272,0.1378,0.1378
15.1245,pi,6.2800,6.3183,0.1380,0.1380
15.1294,pi,6.2800,6.3112,0.1381,0.1381
15.1344,pi,6.2800,6.3284,0.1378,0.1378
15.1395,pi,6.2800,6.3429,0.1375,0.1375
15.1446,pi,6.2800,6.3298,0.1377,0.1377
15.1496,pi,6.2800,6.3203,0.1379,0.1379
15.1545,pi,6.2800,6.3628,0.1370,0.1370
15.1594,pi,6.2800,6.3469,0.1373,0.1373
15.1643,pi,6.2800,6.3572,0.1371,0.1371
15.1694,pi,6.2800,6.4111,0.1360,0.1360
15.1744,pi,6.2800,6.4086,0.1360,0.1360
15.1794,pi,6.2800,6.4066,0.1360,0.1360
15.1844,pi,6.2800,6.4050,0.1360,0.1360
15.1895,pi,6.2800,6.4306,0.1355,0.1355
15.1944,pi,6.2800,6.4240,0.1356,0.1356
15.1994,pi,6.2800,6.3738,0.1366,0.1366
15.2044,pi,6.2800,6.3790,0.1364,0.1364
15.2094,pi,6.2800,6.3829,0.1363,0.1363
15.2145,pi,6.2800,6.3629,0.1367,0.1367
15.2195,pi,6.2800,6.2947,0.1380,0.1380
15.2244,pi,6.2800,6.2924,0.1381,0.1381
15.2294,pi,6.2800,6.3133,0.1377,0.1377
15.2344,pi,6.2800,6.3071,0.1378,0.1378
15.2394,pi,6.2800,6.3251,0.1374,0.1374
15.2445,pi,6.2800,6.2943,0.1380,0.1380
15.2494,pi,6.2800,6.3148,0.1376,0.1376
15.2545,pi,6.2800,6.3083,0.1377,0.1377
15.2596,pi,6.2800,6.3030,0.1378,0.1378
15.2644,pi,6.2800,6.2984,0.1379,0.1379
15.2694,pi,6.2800,6.3180,0.1375,0.1375
15.2744,pi,6.2800,6.3109,0.1377,0.1377
15.2793,pi,6.2800,6.3284,0.1373,0.1373
15.2844,pi,6.2800,6.3424,0.1370,0.1370
15.2895,pi,6.2800,6.3302,0.1372,0.1372
15.2945,pi,6.2800,6.3205,0.1374,0.1374
15.2995,pi,6.2800,6.3130,0.1376,0.1376
15.3044,pi,6.2800,6.3302,0.1372,0.1372
15.3094,pi,6.2800,6.3436,0.1369,0.1369
15.3144,pi,6.2800,6.3546,0.1367,0.1367
15.3196,pi,6.2800,6.3399,0.1370,0.1370
15.3244,pi,6.2800,6.3785,0.1362,0.1362
15.3295,pi,6.2800,6.3582,0.1366,0.1366
15.3344,pi,6.2800,6.3428,0.1368,0.1368
15.3395,pi,6.2800,6.3804,0.1361,0.1361
15.3444,pi,6.2800,6.4110,0.1354,0.1354
15.3496,pi,6.2800,6.3853,0.1359,0.1359
15.3544,pi,6.2800,6.3646,0.1363,0.1363
15.3593,pi,6.2800,6.3711,0.1362,0.1362
15.3645,pi,6.2800,6.3764,0.1360,0.1360
15.3694,pi,6.2800,6.3809,0.1359,0.1359
15.3744,pi,6.2800,6.3846,0.1358,0.1358
15.3794,pi,6.2800,6.3878,0.1357,0.1357
15.3845,pi,6.2800,6.3907,0.1356,0.1356
15.3895,pi,6.2800,6.3913,0.1356,0.1356
15.3945,pi,6.2800,6.3478,0.1364,0.1364
15.3995,pi,6.2800,6.3582,0.1362,0.1362
15.4045,pi,6.2800,6.3667,0.1360,0.1360
15.4095,pi,6.2800,6.3499,0.1363,0.1363
15.4144,pi,6.2800,6.3366,0.1366,0.1366
15.4194,pi,6.2800,6.3489,0.1363,0.1363
15.4245,pi,6.2800,6.3356,0.1366,0.1366
15.4294,pi,6.2800,6.3480,0.1363,0.1363
15.4344,pi,6.2800,6.3121,0.1370,0.1370
15.4394,pi,6.2800,6.3289,0.1367,0.1367
15.4445,pi,6.2800,6.2974,0.1373,0.1373
15.4495,pi,6.2800,6.2940,0.1374,0.1374
15.4544,pi,6.2800,6.2917,0.1374,0.1374
15.4594,pi,6.2800,6.3127,0.1370,0.1370
15.4644,pi,6.2800,6.2839,0.1375,0.1375
15.4694,pi,6.2800,6.2836,0.1375,0.1375
15.4744,pi,6.2800,6.3063,0.1371,0.1371
15.4795,pi,6.2800,6.3016,0.1372,0.1372
15.4844,pi,6.2800,6.3207,0.1368,0.1368
15.4895,pi,6.2800,6.3132,0.1369,0.1369
15.4944,pi,6.2800,6.3574,0.1360,0.1360
15.4994,pi,6.2800,6.3657,0.1359,0.1359
15.5044,pi,6.2800,6.3728,0.1357,0.1357
15.5095,pi,6.2800,6.3547,0.1360,0.1360
15.5144,pi,6.2800,6.3906,0.1353,0.1353
15.5195,pi,6.2800,6.3691,0.1357,0.1357
15.5244,pi,6.2800,6.3748,0.1356,0.1356
15.5295,pi,6.2800,6.3564,0.1359,0.1359
15.5344,pi,6.2800,6.3417,0.1362,0.1362
15.5395,pi,6.2800,6.3300,0.1364,0.1364
15.5444,pi,6.2800,6.3436,0.1361,0.1361
15.5494,pi,6.2800,6.3092,0.1368,0.1368
15.5545,pi,6.2800,6.3040,0.1369,0.1369
15.5595,pi,6.2800,6.2767,0.1374,0.1374
15.5645,pi,6.2800,6.2779,0.1374,0.1374
15.5694,pi,6.2800,6.3018,0.1369,0.1369
15.5744,pi,6.2800,6.2981,0.1370,0.1370
15.5794,pi,6.2800,6.2947,0.1371,0.1371
15.5844,pi,6.2800,6.2924,0.1371,0.1371
15.5894,pi,6.2800,6.2672,0.1376,0.1376
15.5945,pi,6.2800,6.2702,0.1375,0.1375
15.5995,pi,6.2800,6.2724,0.1375,0.1375
15.6045,pi,6.2800,6.2742,0.1375,0.1375
15.6094,pi,6.2800,6.3259,0.1364,0.1364
15.6146,pi,6.2800,6.3172,0.1366,0.1366
