t_s,mode,target_rad_s,speed_rad_s,u,u_unsaturated
0.0947,coast,6.2800,0.0000,0.0000,0.0000
0.0971,pi,6.2800,0.0000,0.1256,0.1256
0.1022,pi,6.2800,0.0000,0.1256,0.1256
0.1071,pi,6.2800,0.0000,0.1256,0.1256
0.1115,pi,6.2800,0.0000,0.1256,0.1256
0.1154,pi,6.2800,0.0000,0.1256,0.1256
0.1191,pi,6.2800,0.0000,0.1256,0.1256
0.1228,pi,6.2800,0.0000,0.1256,0.1256
0.1265,pi,6.2800,0.0000,0.1256,0.1256
0.1302,pi,6.2800,0.0558,0.1245,0.1245
0.1340,pi,6.2800,0.0950,0.1237,0.1237
0.1379,pi,6.2800,0.1262,0.1231,0.1231
0.1417,pi,6.2800,0.2013,0.1216,0.1216
0.1455,pi,6.2800,0.3122,0.1194,0.1194
0.1493,pi,6.2800,0.4322,0.1170,0.1170
0.1530,pi,6.2800,0.5742,0.1141,0.1141
0.1569,pi,6.2800,0.7339,0.1109,0.1109
0.1607,pi,6.2800,0.9075,0.1074,0.1074
0.1644,pi,6.2800,1.0909,0.1038,0.1038
0.1681,pi,6.2800,1.2754,0.1001,0.1001
0.1719,pi,6.2800,1.4315,0.0970,0.0970
0.1757,pi,6.2800,1.6479,0.0926,0.0926
0.1800,pi,6.2800,1.8710,0.0882,0.0882
0.1846,pi,6.2800,2.0452,0.0847,0.0847
0.1896,pi,6.2800,2.1845,0.0819,0.0819
0.1946,pi,6.2800,2.2961,0.0797,0.0797
0.1996,pi,6.2800,2.4312,0.0770,0.0770
0.2046,pi,6.2800,2.5392,0.0748,0.0748
0.2096,pi,6.2800,2.6257,0.0731,0.0731
0.2147,pi,6.2800,2.6947,0.0717,0.0717
0.2197,pi,6.2800,2.7498,0.0706,0.0706
0.2250,pi,6.2800,2.8535,0.0685,0.0685
0.2297,pi,6.2800,2.8857,0.0679,0.0679
0.2346,pi,6.2800,2.9025,0.0676,0.0676
0.2397,pi,6.2800,2.9251,0.0671,0.0671
0.2447,pi,6.2800,2.9432,0.0667,0.0667
0.2497,pi,6.2800,2.9072,0.0675,0.0675
0.2556,pi,6.2800,2.8781,0.0680,0.0680
0.2610,pi,6.2800,2.8550,0.0685,0.0685
0.2650,pi,6.2800,2.8368,0.0689,0.0689
0.2697,pi,6.2800,2.8222,0.0692,0.0692
0.2746,pi,6.2800,2.8061,0.0695,0.0695
0.2796,pi,6.2800,2.7478,0.0706,0.0706
0.2847,pi,6.2800,2.7007,0.0716,0.0716
0.2897,pi,6.2800,2.6632,0.0723,0.0723
0.2947,pi,6.2800,2.6331,0.0729,0.0729
0.2996,pi,6.2800,2.6090,0.0734,0.0734
0.3046,pi,6.2800,2.5900,0.0738,0.0738
0.3096,pi,6.2800,2.5749,0.0741,0.0741
0.3147,pi,6.2800,2.5629,0.0743,0.0743
0.3197,pi,6.2800,2.5531,0.0745,0.0745
0.3249,pi,6.2800,2.5449,0.0747,0.0747
0.3299,pi,6.2800,2.5382,0.0748,0.0748
0.3346,pi,6.2800,2.5331,0.0749,0.0749
0.3397,pi,6.2800,2.5290,0.0750,0.0750
0.3448,pi,6.2800,2.5258,0.0751,0.0751
0.3497,pi,6.2800,2.5233,0.0751,0.0751
0.3547,pi,6.2800,2.5212,0.0752,0.0752
0.3598,pi,6.2800,2.5196,0.0752,0.0752
0.3647,pi,6.2800,2.5183,0.0752,0.0752
0.3697,pi,6.2800,2.5171,0.0753,0.0753
0.3747,pi,6.2800,2.5162,0.0753,0.0753
0.3797,pi,6.2800,2.5158,0.0753,0.0753
0.3847,pi,6.2800,2.5155,0.0753,0.0753
0.3897,pi,6.2800,2.5153,0.0753,0.0753
0.3947,pi,6.2800,2.5152,0.0753,0.0753
0.3996,pi,6.2800,2.5149,0.0753,0.0753
0.4047,pi,6.2800,2.5147,0.0753,0.0753
0.4097,pi,6.2800,2.5145,0.0753,0.0753
0.4146,pi,6.2800,2.5600,0.0744,0.0744
0.4197,pi,6.2800,2.5965,0.0737,0.0737
0.4247,pi,6.2800,2.6259,0.0731,0.0731
0.4296,pi,6.2800,2.6493,0.0726,0.0726
0.4346,pi,6.2800,2.6680,0.0722,0.0722
0.4398,pi,6.2800,2.6873,0.0719,0.0719
0.4447,pi,6.2800,2.7026,0.0715,0.0715
0.4499,pi,6.2800,2.7145,0.0713,0.0713
0.4548,pi,6.2800,2.7236,0.0711,0.0711
0.4596,pi,6.2800,2.7317,0.0710,0.0710
0.4648,pi,6.2800,2.6877,0.0718,0.0718
0.4698,pi,6.2800,2.6525,0.0726,0.0726
0.4747,pi,6.2800,2.6245,0.0731,0.0731
0.4797,pi,6.2800,2.6022,0.0736,0.0736
0.4847,pi,6.2800,2.5843,0.0739,0.0739
0.4897,pi,6.2800,2.5700,0.0742,0.0742
0.4947,pi,6.2800,2.5587,0.0744,0.0744
0.4997,pi,6.2800,2.5955,0.0737,0.0737
0.5047,pi,6.2800,2.5795,0.0740,0.0740
0.5097,pi,6.2800,2.6129,0.0733,0.0733
0.5147,pi,6.2800,2.6433,0.0727,0.0727
0.5196,pi,6.2800,2.6629,0.0723,0.0723
0.5247,pi,6.2800,2.6789,0.0720,0.0720
0.5297,pi,6.2800,2.6960,0.0717,0.0717
0.5346,pi,6.2800,2.7051,0.0715,0.0715
0.5397,pi,6.2800,2.7169,0.0713,0.0713
0.5447,pi,6.2800,2.7263,0.0711,0.0711
0.5497,pi,6.2800,2.6836,0.0719,0.0719
0.5547,pi,6.2800,2.6997,0.0716,0.0716
0.5597,pi,6.2800,2.6624,0.0724,0.0724
0.5647,pi,6.2800,2.6828,0.0719,0.0719
0.5697,pi,6.2800,2.6489,0.0726,0.0726
0.5754,pi,6.2800,2.6718,0.0722,0.0722
0.5804,pi,6.2800,2.6901,0.0718,0.0718
0.5848,pi,6.2800,2.7049,0.0715,0.0715
0.5896,pi,6.2800,2.7123,0.0714,0.0714
0.5946,pi,6.2800,2.7183,0.0712,0.0712
0.5997,pi,6.2800,2.7271,0.0711,0.0711
0.6047,pi,6.2800,2.7345,0.0709,0.0709
0.6098,pi,6.2800,2.7397,0.0708,0.0708
0.6147,pi,6.2800,2.6948,0.0717,0.0717
0.6197,pi,6.2800,2.6586,0.0724,0.0724
0.6249,pi,6.2800,2.6751,0.0721,0.0721
0.6298,pi,6.2800,2.6424,0.0728,0.0728
0.6346,pi,6.2800,2.6169,0.0733,0.0733
0.6396,pi,6.2800,2.6420,0.0728,0.0728
0.6448,pi,6.2800,2.6161,0.0733,0.0733
0.6497,pi,6.2800,2.6412,0.0728,0.0728
0.6549,pi,6.2800,2.6617,0.0724,0.0724
0.6599,pi,6.2800,2.6778,0.0720,0.0720
0.6647,pi,6.2800,2.6913,0.0718,0.0718
0.6696,pi,6.2800,2.7015,0.0716,0.0716
0.6747,pi,6.2800,2.7096,0.0714,0.0714
0.6797,pi,6.2800,2.7162,0.0713,0.0713
0.6847,pi,6.2800,2.7217,0.0712,0.0712
0.6897,pi,6.2800,2.6800,0.0720,0.0720
0.6947,pi,6.2800,2.6466,0.0727,0.0727
0.6997,pi,6.2800,2.6199,0.0732,0.0732
0.7046,pi,6.2800,2.5985,0.0736,0.0736
0.7097,pi,6.2800,2.5815,0.0740,0.0740
0.7147,pi,6.2800,2.6138,0.0733,0.0733
0.7197,pi,6.2800,2.5934,0.0737,0.0737
0.7246,pi,6.2800,2.6230,0.0731,0.0731
0.7297,pi,6.2800,2.6467,0.0727,0.0727
0.7347,pi,6.2800,2.6658,0.0723,0.0723
0.7397,pi,6.2800,2.6855,0.0719,0.0719
0.7447,pi,6.2800,2.7012,0.0716,0.0716
0.7496,pi,6.2800,2.7093,0.0714,0.0714
0.7547,pi,6.2800,2.7158,0.0713,0.0713
0.7597,pi,6.2800,2.7256,0.0711,0.0711
0.7647,pi,6.2800,2.7289,0.0710,0.0710
0.7697,pi,6.2800,2.6856,0.0719,0.0719
0.7748,pi,6.2800,2.6506,0.0726,0.0726
0.7797,pi,6.2800,2.6733,0.0721,0.0721
0.7847,pi,6.2800,2.6869,0.0719,0.0719
0.7897,pi,6.2800,2.6979,0.0716,0.0716
0.7947,pi,6.2800,2.7067,0.0715,0.0715
0.7997,pi,6.2800,2.7138,0.0713,0.0713
0.8047,pi,6.2800,2.7239,0.0711,0.0711
0.8097,pi,6.2800,2.7320,0.0710,0.0710
0.8148,pi,6.2800,2.7384,0.0708,0.0708
0.8197,pi,6.2800,2.7436,0.0707,0.0707
0.8247,pi,6.2800,2.7889,0.0698,0.0698
0.8297,pi,6.2800,2.8256,0.0691,0.0691
0.8347,pi,6.2800,2.8088,0.0694,0.0694
0.8397,pi,6.2800,2.7954,0.0697,0.0697
0.8447,pi,6.2800,2.7847,0.0699,0.0699
0.8497,pi,6.2800,2.7761,0.0701,0.0701
0.8547,pi,6.2800,2.7738,0.0701,0.0701
0.8596,pi,6.2800,2.7674,0.0703,0.0703
0.8647,pi,6.2800,2.7623,0.0704,0.0704
0.8697,pi,6.2800,2.7582,0.0704,0.0704
0.8747,pi,6.2800,2.7092,0.0714,0.0714
0.8797,pi,6.2800,2.7202,0.0712,0.0712
0.8846,pi,6.2800,2.7245,0.0711,0.0711
0.8897,pi,6.2800,2.7280,0.0710,0.0710
0.8947,pi,6.2800,2.7308,0.0710,0.0710
0.8997,pi,6.2800,2.7375,0.0708,0.0708
0.9046,pi,6.2800,2.7384,0.0708,0.0708
0.9097,pi,6.2800,2.7391,0.0708,0.0708
0.9147,pi,6.2800,2.7396,0.0708,0.0708
0.9197,pi,6.2800,2.7446,0.0707,0.0707
0.9246,pi,6.2800,2.7898,0.0698,0.0698
0.9297,pi,6.2800,2.8259,0.0691,0.0691
0.9347,pi,6.2800,2.8091,0.0694,0.0694
0.9397,pi,6.2800,2.8001,0.0696,0.0696
0.9447,pi,6.2800,2.7929,0.0697,0.0697
0.9497,pi,6.2800,2.7872,0.0699,0.0699
0.9547,pi,6.2800,2.7827,0.0699,0.0699
0.9596,pi,6.2800,2.7745,0.0701,0.0701
0.9647,pi,6.2800,2.7725,0.0702,0.0702
0.9696,pi,6.2800,2.8120,0.0694,0.0694
0.9747,pi,6.2800,2.8025,0.0695,0.0695
0.9797,pi,6.2800,2.7949,0.0697,0.0697
0.9847,pi,6.2800,2.7887,0.0698,0.0698
0.9896,pi,6.2800,2.7793,0.0700,0.0700
0.9947,pi,6.2800,2.7719,0.0702,0.0702
0.9997,pi,6.2800,2.7661,0.0703,0.0703
1.0054,pi,6.2800,2.8163,0.0693,0.0693
1.0104,pi,6.2800,2.8561,0.0685,0.0685
1.0146,pi,6.2800,2.8789,0.0680,0.0680
1.0196,pi,6.2800,2.8974,0.0677,0.0677
1.0246,pi,6.2800,2.8664,0.0683,0.0683
1.0296,pi,6.2800,2.8416,0.0688,0.0688
1.0347,pi,6.2800,2.8216,0.0692,0.0692
1.0398,pi,6.2800,2.8092,0.0694,0.0694
1.0447,pi,6.2800,2.8003,0.0696,0.0696
1.0497,pi,6.2800,2.7931,0.0697,0.0697
1.0547,pi,6.2800,2.7827,0.0699,0.0699
1.0597,pi,6.2800,2.7747,0.0701,0.0701
1.0647,pi,6.2800,2.7683,0.0702,0.0702
1.0697,pi,6.2800,2.7675,0.0702,0.0702
1.0746,pi,6.2800,2.7669,0.0703,0.0703
1.0796,pi,6.2800,2.7664,0.0703,0.0703
1.0846,pi,6.2800,2.7614,0.0704,0.0704
1.0898,pi,6.2800,2.7575,0.0704,0.0704
1.0947,pi,6.2800,2.8009,0.0696,0.0696
1.0997,pi,6.2800,2.7936,0.0697,0.0697
1.1054,pi,6.2800,2.8377,0.0688,0.0688
1.1111,pi,6.2800,2.8227,0.0691,0.0691
1.1158,pi,6.2800,2.8108,0.0694,0.0694
1.1197,pi,6.2800,2.8012,0.0696,0.0696
1.1246,pi,6.2800,2.7937,0.0697,0.0697
1.1296,pi,6.2800,2.7878,0.0698,0.0698
1.1347,pi,6.2800,2.7830,0.0699,0.0699
1.1397,pi,6.2800,2.8295,0.0690,0.0690
1.1448,pi,6.2800,2.7654,0.0703,0.0703
1.1497,pi,6.2800,2.8151,0.0693,0.0693
1.1546,pi,6.2800,2.8460,0.0687,0.0687
1.1596,pi,6.2800,2.8258,0.0691,0.0691
1.1646,pi,6.2800,2.8094,0.0694,0.0694
1.1697,pi,6.2800,2.7959,0.0697,0.0697
1.1746,pi,6.2800,2.8310,0.0690,0.0690
1.1797,pi,6.2800,2.8679,0.0682,0.0682
1.1846,pi,6.2800,2.8883,0.0678,0.0678
1.1896,pi,6.2800,2.9048,0.0675,0.0675
1.1947,pi,6.2800,2.8722,0.0682,0.0682
1.1996,pi,6.2800,2.8922,0.0678,0.0678
1.2047,pi,6.2800,2.8665,0.0683,0.0683
1.2096,pi,6.2800,2.8417,0.0688,0.0688
1.2147,pi,6.2800,2.8261,0.0691,0.0691
1.2196,pi,6.2800,2.8550,0.0685,0.0685
1.2247,pi,6.2800,2.8783,0.0680,0.0680
1.2296,pi,6.2800,2.8510,0.0686,0.0686
1.2346,pi,6.2800,2.8294,0.0690,0.0690
1.2400,pi,6.2800,2.8162,0.0693,0.0693
1.2451,pi,6.2800,2.8054,0.0695,0.0695
1.2498,pi,6.2800,2.7969,0.0697,0.0697
1.2548,pi,6.2800,2.8314,0.0690,0.0690
1.2596,pi,6.2800,2.8594,0.0684,0.0684
1.2646,pi,6.2800,2.8816,0.0680,0.0680
1.2696,pi,6.2800,2.8996,0.0676,0.0676
1.2747,pi,6.2800,2.8724,0.0682,0.0682
1.2796,pi,6.2800,2.8508,0.0686,0.0686
1.2846,pi,6.2800,2.8334,0.0689,0.0689
1.2896,pi,6.2800,2.8150,0.0693,0.0693
1.2947,pi,6.2800,2.8004,0.0696,0.0696
1.2996,pi,6.2800,2.8349,0.0689,0.0689
1.3046,pi,6.2800,2.8623,0.0684,0.0684
1.3096,pi,6.2800,2.8384,0.0688,0.0688
1.3147,pi,6.2800,2.8236,0.0691,0.0691
1.3196,pi,6.2800,2.8116,0.0694,0.0694
1.3246,pi,6.2800,2.7976,0.0696,0.0696
1.3300,pi,6.2800,2.8412,0.0688,0.0688
1.3351,pi,6.2800,2.8759,0.0681,0.0681
1.3402,pi,6.2800,2.9037,0.0675,0.0675
1.3447,pi,6.2800,2.9259,0.0671,0.0671
1.3496,pi,6.2800,2.8936,0.0677,0.0677
1.3546,pi,6.2800,2.8677,0.0682,0.0682
1.3597,pi,6.2800,2.8469,0.0687,0.0687
1.3647,pi,6.2800,2.8302,0.0690,0.0690
1.3697,pi,6.2800,2.8672,0.0683,0.0683
1.3747,pi,6.2800,2.8966,0.0677,0.0677
1.3797,pi,6.2800,2.8702,0.0682,0.0682
1.3846,pi,6.2800,2.8446,0.0687,0.0687
1.3896,pi,6.2800,2.8242,0.0691,0.0691
1.3947,pi,6.2800,2.8078,0.0694,0.0694
1.3997,pi,6.2800,2.7985,0.0696,0.0696
1.4047,pi,6.2800,2.8415,0.0688,0.0688
1.4098,pi,6.2800,2.8758,0.0681,0.0681
1.4147,pi,6.2800,2.8944,0.0677,0.0677
1.4198,pi,6.2800,2.8676,0.0682,0.0682
1.4254,pi,6.2800,2.8470,0.0687,0.0687
1.4305,pi,6.2800,2.8801,0.0680,0.0680
1.4350,pi,6.2800,2.9069,0.0675,0.0675
1.4396,pi,6.2800,2.9285,0.0670,0.0670
1.4446,pi,6.2800,2.9367,0.0669,0.0669
1.4497,pi,6.2800,2.9436,0.0667,0.0667
1.4548,pi,6.2800,2.9076,0.0674,0.0674
1.4598,pi,6.2800,2.8743,0.0681,0.0681
1.4646,pi,6.2800,2.8942,0.0677,0.0677
1.4697,pi,6.2800,2.9095,0.0674,0.0674
1.4747,pi,6.2800,2.9223,0.0672,0.0672
1.4797,pi,6.2800,2.9321,0.0670,0.0670
1.4847,pi,6.2800,2.8949,0.0677,0.0677
1.4897,pi,6.2800,2.8643,0.0683,0.0683
1.4948,pi,6.2800,2.8442,0.0687,0.0687
1.4997,pi,6.2800,2.8784,0.0680,0.0680
1.5046,pi,6.2800,2.8967,0.0677,0.0677
1.5097,pi,6.2800,2.9115,0.0674,0.0674
1.5147,pi,6.2800,2.8821,0.0680,0.0680
1.5197,pi,6.2800,2.8585,0.0684,0.0684
1.5247,pi,6.2800,2.8351,0.0689,0.0689
1.5297,pi,6.2800,2.8210,0.0692,0.0692
1.5346,pi,6.2800,2.8508,0.0686,0.0686
1.5397,pi,6.2800,2.8747,0.0681,0.0681
1.5447,pi,6.2800,2.8938,0.0677,0.0677
1.5497,pi,6.2800,2.8680,0.0682,0.0682
1.5547,pi,6.2800,2.8472,0.0687,0.0687
1.5597,pi,6.2800,2.8261,0.0691,0.0691
1.5647,pi,6.2800,2.8550,0.0685,0.0685
1.5697,pi,6.2800,2.8781,0.0680,0.0680
1.5747,pi,6.2800,2.8966,0.0677,0.0677
1.5797,pi,6.2800,2.9204,0.0672,0.0672
1.5847,pi,6.2800,2.8892,0.0678,0.0678
1.5897,pi,6.2800,2.8642,0.0683,0.0683
1.5947,pi,6.2800,2.8853,0.0679,0.0679
1.5997,pi,6.2800,2.9024,0.0676,0.0676
1.6047,pi,6.2800,2.9251,0.0671,0.0671
1.6097,pi,6.2800,2.9432,0.0667,0.0667
1.6146,pi,6.2800,2.9486,0.0666,0.0666
1.6197,pi,6.2800,2.9117,0.0674,0.0674
1.6249,pi,6.2800,2.8819,0.0680,0.0680
1.6297,pi,6.2800,2.8994,0.0676,0.0676
1.6347,pi,6.2800,2.9227,0.0671,0.0671
1.6396,pi,6.2800,2.9322,0.0670,0.0670
1.6448,pi,6.2800,2.8986,0.0676,0.0676
1.6496,pi,6.2800,2.8676,0.0682,0.0682
1.6547,pi,6.2800,2.8425,0.0688,0.0688
1.6596,pi,6.2800,2.8682,0.0682,0.0682
1.6646,pi,6.2800,2.8888,0.0678,0.0678
1.6697,pi,6.2800,2.9052,0.0675,0.0675
1.6747,pi,6.2800,2.9184,0.0672,0.0672
1.6796,pi,6.2800,2.9748,0.0661,0.0661
1.6847,pi,6.2800,2.9285,0.0670,0.0670
1.6896,pi,6.2800,2.9371,0.0669,0.0669
1.6947,pi,6.2800,2.9439,0.0667,0.0667
1.6997,pi,6.2800,2.9583,0.0664,0.0664
1.7046,pi,6.2800,2.9607,0.0664,0.0664
1.7097,pi,6.2800,2.9213,0.0672,0.0672
1.7146,pi,6.2800,2.9310,0.0670,0.0670
1.7196,pi,6.2800,2.9389,0.0668,0.0668
1.7246,pi,6.2800,2.9452,0.0667,0.0667
1.7297,pi,6.2800,2.9091,0.0674,0.0674
1.7346,pi,6.2800,2.8756,0.0681,0.0681
1.7397,pi,6.2800,2.8533,0.0685,0.0685
1.7447,pi,6.2800,2.8355,0.0689,0.0689
1.7496,pi,6.2800,2.8167,0.0693,0.0693
1.7547,pi,6.2800,2.8565,0.0685,0.0685
1.7596,pi,6.2800,2.8883,0.0678,0.0678
1.7647,pi,6.2800,2.8634,0.0683,0.0683
1.7697,pi,6.2800,2.8434,0.0687,0.0687
1.7747,pi,6.2800,2.8778,0.0680,0.0680
1.7797,pi,6.2800,2.8550,0.0685,0.0685
1.7846,pi,6.2800,2.8870,0.0679,0.0679
1.7896,pi,6.2800,2.9128,0.0673,0.0673
1.7947,pi,6.2800,2.9333,0.0669,0.0669
1.7996,pi,6.2800,2.9498,0.0666,0.0666
1.8047,pi,6.2800,2.9127,0.0673,0.0673
1.8096,pi,6.2800,2.9243,0.0671,0.0671
1.8146,pi,6.2800,2.9336,0.0669,0.0669
1.8197,pi,6.2800,2.9410,0.0668,0.0668
1.8247,pi,6.2800,2.9057,0.0675,0.0675
1.8297,pi,6.2800,2.9275,0.0670,0.0670
1.8347,pi,6.2800,2.8950,0.0677,0.0677
1.8397,pi,6.2800,2.8686,0.0682,0.0682
1.8446,pi,6.2800,2.8889,0.0678,0.0678
1.8497,pi,6.2800,2.9143,0.0673,0.0673
1.8546,pi,6.2800,2.9254,0.0671,0.0671
1.8597,pi,6.2800,2.8932,0.0677,0.0677
1.8647,pi,6.2800,2.8673,0.0683,0.0683
1.8697,pi,6.2800,2.8970,0.0677,0.0677
1.8746,pi,6.2800,2.9116,0.0674,0.0674
1.8796,pi,6.2800,2.9233,0.0671,0.0671
1.8846,pi,6.2800,2.9330,0.0669,0.0669
1.8896,pi,6.2800,2.9404,0.0668,0.0668
1.8947,pi,6.2800,2.9922,0.0658,0.0658
1.8997,pi,6.2800,2.9421,0.0668,0.0668
1.9046,pi,6.2800,2.9478,0.0666,0.0666
1.9096,pi,6.2800,2.9523,0.0666,0.0666
1.9146,pi,6.2800,2.9559,0.0665,0.0665
1.9197,pi,6.2800,2.9176,0.0672,0.0672
1.9247,pi,6.2800,2.8869,0.0679,0.0679
1.9296,pi,6.2800,2.9035,0.0675,0.0675
1.9346,pi,6.2800,2.9170,0.0673,0.0673
1.9397,pi,6.2800,2.9276,0.0670,0.0670
1.9447,pi,6.2800,2.8950,0.0677,0.0677
1.9497,pi,6.2800,2.9192,0.0672,0.0672
1.9547,pi,6.2800,2.8882,0.0678,0.0678
1.9597,pi,6.2800,2.8633,0.0683,0.0683
1.9646,pi,6.2800,2.8847,0.0679,0.0679
1.9696,pi,6.2800,2.9019,0.0676,0.0676
1.9746,pi,6.2800,2.9156,0.0673,0.0673
1.9797,pi,6.2800,2.8854,0.0679,0.0679
1.9847,pi,6.2800,2.8610,0.0684,0.0684
1.9896,pi,6.2800,2.8828,0.0679,0.0679
1.9947,pi,6.2800,2.9093,0.0674,0.0674
1.9996,pi,6.2800,2.9215,0.0672,0.0672
2.0047,pi,6.2800,2.9402,0.0668,0.0668
2.0097,pi,6.2800,2.9553,0.0665,0.0665
2.0146,pi,6.2800,3.0040,0.0655,0.0655
2.0197,pi,6.2800,3.0063,0.0655,0.0655
2.0246,pi,6.2800,2.9990,0.0656,0.0656
2.0297,pi,6.2800,3.0023,0.0656,0.0656
2.0347,pi,6.2800,2.9959,0.0657,0.0657
2.0396,pi,6.2800,3.0366,0.0649,0.0649
2.0448,pi,6.2800,2.9818,0.0660,0.0660
2.0497,pi,6.2800,2.9885,0.0658,0.0658
2.0546,pi,6.2800,2.9849,0.0659,0.0659
2.0596,pi,6.2800,2.9822,0.0660,0.0660
2.0647,pi,6.2800,2.9387,0.0668,0.0668
2.0697,pi,6.2800,2.9026,0.0675,0.0675
2.0747,pi,6.2800,2.9161,0.0673,0.0673
2.0796,pi,6.2800,2.9270,0.0671,0.0671
2.0847,pi,6.2800,2.9358,0.0669,0.0669
2.0896,pi,6.2800,2.9428,0.0667,0.0667
2.0947,pi,6.2800,2.9026,0.0675,0.0675
2.0997,pi,6.2800,2.9621,0.0664,0.0664
2.1047,pi,6.2800,2.9639,0.0663,0.0663
2.1098,pi,6.2800,2.9740,0.0661,0.0661
2.1150,pi,6.2800,2.9821,0.0660,0.0660
2.1197,pi,6.2800,2.9795,0.0660,0.0660
2.1247,pi,6.2800,2.9365,0.0669,0.0669
2.1297,pi,6.2800,2.9021,0.0676,0.0676
2.1346,pi,6.2800,2.9157,0.0673,0.0673
2.1397,pi,6.2800,2.9357,0.0669,0.0669
2.1446,pi,6.2800,2.9426,0.0667,0.0667
2.1496,pi,6.2800,2.9482,0.0666,0.0666
2.1547,pi,6.2800,2.9114,0.0674,0.0674
2.1596,pi,6.2800,2.8773,0.0681,0.0681
2.1646,pi,6.2800,2.8963,0.0677,0.0677
2.1696,pi,6.2800,2.9115,0.0674,0.0674
2.1746,pi,6.2800,2.9237,0.0671,0.0671
2.1797,pi,6.2800,2.9421,0.0668,0.0668
2.1847,pi,6.2800,2.9065,0.0675,0.0675
2.1897,pi,6.2800,2.8779,0.0680,0.0680
2.1946,pi,6.2800,2.8964,0.0677,0.0677
2.1996,pi,6.2800,2.9113,0.0674,0.0674
2.2047,pi,6.2800,2.9322,0.0670,0.0670
2.2096,pi,6.2800,2.9397,0.0668,0.0668
2.2147,pi,6.2800,2.9046,0.0675,0.0675
2.2197,pi,6.2800,2.9268,0.0671,0.0671
2.2246,pi,6.2800,2.9446,0.0667,0.0667
2.2296,pi,6.2800,2.9588,0.0664,0.0664
2.2346,pi,6.2800,2.9702,0.0662,0.0662
2.2396,pi,6.2800,2.9702,0.0662,0.0662
2.2448,pi,6.2800,2.9289,0.0670,0.0670
2.2497,pi,6.2800,2.9463,0.0667,0.0667
2.2546,pi,6.2800,2.9511,0.0666,0.0666
2.2596,pi,6.2800,2.9549,0.0665,0.0665
2.2647,pi,6.2800,2.9671,0.0663,0.0663
2.2698,pi,6.2800,2.9262,0.0671,0.0671
2.2746,pi,6.2800,2.9441,0.0667,0.0667
2.2797,pi,6.2800,2.9585,0.0664,0.0664
2.2846,pi,6.2800,2.9609,0.0664,0.0664
2.2896,pi,6.2800,2.9629,0.0663,0.0663
2.2947,pi,6.2800,2.9644,0.0663,0.0663
2.2996,pi,6.2800,2.9657,0.0663,0.0663
2.3046,pi,6.2800,2.9667,0.0663,0.0663
2.3096,pi,6.2800,2.9674,0.0663,0.0663
2.3146,pi,6.2800,2.9680,0.0662,0.0662
2.3196,pi,6.2800,2.9685,0.0662,0.0662
2.3247,pi,6.2800,2.9691,0.0662,0.0662
2.3296,pi,6.2800,2.9694,0.0662,0.0662
2.3347,pi,6.2800,2.9786,0.0660,0.0660
2.3397,pi,6.2800,2.9859,0.0659,0.0659
2.3447,pi,6.2800,2.9827,0.0659,0.0659
2.3497,pi,6.2800,2.9891,0.0658,0.0658
2.3546,pi,6.2800,2.9944,0.0657,0.0657
2.3596,pi,6.2800,2.9986,0.0656,0.0656
2.3646,pi,6.2800,3.0020,0.0656,0.0656
2.3697,pi,6.2800,3.0041,0.0655,0.0655
2.3747,pi,6.2800,3.0064,0.0655,0.0655
2.3796,pi,6.2800,3.0449,0.0647,0.0647
2.3846,pi,6.2800,3.0300,0.0650,0.0650
2.3896,pi,6.2800,3.0181,0.0652,0.0652
2.3947,pi,6.2800,3.0176,0.0652,0.0652
2.3996,pi,6.2800,3.0081,0.0654,0.0654
2.4046,pi,6.2800,3.0465,0.0647,0.0647
2.4097,pi,6.2800,3.0312,0.0650,0.0650
2.4148,pi,6.2800,3.0279,0.0650,0.0650
2.4197,pi,6.2800,3.0163,0.0653,0.0653
2.4247,pi,6.2800,3.0076,0.0654,0.0654
2.4297,pi,6.2800,2.9589,0.0664,0.0664
2.4347,pi,6.2800,2.9199,0.0672,0.0672
2.4396,pi,6.2800,2.9300,0.0670,0.0670
2.4447,pi,6.2800,2.9380,0.0668,0.0668
2.4497,pi,6.2800,2.9536,0.0665,0.0665
2.4546,pi,6.2800,2.9157,0.0673,0.0673
2.4597,pi,6.2800,2.8853,0.0679,0.0679
2.4647,pi,6.2800,2.9023,0.0676,0.0676
2.4696,pi,6.2800,2.9161,0.0673,0.0673
2.4746,pi,6.2800,2.9271,0.0671,0.0671
2.4797,pi,6.2800,2.9357,0.0669,0.0669
2.4846,pi,6.2800,2.9884,0.0658,0.0658
2.4896,pi,6.2800,3.0305,0.0650,0.0650
2.4947,pi,6.2800,3.0184,0.0652,0.0652
2.4997,pi,6.2800,3.0179,0.0652,0.0652
2.5047,pi,6.2800,3.0175,0.0653,0.0653
2.5096,pi,6.2800,3.0080,0.0654,0.0654
2.5147,pi,6.2800,3.0095,0.0654,0.0654
2.5196,pi,6.2800,3.0017,0.0656,0.0656
2.5248,pi,6.2800,3.0045,0.0655,0.0655
2.5296,pi,6.2800,2.9976,0.0656,0.0656
2.5347,pi,6.2800,2.9510,0.0666,0.0666
2.5397,pi,6.2800,2.9637,0.0663,0.0663
2.5447,pi,6.2800,2.9740,0.0661,0.0661
2.5496,pi,6.2800,2.9823,0.0660,0.0660
2.5546,pi,6.2800,2.9799,0.0660,0.0660
2.5597,pi,6.2800,3.0373,0.0649,0.0649
2.5646,pi,6.2800,3.0695,0.0642,0.0642
2.5697,pi,6.2800,3.0586,0.0644,0.0644
2.5747,pi,6.2800,3.0499,0.0646,0.0646
2.5797,pi,6.2800,3.0429,0.0647,0.0647
2.5847,pi,6.2800,3.0370,0.0649,0.0649
2.5896,pi,6.2800,3.0691,0.0642,0.0642
2.5947,pi,6.2800,3.0583,0.0644,0.0644
2.5997,pi,6.2800,3.0499,0.0646,0.0646
2.6047,pi,6.2800,3.0430,0.0647,0.0647
2.6096,pi,6.2800,3.0283,0.0650,0.0650
2.6147,pi,6.2800,3.0258,0.0651,0.0651
2.6196,pi,6.2800,3.0148,0.0653,0.0653
2.6248,pi,6.2800,3.0060,0.0655,0.0655
2.6297,pi,6.2800,3.0079,0.0654,0.0654
2.6346,pi,6.2800,3.0003,0.0656,0.0656
2.6397,pi,6.2800,2.9531,0.0665,0.0665
2.6448,pi,6.2800,2.9153,0.0673,0.0673
2.6496,pi,6.2800,2.9264,0.0671,0.0671
2.6546,pi,6.2800,2.9352,0.0669,0.0669
2.6596,pi,6.2800,2.9422,0.0668,0.0668
2.6647,pi,6.2800,2.9480,0.0666,0.0666
2.6699,pi,6.2800,2.9105,0.0674,0.0674
2.6750,pi,6.2800,2.9312,0.0670,0.0670
2.6801,pi,6.2800,2.9387,0.0668,0.0668
2.6847,pi,6.2800,2.9541,0.0665,0.0665
2.6897,pi,6.2800,2.9574,0.0665,0.0665
2.6947,pi,6.2800,2.9599,0.0664,0.0664
2.6997,pi,6.2800,2.9709,0.0662,0.0662
2.7054,pi,6.2800,2.9794,0.0660,0.0660
2.7103,pi,6.2800,2.9862,0.0659,0.0659
2.7146,pi,6.2800,2.9917,0.0658,0.0658
2.7196,pi,6.2800,2.9873,0.0659,0.0659
2.7246,pi,6.2800,3.0299,0.0650,0.0650
2.7296,pi,6.2800,3.0182,0.0652,0.0652
2.7347,pi,6.2800,3.0176,0.0652,0.0652
2.7398,pi,6.2800,3.0172,0.0653,0.0653
2.7447,pi,6.2800,3.0169,0.0653,0.0653
2.7496,pi,6.2800,3.0078,0.0654,0.0654
2.7546,pi,6.2800,2.9546,0.0665,0.0665
2.7596,pi,6.2800,2.9583,0.0664,0.0664
2.7647,pi,6.2800,2.9612,0.0664,0.0664
2.7697,pi,6.2800,2.9719,0.0662,0.0662
2.7747,pi,6.2800,2.9305,0.0670,0.0670
2.7797,pi,6.2800,2.8970,0.0677,0.0677
2.7846,pi,6.2800,2.8660,0.0683,0.0683
2.7897,pi,6.2800,2.8455,0.0687,0.0687
2.7946,pi,6.2800,2.8706,0.0682,0.0682
2.7997,pi,6.2800,2.8909,0.0678,0.0678
2.8046,pi,6.2800,2.9068,0.0675,0.0675
2.8097,pi,6.2800,2.8782,0.0680,0.0680
2.8146,pi,6.2800,2.8554,0.0685,0.0685
2.8197,pi,6.2800,2.8782,0.0680,0.0680
2.8246,pi,6.2800,2.8970,0.0677,0.0677
2.8297,pi,6.2800,2.9117,0.0674,0.0674
2.8347,pi,6.2800,2.9324,0.0670,0.0670
2.8397,pi,6.2800,2.9399,0.0668,0.0668
2.8447,pi,6.2800,2.9548,0.0665,0.0665
2.8497,pi,6.2800,2.9670,0.0663,0.0663
2.8546,pi,6.2800,2.9767,0.0661,0.0661
2.8596,pi,6.2800,2.9754,0.0661,0.0661
2.8647,pi,6.2800,2.9835,0.0659,0.0659
2.8697,pi,6.2800,2.9899,0.0658,0.0658
2.8746,pi,6.2800,2.9951,0.0657,0.0657
2.8797,pi,6.2800,2.9992,0.0656,0.0656
2.8846,pi,6.2800,2.9934,0.0657,0.0657
2.8897,pi,6.2800,2.9979,0.0656,0.0656
2.8947,pi,6.2800,3.0015,0.0656,0.0656
2.8997,pi,6.2800,3.0044,0.0655,0.0655
2.9046,pi,6.2800,2.9975,0.0656,0.0656
2.9097,pi,6.2800,3.0011,0.0656,0.0656
2.9147,pi,6.2800,3.0039,0.0655,0.0655
2.9197,pi,6.2800,2.9560,0.0665,0.0665
2.9247,pi,6.2800,2.9679,0.0662,0.0662
2.9296,pi,6.2800,2.9684,0.0662,0.0662
2.9347,pi,6.2800,2.9688,0.0662,0.0662
2.9397,pi,6.2800,2.9691,0.0662,0.0662
2.9448,pi,6.2800,2.9279,0.0670,0.0670
2.9497,pi,6.2800,2.8950,0.0677,0.0677
2.9547,pi,6.2800,2.9190,0.0672,0.0672
2.9596,pi,6.2800,2.9292,0.0670,0.0670
2.9647,pi,6.2800,2.9374,0.0669,0.0669
2.9697,pi,6.2800,2.9440,0.0667,0.0667
2.9747,pi,6.2800,2.9493,0.0666,0.0666
2.9797,pi,6.2800,2.9536,0.0665,0.0665
2.9847,pi,6.2800,2.9659,0.0663,0.0663
2.9897,pi,6.2800,2.9759,0.0661,0.0661
2.9947,pi,6.2800,2.9837,0.0659,0.0659
2.9997,pi,6.2800,2.9812,0.0660,0.0660
3.0047,pi,6.2800,3.0249,0.0651,0.0651
3.0097,pi,6.2800,3.0231,0.0651,0.0651
3.0147,pi,6.2800,3.0217,0.0652,0.0652
3.0197,pi,6.2800,3.0205,0.0652,0.0652
3.0247,pi,6.2800,3.0195,0.0652,0.0652
3.0297,pi,6.2800,3.0188,0.0652,0.0652
3.0347,pi,6.2800,3.0090,0.0654,0.0654
3.0397,pi,6.2800,3.0013,0.0656,0.0656
3.0448,pi,6.2800,2.9950,0.0657,0.0657
3.0497,pi,6.2800,2.9991,0.0656,0.0656
3.0547,pi,6.2800,3.0024,0.0656,0.0656
3.0597,pi,6.2800,3.0050,0.0655,0.0655
3.0647,pi,6.2800,3.0072,0.0655,0.0655
3.0696,pi,6.2800,2.9998,0.0656,0.0656
3.0747,pi,6.2800,3.0029,0.0655,0.0655
3.0797,pi,6.2800,3.0055,0.0655,0.0655
3.0846,pi,6.2800,2.9984,0.0656,0.0656
3.0897,pi,6.2800,3.0019,0.0656,0.0656
3.0947,pi,6.2800,3.0047,0.0655,0.0655
3.0996,pi,6.2800,2.9980,0.0656,0.0656
3.1047,pi,6.2800,3.0382,0.0648,0.0648
3.1097,pi,6.2800,3.0247,0.0651,0.0651
3.1148,pi,6.2800,3.0226,0.0651,0.0651
3.1199,pi,6.2800,3.0212,0.0652,0.0652
3.1248,pi,6.2800,3.0201,0.0652,0.0652
3.1296,pi,6.2800,3.0192,0.0652,0.0652
3.1346,pi,6.2800,3.0094,0.0654,0.0654
3.1397,pi,6.2800,3.0015,0.0656,0.0656
3.1448,pi,6.2800,3.0043,0.0655,0.0655
3.1497,pi,6.2800,3.0066,0.0655,0.0655
3.1547,pi,6.2800,3.0085,0.0654,0.0654
3.1597,pi,6.2800,3.0099,0.0654,0.0654
3.1646,pi,6.2800,3.0021,0.0656,0.0656
3.1697,pi,6.2800,2.9960,0.0657,0.0657
3.1747,pi,6.2800,2.9909,0.0658,0.0658
3.1797,pi,6.2800,3.0328,0.0649,0.0649
3.1847,pi,6.2800,3.0293,0.0650,0.0650
3.1897,pi,6.2800,3.0266,0.0651,0.0651
3.1947,pi,6.2800,3.0152,0.0653,0.0653
3.1997,pi,6.2800,3.0064,0.0655,0.0655
3.2047,pi,6.2800,3.0083,0.0654,0.0654
3.2097,pi,6.2800,3.0098,0.0654,0.0654
3.2147,pi,6.2800,3.0109,0.0654,0.0654
3.2197,pi,6.2800,3.0119,0.0654,0.0654
3.2247,pi,6.2800,3.0126,0.0653,0.0653
3.2297,pi,6.2800,3.0133,0.0653,0.0653
3.2347,pi,6.2800,3.0138,0.0653,0.0653
3.2397,pi,6.2800,3.0139,0.0653,0.0653
3.2447,pi,6.2800,3.0052,0.0655,0.0655
3.2497,pi,6.2800,3.0068,0.0655,0.0655
3.2546,pi,6.2800,3.0450,0.0647,0.0647
3.2597,pi,6.2800,3.0392,0.0648,0.0648
3.2646,pi,6.2800,3.0254,0.0651,0.0651
3.2697,pi,6.2800,3.0235,0.0651,0.0651
3.2746,pi,6.2800,3.0127,0.0653,0.0653
3.2797,pi,6.2800,3.0500,0.0646,0.0646
3.2847,pi,6.2800,3.0340,0.0649,0.0649
3.2897,pi,6.2800,3.0213,0.0652,0.0652
3.2947,pi,6.2800,3.0114,0.0654,0.0654
3.2997,pi,6.2800,3.0034,0.0655,0.0655
3.3047,pi,6.2800,3.0058,0.0655,0.0655
3.3096,pi,6.2800,2.9987,0.0656,0.0656
3.3147,pi,6.2800,3.0022,0.0656,0.0656
3.3197,pi,6.2800,3.0049,0.0655,0.0655
3.3247,pi,6.2800,3.0071,0.0655,0.0655
3.3296,pi,6.2800,3.0454,0.0647,0.0647
3.3347,pi,6.2800,3.0395,0.0648,0.0648
3.3397,pi,6.2800,3.0348,0.0649,0.0649
3.3448,pi,6.2800,3.0309,0.0650,0.0650
3.3496,pi,6.2800,3.0645,0.0643,0.0643
3.3547,pi,6.2800,3.0913,0.0638,0.0638
3.3597,pi,6.2800,3.0762,0.0641,0.0641
3.3647,pi,6.2800,3.0641,0.0643,0.0643
3.3696,pi,6.2800,3.0911,0.0638,0.0638
3.3747,pi,6.2800,3.1127,0.0633,0.0633
3.3797,pi,6.2800,3.0933,0.0637,0.0637
3.3847,pi,6.2800,3.0777,0.0640,0.0640
3.3897,pi,6.2800,3.0653,0.0643,0.0643
3.3947,pi,6.2800,3.0921,0.0638,0.0638
3.3997,pi,6.2800,3.1136,0.0633,0.0633
3.4047,pi,6.2800,3.0848,0.0639,0.0639
3.4097,pi,6.2800,3.0619,0.0644,0.0644
3.4147,pi,6.2800,3.0436,0.0647,0.0647
3.4197,pi,6.2800,2.9877,0.0658,0.0658
3.4247,pi,6.2800,2.9430,0.0667,0.0667
3.4296,pi,6.2800,2.9484,0.0666,0.0666
3.4347,pi,6.2800,2.9617,0.0664,0.0664
3.4396,pi,6.2800,2.9635,0.0663,0.0663
3.4447,pi,6.2800,2.9234,0.0671,0.0671
3.4497,pi,6.2800,2.8917,0.0678,0.0678
3.4547,pi,6.2800,2.9164,0.0673,0.0673
3.4596,pi,6.2800,2.9271,0.0671,0.0671
3.4647,pi,6.2800,2.9449,0.0667,0.0667
3.4697,pi,6.2800,2.9586,0.0664,0.0664
3.4747,pi,6.2800,2.9698,0.0662,0.0662
3.4797,pi,6.2800,2.9789,0.0660,0.0660
3.4847,pi,6.2800,2.9772,0.0661,0.0661
3.4897,pi,6.2800,2.9849,0.0659,0.0659
3.4947,pi,6.2800,3.0277,0.0650,0.0650
3.4997,pi,6.2800,3.0621,0.0644,0.0644
3.5047,pi,6.2800,3.0894,0.0638,0.0638
3.5097,pi,6.2800,3.0747,0.0641,0.0641
3.5147,pi,6.2800,3.0629,0.0643,0.0643
3.5196,pi,6.2800,3.0901,0.0638,0.0638
3.5249,pi,6.2800,3.1125,0.0634,0.0634
3.5302,pi,6.2800,3.0926,0.0637,0.0637
3.5352,pi,6.2800,3.0762,0.0641,0.0641
3.5402,pi,6.2800,3.0636,0.0643,0.0643
3.5455,pi,6.2800,3.0529,0.0645,0.0645
3.5512,pi,6.2800,3.0255,0.0651,0.0651
3.5556,pi,6.2800,3.0235,0.0651,0.0651
3.5602,pi,6.2800,3.0210,0.0652,0.0652
3.5647,pi,6.2800,3.0195,0.0652,0.0652
3.5697,pi,6.2800,3.0185,0.0652,0.0652
3.5747,pi,6.2800,3.0179,0.0652,0.0652
3.5797,pi,6.2800,3.0081,0.0654,0.0654
3.5848,pi,6.2800,3.0009,0.0656,0.0656
3.5898,pi,6.2800,2.9954,0.0657,0.0657
3.5948,pi,6.2800,3.0365,0.0649,0.0649
3.5998,pi,6.2800,3.0240,0.0651,0.0651
3.6048,pi,6.2800,3.0277,0.0650,0.0650
3.6098,pi,6.2800,3.0165,0.0653,0.0653
3.6156,pi,6.2800,3.0150,0.0653,0.0653
3.6202,pi,6.2800,3.0143,0.0653,0.0653
3.6259,pi,6.2800,3.0141,0.0653,0.0653
3.6307,pi,6.2800,3.0141,0.0653,0.0653
3.6351,pi,6.2800,3.0141,0.0653,0.0653
3.6414,pi,6.2800,3.0520,0.0646,0.0646
3.6458,pi,6.2800,3.0464,0.0647,0.0647
3.6508,pi,6.2800,3.0400,0.0648,0.0648
3.6554,pi,6.2800,3.0346,0.0649,0.0649
3.6599,pi,6.2800,3.0304,0.0650,0.0650
3.6649,pi,6.2800,3.0183,0.0652,0.0652
3.6703,pi,6.2800,3.0558,0.0645,0.0645
3.6752,pi,6.2800,3.0477,0.0646,0.0646
3.6802,pi,6.2800,3.0323,0.0650,0.0650
3.6847,pi,6.2800,3.0202,0.0652,0.0652
3.6897,pi,6.2800,3.0099,0.0654,0.0654
3.6947,pi,6.2800,3.0193,0.0652,0.0652
3.6997,pi,6.2800,3.0100,0.0654,0.0654
3.7047,pi,6.2800,3.0024,0.0656,0.0656
3.7097,pi,6.2800,3.0424,0.0648,0.0648
3.7146,pi,6.2800,3.0743,0.0641,0.0641
3.7197,pi,6.2800,3.0995,0.0636,0.0636
3.7247,pi,6.2800,3.0740,0.0641,0.0641
3.7297,pi,6.2800,3.0538,0.0645,0.0645
3.7346,pi,6.2800,3.0833,0.0639,0.0639
3.7397,pi,6.2800,3.1067,0.0635,0.0635
3.7447,pi,6.2800,3.1259,0.0631,0.0631
3.7497,pi,6.2800,3.1038,0.0635,0.0635
3.7546,pi,6.2800,3.0771,0.0641,0.0641
3.7597,pi,6.2800,3.0558,0.0645,0.0645
3.7647,pi,6.2800,2.9932,0.0657,0.0657
3.7697,pi,6.2800,2.9978,0.0656,0.0656
3.7747,pi,6.2800,3.0013,0.0656,0.0656
3.7797,pi,6.2800,3.0042,0.0655,0.0655
3.7847,pi,6.2800,3.0066,0.0655,0.0655
3.7896,pi,6.2800,3.0084,0.0654,0.0654
3.7947,pi,6.2800,3.0097,0.0654,0.0654
3.7996,pi,6.2800,3.0020,0.0656,0.0656
3.8047,pi,6.2800,2.9957,0.0657,0.0657
3.8096,pi,6.2800,3.0364,0.0649,0.0649
3.8146,pi,6.2800,3.0690,0.0642,0.0642
3.8197,pi,6.2800,3.0583,0.0644,0.0644
3.8246,pi,6.2800,3.0407,0.0648,0.0648
3.8297,pi,6.2800,3.0357,0.0649,0.0649
3.8347,pi,6.2800,3.0317,0.0650,0.0650
3.8396,pi,6.2800,3.0194,0.0652,0.0652
3.8447,pi,6.2800,3.0094,0.0654,0.0654
3.8497,pi,6.2800,3.0019,0.0656,0.0656
3.8547,pi,6.2800,2.9955,0.0657,0.0657
3.8596,pi,6.2800,3.0362,0.0649,0.0649
3.8647,pi,6.2800,3.0321,0.0650,0.0650
3.8697,pi,6.2800,3.0288,0.0650,0.0650
3.8746,pi,6.2800,3.0628,0.0643,0.0643
3.8797,pi,6.2800,3.0901,0.0638,0.0638
3.8847,pi,6.2800,3.0752,0.0641,0.0641
3.8897,pi,6.2800,3.0633,0.0643,0.0643
3.8947,pi,6.2800,3.0537,0.0645,0.0645
3.8997,pi,6.2800,3.0962,0.0637,0.0637
3.9046,pi,6.2800,3.1167,0.0633,0.0633
3.9097,pi,6.2800,3.0965,0.0637,0.0637
3.9146,pi,6.2800,3.0712,0.0642,0.0642
3.9196,pi,6.2800,3.0510,0.0646,0.0646
3.9246,pi,6.2800,3.0808,0.0640,0.0640
3.9296,pi,6.2800,3.0588,0.0644,0.0644
3.9347,pi,6.2800,3.0500,0.0646,0.0646
3.9396,pi,6.2800,3.0342,0.0649,0.0649
3.9447,pi,6.2800,3.0216,0.0652,0.0652
3.9496,pi,6.2800,3.0574,0.0645,0.0645
3.9547,pi,6.2800,3.0400,0.0648,0.0648
3.9596,pi,6.2800,3.0260,0.0651,0.0651
3.9647,pi,6.2800,3.0240,0.0651,0.0651
3.9697,pi,6.2800,3.0222,0.0652,0.0652
3.9747,pi,6.2800,3.0208,0.0652,0.0652
3.9797,pi,6.2800,3.0195,0.0652,0.0652
3.9847,pi,6.2800,3.0094,0.0654,0.0654
3.9897,pi,6.2800,3.0107,0.0654,0.0654
3.9947,pi,6.2800,3.0483,0.0646,0.0646
3.9997,pi,6.2800,3.0418,0.0648,0.0648
4.0047,pi,6.2800,3.0364,0.0649,0.0649
4.0096,pi,6.2800,3.0323,0.0650,0.0650
4.0146,pi,6.2800,3.0792,0.0640,0.0640
4.0196,pi,6.2800,3.1031,0.0635,0.0635
4.0247,pi,6.2800,3.0855,0.0639,0.0639
4.0296,pi,6.2800,3.0625,0.0644,0.0644
4.0347,pi,6.2800,3.0441,0.0647,0.0647
4.0397,pi,6.2800,3.0751,0.0641,0.0641
4.0447,pi,6.2800,3.0631,0.0643,0.0643
4.0497,pi,6.2800,3.0536,0.0645,0.0645
4.0546,pi,6.2800,3.0368,0.0649,0.0649
4.0597,pi,6.2800,3.0692,0.0642,0.0642
4.0647,pi,6.2800,3.0585,0.0644,0.0644
4.0697,pi,6.2800,3.0499,0.0646,0.0646
4.0746,pi,6.2800,3.0338,0.0649,0.0649
4.0797,pi,6.2800,3.0804,0.0640,0.0640
4.0846,pi,6.2800,3.1040,0.0635,0.0635
4.0896,pi,6.2800,3.1230,0.0631,0.0631
4.0947,pi,6.2800,3.0926,0.0637,0.0637
4.0997,pi,6.2800,3.0771,0.0641,0.0641
4.1046,pi,6.2800,3.1014,0.0636,0.0636
4.1097,pi,6.2800,3.0842,0.0639,0.0639
4.1166,pi,6.2800,3.0702,0.0642,0.0642
4.1211,pi,6.2800,3.0590,0.0644,0.0644
4.1256,pi,6.2800,3.0502,0.0646,0.0646
4.1299,pi,6.2800,3.0432,0.0647,0.0647
4.1346,pi,6.2800,3.0377,0.0648,0.0648
4.1396,pi,6.2800,3.0242,0.0651,0.0651
4.1447,pi,6.2800,3.0225,0.0651,0.0651
4.1496,pi,6.2800,3.0577,0.0644,0.0644
4.1547,pi,6.2800,3.0492,0.0646,0.0646
4.1596,pi,6.2800,3.0334,0.0649,0.0649
4.1646,pi,6.2800,3.0208,0.0652,0.0652
4.1697,pi,6.2800,3.0566,0.0645,0.0645
4.1747,pi,6.2800,3.0853,0.0639,0.0639
4.1797,pi,6.2800,3.0712,0.0642,0.0642
4.1847,pi,6.2800,3.0602,0.0644,0.0644
4.1897,pi,6.2800,3.0511,0.0646,0.0646
4.1947,pi,6.2800,3.0941,0.0637,0.0637
4.1997,pi,6.2800,3.1151,0.0633,0.0633
4.2049,pi,6.2800,3.0949,0.0637,0.0637
4.2103,pi,6.2800,3.0789,0.0640,0.0640
4.2151,pi,6.2800,3.0658,0.0643,0.0643
4.2197,pi,6.2800,3.0922,0.0638,0.0638
4.2246,pi,6.2800,3.0680,0.0642,0.0642
4.2296,pi,6.2800,3.0484,0.0646,0.0646
4.2347,pi,6.2800,3.0331,0.0649,0.0649
4.2397,pi,6.2800,3.0205,0.0652,0.0652
4.2447,pi,6.2800,3.0563,0.0645,0.0645
4.2497,pi,6.2800,3.0481,0.0646,0.0646
4.2546,pi,6.2800,3.0324,0.0650,0.0650
4.2597,pi,6.2800,3.0202,0.0652,0.0652
4.2647,pi,6.2800,3.0103,0.0654,0.0654
4.2697,pi,6.2800,3.0484,0.0646,0.0646
4.2747,pi,6.2800,3.0418,0.0648,0.0648
4.2796,pi,6.2800,3.0275,0.0650,0.0650
4.2847,pi,6.2800,3.0252,0.0651,0.0651
4.2896,pi,6.2800,3.0599,0.0644,0.0644
4.2947,pi,6.2800,3.0511,0.0646,0.0646
4.2997,pi,6.2800,3.0440,0.0647,0.0647
4.3047,pi,6.2800,3.0384,0.0648,0.0648
4.3096,pi,6.2800,3.0705,0.0642,0.0642
4.3147,pi,6.2800,3.0962,0.0637,0.0637
4.3197,pi,6.2800,3.0801,0.0640,0.0640
4.3246,pi,6.2800,3.0581,0.0644,0.0644
4.3299,pi,6.2800,3.0495,0.0646,0.0646
4.3354,pi,6.2800,3.0928,0.0637,0.0637
4.3399,pi,6.2800,3.0771,0.0641,0.0641
4.3450,pi,6.2800,3.0646,0.0643,0.0643
4.3496,pi,6.2800,3.1049,0.0635,0.0635
4.3547,pi,6.2800,3.1237,0.0631,0.0631
4.3597,pi,6.2800,3.1021,0.0636,0.0636
4.3647,pi,6.2800,3.0848,0.0639,0.0639
4.3697,pi,6.2800,3.0710,0.0642,0.0642
4.3746,pi,6.2800,3.0966,0.0637,0.0637
4.3797,pi,6.2800,3.1171,0.0633,0.0633
4.3847,pi,6.2800,3.1335,0.0629,0.0629
4.3897,pi,6.2800,3.1013,0.0636,0.0636
4.3948,pi,6.2800,3.0754,0.0641,0.0641
4.3997,pi,6.2800,3.0632,0.0643,0.0643
4.4047,pi,6.2800,3.0538,0.0645,0.0645
4.4097,pi,6.2800,3.0462,0.0647,0.0647
4.4147,pi,6.2800,3.0402,0.0648,0.0648
4.4196,pi,6.2800,3.0262,0.0651,0.0651
4.4247,pi,6.2800,3.0608,0.0644,0.0644
4.4296,pi,6.2800,3.0428,0.0647,0.0647
4.4347,pi,6.2800,3.0282,0.0650,0.0650
4.4397,pi,6.2800,3.0167,0.0653,0.0653
4.4447,pi,6.2800,3.0075,0.0655,0.0655
4.4497,pi,6.2800,3.0457,0.0647,0.0647
4.4546,pi,6.2800,3.0310,0.0650,0.0650
4.4596,pi,6.2800,3.0188,0.0652,0.0652
4.4647,pi,6.2800,3.0091,0.0654,0.0654
4.4697,pi,6.2800,3.0014,0.0656,0.0656
4.4746,pi,6.2800,3.0409,0.0648,0.0648
4.4797,pi,6.2800,3.0358,0.0649,0.0649
4.4846,pi,6.2800,3.0227,0.0651,0.0651
4.4896,pi,6.2800,3.0579,0.0644,0.0644
4.4947,pi,6.2800,3.0862,0.0639,0.0639
4.4997,pi,6.2800,3.1087,0.0634,0.0634
4.5047,pi,6.2800,3.0901,0.0638,0.0638
4.5097,pi,6.2800,3.0752,0.0641,0.0641
4.5146,pi,6.2800,3.0999,0.0636,0.0636
4.5197,pi,6.2800,3.1334,0.0629,0.0629
4.5247,pi,6.2800,3.1098,0.0634,0.0634
4.5296,pi,6.2800,3.1276,0.0630,0.0630
4.5346,pi,6.2800,3.1419,0.0628,0.0628
4.5397,pi,6.2800,3.1165,0.0633,0.0633
4.5447,pi,6.2800,3.0963,0.0637,0.0637
4.5497,pi,6.2800,3.0801,0.0640,0.0640
4.5546,pi,6.2800,3.1038,0.0635,0.0635
4.5596,pi,6.2800,3.1228,0.0631,0.0631
4.5647,pi,6.2800,3.1014,0.0636,0.0636
4.5697,pi,6.2800,3.0842,0.0639,0.0639
4.5746,pi,6.2800,3.0614,0.0644,0.0644
4.5797,pi,6.2800,3.0889,0.0638,0.0638
4.5847,pi,6.2800,3.0743,0.0641,0.0641
4.5896,pi,6.2800,3.0533,0.0645,0.0645
4.5947,pi,6.2800,3.0368,0.0649,0.0649
4.5997,pi,6.2800,3.0235,0.0651,0.0651
4.6046,pi,6.2800,3.0587,0.0644,0.0644
4.6097,pi,6.2800,3.0500,0.0646,0.0646
4.6146,pi,6.2800,3.0432,0.0647,0.0647
4.6197,pi,6.2800,3.0375,0.0649,0.0649
4.6247,pi,6.2800,3.0330,0.0649,0.0649
4.6297,pi,6.2800,3.0290,0.0650,0.0650
4.6348,pi,6.2800,3.0261,0.0651,0.0651
4.6397,pi,6.2800,3.0237,0.0651,0.0651
4.6446,pi,6.2800,3.0586,0.0644,0.0644
4.6497,pi,6.2800,3.0868,0.0639,0.0639
4.6547,pi,6.2800,3.0724,0.0642,0.0642
4.6598,pi,6.2800,3.0610,0.0644,0.0644
4.6646,pi,6.2800,3.0429,0.0647,0.0647
4.6696,pi,6.2800,3.0741,0.0641,0.0641
4.6746,pi,6.2800,3.0994,0.0636,0.0636
4.6797,pi,6.2800,3.1195,0.0632,0.0632
4.6849,pi,6.2800,3.1490,0.0626,0.0626
4.6901,pi,6.2800,3.1724,0.0622,0.0622
4.6953,pi,6.2800,3.1401,0.0628,0.0628
4.7006,pi,6.2800,3.1149,0.0633,0.0633
4.7049,pi,6.2800,3.0945,0.0637,0.0637
4.7105,pi,6.2800,3.1283,0.0630,0.0630
4.7148,pi,6.2800,3.1553,0.0625,0.0625
4.7200,pi,6.2800,3.1269,0.0631,0.0631
4.7250,pi,6.2800,3.1043,0.0635,0.0635
4.7302,pi,6.2800,3.0858,0.0639,0.0639
4.7352,pi,6.2800,3.0716,0.0642,0.0642
4.7403,pi,6.2800,3.0510,0.0646,0.0646
4.7448,pi,6.2800,3.0352,0.0649,0.0649
4.7497,pi,6.2800,3.0229,0.0651,0.0651
4.7547,pi,6.2800,3.0125,0.0654,0.0654
4.7597,pi,6.2800,3.0502,0.0646,0.0646
4.7647,pi,6.2800,3.0349,0.0649,0.0649
4.7697,pi,6.2800,3.0224,0.0652,0.0652
4.7747,pi,6.2800,3.0123,0.0654,0.0654
4.7797,pi,6.2800,3.0041,0.0655,0.0655
4.7847,pi,6.2800,3.0435,0.0647,0.0647
4.7896,pi,6.2800,3.0293,0.0650,0.0650
4.7947,pi,6.2800,3.0178,0.0652,0.0652
4.7998,pi,6.2800,3.0174,0.0653,0.0653
4.8047,pi,6.2800,3.0674,0.0643,0.0643
4.8096,pi,6.2800,3.0571,0.0645,0.0645
4.8146,pi,6.2800,3.0488,0.0646,0.0646
4.8197,pi,6.2800,3.0422,0.0648,0.0648
4.8247,pi,6.2800,3.0872,0.0639,0.0639
4.8296,pi,6.2800,3.1096,0.0634,0.0634
4.8347,pi,6.2800,3.1275,0.0630,0.0630
4.8397,pi,6.2800,3.1052,0.0635,0.0635
4.8447,pi,6.2800,3.0782,0.0640,0.0640
4.8497,pi,6.2800,3.1025,0.0635,0.0635
4.8546,pi,6.2800,3.1220,0.0632,0.0632
4.8596,pi,6.2800,3.0919,0.0638,0.0638
4.8647,pi,6.2800,3.0677,0.0642,0.0642
4.8698,pi,6.2800,3.0571,0.0645,0.0645
4.8746,pi,6.2800,3.0854,0.0639,0.0639
4.8796,pi,6.2800,3.0626,0.0643,0.0643
4.8846,pi,6.2800,3.0441,0.0647,0.0647
4.8897,pi,6.2800,3.0294,0.0650,0.0650
4.8947,pi,6.2800,3.0177,0.0652,0.0652
4.8997,pi,6.2800,3.0173,0.0653,0.0653
4.9047,pi,6.2800,3.0166,0.0653,0.0653
4.9096,pi,6.2800,3.0164,0.0653,0.0653
4.9147,pi,6.2800,3.0163,0.0653,0.0653
4.9196,pi,6.2800,3.0070,0.0655,0.0655
4.9247,pi,6.2800,3.0457,0.0647,0.0647
4.9296,pi,6.2800,3.0307,0.0650,0.0650
4.9346,pi,6.2800,3.0187,0.0652,0.0652
4.9397,pi,6.2800,3.0547,0.0645,0.0645
4.9447,pi,6.2800,3.0836,0.0639,0.0639
4.9497,pi,6.2800,3.0698,0.0642,0.0642
4.9548,pi,6.2800,3.0496,0.0646,0.0646
4.9597,pi,6.2800,3.0427,0.0647,0.0647
4.9647,pi,6.2800,3.0874,0.0639,0.0639
4.9697,pi,6.2800,3.1233,0.0631,0.0631
4.9746,pi,6.2800,3.1016,0.0636,0.0636
4.9797,pi,6.2800,3.1346,0.0629,0.0629
4.9847,pi,6.2800,3.1609,0.0624,0.0624
4.9897,pi,6.2800,3.1317,0.0630,0.0630
4.9947,pi,6.2800,3.1082,0.0634,0.0634
4.9997,pi,6.2800,3.0804,0.0640,0.0640
5.0047,pi,6.2800,3.1042,0.0635,0.0635
5.0096,pi,6.2800,3.1232,0.0631,0.0631
5.0147,pi,6.2800,3.1017,0.0636,0.0636
5.0197,pi,6.2800,3.0845,0.0639,0.0639
5.0247,pi,6.2800,3.0707,0.0642,0.0642
5.0296,pi,6.2800,3.0964,0.0637,0.0637
5.0347,pi,6.2800,3.0712,0.0642,0.0642
5.0397,pi,6.2800,3.0509,0.0646,0.0646
5.0447,pi,6.2800,3.0347,0.0649,0.0649
5.0497,pi,6.2800,3.0676,0.0642,0.0642
5.0547,pi,6.2800,3.0572,0.0645,0.0645
5.0596,pi,6.2800,3.0398,0.0648,0.0648
5.0647,pi,6.2800,3.0350,0.0649,0.0649
5.0698,pi,6.2800,3.0310,0.0650,0.0650
5.0747,pi,6.2800,3.0279,0.0650,0.0650
5.0797,pi,6.2800,3.0254,0.0651,0.0651
5.0846,pi,6.2800,3.0235,0.0651,0.0651
5.0896,pi,6.2800,3.0128,0.0653,0.0653
5.0948,pi,6.2800,3.0134,0.0653,0.0653
5.0997,pi,6.2800,2.9636,0.0663,0.0663
5.1047,pi,6.2800,2.9741,0.0661,0.0661
5.1096,pi,6.2800,2.9733,0.0661,0.0661
5.1150,pi,6.2800,2.9814,0.0660,0.0660
5.1199,pi,6.2800,3.0384,0.0648,0.0648
5.1248,pi,6.2800,3.0706,0.0642,0.0642
5.1296,pi,6.2800,3.0963,0.0637,0.0637
5.1346,pi,6.2800,3.0713,0.0642,0.0642
5.1397,pi,6.2800,3.0511,0.0646,0.0646
5.1447,pi,6.2800,3.0806,0.0640,0.0640
5.1497,pi,6.2800,3.1045,0.0635,0.0635
5.1547,pi,6.2800,3.0866,0.0639,0.0639
5.1597,pi,6.2800,3.0634,0.0643,0.0643
5.1647,pi,6.2800,3.0448,0.0647,0.0647
5.1697,pi,6.2800,3.0761,0.0641,0.0641
5.1746,pi,6.2800,3.0552,0.0645,0.0645
5.1796,pi,6.2800,3.0383,0.0648,0.0648
5.1847,pi,6.2800,3.0705,0.0642,0.0642
5.1896,pi,6.2800,3.0961,0.0637,0.0637
5.1947,pi,6.2800,3.1166,0.0633,0.0633
5.1997,pi,6.2800,3.0875,0.0639,0.0639
5.2050,pi,6.2800,3.0731,0.0641,0.0641
5.2098,pi,6.2800,3.1117,0.0634,0.0634
5.2148,pi,6.2800,3.1426,0.0627,0.0627
5.2204,pi,6.2800,3.1169,0.0633,0.0633
5.2248,pi,6.2800,3.0877,0.0638,0.0638
5.2296,pi,6.2800,3.0643,0.0643,0.0643
5.2347,pi,6.2800,3.0914,0.0638,0.0638
5.2396,pi,6.2800,3.0672,0.0643,0.0643
5.2447,pi,6.2800,3.0478,0.0646,0.0646
5.2497,pi,6.2800,3.0324,0.0650,0.0650
5.2546,pi,6.2800,3.0658,0.0643,0.0643
5.2596,pi,6.2800,3.0927,0.0637,0.0637
5.2646,pi,6.2800,3.0686,0.0642,0.0642
5.2697,pi,6.2800,3.0489,0.0646,0.0646
5.2746,pi,6.2800,3.0792,0.0640,0.0640
5.2797,pi,6.2800,3.1168,0.0633,0.0633
5.2846,pi,6.2800,3.0965,0.0637,0.0637
5.2896,pi,6.2800,3.0802,0.0640,0.0640
5.2947,pi,6.2800,3.0673,0.0643,0.0643
5.2996,pi,6.2800,3.1072,0.0635,0.0635
5.3047,pi,6.2800,3.0885,0.0638,0.0638
5.3096,pi,6.2800,3.0738,0.0641,0.0641
5.3147,pi,6.2800,3.0619,0.0644,0.0644
5.3197,pi,6.2800,3.1027,0.0635,0.0635
5.3247,pi,6.2800,3.0850,0.0639,0.0639
5.3296,pi,6.2800,3.0712,0.0642,0.0642
5.3347,pi,6.2800,3.0601,0.0644,0.0644
5.3396,pi,6.2800,3.0878,0.0638,0.0638
5.3447,pi,6.2800,3.1101,0.0634,0.0634
5.3497,pi,6.2800,3.0912,0.0638,0.0638
5.3547,pi,6.2800,3.0669,0.0643,0.0643
5.3597,pi,6.2800,3.0567,0.0645,0.0645
5.3646,pi,6.2800,3.0851,0.0639,0.0639
5.3697,pi,6.2800,3.1079,0.0634,0.0634
5.3747,pi,6.2800,3.0808,0.0640,0.0640
5.3797,pi,6.2800,3.1047,0.0635,0.0635
5.3846,pi,6.2800,3.1235,0.0631,0.0631
5.3897,pi,6.2800,3.1019,0.0636,0.0636
5.3947,pi,6.2800,3.0846,0.0639,0.0639
5.3997,pi,6.2800,3.0708,0.0642,0.0642
5.4046,pi,6.2800,3.0963,0.0637,0.0637
5.4097,pi,6.2800,3.1169,0.0633,0.0633
5.4147,pi,6.2800,3.0966,0.0637,0.0637
5.4197,pi,6.2800,3.0804,0.0640,0.0640
5.4247,pi,6.2800,3.0675,0.0642,0.0642
5.4297,pi,6.2800,3.0572,0.0645,0.0645
5.4347,pi,6.2800,3.0487,0.0646,0.0646
5.4397,pi,6.2800,3.0421,0.0648,0.0648
5.4447,pi,6.2800,3.0367,0.0649,0.0649
5.4498,pi,6.2800,3.0828,0.0639,0.0639
5.4547,pi,6.2800,3.0691,0.0642,0.0642
5.4598,pi,6.2800,3.0583,0.0644,0.0644
5.4648,pi,6.2800,3.0496,0.0646,0.0646
5.4698,pi,6.2800,3.0794,0.0640,0.0640
5.4746,pi,6.2800,3.1034,0.0635,0.0635
5.4797,pi,6.2800,3.0857,0.0639,0.0639
5.4847,pi,6.2800,3.0629,0.0643,0.0643
5.4897,pi,6.2800,3.0446,0.0647,0.0647
5.4947,pi,6.2800,3.0756,0.0641,0.0641
5.4996,pi,6.2800,3.1005,0.0636,0.0636
5.5046,pi,6.2800,3.0747,0.0641,0.0641
5.5096,pi,6.2800,3.0999,0.0636,0.0636
5.5146,pi,6.2800,3.1200,0.0632,0.0632
5.5197,pi,6.2800,3.1360,0.0629,0.0629
5.5247,pi,6.2800,3.1120,0.0634,0.0634
5.5296,pi,6.2800,3.0837,0.0639,0.0639
5.5347,pi,6.2800,3.1204,0.0632,0.0632
5.5396,pi,6.2800,3.1361,0.0629,0.0629
5.5448,pi,6.2800,3.1120,0.0634,0.0634
5.5497,pi,6.2800,3.0924,0.0638,0.0638
5.5547,pi,6.2800,3.0768,0.0641,0.0641
5.5597,pi,6.2800,3.0643,0.0643,0.0643
5.5646,pi,6.2800,3.0544,0.0645,0.0645
5.5697,pi,6.2800,3.0462,0.0647,0.0647
5.5748,pi,6.2800,3.0400,0.0648,0.0648
5.5797,pi,6.2800,3.0852,0.0639,0.0639
5.5855,pi,6.2800,3.0708,0.0642,0.0642
5.5908,pi,6.2800,3.0594,0.0644,0.0644
5.5949,pi,6.2800,3.0503,0.0646,0.0646
5.5996,pi,6.2800,3.0798,0.0640,0.0640
5.6046,pi,6.2800,3.1038,0.0635,0.0635
5.6096,pi,6.2800,3.1230,0.0631,0.0631
5.6148,pi,6.2800,3.1015,0.0636,0.0636
5.6198,pi,6.2800,3.0751,0.0641,0.0641
5.6247,pi,6.2800,3.1134,0.0633,0.0633
5.6298,pi,6.2800,3.0937,0.0637,0.0637
5.6346,pi,6.2800,3.0690,0.0642,0.0642
5.6396,pi,6.2800,3.0953,0.0637,0.0637
5.6447,pi,6.2800,3.1162,0.0633,0.0633
5.6497,pi,6.2800,3.0960,0.0637,0.0637
5.6547,pi,6.2800,3.0799,0.0640,0.0640
5.6597,pi,6.2800,3.1170,0.0633,0.0633
5.6646,pi,6.2800,3.1332,0.0629,0.0629
5.6697,pi,6.2800,3.1464,0.0627,0.0627
5.6747,pi,6.2800,3.1568,0.0625,0.0625
5.6797,pi,6.2800,3.1653,0.0623,0.0623
5.6847,pi,6.2800,3.1722,0.0622,0.0622
5.6897,pi,6.2800,3.1409,0.0628,0.0628
5.6948,pi,6.2800,3.1158,0.0633,0.0633
5.6997,pi,6.2800,3.0868,0.0639,0.0639
5.7047,pi,6.2800,3.1092,0.0634,0.0634
5.7097,pi,6.2800,3.1272,0.0631,0.0631
5.7147,pi,6.2800,3.0963,0.0637,0.0637
5.7198,pi,6.2800,3.0801,0.0640,0.0640
5.7247,pi,6.2800,3.0581,0.0644,0.0644
5.7297,pi,6.2800,3.0863,0.0639,0.0639
5.7347,pi,6.2800,3.0722,0.0642,0.0642
5.7396,pi,6.2800,3.0608,0.0644,0.0644
5.7447,pi,6.2800,3.0425,0.0647,0.0647
5.7497,pi,6.2800,3.0372,0.0649,0.0649
5.7547,pi,6.2800,3.0329,0.0649,0.0649
5.7596,pi,6.2800,3.0295,0.0650,0.0650
5.7647,pi,6.2800,3.0267,0.0651,0.0651
5.7697,pi,6.2800,3.0246,0.0651,0.0651
5.7747,pi,6.2800,3.0594,0.0644,0.0644
5.7797,pi,6.2800,3.0507,0.0646,0.0646
5.7846,pi,6.2800,3.0347,0.0649,0.0649
5.7897,pi,6.2800,3.0216,0.0652,0.0652
5.7947,pi,6.2800,3.0571,0.0645,0.0645
5.7997,pi,6.2800,3.0855,0.0639,0.0639
5.8046,pi,6.2800,3.1082,0.0634,0.0634
5.8096,pi,6.2800,3.0807,0.0640,0.0640
5.8147,pi,6.2800,3.0586,0.0644,0.0644
5.8196,pi,6.2800,3.0867,0.0639,0.0639
5.8247,pi,6.2800,3.0725,0.0641,0.0641
5.8296,pi,6.2800,3.0521,0.0646,0.0646
5.8347,pi,6.2800,3.0816,0.0640,0.0640
5.8397,pi,6.2800,3.1051,0.0635,0.0635
5.8447,pi,6.2800,3.1239,0.0631,0.0631
5.8497,pi,6.2800,3.1023,0.0636,0.0636
5.8547,pi,6.2800,3.0850,0.0639,0.0639
5.8596,pi,6.2800,3.1078,0.0634,0.0634
5.8646,pi,6.2800,3.1261,0.0631,0.0631
5.8697,pi,6.2800,3.1040,0.0635,0.0635
5.8747,pi,6.2800,3.0863,0.0639,0.0639
5.8797,pi,6.2800,3.0722,0.0642,0.0642
5.8847,pi,6.2800,3.0106,0.0654,0.0654
5.8896,pi,6.2800,3.0026,0.0655,0.0655
5.8947,pi,6.2800,2.9961,0.0657,0.0657
5.8997,pi,6.2800,2.9909,0.0658,0.0658
5.9047,pi,6.2800,2.9868,0.0659,0.0659
5.9097,pi,6.2800,2.9926,0.0657,0.0657
5.9146,pi,6.2800,2.9972,0.0657,0.0657
5.9197,pi,6.2800,3.0007,0.0656,0.0656
5.9246,pi,6.2800,2.9947,0.0657,0.0657
5.9297,pi,6.2800,2.9987,0.0656,0.0656
5.9346,pi,6.2800,3.0522,0.0646,0.0646
5.9397,pi,6.2800,3.0449,0.0647,0.0647
5.9447,pi,6.2800,3.0391,0.0648,0.0648
5.9496,pi,6.2800,3.0710,0.0642,0.0642
5.9547,pi,6.2800,3.0966,0.0637,0.0637
5.9597,pi,6.2800,3.0803,0.0640,0.0640
5.9647,pi,6.2800,3.0674,0.0643,0.0643
5.9697,pi,6.2800,3.0478,0.0646,0.0646
5.9746,pi,6.2800,3.0783,0.0640,0.0640
5.9797,pi,6.2800,3.1024,0.0636,0.0636
5.9847,pi,6.2800,3.0851,0.0639,0.0639
5.9897,pi,6.2800,3.1215,0.0632,0.0632
5.9946,pi,6.2800,3.1370,0.0629,0.0629
5.9997,pi,6.2800,3.1126,0.0633,0.0633
6.0047,pi,6.2800,3.0931,0.0637,0.0637
6.0097,pi,6.2800,3.0776,0.0640,0.0640
6.0146,pi,6.2800,3.1019,0.0636,0.0636
6.0197,pi,6.2800,3.1213,0.0632,0.0632
6.0247,pi,6.2800,3.1001,0.0636,0.0636
6.0297,pi,6.2800,3.0832,0.0639,0.0639
6.0346,pi,6.2800,3.0607,0.0644,0.0644
6.0397,pi,6.2800,3.0883,0.0638,0.0638
6.0447,pi,6.2800,3.0648,0.0643,0.0643
6.0497,pi,6.2800,3.0550,0.0645,0.0645
6.0547,pi,6.2800,3.0471,0.0647,0.0647
6.0596,pi,6.2800,3.0318,0.0650,0.0650
6.0646,pi,6.2800,3.0652,0.0643,0.0643
6.0697,pi,6.2800,3.0463,0.0647,0.0647
6.0747,pi,6.2800,3.0310,0.0650,0.0650
6.0797,pi,6.2800,3.0189,0.0652,0.0652
6.0847,pi,6.2800,3.0183,0.0652,0.0652
6.0897,pi,6.2800,3.0178,0.0652,0.0652
6.0947,pi,6.2800,3.0174,0.0653,0.0653
6.0996,pi,6.2800,3.0079,0.0654,0.0654
6.1047,pi,6.2800,3.0004,0.0656,0.0656
6.1097,pi,6.2800,3.0538,0.0645,0.0645
6.1146,pi,6.2800,3.0828,0.0639,0.0639
6.1198,pi,6.2800,3.0687,0.0642,0.0642
6.1251,pi,6.2800,3.0571,0.0645,0.0645
6.1297,pi,6.2800,3.0984,0.0636,0.0636
6.1347,pi,6.2800,3.1185,0.0632,0.0632
6.1397,pi,6.2800,3.0978,0.0636,0.0636
6.1447,pi,6.2800,3.0813,0.0640,0.0640
6.1497,pi,6.2800,3.0590,0.0644,0.0644
6.1547,pi,6.2800,3.1006,0.0636,0.0636
6.1596,pi,6.2800,3.1202,0.0632,0.0632
6.1647,pi,6.2800,3.0992,0.0636,0.0636
6.1697,pi,6.2800,3.0731,0.0641,0.0641
6.1747,pi,6.2800,3.0529,0.0645,0.0645
6.1797,pi,6.2800,3.0830,0.0639,0.0639
6.1847,pi,6.2800,3.0696,0.0642,0.0642
6.1896,pi,6.2800,3.0496,0.0646,0.0646
6.1948,pi,6.2800,3.0426,0.0647,0.0647
6.1999,pi,6.2800,3.0349,0.0649,0.0649
6.2046,pi,6.2800,3.0667,0.0643,0.0643
6.2096,pi,6.2800,3.0476,0.0646,0.0646
6.2146,pi,6.2800,3.0322,0.0650,0.0650
6.2197,pi,6.2800,3.0200,0.0652,0.0652
6.2247,pi,6.2800,3.0102,0.0654,0.0654
6.2298,pi,6.2800,3.0110,0.0654,0.0654
6.2348,pi,6.2800,3.0119,0.0654,0.0654
6.2400,pi,6.2800,3.0126,0.0653,0.0653
6.2446,pi,6.2800,3.0498,0.0646,0.0646
6.2496,pi,6.2800,3.0800,0.0640,0.0640
6.2546,pi,6.2800,3.1060,0.0635,0.0635
6.2600,pi,6.2800,3.0873,0.0639,0.0639
6.2647,pi,6.2800,3.0724,0.0642,0.0642
6.2697,pi,6.2800,3.1110,0.0634,0.0634
6.2746,pi,6.2800,3.1284,0.0630,0.0630
6.2797,pi,6.2800,3.1426,0.0627,0.0627
6.2847,pi,6.2800,3.1085,0.0634,0.0634
6.2897,pi,6.2800,3.0811,0.0640,0.0640
6.2947,pi,6.2800,3.1049,0.0635,0.0635
6.2997,pi,6.2800,3.0867,0.0639,0.0639
6.3055,pi,6.2800,3.0719,0.0642,0.0642
6.3109,pi,6.2800,3.0588,0.0644,0.0644
6.3148,pi,6.2800,3.0863,0.0639,0.0639
6.3197,pi,6.2800,3.0722,0.0642,0.0642
6.3247,pi,6.2800,3.0607,0.0644,0.0644
6.3297,pi,6.2800,3.0517,0.0646,0.0646
6.3347,pi,6.2800,3.0947,0.0637,0.0637
6.3396,pi,6.2800,3.1155,0.0633,0.0633
6.3447,pi,6.2800,3.0954,0.0637,0.0637
6.3497,pi,6.2800,3.0703,0.0642,0.0642
6.3547,pi,6.2800,3.0963,0.0637,0.0637
6.3597,pi,6.2800,3.1172,0.0633,0.0633
6.3647,pi,6.2800,3.1356,0.0629,0.0629
6.3697,pi,6.2800,3.1026,0.0635,0.0635
6.3747,pi,6.2800,3.0761,0.0641,0.0641
6.3797,pi,6.2800,3.0640,0.0643,0.0643
6.3847,pi,6.2800,3.0544,0.0645,0.0645
6.3897,pi,6.2800,3.0465,0.0647,0.0647
6.3947,pi,6.2800,3.0403,0.0648,0.0648
6.3997,pi,6.2800,3.0856,0.0639,0.0639
6.4047,pi,6.2800,3.0716,0.0642,0.0642
6.4097,pi,6.2800,3.0605,0.0644,0.0644
6.4147,pi,6.2800,3.0425,0.0648,0.0648
6.4197,pi,6.2800,3.0280,0.0650,0.0650
6.4247,pi,6.2800,3.0622,0.0644,0.0644
6.4296,pi,6.2800,3.0896,0.0638,0.0638
6.4347,pi,6.2800,3.1115,0.0634,0.0634
6.4397,pi,6.2800,3.0923,0.0638,0.0638
6.4447,pi,6.2800,3.1137,0.0633,0.0633
6.4497,pi,6.2800,3.0941,0.0637,0.0637
6.4547,pi,6.2800,3.0784,0.0640,0.0640
6.4596,pi,6.2800,3.0659,0.0643,0.0643
6.4646,pi,6.2800,3.0925,0.0637,0.0637
6.4697,pi,6.2800,3.1137,0.0633,0.0633
6.4747,pi,6.2800,3.0941,0.0637,0.0637
6.4797,pi,6.2800,3.0784,0.0640,0.0640
6.4847,pi,6.2800,3.0659,0.0643,0.0643
6.4896,pi,6.2800,3.0925,0.0638,0.0638
6.4947,pi,6.2800,3.0771,0.0641,0.0641
6.4997,pi,6.2800,3.0647,0.0643,0.0643
6.5047,pi,6.2800,3.1050,0.0635,0.0635
6.5097,pi,6.2800,3.1374,0.0629,0.0629
6.5147,pi,6.2800,3.1129,0.0633,0.0633
6.5197,pi,6.2800,3.0934,0.0637,0.0637
6.5247,pi,6.2800,3.0769,0.0641,0.0641
6.5303,pi,6.2800,3.1143,0.0633,0.0633
6.5354,pi,6.2800,3.1438,0.0627,0.0627
6.5399,pi,6.2800,3.1183,0.0632,0.0632
6.5447,pi,6.2800,3.0978,0.0636,0.0636
6.5497,pi,6.2800,3.0722,0.0642,0.0642
6.5547,pi,6.2800,3.0977,0.0636,0.0636
6.5597,pi,6.2800,3.0723,0.0642,0.0642
6.5647,pi,6.2800,3.0519,0.0646,0.0646
6.5698,pi,6.2800,3.0948,0.0637,0.0637
6.5746,pi,6.2800,3.1155,0.0633,0.0633
6.5797,pi,6.2800,3.1329,0.0629,0.0629
6.5847,pi,6.2800,3.1008,0.0636,0.0636
6.5897,pi,6.2800,3.0759,0.0641,0.0641
6.5947,pi,6.2800,3.1007,0.0636,0.0636
6.5996,pi,6.2800,3.1204,0.0632,0.0632
6.6047,pi,6.2800,3.1361,0.0629,0.0629
6.6097,pi,6.2800,3.1120,0.0634,0.0634
6.6147,pi,6.2800,3.1293,0.0630,0.0630
6.6196,pi,6.2800,3.1432,0.0627,0.0627
6.6247,pi,6.2800,3.1177,0.0632,0.0632
6.6297,pi,6.2800,3.0970,0.0637,0.0637
6.6347,pi,6.2800,3.1309,0.0630,0.0630
6.6396,pi,6.2800,3.1445,0.0627,0.0627
6.6446,pi,6.2800,3.1554,0.0625,0.0625
6.6497,pi,6.2800,3.1184,0.0632,0.0632
6.6548,pi,6.2800,3.0978,0.0636,0.0636
6.6596,pi,6.2800,3.1180,0.0632,0.0632
6.6647,pi,6.2800,3.1343,0.0629,0.0629
6.6697,pi,6.2800,3.1105,0.0634,0.0634
6.6747,pi,6.2800,3.0915,0.0638,0.0638
6.6796,pi,6.2800,3.0671,0.0643,0.0643
6.6847,pi,6.2800,3.0936,0.0637,0.0637
6.6896,pi,6.2800,3.0690,0.0642,0.0642
6.6947,pi,6.2800,3.0583,0.0644,0.0644
6.6997,pi,6.2800,3.0498,0.0646,0.0646
6.7047,pi,6.2800,3.0430,0.0647,0.0647
6.7096,pi,6.2800,3.0376,0.0648,0.0648
6.7146,pi,6.2800,3.0241,0.0651,0.0651
6.7197,pi,6.2800,3.0225,0.0652,0.0652
6.7247,pi,6.2800,3.0211,0.0652,0.0652
6.7296,pi,6.2800,3.0110,0.0654,0.0654
6.7346,pi,6.2800,3.0487,0.0646,0.0646
6.7397,pi,6.2800,3.0422,0.0648,0.0648
6.7447,pi,6.2800,3.0368,0.0649,0.0649
6.7496,pi,6.2800,3.0692,0.0642,0.0642
6.7547,pi,6.2800,3.0952,0.0637,0.0637
6.7596,pi,6.2800,3.1160,0.0633,0.0633
6.7647,pi,6.2800,3.0959,0.0637,0.0637
6.7697,pi,6.2800,3.0795,0.0640,0.0640
6.7746,pi,6.2800,3.1033,0.0635,0.0635
6.7797,pi,6.2800,3.1360,0.0629,0.0629
6.7846,pi,6.2800,3.1485,0.0626,0.0626
6.7898,pi,6.2800,3.1215,0.0632,0.0632
6.7947,pi,6.2800,3.1002,0.0636,0.0636
6.7997,pi,6.2800,3.0832,0.0639,0.0639
6.8046,pi,6.2800,3.0606,0.0644,0.0644
6.8097,pi,6.2800,3.0512,0.0646,0.0646
6.8146,pi,6.2800,3.0806,0.0640,0.0640
6.8197,pi,6.2800,3.1043,0.0635,0.0635
6.8247,pi,6.2800,3.0866,0.0639,0.0639
6.8296,pi,6.2800,3.0633,0.0643,0.0643
6.8348,pi,6.2800,3.0538,0.0645,0.0645
6.8396,pi,6.2800,3.0828,0.0639,0.0639
6.8447,pi,6.2800,3.1063,0.0635,0.0635
6.8497,pi,6.2800,3.1251,0.0631,0.0631
6.8547,pi,6.2800,3.1032,0.0635,0.0635
6.8597,pi,6.2800,3.0766,0.0641,0.0641
6.8646,pi,6.2800,3.1014,0.0636,0.0636
6.8697,pi,6.2800,3.0843,0.0639,0.0639
6.8746,pi,6.2800,3.0614,0.0644,0.0644
6.8797,pi,6.2800,3.0523,0.0646,0.0646
6.8847,pi,6.2800,3.0450,0.0647,0.0647
6.8896,pi,6.2800,3.0758,0.0641,0.0641
6.8947,pi,6.2800,3.0547,0.0645,0.0645
6.8996,pi,6.2800,3.0378,0.0648,0.0648
6.9047,pi,6.2800,3.0243,0.0651,0.0651
6.9097,pi,6.2800,3.0134,0.0653,0.0653
6.9147,pi,6.2800,3.0139,0.0653,0.0653
6.9196,pi,6.2800,3.0051,0.0655,0.0655
6.9246,pi,6.2800,2.9981,0.0656,0.0656
6.9297,pi,6.2800,3.0017,0.0656,0.0656
6.9346,pi,6.2800,2.9954,0.0657,0.0657
6.9397,pi,6.2800,2.9995,0.0656,0.0656
6.9447,pi,6.2800,3.0027,0.0655,0.0655
6.9496,pi,6.2800,3.0053,0.0655,0.0655
6.9548,pi,6.2800,3.0074,0.0655,0.0655
6.9597,pi,6.2800,3.0083,0.0654,0.0654
6.9646,pi,6.2800,3.0097,0.0654,0.0654
6.9697,pi,6.2800,3.0109,0.0654,0.0654
6.9747,pi,6.2800,3.0119,0.0654,0.0654
6.9796,pi,6.2800,3.0492,0.0646,0.0646
6.9847,pi,6.2800,3.0928,0.0637,0.0637
6.9897,pi,6.2800,3.0773,0.0641,0.0641
6.9947,pi,6.2800,3.0559,0.0645,0.0645
6.9997,pi,6.2800,3.0845,0.0639,0.0639
7.0047,pi,6.2800,3.1209,0.0632,0.0632
7.0096,pi,6.2800,3.1364,0.0629,0.0629
7.0147,pi,6.2800,3.1123,0.0634,0.0634
7.0197,pi,6.2800,3.0923,0.0638,0.0638
7.0247,pi,6.2800,3.1134,0.0633,0.0633
7.0297,pi,6.2800,3.0939,0.0637,0.0637
7.0346,pi,6.2800,3.0692,0.0642,0.0642
7.0397,pi,6.2800,3.0494,0.0646,0.0646
7.0447,pi,6.2800,3.0794,0.0640,0.0640
7.0496,pi,6.2800,3.1034,0.0635,0.0635
7.0547,pi,6.2800,3.0766,0.0641,0.0641
7.0597,pi,6.2800,3.0644,0.0643,0.0643
7.0647,pi,6.2800,3.0546,0.0645,0.0645
7.0696,pi,6.2800,3.0834,0.0639,0.0639
7.0747,pi,6.2800,3.0699,0.0642,0.0642
7.0797,pi,6.2800,3.0590,0.0644,0.0644
7.0847,pi,6.2800,3.0503,0.0646,0.0646
7.0897,pi,6.2800,3.0432,0.0647,0.0647
7.0947,pi,6.2800,3.0375,0.0649,0.0649
7.0996,pi,6.2800,3.0331,0.0649,0.0649
7.1047,pi,6.2800,3.0296,0.0650,0.0650
7.1097,pi,6.2800,3.0178,0.0652,0.0652
7.1147,pi,6.2800,3.0540,0.0645,0.0645
7.1197,pi,6.2800,3.0464,0.0647,0.0647
7.1248,pi,6.2800,3.0397,0.0648,0.0648
7.1300,pi,6.2800,3.0259,0.0651,0.0651
7.1349,pi,6.2800,3.0741,0.0641,0.0641
7.1397,pi,6.2800,3.1126,0.0633,0.0633
7.1447,pi,6.2800,3.0932,0.0637,0.0637
7.1496,pi,6.2800,3.0778,0.0640,0.0640
7.1548,pi,6.2800,3.0561,0.0645,0.0645
7.1597,pi,6.2800,3.0983,0.0636,0.0636
7.1647,pi,6.2800,3.0818,0.0640,0.0640
7.1696,pi,6.2800,3.0594,0.0644,0.0644
7.1747,pi,6.2800,3.0416,0.0648,0.0648
7.1797,pi,6.2800,3.0364,0.0649,0.0649
7.1847,pi,6.2800,3.0689,0.0642,0.0642
7.1897,pi,6.2800,3.0494,0.0646,0.0646
7.1947,pi,6.2800,3.0337,0.0649,0.0649
7.1997,pi,6.2800,3.0804,0.0640,0.0640
7.2046,pi,6.2800,3.1040,0.0635,0.0635
7.2097,pi,6.2800,3.1230,0.0631,0.0631
7.2147,pi,6.2800,3.0926,0.0637,0.0637
7.2198,pi,6.2800,3.0770,0.0641,0.0641
7.2247,pi,6.2800,3.1150,0.0633,0.0633
7.2296,pi,6.2800,3.1318,0.0630,0.0630
7.2347,pi,6.2800,3.1453,0.0627,0.0627
7.2397,pi,6.2800,3.1194,0.0632,0.0632
7.2448,pi,6.2800,3.1485,0.0626,0.0626
7.2497,pi,6.2800,3.1221,0.0632,0.0632
7.2547,pi,6.2800,3.1008,0.0636,0.0636
7.2597,pi,6.2800,3.0837,0.0639,0.0639
7.2646,pi,6.2800,3.1067,0.0635,0.0635
7.2697,pi,6.2800,3.1251,0.0631,0.0631
7.2747,pi,6.2800,3.1400,0.0628,0.0628
7.2797,pi,6.2800,3.1152,0.0633,0.0633
7.2850,pi,6.2800,3.0948,0.0637,0.0637
7.2897,pi,6.2800,3.1290,0.0630,0.0630
7.2947,pi,6.2800,3.1427,0.0627,0.0627
7.2999,pi,6.2800,3.1171,0.0633,0.0633
7.3050,pi,6.2800,3.1469,0.0627,0.0627
7.3100,pi,6.2800,3.1707,0.0622,0.0622
7.3150,pi,6.2800,3.1394,0.0628,0.0628
7.3197,pi,6.2800,3.1146,0.0633,0.0633
7.3246,pi,6.2800,3.0858,0.0639,0.0639
7.3296,pi,6.2800,3.1085,0.0634,0.0634
7.3347,pi,6.2800,3.1266,0.0631,0.0631
7.3397,pi,6.2800,3.1414,0.0628,0.0628
7.3447,pi,6.2800,3.1075,0.0635,0.0635
7.3497,pi,6.2800,3.0799,0.0640,0.0640
7.3547,pi,6.2800,3.1038,0.0635,0.0635
7.3597,pi,6.2800,3.0773,0.0641,0.0641
7.3647,pi,6.2800,3.0649,0.0643,0.0643
7.3698,pi,6.2800,3.0542,0.0645,0.0645
7.3747,pi,6.2800,3.0962,0.0637,0.0637
7.3797,pi,6.2800,3.0801,0.0640,0.0640
7.3847,pi,6.2800,3.0672,0.0643,0.0643
7.3897,pi,6.2800,3.0569,0.0645,0.0645
7.3947,pi,6.2800,3.0989,0.0636,0.0636
7.3997,pi,6.2800,3.1189,0.0632,0.0632
7.4047,pi,6.2800,3.1351,0.0629,0.0629
7.4097,pi,6.2800,3.1022,0.0636,0.0636
7.4151,pi,6.2800,3.1214,0.0632,0.0632
7.4197,pi,6.2800,3.1369,0.0629,0.0629
7.4247,pi,6.2800,3.1501,0.0626,0.0626
7.4297,pi,6.2800,3.1142,0.0633,0.0633
7.4347,pi,6.2800,3.1312,0.0630,0.0630
7.4397,pi,6.2800,3.1447,0.0627,0.0627
7.4447,pi,6.2800,3.1188,0.0632,0.0632
7.4497,pi,6.2800,3.0982,0.0636,0.0636
7.4547,pi,6.2800,3.0817,0.0640,0.0640
7.4596,pi,6.2800,3.1051,0.0635,0.0635
7.4646,pi,6.2800,3.1239,0.0631,0.0631
7.4697,pi,6.2800,3.0933,0.0637,0.0637
7.4747,pi,6.2800,3.0690,0.0642,0.0642
7.4797,pi,6.2800,3.0581,0.0644,0.0644
7.4847,pi,6.2800,3.0496,0.0646,0.0646
7.4897,pi,6.2800,3.0428,0.0647,0.0647
7.4947,pi,6.2800,3.0283,0.0650,0.0650
7.4997,pi,6.2800,3.0625,0.0644,0.0644
7.5047,pi,6.2800,3.0898,0.0638,0.0638
7.5097,pi,6.2800,3.0750,0.0641,0.0641
7.5146,pi,6.2800,3.0631,0.0643,0.0643
7.5197,pi,6.2800,3.0537,0.0645,0.0645
7.5248,pi,6.2800,3.0963,0.0637,0.0637
7.5297,pi,6.2800,3.1167,0.0633,0.0633
7.5347,pi,6.2800,3.1333,0.0629,0.0629
7.5397,pi,6.2800,3.1098,0.0634,0.0634
7.5448,pi,6.2800,3.0910,0.0638,0.0638
7.5498,pi,6.2800,3.0758,0.0641,0.0641
7.5552,pi,6.2800,3.0635,0.0643,0.0643
7.5599,pi,6.2800,3.0537,0.0645,0.0645
7.5650,pi,6.2800,3.0962,0.0637,0.0637
7.5696,pi,6.2800,3.1167,0.0633,0.0633
7.5746,pi,6.2800,3.1332,0.0629,0.0629
7.5797,pi,6.2800,3.1089,0.0634,0.0634
7.5847,pi,6.2800,3.0905,0.0638,0.0638
7.5897,pi,6.2800,3.1257,0.0631,0.0631
7.5947,pi,6.2800,3.1539,0.0625,0.0625
7.5997,pi,6.2800,3.1262,0.0631,0.0631
7.6046,pi,6.2800,3.1408,0.0628,0.0628
7.6097,pi,6.2800,3.1527,0.0625,0.0625
7.6147,pi,6.2800,3.1253,0.0631,0.0631
7.6197,pi,6.2800,3.1034,0.0635,0.0635
7.6247,pi,6.2800,3.0856,0.0639,0.0639
7.6297,pi,6.2800,3.1080,0.0634,0.0634
7.6347,pi,6.2800,3.1397,0.0628,0.0628
7.6396,pi,6.2800,3.1515,0.0626,0.0626
7.6448,pi,6.2800,3.1242,0.0631,0.0631
7.6497,pi,6.2800,3.0934,0.0637,0.0637
7.6547,pi,6.2800,3.0779,0.0640,0.0640
7.6597,pi,6.2800,3.0654,0.0643,0.0643
7.6646,pi,6.2800,3.0464,0.0647,0.0647
7.6697,pi,6.2800,3.0402,0.0648,0.0648
7.6746,pi,6.2800,3.0719,0.0642,0.0642
7.6797,pi,6.2800,3.0975,0.0636,0.0636
7.6847,pi,6.2800,3.0722,0.0642,0.0642
7.6897,pi,6.2800,3.0610,0.0644,0.0644
7.6947,pi,6.2800,3.0886,0.0638,0.0638
7.6996,pi,6.2800,3.1109,0.0634,0.0634
7.7047,pi,6.2800,3.1286,0.0630,0.0630
7.7097,pi,6.2800,3.0970,0.0637,0.0637
7.7147,pi,6.2800,3.0717,0.0642,0.0642
7.7197,pi,6.2800,3.0972,0.0637,0.0637
7.7246,pi,6.2800,3.1177,0.0632,0.0632
7.7296,pi,6.2800,3.0882,0.0638,0.0638
7.7347,pi,6.2800,3.1240,0.0631,0.0631
7.7397,pi,6.2800,3.1525,0.0625,0.0625
7.7447,pi,6.2800,3.1248,0.0631,0.0631
7.7496,pi,6.2800,3.1028,0.0635,0.0635
7.7547,pi,6.2800,3.0854,0.0639,0.0639
7.7596,pi,6.2800,3.1216,0.0632,0.0632
7.7647,pi,6.2800,3.1507,0.0626,0.0626
7.7697,pi,6.2800,3.1234,0.0631,0.0631
7.7747,pi,6.2800,3.1016,0.0636,0.0636
7.7796,pi,6.2800,3.1346,0.0629,0.0629
7.7846,pi,6.2800,3.1474,0.0627,0.0627
7.7898,pi,6.2800,3.1211,0.0632,0.0632
7.7948,pi,6.2800,3.0989,0.0636,0.0636
7.7996,pi,6.2800,3.1187,0.0632,0.0632
7.8047,pi,6.2800,3.1348,0.0629,0.0629
7.8097,pi,6.2800,3.1476,0.0626,0.0626
7.8147,pi,6.2800,3.1122,0.0634,0.0634
7.8197,pi,6.2800,3.1295,0.0630,0.0630
7.8247,pi,6.2800,3.1435,0.0627,0.0627
7.8297,pi,6.2800,3.1179,0.0632,0.0632
7.8347,pi,6.2800,3.0975,0.0637,0.0637
7.8396,pi,6.2800,3.0719,0.0642,0.0642
7.8448,pi,6.2800,3.0514,0.0646,0.0646
7.8497,pi,6.2800,3.0818,0.0640,0.0640
7.8547,pi,6.2800,3.0685,0.0642,0.0642
7.8597,pi,6.2800,3.0579,0.0644,0.0644
7.8646,pi,6.2800,3.0861,0.0639,0.0639
7.8697,pi,6.2800,3.0720,0.0642,0.0642
7.8747,pi,6.2800,3.0608,0.0644,0.0644
7.8797,pi,6.2800,3.0517,0.0646,0.0646
7.8847,pi,6.2800,3.0446,0.0647,0.0647
7.8896,pi,6.2800,3.0754,0.0641,0.0641
7.8947,pi,6.2800,3.1000,0.0636,0.0636
7.8997,pi,6.2800,3.0831,0.0639,0.0639
7.9046,pi,6.2800,3.1063,0.0635,0.0635
7.9097,pi,6.2800,3.1248,0.0631,0.0631
7.9147,pi,6.2800,3.1029,0.0635,0.0635
7.9197,pi,6.2800,3.0855,0.0639,0.0639
7.9247,pi,6.2800,3.0715,0.0642,0.0642
7.9296,pi,6.2800,3.0969,0.0637,0.0637
7.9347,pi,6.2800,3.1173,0.0633,0.0633
7.9397,pi,6.2800,3.0970,0.0637,0.0637
7.9447,pi,6.2800,3.1173,0.0633,0.0633
7.9497,pi,6.2800,3.1337,0.0629,0.0629
7.9547,pi,6.2800,3.1100,0.0634,0.0634
7.9597,pi,6.2800,3.0910,0.0638,0.0638
7.9647,pi,6.2800,3.0759,0.0641,0.0641
7.9697,pi,6.2800,3.1139,0.0633,0.0633
7.9746,pi,6.2800,3.1309,0.0630,0.0630
7.9797,pi,6.2800,3.1077,0.0634,0.0634
7.9846,pi,6.2800,3.1259,0.0631,0.0631
7.9897,pi,6.2800,3.1406,0.0628,0.0628
7.9947,pi,6.2800,3.1524,0.0626,0.0626
7.9997,pi,6.2800,3.1161,0.0633,0.0633
8.0048,pi,6.2800,3.0868,0.0639,0.0639
8.0097,pi,6.2800,3.1093,0.0634,0.0634
8.0146,pi,6.2800,3.1274,0.0631,0.0631
8.0197,pi,6.2800,3.1419,0.0628,0.0628
8.0247,pi,6.2800,3.1079,0.0634,0.0634
8.0296,pi,6.2800,3.1262,0.0631,0.0631
8.0347,pi,6.2800,3.1041,0.0635,0.0635
8.0397,pi,6.2800,3.0865,0.0639,0.0639
8.0447,pi,6.2800,3.0721,0.0642,0.0642
8.0496,pi,6.2800,3.0973,0.0637,0.0637
8.0546,pi,6.2800,3.1177,0.0632,0.0632
8.0597,pi,6.2800,3.1340,0.0629,0.0629
8.0647,pi,6.2800,3.1103,0.0634,0.0634
8.0696,pi,6.2800,3.0822,0.0640,0.0640
8.0746,pi,6.2800,3.1056,0.0635,0.0635
8.0797,pi,6.2800,3.0876,0.0638,0.0638
8.0846,pi,6.2800,3.0640,0.0643,0.0643
8.0897,pi,6.2800,3.1045,0.0635,0.0635
8.0947,pi,6.2800,3.1369,0.0629,0.0629
8.0997,pi,6.2800,3.1125,0.0634,0.0634
8.1047,pi,6.2800,3.0929,0.0637,0.0637
8.1096,pi,6.2800,3.0773,0.0641,0.0641
8.1147,pi,6.2800,3.1150,0.0633,0.0633
8.1197,pi,6.2800,3.1452,0.0627,0.0627
8.1247,pi,6.2800,3.1192,0.0632,0.0632
8.1297,pi,6.2800,3.1485,0.0626,0.0626
8.1350,pi,6.2800,3.1720,0.0622,0.0622
8.1401,pi,6.2800,3.1403,0.0628,0.0628
8.1452,pi,6.2800,3.1154,0.0633,0.0633
8.1499,pi,6.2800,3.0953,0.0637,0.0637
8.1550,pi,6.2800,3.1294,0.0630,0.0630
8.1596,pi,6.2800,3.1433,0.0627,0.0627
8.1646,pi,6.2800,3.1545,0.0625,0.0625
8.1697,pi,6.2800,3.1179,0.0632,0.0632
8.1747,pi,6.2800,3.0973,0.0637,0.0637
8.1796,pi,6.2800,3.1175,0.0632,0.0632
8.1849,pi,6.2800,3.0971,0.0637,0.0637
8.1903,pi,6.2800,3.0716,0.0642,0.0642
8.1949,pi,6.2800,3.0973,0.0637,0.0637
8.1996,pi,6.2800,3.1179,0.0632,0.0632
8.2046,pi,6.2800,3.1345,0.0629,0.0629
8.2096,pi,6.2800,3.1020,0.0636,0.0636
8.2148,pi,6.2800,3.0839,0.0639,0.0639
8.2197,pi,6.2800,3.1067,0.0635,0.0635
8.2248,pi,6.2800,3.1384,0.0628,0.0628
8.2296,pi,6.2800,3.1503,0.0626,0.0626
8.2347,pi,6.2800,3.1144,0.0633,0.0633
8.2396,pi,6.2800,3.1316,0.0630,0.0630
8.2448,pi,6.2800,3.1454,0.0627,0.0627
8.2497,pi,6.2800,3.1193,0.0632,0.0632
8.2547,pi,6.2800,3.0987,0.0636,0.0636
8.2596,pi,6.2800,3.1324,0.0630,0.0630
8.2646,pi,6.2800,3.1455,0.0627,0.0627
8.2697,pi,6.2800,3.1569,0.0625,0.0625
8.2747,pi,6.2800,3.1654,0.0623,0.0623
8.2796,pi,6.2800,3.1731,0.0621,0.0621
8.2847,pi,6.2800,3.1783,0.0620,0.0620
8.2897,pi,6.2800,3.1458,0.0627,0.0627
8.2947,pi,6.2800,3.1197,0.0632,0.0632
8.2996,pi,6.2800,3.1355,0.0629,0.0629
8.3047,pi,6.2800,3.1483,0.0626,0.0626
8.3097,pi,6.2800,3.1215,0.0632,0.0632
8.3147,pi,6.2800,3.1004,0.0636,0.0636
8.3196,pi,6.2800,3.0834,0.0639,0.0639
8.3246,pi,6.2800,3.0697,0.0642,0.0642
8.3297,pi,6.2800,3.0587,0.0644,0.0644
8.3347,pi,6.2800,3.0500,0.0646,0.0646
8.3397,pi,6.2800,3.0430,0.0647,0.0647
8.3447,pi,6.2800,3.0375,0.0649,0.0649
8.3497,pi,6.2800,3.0329,0.0649,0.0649
8.3547,pi,6.2800,3.0294,0.0650,0.0650
8.3597,pi,6.2800,3.0266,0.0651,0.0651
8.3647,pi,6.2800,3.0238,0.0651,0.0651
8.3697,pi,6.2800,3.0720,0.0642,0.0642
8.3747,pi,6.2800,3.0608,0.0644,0.0644
8.3797,pi,6.2800,3.0518,0.0646,0.0646
8.3847,pi,6.2800,3.0354,0.0649,0.0649
8.3897,pi,6.2800,3.0818,0.0640,0.0640
8.3947,pi,6.2800,3.1052,0.0635,0.0635
8.3997,pi,6.2800,3.0870,0.0639,0.0639
8.4047,pi,6.2800,3.1225,0.0631,0.0631
8.4096,pi,6.2800,3.1376,0.0628,0.0628
8.4147,pi,6.2800,3.1500,0.0626,0.0626
8.4198,pi,6.2800,3.1232,0.0631,0.0631
8.4246,pi,6.2800,3.1383,0.0628,0.0628
8.4297,pi,6.2800,3.1505,0.0626,0.0626
8.4347,pi,6.2800,3.1601,0.0624,0.0624
8.4397,pi,6.2800,3.1678,0.0622,0.0622
8.4447,pi,6.2800,3.1741,0.0621,0.0621
8.4497,pi,6.2800,3.1791,0.0620,0.0620
8.4546,pi,6.2800,3.1833,0.0619,0.0619
8.4597,pi,6.2800,3.1498,0.0626,0.0626
8.4647,pi,6.2800,3.1230,0.0631,0.0631
8.4696,pi,6.2800,3.1382,0.0628,0.0628
8.4746,pi,6.2800,3.1504,0.0626,0.0626
8.4797,pi,6.2800,3.1234,0.0631,0.0631
8.4846,pi,6.2800,3.0928,0.0637,0.0637
8.4897,pi,6.2800,3.0774,0.0641,0.0641
8.4947,pi,6.2800,3.0650,0.0643,0.0643
8.4996,pi,6.2800,3.0551,0.0645,0.0645
8.5046,pi,6.2800,3.0381,0.0648,0.0648
8.5097,pi,6.2800,3.0336,0.0649,0.0649
8.5146,pi,6.2800,3.0666,0.0643,0.0643
8.5197,pi,6.2800,3.0564,0.0645,0.0645
8.5250,pi,6.2800,3.0481,0.0646,0.0646
8.5305,pi,6.2800,3.0409,0.0648,0.0648
8.5359,pi,6.2800,3.0854,0.0639,0.0639
8.5410,pi,6.2800,3.1210,0.0632,0.0632
8.5461,pi,6.2800,3.0996,0.0636,0.0636
8.5510,pi,6.2800,3.0817,0.0640,0.0640
8.5556,pi,6.2800,3.1182,0.0632,0.0632
8.5603,pi,6.2800,3.1475,0.0627,0.0627
8.5651,pi,6.2800,3.1210,0.0632,0.0632
8.5698,pi,6.2800,3.1500,0.0626,0.0626
8.5748,pi,6.2800,3.1734,0.0621,0.0621
8.5797,pi,6.2800,3.1782,0.0620,0.0620
8.5849,pi,6.2800,3.1828,0.0619,0.0619
8.5897,pi,6.2800,3.1865,0.0619,0.0619
8.5948,pi,6.2800,3.1893,0.0618,0.0618
8.5998,pi,6.2800,3.1913,0.0618,0.0618
8.6048,pi,6.2800,3.1562,0.0625,0.0625
8.6098,pi,6.2800,3.1188,0.0632,0.0632
8.6159,pi,6.2800,3.1411,0.0628,0.0628
8.6206,pi,6.2800,3.1185,0.0632,0.0632
8.6255,pi,6.2800,3.0979,0.0636,0.0636
8.6307,pi,6.2800,3.1315,0.0630,0.0630
8.6353,pi,6.2800,3.1584,0.0624,0.0624
8.6402,pi,6.2800,3.1295,0.0630,0.0630
8.6454,pi,6.2800,3.1066,0.0635,0.0635
8.6504,pi,6.2800,3.0881,0.0638,0.0638
8.6553,pi,6.2800,3.1235,0.0631,0.0631
8.6602,pi,6.2800,3.1384,0.0628,0.0628
8.6653,pi,6.2800,3.1505,0.0626,0.0626
8.6709,pi,6.2800,3.1632,0.0623,0.0623
8.6754,pi,6.2800,3.1696,0.0622,0.0622
8.6800,pi,6.2800,3.1755,0.0621,0.0621
8.6848,pi,6.2800,3.1352,0.0629,0.0629
8.6897,pi,6.2800,3.1023,0.0636,0.0636
8.6947,pi,6.2800,3.1354,0.0629,0.0629
8.6996,pi,6.2800,3.1485,0.0626,0.0626
8.7047,pi,6.2800,3.1592,0.0624,0.0624
8.7097,pi,6.2800,3.1219,0.0632,0.0632
8.7147,pi,6.2800,3.0919,0.0638,0.0638
8.7197,pi,6.2800,3.1137,0.0633,0.0633
8.7247,pi,6.2800,3.0962,0.0637,0.0637
8.7297,pi,6.2800,3.0712,0.0642,0.0642
8.7347,pi,6.2800,3.0970,0.0637,0.0637
8.7397,pi,6.2800,3.1176,0.0632,0.0632
8.7447,pi,6.2800,3.1341,0.0629,0.0629
8.7497,pi,6.2800,3.1104,0.0634,0.0634
8.7546,pi,6.2800,3.0823,0.0640,0.0640
8.7597,pi,6.2800,3.1193,0.0632,0.0632
8.7646,pi,6.2800,3.1352,0.0629,0.0629
8.7697,pi,6.2800,3.1113,0.0634,0.0634
8.7746,pi,6.2800,3.1288,0.0630,0.0630
8.7796,pi,6.2800,3.1429,0.0627,0.0627
8.7847,pi,6.2800,3.1175,0.0633,0.0633
8.7897,pi,6.2800,3.0970,0.0637,0.0637
8.7947,pi,6.2800,3.0806,0.0640,0.0640
8.7997,pi,6.2800,3.1178,0.0632,0.0632
8.8046,pi,6.2800,3.1340,0.0629,0.0629
8.8096,pi,6.2800,3.1470,0.0627,0.0627
8.8155,pi,6.2800,3.1708,0.0622,0.0622
8.8208,pi,6.2800,3.1894,0.0618,0.0618
8.8263,pi,6.2800,3.1539,0.0625,0.0625
8.8315,pi,6.2800,3.1256,0.0631,0.0631
8.8361,pi,6.2800,3.1030,0.0635,0.0635
8.8406,pi,6.2800,3.1354,0.0629,0.0629
8.8449,pi,6.2800,3.1479,0.0626,0.0626
8.8497,pi,6.2800,3.1215,0.0632,0.0632
8.8547,pi,6.2800,3.0913,0.0638,0.0638
8.8597,pi,6.2800,3.1264,0.0631,0.0631
8.8652,pi,6.2800,3.1040,0.0635,0.0635
8.8703,pi,6.2800,3.0857,0.0639,0.0639
8.8747,pi,6.2800,3.0635,0.0643,0.0643
8.8797,pi,6.2800,3.0912,0.0638,0.0638
8.8847,pi,6.2800,3.1134,0.0633,0.0633
8.8897,pi,6.2800,3.1310,0.0630,0.0630
8.8948,pi,6.2800,3.0993,0.0636,0.0636
8.8997,pi,6.2800,3.1329,0.0629,0.0629
8.9047,pi,6.2800,3.1597,0.0624,0.0624
8.9097,pi,6.2800,3.1674,0.0623,0.0623
8.9147,pi,6.2800,3.1280,0.0630,0.0630
8.9197,pi,6.2800,3.1427,0.0627,0.0627
8.9247,pi,6.2800,3.1551,0.0625,0.0625
8.9298,pi,6.2800,3.1272,0.0631,0.0631
8.9347,pi,6.2800,3.1049,0.0635,0.0635
8.9397,pi,6.2800,3.1237,0.0631,0.0631
8.9447,pi,6.2800,3.1524,0.0626,0.0626
8.9496,pi,6.2800,3.1616,0.0624,0.0624
8.9547,pi,6.2800,3.1234,0.0631,0.0631
8.9598,pi,6.2800,3.1018,0.0636,0.0636
8.9646,pi,6.2800,3.1212,0.0632,0.0632
8.9697,pi,6.2800,3.1001,0.0636,0.0636
8.9746,pi,6.2800,3.0832,0.0639,0.0639
8.9796,pi,6.2800,3.0606,0.0644,0.0644
8.9847,pi,6.2800,3.0883,0.0638,0.0638
8.9897,pi,6.2800,3.1105,0.0634,0.0634
8.9946,pi,6.2800,3.0831,0.0639,0.0639
8.9997,pi,6.2800,3.0605,0.0644,0.0644
9.0047,pi,6.2800,3.0425,0.0647,0.0647
9.0096,pi,6.2800,3.0738,0.0641,0.0641
9.0146,pi,6.2800,3.0990,0.0636,0.0636
9.0196,pi,6.2800,3.0733,0.0641,0.0641
9.0246,pi,6.2800,3.0985,0.0636,0.0636
9.0296,pi,6.2800,3.1188,0.0632,0.0632
9.0346,pi,6.2800,3.1349,0.0629,0.0629
9.0397,pi,6.2800,3.1110,0.0634,0.0634
9.0447,pi,6.2800,3.1416,0.0628,0.0628
9.0497,pi,6.2800,3.1665,0.0623,0.0623
9.0547,pi,6.2800,3.1864,0.0619,0.0619
9.0596,pi,6.2800,3.1523,0.0626,0.0626
9.0646,pi,6.2800,3.1616,0.0624,0.0624
9.0697,pi,6.2800,3.1828,0.0619,0.0619
9.0747,pi,6.2800,3.1493,0.0626,0.0626
9.0796,pi,6.2800,3.1136,0.0633,0.0633
9.0847,pi,6.2800,3.0935,0.0637,0.0637
9.0896,pi,6.2800,3.1144,0.0633,0.0633
9.0947,pi,6.2800,3.1314,0.0630,0.0630
9.0997,pi,6.2800,3.0993,0.0636,0.0636
9.1047,pi,6.2800,3.1195,0.0632,0.0632
9.1096,pi,6.2800,3.1356,0.0629,0.0629
9.1148,pi,6.2800,3.1116,0.0634,0.0634
9.1196,pi,6.2800,3.0833,0.0639,0.0639
9.1247,pi,6.2800,3.0607,0.0644,0.0644
9.1298,pi,6.2800,3.1017,0.0636,0.0636
9.1350,pi,6.2800,3.1210,0.0632,0.0632
9.1398,pi,6.2800,3.0994,0.0636,0.0636
9.1448,pi,6.2800,3.0825,0.0639,0.0639
9.1496,pi,6.2800,3.1057,0.0635,0.0635
9.1547,pi,6.2800,3.0877,0.0638,0.0638
9.1597,pi,6.2800,3.0732,0.0641,0.0641
9.1647,pi,6.2800,3.0617,0.0644,0.0644
9.1696,pi,6.2800,3.0891,0.0638,0.0638
9.1746,pi,6.2800,3.1111,0.0634,0.0634
9.1797,pi,6.2800,3.1287,0.0630,0.0630
9.1847,pi,6.2800,3.1061,0.0635,0.0635
9.1896,pi,6.2800,3.0788,0.0640,0.0640
9.1947,pi,6.2800,3.1032,0.0635,0.0635
9.1996,pi,6.2800,3.1225,0.0632,0.0632
9.2047,pi,6.2800,3.1011,0.0636,0.0636
9.2096,pi,6.2800,3.1206,0.0632,0.0632
9.2146,pi,6.2800,3.1363,0.0629,0.0629
9.2197,pi,6.2800,3.1122,0.0634,0.0634
9.2247,pi,6.2800,3.0929,0.0637,0.0637
9.2297,pi,6.2800,3.1275,0.0630,0.0630
9.2347,pi,6.2800,3.1553,0.0625,0.0625
9.2396,pi,6.2800,3.1640,0.0623,0.0623
9.2447,pi,6.2800,3.1343,0.0629,0.0629
9.2497,pi,6.2800,3.1608,0.0624,0.0624
9.2546,pi,6.2800,3.1684,0.0622,0.0622
9.2597,pi,6.2800,3.1379,0.0628,0.0628
9.2647,pi,6.2800,3.1133,0.0633,0.0633
9.2696,pi,6.2800,3.1303,0.0630,0.0630
9.2747,pi,6.2800,3.1577,0.0624,0.0624
9.2796,pi,6.2800,3.1659,0.0623,0.0623
9.2846,pi,6.2800,3.1270,0.0631,0.0631
9.2897,pi,6.2800,3.1550,0.0625,0.0625
9.2946,pi,6.2800,3.1638,0.0623,0.0623
9.2996,pi,6.2800,3.1709,0.0622,0.0622
9.3046,pi,6.2800,3.1309,0.0630,0.0630
9.3098,pi,6.2800,3.1078,0.0634,0.0634
9.3147,pi,6.2800,3.1397,0.0628,0.0628
9.3197,pi,6.2800,3.1147,0.0633,0.0633
9.3247,pi,6.2800,3.0948,0.0637,0.0637
9.3297,pi,6.2800,3.0788,0.0640,0.0640
9.3347,pi,6.2800,3.1162,0.0633,0.0633
9.3398,pi,6.2800,3.0959,0.0637,0.0637
9.3447,pi,6.2800,3.0795,0.0640,0.0640
9.3497,pi,6.2800,3.0665,0.0643,0.0643
9.3547,pi,6.2800,3.1064,0.0635,0.0635
9.3597,pi,6.2800,3.1385,0.0628,0.0628
9.3646,pi,6.2800,3.1505,0.0626,0.0626
9.3697,pi,6.2800,3.1146,0.0633,0.0633
9.3747,pi,6.2800,3.0858,0.0639,0.0639
9.3796,pi,6.2800,3.1085,0.0634,0.0634
9.3847,pi,6.2800,3.1268,0.0631,0.0631
9.3897,pi,6.2800,3.0957,0.0637,0.0637
9.3947,pi,6.2800,3.1165,0.0633,0.0633
9.3996,pi,6.2800,3.1333,0.0629,0.0629
9.4046,pi,6.2800,3.1466,0.0627,0.0627
9.4096,pi,6.2800,3.1114,0.0634,0.0634
9.4147,pi,6.2800,3.0923,0.0638,0.0638
9.4196,pi,6.2800,3.1136,0.0633,0.0633
9.4247,pi,6.2800,3.1443,0.0627,0.0627
9.4297,pi,6.2800,3.1184,0.0632,0.0632
9.4346,pi,6.2800,3.1480,0.0626,0.0626
9.4396,pi,6.2800,3.1581,0.0624,0.0624
9.4447,pi,6.2800,3.1295,0.0630,0.0630
9.4497,pi,6.2800,3.1065,0.0635,0.0635
9.4547,pi,6.2800,3.0883,0.0638,0.0638
9.4596,pi,6.2800,3.1240,0.0631,0.0631
9.4646,pi,6.2800,3.1526,0.0625,0.0625
9.4697,pi,6.2800,3.1252,0.0631,0.0631
9.4746,pi,6.2800,3.0942,0.0637,0.0637
9.4796,pi,6.2800,3.1152,0.0633,0.0633
9.4847,pi,6.2800,3.0953,0.0637,0.0637
9.4896,pi,6.2800,3.0794,0.0640,0.0640
9.4947,pi,6.2800,3.0576,0.0644,0.0644
9.4996,pi,6.2800,3.0860,0.0639,0.0639
9.5046,pi,6.2800,3.1087,0.0634,0.0634
9.5096,pi,6.2800,3.1268,0.0631,0.0631
9.5146,pi,6.2800,3.0956,0.0637,0.0637
9.5197,pi,6.2800,3.1163,0.0633,0.0633
9.5247,pi,6.2800,3.1465,0.0627,0.0627
9.5296,pi,6.2800,3.1201,0.0632,0.0632
9.5347,pi,6.2800,3.0988,0.0636,0.0636
9.5396,pi,6.2800,3.1187,0.0632,0.0632
9.5447,pi,6.2800,3.1348,0.0629,0.0629
9.5497,pi,6.2800,3.1109,0.0634,0.0634
9.5547,pi,6.2800,3.0919,0.0638,0.0638
9.5597,pi,6.2800,3.1132,0.0633,0.0633
9.5647,pi,6.2800,3.1440,0.0627,0.0627
9.5696,pi,6.2800,3.1549,0.0625,0.0625
9.5747,pi,6.2800,3.1268,0.0631,0.0631
9.5796,pi,6.2800,3.1412,0.0628,0.0628
9.5847,pi,6.2800,3.1527,0.0625,0.0625
9.5897,pi,6.2800,3.1253,0.0631,0.0631
9.5948,pi,6.2800,3.1534,0.0625,0.0625
9.5997,pi,6.2800,3.1760,0.0621,0.0621
9.6047,pi,6.2800,3.1940,0.0617,0.0617
9.6096,pi,6.2800,3.1581,0.0624,0.0624
9.6146,pi,6.2800,3.1295,0.0630,0.0630
9.6197,pi,6.2800,3.1568,0.0625,0.0625
9.6246,pi,6.2800,3.1650,0.0623,0.0623
9.6297,pi,6.2800,3.1347,0.0629,0.0629
9.6347,pi,6.2800,3.1110,0.0634,0.0634
9.6396,pi,6.2800,3.0829,0.0639,0.0639
9.6447,pi,6.2800,3.1061,0.0635,0.0635
9.6496,pi,6.2800,3.0791,0.0640,0.0640
9.6547,pi,6.2800,3.0575,0.0644,0.0644
9.6597,pi,6.2800,3.0860,0.0639,0.0639
9.6646,pi,6.2800,3.1088,0.0634,0.0634
9.6696,pi,6.2800,3.1270,0.0631,0.0631
9.6747,pi,6.2800,3.0957,0.0637,0.0637
9.6797,pi,6.2800,3.0706,0.0642,0.0642
9.6849,pi,6.2800,3.1097,0.0634,0.0634
9.6902,pi,6.2800,3.1407,0.0628,0.0628
9.6953,pi,6.2800,3.1149,0.0633,0.0633
9.6998,pi,6.2800,3.1447,0.0627,0.0627
9.7048,pi,6.2800,3.1687,0.0622,0.0622
9.7098,pi,6.2800,3.1375,0.0628,0.0628
9.7148,pi,6.2800,3.1126,0.0633,0.0633
9.7200,pi,6.2800,3.0927,0.0637,0.0637
9.7249,pi,6.2800,3.1271,0.0631,0.0631
9.7299,pi,6.2800,3.1548,0.0625,0.0625
9.7350,pi,6.2800,3.1266,0.0631,0.0631
9.7401,pi,6.2800,3.1545,0.0625,0.0625
9.7447,pi,6.2800,3.1634,0.0623,0.0623
9.7496,pi,6.2800,3.1712,0.0622,0.0622
9.7546,pi,6.2800,3.1315,0.0630,0.0630
9.7597,pi,6.2800,3.0995,0.0636,0.0636
9.7647,pi,6.2800,3.1198,0.0632,0.0632
9.7697,pi,6.2800,3.1359,0.0629,0.0629
9.7747,pi,6.2800,3.1488,0.0626,0.0626
9.7797,pi,6.2800,3.1593,0.0624,0.0624
9.7847,pi,6.2800,3.1675,0.0623,0.0623
9.7897,pi,6.2800,3.1743,0.0621,0.0621
9.7947,pi,6.2800,3.1341,0.0629,0.0629
9.7997,pi,6.2800,3.1099,0.0634,0.0634
9.8046,pi,6.2800,3.1411,0.0628,0.0628
9.8097,pi,6.2800,3.1664,0.0623,0.0623
9.8147,pi,6.2800,3.1362,0.0629,0.0629
9.8196,pi,6.2800,3.1488,0.0626,0.0626
9.8247,pi,6.2800,3.1590,0.0624,0.0624
9.8297,pi,6.2800,3.1670,0.0623,0.0623
9.8347,pi,6.2800,3.1277,0.0630,0.0630
9.8397,pi,6.2800,3.0962,0.0637,0.0637
9.8447,pi,6.2800,3.1168,0.0633,0.0633
9.8497,pi,6.2800,3.1332,0.0629,0.0629
9.8546,pi,6.2800,3.1468,0.0627,0.0627
9.8597,pi,6.2800,3.1114,0.0634,0.0634
9.8647,pi,6.2800,3.1426,0.0627,0.0627
9.8697,pi,6.2800,3.1169,0.0633,0.0633
9.8747,pi,6.2800,3.0966,0.0637,0.0637
9.8797,pi,6.2800,3.0803,0.0640,0.0640
9.8847,pi,6.2800,3.1175,0.0632,0.0632
9.8897,pi,6.2800,3.1337,0.0629,0.0629
9.8947,pi,6.2800,3.1098,0.0634,0.0634
9.8997,pi,6.2800,3.0911,0.0638,0.0638
9.9046,pi,6.2800,3.1127,0.0633,0.0633
9.9096,pi,6.2800,3.1300,0.0630,0.0630
9.9146,pi,6.2800,3.1438,0.0627,0.0627
9.9196,pi,6.2800,3.1092,0.0634,0.0634
9.9247,pi,6.2800,3.1273,0.0631,0.0631
9.9296,pi,6.2800,3.1417,0.0628,0.0628
9.9347,pi,6.2800,3.1165,0.0633,0.0633
9.9397,pi,6.2800,3.0963,0.0637,0.0637
9.9447,pi,6.2800,3.0802,0.0640,0.0640
9.9496,pi,6.2800,3.1041,0.0635,0.0635
9.9547,pi,6.2800,3.0864,0.0639,0.0639
9.9597,pi,6.2800,3.0631,0.0643,0.0643
9.9646,pi,6.2800,3.0903,0.0638,0.0638
9.9696,pi,6.2800,3.1120,0.0634,0.0634
9.9747,pi,6.2800,3.0927,0.0637,0.0637
9.9797,pi,6.2800,3.0772,0.0641,0.0641
9.9847,pi,6.2800,3.0558,0.0645,0.0645
9.9897,pi,6.2800,3.0844,0.0639,0.0639
9.9947,pi,6.2800,3.1073,0.0635,0.0635
9.9997,pi,6.2800,3.0890,0.0638,0.0638
10.0047,pi,6.2800,3.1245,0.0631,0.0631
10.0097,pi,6.2800,3.1529,0.0625,0.0625
10.0147,pi,6.2800,3.1252,0.0631,0.0631
10.0197,pi,6.2800,3.1031,0.0635,0.0635
10.0246,pi,6.2800,3.0763,0.0641,0.0641
10.0297,pi,6.2800,3.1008,0.0636,0.0636
10.0347,pi,6.2800,3.1339,0.0629,0.0629
10.0397,pi,6.2800,3.1104,0.0634,0.0634
10.0447,pi,6.2800,3.1417,0.0628,0.0628
10.0496,pi,6.2800,3.1533,0.0625,0.0625
10.0547,pi,6.2800,3.1625,0.0623,0.0623
10.0596,pi,6.2800,3.1242,0.0631,0.0631
10.0647,pi,6.2800,3.0935,0.0637,0.0637
10.0697,pi,6.2800,3.1147,0.0633,0.0633
10.0747,pi,6.2800,3.1315,0.0630,0.0630
10.0797,pi,6.2800,3.1084,0.0634,0.0634
10.0846,pi,6.2800,3.0807,0.0640,0.0640
10.0897,pi,6.2800,3.0589,0.0644,0.0644
10.0948,pi,6.2800,3.0502,0.0646,0.0646
10.0996,pi,6.2800,3.0434,0.0647,0.0647
10.1047,pi,6.2800,3.0288,0.0650,0.0650
10.1097,pi,6.2800,3.0170,0.0653,0.0653
10.1147,pi,6.2800,3.0670,0.0643,0.0643
10.1199,pi,6.2800,3.0565,0.0645,0.0645
10.1250,pi,6.2800,3.0479,0.0646,0.0646
10.1300,pi,6.2800,3.0413,0.0648,0.0648
10.1347,pi,6.2800,3.0863,0.0639,0.0639
10.1397,pi,6.2800,3.1224,0.0632,0.0632
10.1446,pi,6.2800,3.1377,0.0628,0.0628
10.1497,pi,6.2800,3.1133,0.0633,0.0633
10.1547,pi,6.2800,3.1439,0.0627,0.0627
10.1598,pi,6.2800,3.1684,0.0622,0.0622
10.1650,pi,6.2800,3.1377,0.0628,0.0628
10.1701,pi,6.2800,3.1039,0.0635,0.0635
10.1746,pi,6.2800,3.1231,0.0631,0.0631
10.1796,pi,6.2800,3.1387,0.0628,0.0628
10.1846,pi,6.2800,3.1510,0.0626,0.0626
10.1897,pi,6.2800,3.1607,0.0624,0.0624
10.1947,pi,6.2800,3.1820,0.0620,0.0620
10.1997,pi,6.2800,3.1988,0.0616,0.0616
10.2047,pi,6.2800,3.1622,0.0624,0.0624
10.2097,pi,6.2800,3.1325,0.0630,0.0630
10.2146,pi,6.2800,3.1458,0.0627,0.0627
10.2197,pi,6.2800,3.1566,0.0625,0.0625
10.2247,pi,6.2800,3.1654,0.0623,0.0623
10.2298,pi,6.2800,3.1353,0.0629,0.0629
10.2346,pi,6.2800,3.1479,0.0626,0.0626
10.2397,pi,6.2800,3.1581,0.0624,0.0624
10.2447,pi,6.2800,3.1205,0.0632,0.0632
10.2497,pi,6.2800,3.0906,0.0638,0.0638
10.2549,pi,6.2800,3.0756,0.0641,0.0641
10.2598,pi,6.2800,3.1001,0.0636,0.0636
10.2647,pi,6.2800,3.0831,0.0639,0.0639
10.2697,pi,6.2800,3.0696,0.0642,0.0642
10.2747,pi,6.2800,3.0588,0.0644,0.0644
10.2796,pi,6.2800,3.0867,0.0639,0.0639
10.2847,pi,6.2800,3.0725,0.0641,0.0641
10.2897,pi,6.2800,3.0612,0.0644,0.0644
10.2947,pi,6.2800,3.0521,0.0646,0.0646
10.2997,pi,6.2800,3.0448,0.0647,0.0647
10.3046,pi,6.2800,3.0756,0.0641,0.0641
10.3096,pi,6.2800,3.1003,0.0636,0.0636
10.3147,pi,6.2800,3.0743,0.0641,0.0641
10.3197,pi,6.2800,3.0993,0.0636,0.0636
10.3247,pi,6.2800,3.1192,0.0632,0.0632
10.3298,pi,6.2800,3.0983,0.0636,0.0636
10.3362,pi,6.2800,3.0810,0.0640,0.0640
10.3409,pi,6.2800,3.0673,0.0643,0.0643
10.3460,pi,6.2800,3.1066,0.0635,0.0635
10.3506,pi,6.2800,3.1382,0.0628,0.0628
10.3552,pi,6.2800,3.1134,0.0633,0.0633
10.3597,pi,6.2800,3.1439,0.0627,0.0627
10.3646,pi,6.2800,3.1549,0.0625,0.0625
10.3696,pi,6.2800,3.1639,0.0623,0.0623
10.3748,pi,6.2800,3.1342,0.0629,0.0629
10.3797,pi,6.2800,3.1104,0.0634,0.0634
10.3846,pi,6.2800,3.1280,0.0630,0.0630
10.3897,pi,6.2800,3.1427,0.0627,0.0627
10.3947,pi,6.2800,3.1546,0.0625,0.0625
10.3996,pi,6.2800,3.1640,0.0623,0.0623
10.4047,pi,6.2800,3.1712,0.0622,0.0622
10.4097,pi,6.2800,3.1402,0.0628,0.0628
10.4147,pi,6.2800,3.1150,0.0633,0.0633
10.4197,pi,6.2800,3.0951,0.0637,0.0637
10.4247,pi,6.2800,3.1157,0.0633,0.0633
10.4297,pi,6.2800,3.1322,0.0630,0.0630
10.4348,pi,6.2800,3.1088,0.0634,0.0634
10.4397,pi,6.2800,3.1269,0.0631,0.0631
10.4447,pi,6.2800,3.1414,0.0628,0.0628
10.4498,pi,6.2800,3.1159,0.0633,0.0633
10.4547,pi,6.2800,3.0867,0.0639,0.0639
10.4597,pi,6.2800,3.0636,0.0643,0.0643
10.4647,pi,6.2800,3.0907,0.0638,0.0638
10.4699,pi,6.2800,3.1260,0.0631,0.0631
10.4748,pi,6.2800,3.1037,0.0635,0.0635
10.4797,pi,6.2800,3.0770,0.0641,0.0641
10.4847,pi,6.2800,3.1016,0.0636,0.0636
10.4897,pi,6.2800,3.1213,0.0632,0.0632
10.4947,pi,6.2800,3.1002,0.0636,0.0636
10.4996,pi,6.2800,3.0741,0.0641,0.0641
10.5047,pi,6.2800,3.0992,0.0636,0.0636
10.5097,pi,6.2800,3.1193,0.0632,0.0632
10.5147,pi,6.2800,3.0985,0.0636,0.0636
10.5197,pi,6.2800,3.1185,0.0632,0.0632
10.5247,pi,6.2800,3.1348,0.0629,0.0629
10.5297,pi,6.2800,3.1478,0.0626,0.0626
10.5348,pi,6.2800,3.1213,0.0632,0.0632
10.5397,pi,6.2800,3.1000,0.0636,0.0636
10.5447,pi,6.2800,3.1333,0.0629,0.0629
10.5497,pi,6.2800,3.1600,0.0624,0.0624
10.5547,pi,6.2800,3.1677,0.0622,0.0622
10.5597,pi,6.2800,3.1875,0.0618,0.0618
10.5646,pi,6.2800,3.1898,0.0618,0.0618
10.5697,pi,6.2800,3.1917,0.0618,0.0618
10.5747,pi,6.2800,3.1564,0.0625,0.0625
10.5797,pi,6.2800,3.1283,0.0630,0.0630
10.5846,pi,6.2800,3.1424,0.0628,0.0628
10.5897,pi,6.2800,3.1537,0.0625,0.0625
10.5947,pi,6.2800,3.1261,0.0631,0.0631
10.5996,pi,6.2800,3.1406,0.0628,0.0628
10.6047,pi,6.2800,3.1660,0.0623,0.0623
10.6097,pi,6.2800,3.1359,0.0629,0.0629
10.6147,pi,6.2800,3.1119,0.0634,0.0634
10.6197,pi,6.2800,3.0927,0.0637,0.0637
10.6246,pi,6.2800,3.1276,0.0630,0.0630
10.6297,pi,6.2800,3.1555,0.0625,0.0625
10.6347,pi,6.2800,3.1274,0.0631,0.0631
10.6397,pi,6.2800,3.1552,0.0625,0.0625
10.6446,pi,6.2800,3.1639,0.0623,0.0623
10.6497,pi,6.2800,3.1340,0.0629,0.0629
10.6546,pi,6.2800,3.1013,0.0636,0.0636
10.6597,pi,6.2800,3.0752,0.0641,0.0641
10.6646,pi,6.2800,3.1000,0.0636,0.0636
10.6697,pi,6.2800,3.1334,0.0629,0.0629
10.6747,pi,6.2800,3.1098,0.0634,0.0634
10.6796,pi,6.2800,3.1276,0.0630,0.0630
10.6846,pi,6.2800,3.1420,0.0628,0.0628
10.6896,pi,6.2800,3.1534,0.0625,0.0625
10.6948,pi,6.2800,3.1259,0.0631,0.0631
10.6996,pi,6.2800,3.0946,0.0637,0.0637
10.7047,pi,6.2800,3.1156,0.0633,0.0633
10.7097,pi,6.2800,3.1459,0.0627,0.0627
10.7147,pi,6.2800,3.1198,0.0632,0.0632
10.7196,pi,6.2800,3.1356,0.0629,0.0629
10.7247,pi,6.2800,3.1483,0.0626,0.0626
10.7297,pi,6.2800,3.1217,0.0632,0.0632
10.7347,pi,6.2800,3.1005,0.0636,0.0636
10.7397,pi,6.2800,3.0744,0.0641,0.0641
10.7447,pi,6.2800,3.0993,0.0636,0.0636
10.7496,pi,6.2800,3.1193,0.0632,0.0632
10.7547,pi,6.2800,3.0986,0.0636,0.0636
10.7597,pi,6.2800,3.1185,0.0632,0.0632
10.7647,pi,6.2800,3.1347,0.0629,0.0629
10.7697,pi,6.2800,3.1108,0.0634,0.0634
10.7747,pi,6.2800,3.0917,0.0638,0.0638
10.7797,pi,6.2800,3.0765,0.0641,0.0641
10.7846,pi,6.2800,3.1010,0.0636,0.0636
10.7896,pi,6.2800,3.1205,0.0632,0.0632
10.7947,pi,6.2800,3.0995,0.0636,0.0636
10.7996,pi,6.2800,3.1193,0.0632,0.0632
10.8047,pi,6.2800,3.1489,0.0626,0.0626
10.8097,pi,6.2800,3.1222,0.0632,0.0632
10.8147,pi,6.2800,3.1009,0.0636,0.0636
10.8197,pi,6.2800,3.0838,0.0639,0.0639
10.8246,pi,6.2800,3.1068,0.0635,0.0635
10.8296,pi,6.2800,3.1252,0.0631,0.0631
10.8347,pi,6.2800,3.1033,0.0635,0.0635
10.8396,pi,6.2800,3.1224,0.0632,0.0632
10.8447,pi,6.2800,3.1514,0.0626,0.0626
10.8497,pi,6.2800,3.1241,0.0631,0.0631
10.8547,pi,6.2800,3.0934,0.0637,0.0637
10.8597,pi,6.2800,3.0687,0.0642,0.0642
10.8647,pi,6.2800,3.1084,0.0634,0.0634
10.8696,pi,6.2800,3.1264,0.0631,0.0631
10.8747,pi,6.2800,3.1410,0.0628,0.0628
10.8797,pi,6.2800,3.1526,0.0625,0.0625
10.8847,pi,6.2800,3.1620,0.0624,0.0624
10.8897,pi,6.2800,3.1327,0.0629,0.0629
10.8947,pi,6.2800,3.1002,0.0636,0.0636
10.8997,pi,6.2800,3.0742,0.0641,0.0641
10.9047,pi,6.2800,3.0993,0.0636,0.0636
10.9097,pi,6.2800,3.1193,0.0632,0.0632
10.9147,pi,6.2800,3.0983,0.0636,0.0636
10.9196,pi,6.2800,3.0729,0.0641,0.0641
10.9247,pi,6.2800,3.0613,0.0644,0.0644
10.9296,pi,6.2800,3.0888,0.0638,0.0638
10.9346,pi,6.2800,3.0652,0.0643,0.0643
10.9396,pi,6.2800,3.0462,0.0647,0.0647
10.9448,pi,6.2800,3.0310,0.0650,0.0650
10.9497,pi,6.2800,3.0189,0.0652,0.0652
10.9547,pi,6.2800,3.0550,0.0645,0.0645
10.9597,pi,6.2800,3.0468,0.0647,0.0647
10.9647,pi,6.2800,3.0405,0.0648,0.0648
10.9697,pi,6.2800,3.0354,0.0649,0.0649
10.9746,pi,6.2800,3.0679,0.0642,0.0642
10.9797,pi,6.2800,3.0573,0.0645,0.0645
10.9846,pi,6.2800,3.0487,0.0646,0.0646
10.9897,pi,6.2800,3.0419,0.0648,0.0648
10.9947,pi,6.2800,3.0868,0.0639,0.0639
10.9996,pi,6.2800,3.1227,0.0631,0.0631
11.0047,pi,6.2800,3.1012,0.0636,0.0636
11.0096,pi,6.2800,3.1204,0.0632,0.0632
11.0146,pi,6.2800,3.1362,0.0629,0.0629
11.0197,pi,6.2800,3.1490,0.0626,0.0626
11.0247,pi,6.2800,3.1222,0.0632,0.0632
11.0297,pi,6.2800,3.1010,0.0636,0.0636
11.0346,pi,6.2800,3.1206,0.0632,0.0632
11.0397,pi,6.2800,3.1362,0.0629,0.0629
11.0447,pi,6.2800,3.1121,0.0634,0.0634
11.0497,pi,6.2800,3.0927,0.0637,0.0637
11.0546,pi,6.2800,3.0683,0.0642,0.0642
11.0598,pi,6.2800,3.0578,0.0644,0.0644
11.0647,pi,6.2800,3.0493,0.0646,0.0646
11.0696,pi,6.2800,3.0336,0.0649,0.0649
11.0747,pi,6.2800,3.0210,0.0652,0.0652
11.0797,pi,6.2800,3.0567,0.0645,0.0645
11.0846,pi,6.2800,3.0853,0.0639,0.0639
11.0897,pi,6.2800,3.0623,0.0644,0.0644
11.0947,pi,6.2800,3.0440,0.0647,0.0647
11.0996,pi,6.2800,3.0752,0.0641,0.0641
11.1047,pi,6.2800,3.1137,0.0633,0.0633
11.1097,pi,6.2800,3.0941,0.0637,0.0637
11.1147,pi,6.2800,3.0783,0.0640,0.0640
11.1198,pi,6.2800,3.0650,0.0643,0.0643
11.1246,pi,6.2800,3.0915,0.0638,0.0638
11.1297,pi,6.2800,3.0756,0.0641,0.0641
11.1348,pi,6.2800,3.0632,0.0643,0.0643
11.1400,pi,6.2800,3.1038,0.0635,0.0635
11.1448,pi,6.2800,3.1363,0.0629,0.0629
11.1498,pi,6.2800,3.1119,0.0634,0.0634
11.1546,pi,6.2800,3.0837,0.0639,0.0639
11.1596,pi,6.2800,3.1069,0.0635,0.0635
11.1647,pi,6.2800,3.1253,0.0631,0.0631
11.1697,pi,6.2800,3.1403,0.0628,0.0628
11.1747,pi,6.2800,3.1153,0.0633,0.0633
11.1797,pi,6.2800,3.1320,0.0630,0.0630
11.1847,pi,6.2800,3.1460,0.0627,0.0627
11.1897,pi,6.2800,3.1569,0.0625,0.0625
11.1947,pi,6.2800,3.1196,0.0632,0.0632
11.1997,pi,6.2800,3.1357,0.0629,0.0629
11.2047,pi,6.2800,3.1485,0.0626,0.0626
11.2097,pi,6.2800,3.1219,0.0632,0.0632
11.2146,pi,6.2800,3.0914,0.0638,0.0638
11.2197,pi,6.2800,3.0763,0.0641,0.0641
11.2247,pi,6.2800,3.0641,0.0643,0.0643
11.2297,pi,6.2800,3.0544,0.0645,0.0645
11.2347,pi,6.2800,3.0467,0.0647,0.0647
11.2396,pi,6.2800,3.0313,0.0650,0.0650
11.2447,pi,6.2800,3.0649,0.0643,0.0643
11.2497,pi,6.2800,3.0551,0.0645,0.0645
11.2547,pi,6.2800,3.0472,0.0647,0.0647
11.2597,pi,6.2800,3.0409,0.0648,0.0648
11.2647,pi,6.2800,3.0358,0.0649,0.0649
11.2696,pi,6.2800,3.0684,0.0642,0.0642
11.2749,pi,6.2800,3.0944,0.0637,0.0637
11.2799,pi,6.2800,3.0783,0.0640,0.0640
11.2849,pi,6.2800,3.1158,0.0633,0.0633
11.2903,pi,6.2800,3.1457,0.0627,0.0627
11.2947,pi,6.2800,3.1196,0.0632,0.0632
11.2996,pi,6.2800,3.0989,0.0636,0.0636
11.3047,pi,6.2800,3.0820,0.0640,0.0640
11.3097,pi,6.2800,3.1189,0.0632,0.0632
11.3146,pi,6.2800,3.1348,0.0629,0.0629
11.3197,pi,6.2800,3.1109,0.0634,0.0634
11.3247,pi,6.2800,3.1284,0.0630,0.0630
11.3296,pi,6.2800,3.1426,0.0627,0.0627
11.3346,pi,6.2800,3.1541,0.0625,0.0625
11.3397,pi,6.2800,3.1175,0.0633,0.0633
11.3447,pi,6.2800,3.0883,0.0638,0.0638
11.3508,pi,6.2800,3.1238,0.0631,0.0631
11.3562,pi,6.2800,3.1523,0.0626,0.0626
11.3602,pi,6.2800,3.1617,0.0624,0.0624
11.3647,pi,6.2800,3.1826,0.0619,0.0619
11.3696,pi,6.2800,3.1859,0.0619,0.0619
11.3747,pi,6.2800,3.1886,0.0618,0.0618
11.3797,pi,6.2800,3.1539,0.0625,0.0625
11.3847,pi,6.2800,3.1261,0.0631,0.0631
11.3896,pi,6.2800,3.1405,0.0628,0.0628
11.3947,pi,6.2800,3.1658,0.0623,0.0623
11.3996,pi,6.2800,3.1724,0.0622,0.0622
11.4047,pi,6.2800,3.1322,0.0630,0.0630
11.4098,pi,6.2800,3.1088,0.0634,0.0634
11.4147,pi,6.2800,3.1266,0.0631,0.0631
11.4197,pi,6.2800,3.1044,0.0635,0.0635
11.4247,pi,6.2800,3.0865,0.0639,0.0639
11.4296,pi,6.2800,3.1088,0.0634,0.0634
11.4347,pi,6.2800,3.1268,0.0631,0.0631
11.4397,pi,6.2800,3.1046,0.0635,0.0635
11.4447,pi,6.2800,3.0868,0.0639,0.0639
11.4497,pi,6.2800,3.0720,0.0642,0.0642
11.4547,pi,6.2800,3.1107,0.0634,0.0634
11.4596,pi,6.2800,3.1283,0.0630,0.0630
11.4647,pi,6.2800,3.1424,0.0628,0.0628
11.4697,pi,6.2800,3.1538,0.0625,0.0625
11.4747,pi,6.2800,3.1628,0.0623,0.0623
11.4797,pi,6.2800,3.1333,0.0629,0.0629
11.4847,pi,6.2800,3.1098,0.0634,0.0634
11.4897,pi,6.2800,3.0910,0.0638,0.0638
11.4947,pi,6.2800,3.1260,0.0631,0.0631
11.4996,pi,6.2800,3.1405,0.0628,0.0628
11.5047,pi,6.2800,3.1155,0.0633,0.0633
11.5096,pi,6.2800,3.1322,0.0630,0.0630
11.5147,pi,6.2800,3.1455,0.0627,0.0627
11.5197,pi,6.2800,3.1195,0.0632,0.0632
11.5247,pi,6.2800,3.0988,0.0636,0.0636
11.5296,pi,6.2800,3.0730,0.0641,0.0641
11.5347,pi,6.2800,3.0982,0.0636,0.0636
11.5397,pi,6.2800,3.1184,0.0632,0.0632
11.5447,pi,6.2800,3.1345,0.0629,0.0629
11.5497,pi,6.2800,3.1108,0.0634,0.0634
11.5547,pi,6.2800,3.0917,0.0638,0.0638
11.5597,pi,6.2800,3.0766,0.0641,0.0641
11.5647,pi,6.2800,3.0643,0.0643,0.0643
11.5696,pi,6.2800,3.0455,0.0647,0.0647
11.5747,pi,6.2800,3.0763,0.0641,0.0641
11.5797,pi,6.2800,3.1008,0.0636,0.0636
11.5847,pi,6.2800,3.0838,0.0639,0.0639
11.5896,pi,6.2800,3.0611,0.0644,0.0644
11.5947,pi,6.2800,3.0519,0.0646,0.0646
11.5996,pi,6.2800,3.0812,0.0640,0.0640
11.6047,pi,6.2800,3.1048,0.0635,0.0635
11.6097,pi,6.2800,3.0866,0.0639,0.0639
11.6146,pi,6.2800,3.0634,0.0643,0.0643
11.6197,pi,6.2800,3.1041,0.0635,0.0635
11.6247,pi,6.2800,3.0865,0.0639,0.0639
11.6299,pi,6.2800,3.0722,0.0642,0.0642
11.6347,pi,6.2800,3.0607,0.0644,0.0644
11.6397,pi,6.2800,3.0883,0.0638,0.0638
11.6447,pi,6.2800,3.1105,0.0634,0.0634
11.6497,pi,6.2800,3.1284,0.0630,0.0630
11.6547,pi,6.2800,3.1425,0.0627,0.0627
11.6597,pi,6.2800,3.1540,0.0625,0.0625
11.6646,pi,6.2800,3.1635,0.0623,0.0623
11.6697,pi,6.2800,3.1707,0.0622,0.0622
11.6747,pi,6.2800,3.1397,0.0628,0.0628
11.6796,pi,6.2800,3.1516,0.0626,0.0626
11.6846,pi,6.2800,3.1613,0.0624,0.0624
11.6897,pi,6.2800,3.1321,0.0630,0.0630
11.6947,pi,6.2800,3.1089,0.0634,0.0634
11.6997,pi,6.2800,3.0902,0.0638,0.0638
11.7046,pi,6.2800,3.1120,0.0634,0.0634
11.7097,pi,6.2800,3.0927,0.0637,0.0637
11.7146,pi,6.2800,3.0772,0.0641,0.0641
11.7197,pi,6.2800,3.1151,0.0633,0.0633
11.7247,pi,6.2800,3.1455,0.0627,0.0627
11.7297,pi,6.2800,3.1194,0.0632,0.0632
11.7347,pi,6.2800,3.0985,0.0636,0.0636
11.7397,pi,6.2800,3.0819,0.0640,0.0640
11.7447,pi,6.2800,3.1189,0.0632,0.0632
11.7497,pi,6.2800,3.1485,0.0626,0.0626
11.7547,pi,6.2800,3.1217,0.0632,0.0632
11.7597,pi,6.2800,3.1003,0.0636,0.0636
11.7647,pi,6.2800,3.1336,0.0629,0.0629
11.7697,pi,6.2800,3.1100,0.0634,0.0634
11.7747,pi,6.2800,3.0912,0.0638,0.0638
11.7797,pi,6.2800,3.0761,0.0641,0.0641
11.7846,pi,6.2800,3.1006,0.0636,0.0636
11.7897,pi,6.2800,3.1339,0.0629,0.0629
11.7947,pi,6.2800,3.1102,0.0634,0.0634
11.7996,pi,6.2800,3.1279,0.0630,0.0630
11.8047,pi,6.2800,3.1421,0.0628,0.0628
11.8097,pi,6.2800,3.1534,0.0625,0.0625
11.8147,pi,6.2800,3.1626,0.0623,0.0623
11.8197,pi,6.2800,3.1242,0.0631,0.0631
11.8246,pi,6.2800,3.1393,0.0628,0.0628
11.8296,pi,6.2800,3.1513,0.0626,0.0626
11.8347,pi,6.2800,3.1240,0.0631,0.0631
11.8396,pi,6.2800,3.1390,0.0628,0.0628
11.8447,pi,6.2800,3.1511,0.0626,0.0626
11.8496,pi,6.2800,3.1609,0.0624,0.0624
11.8547,pi,6.2800,3.1229,0.0631,0.0631
11.8596,pi,6.2800,3.0924,0.0638,0.0638
11.8647,pi,6.2800,3.1139,0.0633,0.0633
11.8696,pi,6.2800,3.1311,0.0630,0.0630
11.8747,pi,6.2800,3.1080,0.0634,0.0634
11.8796,pi,6.2800,3.0895,0.0638,0.0638
11.8846,pi,6.2800,3.1114,0.0634,0.0634
11.8896,pi,6.2800,3.1292,0.0630,0.0630
11.8947,pi,6.2800,3.1065,0.0635,0.0635
11.8997,pi,6.2800,3.0882,0.0638,0.0638
11.9046,pi,6.2800,3.1103,0.0634,0.0634
11.9096,pi,6.2800,3.1281,0.0630,0.0630
11.9147,pi,6.2800,3.1055,0.0635,0.0635
11.9196,pi,6.2800,3.1378,0.0628,0.0628
11.9247,pi,6.2800,3.1500,0.0626,0.0626
11.9296,pi,6.2800,3.1598,0.0624,0.0624
11.9347,pi,6.2800,3.1310,0.0630,0.0630
11.9396,pi,6.2800,3.1079,0.0634,0.0634
11.9446,pi,6.2800,3.1261,0.0631,0.0631
11.9496,pi,6.2800,3.1407,0.0628,0.0628
11.9547,pi,6.2800,3.1156,0.0633,0.0633
11.9597,pi,6.2800,3.0956,0.0637,0.0637
11.9646,pi,6.2800,3.1161,0.0633,0.0633
11.9697,pi,6.2800,3.0960,0.0637,0.0637
11.9746,pi,6.2800,3.0799,0.0640,0.0640
11.9796,pi,6.2800,3.1036,0.0635,0.0635
11.9846,pi,6.2800,3.1227,0.0631,0.0631
11.9897,pi,6.2800,3.1515,0.0626,0.0626
11.9947,pi,6.2800,3.1244,0.0631,0.0631
11.9996,pi,6.2800,3.1529,0.0625,0.0625
12.0046,pi,6.2800,3.1620,0.0624,0.0624
12.0097,pi,6.2800,3.1830,0.0619,0.0619
12.0147,pi,6.2800,3.1496,0.0626,0.0626
12.0197,pi,6.2800,3.1228,0.0631,0.0631
12.0246,pi,6.2800,3.1381,0.0628,0.0628
12.0297,pi,6.2800,3.1136,0.0633,0.0633
12.0346,pi,6.2800,3.0940,0.0637,0.0637
12.0396,pi,6.2800,3.1149,0.0633,0.0633
12.0447,pi,6.2800,3.1319,0.0630,0.0630
12.0496,pi,6.2800,3.1454,0.0627,0.0627
12.0547,pi,6.2800,3.1697,0.0622,0.0622
12.0597,pi,6.2800,3.1892,0.0618,0.0618
12.0646,pi,6.2800,3.1911,0.0618,0.0618
12.0697,pi,6.2800,3.2062,0.0615,0.0615
12.0747,pi,6.2800,3.1681,0.0622,0.0622
12.0797,pi,6.2800,3.1879,0.0618,0.0618
12.0846,pi,6.2800,3.1901,0.0618,0.0618
12.0897,pi,6.2800,3.1552,0.0625,0.0625
12.0947,pi,6.2800,3.1272,0.0631,0.0631
12.0996,pi,6.2800,3.1551,0.0625,0.0625
12.1046,pi,6.2800,3.1638,0.0623,0.0623
12.1096,pi,6.2800,3.1253,0.0631,0.0631
12.1147,pi,6.2800,3.1033,0.0635,0.0635
12.1196,pi,6.2800,3.1224,0.0632,0.0632
12.1246,pi,6.2800,3.1379,0.0628,0.0628
12.1296,pi,6.2800,3.1135,0.0633,0.0633
12.1346,pi,6.2800,3.1306,0.0630,0.0630
12.1398,pi,6.2800,3.1576,0.0624,0.0624
12.1452,pi,6.2800,3.1793,0.0620,0.0620
12.1498,pi,6.2800,3.1457,0.0627,0.0627
12.1549,pi,6.2800,3.1696,0.0622,0.0622
12.1602,pi,6.2800,3.1887,0.0618,0.0618
12.1651,pi,6.2800,3.2040,0.0615,0.0615
12.1697,pi,6.2800,3.1662,0.0623,0.0623
12.1746,pi,6.2800,3.1727,0.0621,0.0621
12.1796,pi,6.2800,3.1780,0.0620,0.0620
12.1847,pi,6.2800,3.1455,0.0627,0.0627
12.1896,pi,6.2800,3.1104,0.0634,0.0634
12.1947,pi,6.2800,3.1285,0.0630,0.0630
12.1996,pi,6.2800,3.1427,0.0627,0.0627
12.2047,pi,6.2800,3.1545,0.0625,0.0625
12.2096,pi,6.2800,3.1177,0.0632,0.0632
12.2146,pi,6.2800,3.1342,0.0629,0.0629
12.2196,pi,6.2800,3.1477,0.0626,0.0626
12.2247,pi,6.2800,3.1212,0.0632,0.0632
12.2297,pi,6.2800,3.1000,0.0636,0.0636
12.2346,pi,6.2800,3.1197,0.0632,0.0632
12.2397,pi,6.2800,3.1492,0.0626,0.0626
12.2446,pi,6.2800,3.1591,0.0624,0.0624
12.2497,pi,6.2800,3.1303,0.0630,0.0630
12.2546,pi,6.2800,3.1440,0.0627,0.0627
12.2596,pi,6.2800,3.1550,0.0625,0.0625
12.2647,pi,6.2800,3.1272,0.0631,0.0631
12.2697,pi,6.2800,3.1048,0.0635,0.0635
12.2746,pi,6.2800,3.1235,0.0631,0.0631
12.2796,pi,6.2800,3.1387,0.0628,0.0628
12.2847,pi,6.2800,3.1137,0.0633,0.0633
12.2896,pi,6.2800,3.0851,0.0639,0.0639
12.2947,pi,6.2800,3.1216,0.0632,0.0632
12.2998,pi,6.2800,3.1504,0.0626,0.0626
12.3048,pi,6.2800,3.1220,0.0632,0.0632
12.3097,pi,6.2800,3.1006,0.0636,0.0636
12.3146,pi,6.2800,3.1337,0.0629,0.0629
12.3197,pi,6.2800,3.1603,0.0624,0.0624
12.3247,pi,6.2800,3.1310,0.0630,0.0630
12.3297,pi,6.2800,3.1078,0.0634,0.0634
12.3347,pi,6.2800,3.1258,0.0631,0.0631
12.3397,pi,6.2800,3.1539,0.0625,0.0625
12.3447,pi,6.2800,3.1262,0.0631,0.0631
12.3496,pi,6.2800,3.0950,0.0637,0.0637
12.3547,pi,6.2800,3.0704,0.0642,0.0642
12.3597,pi,6.2800,3.0971,0.0637,0.0637
12.3647,pi,6.2800,3.0808,0.0640,0.0640
12.3697,pi,6.2800,3.0675,0.0643,0.0643
12.3746,pi,6.2800,3.0936,0.0637,0.0637
12.3797,pi,6.2800,3.1148,0.0633,0.0633
12.3847,pi,6.2800,3.0949,0.0637,0.0637
12.3896,pi,6.2800,3.0699,0.0642,0.0642
12.3947,pi,6.2800,3.0500,0.0646,0.0646
12.3998,pi,6.2800,3.0933,0.0637,0.0637
12.4049,pi,6.2800,3.1278,0.0630,0.0630
12.4098,pi,6.2800,3.1052,0.0635,0.0635
12.4149,pi,6.2800,3.1375,0.0628,0.0628
12.4196,pi,6.2800,3.1497,0.0626,0.0626
12.4247,pi,6.2800,3.1230,0.0631,0.0631
12.4296,pi,6.2800,3.1381,0.0628,0.0628
12.4347,pi,6.2800,3.1503,0.0626,0.0626
12.4397,pi,6.2800,3.1736,0.0621,0.0621
12.4448,pi,6.2800,3.1922,0.0618,0.0618
12.4497,pi,6.2800,3.1934,0.0617,0.0617
12.4547,pi,6.2800,3.1947,0.0617,0.0617
12.4597,pi,6.2800,3.2090,0.0614,0.0614
12.4647,pi,6.2800,3.1705,0.0622,0.0622
12.4697,pi,6.2800,3.1762,0.0621,0.0621
12.4747,pi,6.2800,3.1808,0.0620,0.0620
12.4797,pi,6.2800,3.1477,0.0626,0.0626
12.4848,pi,6.2800,3.1212,0.0632,0.0632
12.4897,pi,6.2800,3.0911,0.0638,0.0638
12.4947,pi,6.2800,3.1125,0.0633,0.0633
12.4997,pi,6.2800,3.1299,0.0630,0.0630
12.5047,pi,6.2800,3.1437,0.0627,0.0627
12.5097,pi,6.2800,3.1090,0.0634,0.0634
12.5147,pi,6.2800,3.1403,0.0628,0.0628
12.5197,pi,6.2800,3.1155,0.0633,0.0633
12.5248,pi,6.2800,3.0954,0.0637,0.0637
12.5298,pi,6.2800,3.0793,0.0640,0.0640
12.5346,pi,6.2800,3.1032,0.0635,0.0635
12.5396,pi,6.2800,3.1224,0.0632,0.0632
12.5447,pi,6.2800,3.1376,0.0628,0.0628
12.5498,pi,6.2800,3.1132,0.0633,0.0633
12.5547,pi,6.2800,3.0937,0.0637,0.0637
12.5596,pi,6.2800,3.1148,0.0633,0.0633
12.5648,pi,6.2800,3.1316,0.0630,0.0630
12.5697,pi,6.2800,3.0998,0.0636,0.0636
12.5747,pi,6.2800,3.1196,0.0632,0.0632
12.5797,pi,6.2800,3.1357,0.0629,0.0629
12.5847,pi,6.2800,3.1486,0.0626,0.0626
12.5897,pi,6.2800,3.1220,0.0632,0.0632
12.5947,pi,6.2800,3.0916,0.0638,0.0638
12.5997,pi,6.2800,3.1131,0.0633,0.0633
12.6047,pi,6.2800,3.1303,0.0630,0.0630
12.6098,pi,6.2800,3.1071,0.0635,0.0635
12.6149,pi,6.2800,3.1389,0.0628,0.0628
12.6202,pi,6.2800,3.1644,0.0623,0.0623
12.6248,pi,6.2800,3.1345,0.0629,0.0629
12.6304,pi,6.2800,3.1606,0.0624,0.0624
12.6348,pi,6.2800,3.1816,0.0620,0.0620
12.6396,pi,6.2800,3.1850,0.0619,0.0619
12.6447,pi,6.2800,3.1879,0.0618,0.0618
12.6497,pi,6.2800,3.1902,0.0618,0.0618
12.6547,pi,6.2800,3.1921,0.0618,0.0618
12.6596,pi,6.2800,3.1936,0.0617,0.0617
12.6647,pi,6.2800,3.1947,0.0617,0.0617
12.6697,pi,6.2800,3.2091,0.0614,0.0614
12.6747,pi,6.2800,3.2074,0.0615,0.0615
12.6797,pi,6.2800,3.2059,0.0615,0.0615
12.6847,pi,6.2800,3.1591,0.0624,0.0624
12.6897,pi,6.2800,3.1305,0.0630,0.0630
12.6947,pi,6.2800,3.1577,0.0624,0.0624
12.6997,pi,6.2800,3.1796,0.0620,0.0620
12.7047,pi,6.2800,3.1466,0.0627,0.0627
12.7097,pi,6.2800,3.1203,0.0632,0.0632
12.7147,pi,6.2800,3.0901,0.0638,0.0638
12.7197,pi,6.2800,3.1121,0.0634,0.0634
12.7247,pi,6.2800,3.0927,0.0637,0.0637
12.7297,pi,6.2800,3.0773,0.0641,0.0641
12.7346,pi,6.2800,3.1017,0.0636,0.0636
12.7397,pi,6.2800,3.1211,0.0632,0.0632
12.7447,pi,6.2800,3.1366,0.0629,0.0629
12.7497,pi,6.2800,3.1124,0.0634,0.0634
12.7547,pi,6.2800,3.0930,0.0637,0.0637
12.7597,pi,6.2800,3.1278,0.0630,0.0630
12.7648,pi,6.2800,3.1555,0.0625,0.0625
12.7697,pi,6.2800,3.1277,0.0630,0.0630
12.7746,pi,6.2800,3.1419,0.0628,0.0628
12.7797,pi,6.2800,3.1534,0.0625,0.0625
12.7846,pi,6.2800,3.1626,0.0623,0.0623
12.7897,pi,6.2800,3.1700,0.0622,0.0622
12.7947,pi,6.2800,3.1759,0.0621,0.0621
12.7997,pi,6.2800,3.1804,0.0620,0.0620
12.8047,pi,6.2800,3.1841,0.0619,0.0619
12.8097,pi,6.2800,3.1871,0.0619,0.0619
12.8146,pi,6.2800,3.1897,0.0618,0.0618
12.8196,pi,6.2800,3.1919,0.0618,0.0618
12.8246,pi,6.2800,3.1934,0.0617,0.0617
12.8297,pi,6.2800,3.1571,0.0625,0.0625
12.8346,pi,6.2800,3.1654,0.0623,0.0623
12.8397,pi,6.2800,3.1354,0.0629,0.0629
12.8447,pi,6.2800,3.1115,0.0634,0.0634
12.8499,pi,6.2800,3.0919,0.0638,0.0638
12.8549,pi,6.2800,3.1268,0.0631,0.0631
12.8600,pi,6.2800,3.1545,0.0625,0.0625
12.8646,pi,6.2800,3.1265,0.0631,0.0631
12.8697,pi,6.2800,3.1043,0.0635,0.0635
12.8746,pi,6.2800,3.0862,0.0639,0.0639
12.8797,pi,6.2800,3.1224,0.0632,0.0632
12.8847,pi,6.2800,3.1009,0.0636,0.0636
12.8897,pi,6.2800,3.0837,0.0639,0.0639
12.8947,pi,6.2800,3.1200,0.0632,0.0632
12.8997,pi,6.2800,3.1356,0.0629,0.0629
12.9046,pi,6.2800,3.1486,0.0626,0.0626
12.9097,pi,6.2800,3.1132,0.0633,0.0633
12.9147,pi,6.2800,3.0848,0.0639,0.0639
12.9197,pi,6.2800,3.1078,0.0634,0.0634
12.9247,pi,6.2800,3.1261,0.0631,0.0631
12.9297,pi,6.2800,3.1407,0.0628,0.0628
12.9346,pi,6.2800,3.1531,0.0625,0.0625
12.9397,pi,6.2800,3.1625,0.0624,0.0624
12.9447,pi,6.2800,3.1699,0.0622,0.0622
12.9496,pi,6.2800,3.1761,0.0621,0.0621
12.9546,pi,6.2800,3.1807,0.0620,0.0620
12.9596,pi,6.2800,3.1843,0.0619,0.0619
12.9647,pi,6.2800,3.1872,0.0619,0.0619
12.9697,pi,6.2800,3.1529,0.0625,0.0625
12.9746,pi,6.2800,3.1621,0.0624,0.0624
12.9796,pi,6.2800,3.1695,0.0622,0.0622
12.9846,pi,6.2800,3.1756,0.0621,0.0621
12.9897,pi,6.2800,3.1435,0.0627,0.0627
12.9948,pi,6.2800,3.1179,0.0632,0.0632
12.9997,pi,6.2800,3.0972,0.0637,0.0637
13.0048,pi,6.2800,3.0806,0.0640,0.0640
13.0102,pi,6.2800,3.0671,0.0643,0.0643
13.0148,pi,6.2800,3.1066,0.0635,0.0635
13.0196,pi,6.2800,3.1385,0.0628,0.0628
13.0246,pi,6.2800,3.1139,0.0633,0.0633
13.0296,pi,6.2800,3.0941,0.0637,0.0637
13.0347,pi,6.2800,3.1280,0.0630,0.0630
13.0397,pi,6.2800,3.1554,0.0625,0.0625
13.0448,pi,6.2800,3.1770,0.0621,0.0621
13.0497,pi,6.2800,3.1450,0.0627,0.0627
13.0547,pi,6.2800,3.1558,0.0625,0.0625
13.0597,pi,6.2800,3.1646,0.0623,0.0623
13.0647,pi,6.2800,3.1717,0.0622,0.0622
13.0696,pi,6.2800,3.1775,0.0621,0.0621
13.0747,pi,6.2800,3.1818,0.0620,0.0620
13.0797,pi,6.2800,3.1989,0.0616,0.0616
13.0847,pi,6.2800,3.1989,0.0616,0.0616
13.0897,pi,6.2800,3.1540,0.0625,0.0625
13.0947,pi,6.2800,3.1631,0.0623,0.0623
13.0996,pi,6.2800,3.1711,0.0622,0.0622
13.1047,pi,6.2800,3.1768,0.0621,0.0621
13.1097,pi,6.2800,3.1438,0.0627,0.0627
13.1146,pi,6.2800,3.1548,0.0625,0.0625
13.1197,pi,6.2800,3.1269,0.0631,0.0631
13.1247,pi,6.2800,3.1047,0.0635,0.0635
13.1297,pi,6.2800,3.0869,0.0639,0.0639
13.1347,pi,6.2800,3.1226,0.0631,0.0631
13.1398,pi,6.2800,3.1510,0.0626,0.0626
13.1448,pi,6.2800,3.1237,0.0631,0.0631
13.1499,pi,6.2800,3.1019,0.0636,0.0636
13.1546,pi,6.2800,3.0846,0.0639,0.0639
13.1596,pi,6.2800,3.1075,0.0635,0.0635
13.1646,pi,6.2800,3.1263,0.0631,0.0631
13.1697,pi,6.2800,3.1041,0.0635,0.0635
13.1747,pi,6.2800,3.1363,0.0629,0.0629
13.1796,pi,6.2800,3.1487,0.0626,0.0626
13.1847,pi,6.2800,3.1588,0.0624,0.0624
13.1897,pi,6.2800,3.1217,0.0632,0.0632
13.1947,pi,6.2800,3.0917,0.0638,0.0638
13.1996,pi,6.2800,3.1134,0.0633,0.0633
13.2046,pi,6.2800,3.1308,0.0630,0.0630
13.2097,pi,6.2800,3.1077,0.0634,0.0634
13.2147,pi,6.2800,3.0892,0.0638,0.0638
13.2196,pi,6.2800,3.1111,0.0634,0.0634
13.2247,pi,6.2800,3.1288,0.0630,0.0630
13.2297,pi,6.2800,3.1062,0.0635,0.0635
13.2347,pi,6.2800,3.0881,0.0638,0.0638
13.2396,pi,6.2800,3.1103,0.0634,0.0634
13.2447,pi,6.2800,3.1279,0.0630,0.0630
13.2497,pi,6.2800,3.1055,0.0635,0.0635
13.2546,pi,6.2800,3.1241,0.0631,0.0631
13.2597,pi,6.2800,3.1391,0.0628,0.0628
13.2647,pi,6.2800,3.1647,0.0623,0.0623
13.2697,pi,6.2800,3.1345,0.0629,0.0629
13.2747,pi,6.2800,3.1108,0.0634,0.0634
13.2797,pi,6.2800,3.1284,0.0630,0.0630
13.2847,pi,6.2800,3.1424,0.0628,0.0628
13.2897,pi,6.2800,3.1171,0.0633,0.0633
13.2947,pi,6.2800,3.0968,0.0637,0.0637
13.2997,pi,6.2800,3.1172,0.0633,0.0633
13.3047,pi,6.2800,3.0969,0.0637,0.0637
13.3097,pi,6.2800,3.0806,0.0640,0.0640
13.3147,pi,6.2800,3.0676,0.0642,0.0642
13.3197,pi,6.2800,3.0939,0.0637,0.0637
13.3250,pi,6.2800,3.1285,0.0630,0.0630
13.3296,pi,6.2800,3.1056,0.0635,0.0635
13.3347,pi,6.2800,3.0877,0.0638,0.0638
13.3396,pi,6.2800,3.1100,0.0634,0.0634
13.3447,pi,6.2800,3.1277,0.0630,0.0630
13.3497,pi,6.2800,3.1053,0.0635,0.0635
13.3546,pi,6.2800,3.0873,0.0639,0.0639
13.3596,pi,6.2800,3.1096,0.0634,0.0634
13.3647,pi,6.2800,3.1275,0.0631,0.0631
13.3697,pi,6.2800,3.1049,0.0635,0.0635
13.3747,pi,6.2800,3.0779,0.0640,0.0640
13.3796,pi,6.2800,3.1022,0.0636,0.0636
13.3849,pi,6.2800,3.1351,0.0629,0.0629
13.3899,pi,6.2800,3.1109,0.0634,0.0634
13.3951,pi,6.2800,3.0919,0.0638,0.0638
13.3996,pi,6.2800,3.1132,0.0633,0.0633
13.4046,pi,6.2800,3.1304,0.0630,0.0630
13.4096,pi,6.2800,3.1442,0.0627,0.0627
13.4147,pi,6.2800,3.1688,0.0622,0.0622
13.4197,pi,6.2800,3.1747,0.0621,0.0621
13.4248,pi,6.2800,3.1931,0.0617,0.0617
13.4297,pi,6.2800,3.1575,0.0624,0.0624
13.4347,pi,6.2800,3.1200,0.0632,0.0632
13.4396,pi,6.2800,3.1360,0.0629,0.0629
13.4449,pi,6.2800,3.1623,0.0624,0.0624
13.4502,pi,6.2800,3.1325,0.0630,0.0630
13.4550,pi,6.2800,3.1089,0.0634,0.0634
13.4596,pi,6.2800,3.1402,0.0628,0.0628
13.4647,pi,6.2800,3.1153,0.0633,0.0633
13.4696,pi,6.2800,3.0863,0.0639,0.0639
13.4747,pi,6.2800,3.0716,0.0642,0.0642
13.4797,pi,6.2800,3.0969,0.0637,0.0637
13.4847,pi,6.2800,3.1309,0.0630,0.0630
13.4897,pi,6.2800,3.1079,0.0634,0.0634
13.4947,pi,6.2800,3.0802,0.0640,0.0640
13.4997,pi,6.2800,3.1039,0.0635,0.0635
13.5047,pi,6.2800,3.1232,0.0631,0.0631
13.5097,pi,6.2800,3.1385,0.0628,0.0628
13.5147,pi,6.2800,3.1140,0.0633,0.0633
13.5196,pi,6.2800,3.1310,0.0630,0.0630
13.5248,pi,6.2800,3.1446,0.0627,0.0627
13.5300,pi,6.2800,3.1181,0.0632,0.0632
13.5357,pi,6.2800,3.0970,0.0637,0.0637
13.5402,pi,6.2800,3.0803,0.0640,0.0640
13.5452,pi,6.2800,3.1171,0.0633,0.0633
13.5509,pi,6.2800,3.0960,0.0637,0.0637
13.5564,pi,6.2800,3.0790,0.0640,0.0640
13.5618,pi,6.2800,3.1153,0.0633,0.0633
13.5672,pi,6.2800,3.1442,0.0627,0.0627
13.5713,pi,6.2800,3.1185,0.0632,0.0632
13.5754,pi,6.2800,3.0978,0.0636,0.0636
13.5799,pi,6.2800,3.0810,0.0640,0.0640
13.5848,pi,6.2800,3.1047,0.0635,0.0635
13.5898,pi,6.2800,3.1242,0.0631,0.0631
13.5948,pi,6.2800,3.1394,0.0628,0.0628
13.5998,pi,6.2800,3.1517,0.0626,0.0626
13.6048,pi,6.2800,3.1618,0.0624,0.0624
13.6098,pi,6.2800,3.1700,0.0622,0.0622
13.6148,pi,6.2800,3.1313,0.0630,0.0630
13.6200,pi,6.2800,3.1080,0.0634,0.0634
13.6252,pi,6.2800,3.1395,0.0628,0.0628
13.6304,pi,6.2800,3.1648,0.0623,0.0623
13.6350,pi,6.2800,3.1350,0.0629,0.0629
13.6410,pi,6.2800,3.0914,0.0638,0.0638
13.6455,pi,6.2800,3.1198,0.0632,0.0632
13.6499,pi,6.2800,3.0987,0.0636,0.0636
13.6562,pi,6.2800,3.0618,0.0644,0.0644
13.6608,pi,6.2800,3.0543,0.0645,0.0645
13.6654,pi,6.2800,3.0966,0.0637,0.0637
13.6701,pi,6.2800,3.1307,0.0630,0.0630
13.6764,pi,6.2800,3.0815,0.0640,0.0640
13.6811,pi,6.2800,3.0652,0.0643,0.0643
13.6860,pi,6.2800,3.0929,0.0637,0.0637
13.6904,pi,6.2800,3.1143,0.0633,0.0633
13.6948,pi,6.2800,3.1446,0.0627,0.0627
13.6996,pi,6.2800,3.1102,0.0634,0.0634
13.7046,pi,6.2800,3.1284,0.0630,0.0630
13.7097,pi,6.2800,3.1561,0.0625,0.0625
13.7147,pi,6.2800,3.1648,0.0623,0.0623
13.7197,pi,6.2800,3.1719,0.0622,0.0622
13.7247,pi,6.2800,3.1778,0.0620,0.0620
13.7297,pi,6.2800,3.2001,0.0616,0.0616
13.7347,pi,6.2800,3.2000,0.0616,0.0616
13.7397,pi,6.2800,3.1544,0.0625,0.0625
13.7447,pi,6.2800,3.1636,0.0623,0.0623
13.7497,pi,6.2800,3.1709,0.0622,0.0622
13.7547,pi,6.2800,3.1398,0.0628,0.0628
13.7596,pi,6.2800,3.1516,0.0626,0.0626
13.7647,pi,6.2800,3.1617,0.0624,0.0624
13.7697,pi,6.2800,3.1692,0.0622,0.0622
13.7747,pi,6.2800,3.1294,0.0630,0.0630
13.7797,pi,6.2800,3.0976,0.0636,0.0636
13.7847,pi,6.2800,3.1179,0.0632,0.0632
13.7897,pi,6.2800,3.1341,0.0629,0.0629
13.7947,pi,6.2800,3.1104,0.0634,0.0634
13.7997,pi,6.2800,3.0915,0.0638,0.0638
13.8046,pi,6.2800,3.1130,0.0633,0.0633
13.8097,pi,6.2800,3.0935,0.0637,0.0637
13.8146,pi,6.2800,3.0689,0.0642,0.0642
13.8197,pi,6.2800,3.0491,0.0646,0.0646
13.8247,pi,6.2800,3.0791,0.0640,0.0640
13.8297,pi,6.2800,3.1031,0.0635,0.0635
13.8347,pi,6.2800,3.0856,0.0639,0.0639
13.8397,pi,6.2800,3.1218,0.0632,0.0632
13.8447,pi,6.2800,3.1371,0.0629,0.0629
13.8497,pi,6.2800,3.1495,0.0626,0.0626
13.8547,pi,6.2800,3.1227,0.0631,0.0631
13.8597,pi,6.2800,3.1013,0.0636,0.0636
13.8647,pi,6.2800,3.1209,0.0632,0.0632
13.8697,pi,6.2800,3.1502,0.0626,0.0626
13.8747,pi,6.2800,3.1232,0.0631,0.0631
13.8796,pi,6.2800,3.1383,0.0628,0.0628
13.8847,pi,6.2800,3.1504,0.0626,0.0626
13.8897,pi,6.2800,3.1601,0.0624,0.0624
13.8948,pi,6.2800,3.1312,0.0630,0.0630
13.8997,pi,6.2800,3.1079,0.0634,0.0634
13.9047,pi,6.2800,3.1396,0.0628,0.0628
13.9097,pi,6.2800,3.1651,0.0623,0.0623
13.9147,pi,6.2800,3.1348,0.0629,0.0629
13.9196,pi,6.2800,3.1475,0.0627,0.0627
13.9247,pi,6.2800,3.1578,0.0624,0.0624
13.9297,pi,6.2800,3.1294,0.0630,0.0630
13.9347,pi,6.2800,3.1066,0.0635,0.0635
13.9397,pi,6.2800,3.0885,0.0638,0.0638
13.9447,pi,6.2800,3.1105,0.0634,0.0634
13.9497,pi,6.2800,3.1282,0.0630,0.0630
13.9547,pi,6.2800,3.1425,0.0627,0.0627
13.9597,pi,6.2800,3.1671,0.0623,0.0623
13.9646,pi,6.2800,3.1734,0.0621,0.0621
13.9697,pi,6.2800,3.1418,0.0628,0.0628
13.9747,pi,6.2800,3.1166,0.0633,0.0633
13.9797,pi,6.2800,3.0963,0.0637,0.0637
13.9846,pi,6.2800,3.1168,0.0633,0.0633
13.9897,pi,6.2800,3.1469,0.0627,0.0627
13.9947,pi,6.2800,3.1205,0.0632,0.0632
13.9996,pi,6.2800,3.1361,0.0629,0.0629
14.0047,pi,6.2800,3.1487,0.0626,0.0626
14.0097,pi,6.2800,3.1585,0.0624,0.0624
14.0147,pi,6.2800,3.1300,0.0630,0.0630
14.0197,pi,6.2800,3.0979,0.0636,0.0636
14.0247,pi,6.2800,3.1181,0.0632,0.0632
14.0297,pi,6.2800,3.1343,0.0629,0.0629
14.0347,pi,6.2800,3.1105,0.0634,0.0634
14.0396,pi,6.2800,3.1281,0.0630,0.0630
14.0447,pi,6.2800,3.1423,0.0628,0.0628
14.0497,pi,6.2800,3.1169,0.0633,0.0633
14.0546,pi,6.2800,3.1333,0.0629,0.0629
14.0597,pi,6.2800,3.1464,0.0627,0.0627
14.0647,pi,6.2800,3.1570,0.0625,0.0625
14.0697,pi,6.2800,3.1654,0.0623,0.0623
14.0747,pi,6.2800,3.1355,0.0629,0.0629
14.0797,pi,6.2800,3.1618,0.0624,0.0624
14.0846,pi,6.2800,3.1692,0.0622,0.0622
14.0897,pi,6.2800,3.1752,0.0621,0.0621
14.0947,pi,6.2800,3.1433,0.0627,0.0627
14.0996,pi,6.2800,3.1087,0.0634,0.0634
14.1047,pi,6.2800,3.1268,0.0631,0.0631
14.1097,pi,6.2800,3.1046,0.0635,0.0635
14.1147,pi,6.2800,3.0867,0.0639,0.0639
14.1197,pi,6.2800,3.1091,0.0634,0.0634
14.1247,pi,6.2800,3.1271,0.0631,0.0631
14.1297,pi,6.2800,3.1414,0.0628,0.0628
14.1347,pi,6.2800,3.1072,0.0635,0.0635
14.1397,pi,6.2800,3.0885,0.0638,0.0638
14.1448,pi,6.2800,3.1238,0.0631,0.0631
14.1500,pi,6.2800,3.1522,0.0626,0.0626
14.1548,pi,6.2800,3.1245,0.0631,0.0631
14.1598,pi,6.2800,3.1517,0.0626,0.0626
14.1646,pi,6.2800,3.1608,0.0624,0.0624
14.1697,pi,6.2800,3.1319,0.0630,0.0630
14.1747,pi,6.2800,3.1086,0.0634,0.0634
14.1797,pi,6.2800,3.0901,0.0638,0.0638
14.1847,pi,6.2800,3.1118,0.0634,0.0634
14.1897,pi,6.2800,3.1292,0.0630,0.0630
14.1947,pi,6.2800,3.1433,0.0627,0.0627
14.1998,pi,6.2800,3.1092,0.0634,0.0634
14.2047,pi,6.2800,3.1272,0.0631,0.0631
14.2097,pi,6.2800,3.1418,0.0628,0.0628
14.2147,pi,6.2800,3.1166,0.0633,0.0633
14.2197,pi,6.2800,3.0964,0.0637,0.0637
14.2246,pi,6.2800,3.1169,0.0633,0.0633
14.2297,pi,6.2800,3.1333,0.0629,0.0629
14.2347,pi,6.2800,3.1098,0.0634,0.0634
14.2396,pi,6.2800,3.1276,0.0630,0.0630
14.2447,pi,6.2800,3.1418,0.0628,0.0628
14.2497,pi,6.2800,3.1667,0.0623,0.0623
14.2547,pi,6.2800,3.1365,0.0629,0.0629
14.2597,pi,6.2800,3.1124,0.0634,0.0634
14.2646,pi,6.2800,3.1296,0.0630,0.0630
14.2697,pi,6.2800,3.1435,0.0627,0.0627
14.2747,pi,6.2800,3.1179,0.0632,0.0632
14.2797,pi,6.2800,3.0975,0.0637,0.0637
14.2846,pi,6.2800,3.1177,0.0632,0.0632
14.2897,pi,6.2800,3.1340,0.0629,0.0629
14.2947,pi,6.2800,3.1011,0.0636,0.0636
14.2997,pi,6.2800,3.0749,0.0641,0.0641
14.3047,pi,6.2800,3.0999,0.0636,0.0636
14.3096,pi,6.2800,3.1198,0.0632,0.0632
14.3147,pi,6.2800,3.0990,0.0636,0.0636
14.3197,pi,6.2800,3.0823,0.0640,0.0640
14.3247,pi,6.2800,3.1056,0.0635,0.0635
14.3297,pi,6.2800,3.1379,0.0628,0.0628
14.3347,pi,6.2800,3.1135,0.0633,0.0633
14.3397,pi,6.2800,3.0940,0.0637,0.0637
14.3447,pi,6.2800,3.1149,0.0633,0.0633
14.3497,pi,6.2800,3.1316,0.0630,0.0630
14.3547,pi,6.2800,3.1451,0.0627,0.0627
14.3597,pi,6.2800,3.1559,0.0625,0.0625
14.3647,pi,6.2800,3.1645,0.0623,0.0623
14.3697,pi,6.2800,3.1850,0.0619,0.0619
14.3747,pi,6.2800,3.1512,0.0626,0.0626
14.3797,pi,6.2800,3.1241,0.0631,0.0631
14.3846,pi,6.2800,3.1391,0.0628,0.0628
14.3897,pi,6.2800,3.1647,0.0623,0.0623
14.3947,pi,6.2800,3.1344,0.0629,0.0629
14.3996,pi,6.2800,3.1472,0.0627,0.0627
14.4047,pi,6.2800,3.1711,0.0622,0.0622
14.4096,pi,6.2800,3.1401,0.0628,0.0628
14.4147,pi,6.2800,3.1147,0.0633,0.0633
14.4197,pi,6.2800,3.1450,0.0627,0.0627
14.4246,pi,6.2800,3.1559,0.0625,0.0625
14.4297,pi,6.2800,3.1645,0.0623,0.0623
14.4347,pi,6.2800,3.1347,0.0629,0.0629
14.4396,pi,6.2800,3.1476,0.0626,0.0626
14.4447,pi,6.2800,3.1577,0.0624,0.0624
14.4497,pi,6.2800,3.1293,0.0630,0.0630
14.4546,pi,6.2800,3.1432,0.0627,0.0627
14.4597,pi,6.2800,3.1545,0.0625,0.0625
14.4647,pi,6.2800,3.1633,0.0623,0.0623
14.4697,pi,6.2800,3.1707,0.0622,0.0622
14.4747,pi,6.2800,3.1397,0.0628,0.0628
14.4796,pi,6.2800,3.1515,0.0626,0.0626
14.4847,pi,6.2800,3.1609,0.0624,0.0624
14.4897,pi,6.2800,3.1686,0.0622,0.0622
14.4948,pi,6.2800,3.1380,0.0628,0.0628
14.4996,pi,6.2800,3.1502,0.0626,0.0626
14.5047,pi,6.2800,3.1233,0.0631,0.0631
14.5097,pi,6.2800,3.1018,0.0636,0.0636
14.5147,pi,6.2800,3.0846,0.0639,0.0639
14.5196,pi,6.2800,3.1074,0.0635,0.0635
14.5247,pi,6.2800,3.1394,0.0628,0.0628
14.5297,pi,6.2800,3.1146,0.0633,0.0633
14.5346,pi,6.2800,3.1314,0.0630,0.0630
14.5397,pi,6.2800,3.1585,0.0624,0.0624
14.5447,pi,6.2800,3.1665,0.0623,0.0623
14.5497,pi,6.2800,3.1364,0.0629,0.0629
14.5546,pi,6.2800,3.1489,0.0626,0.0626
14.5597,pi,6.2800,3.1589,0.0624,0.0624
14.5647,pi,6.2800,3.1668,0.0623,0.0623
14.5697,pi,6.2800,3.1366,0.0629,0.0629
14.5747,pi,6.2800,3.1117,0.0634,0.0634
14.5796,pi,6.2800,3.1290,0.0630,0.0630
14.5847,pi,6.2800,3.1063,0.0635,0.0635
14.5897,pi,6.2800,3.0882,0.0638,0.0638
14.5947,pi,6.2800,3.0736,0.0641,0.0641
14.5996,pi,6.2800,3.0986,0.0636,0.0636
14.6047,pi,6.2800,3.0820,0.0640,0.0640
14.6097,pi,6.2800,3.0685,0.0642,0.0642
14.6146,pi,6.2800,3.0945,0.0637,0.0637
14.6197,pi,6.2800,3.1290,0.0630,0.0630
14.6246,pi,6.2800,3.1430,0.0627,0.0627
14.6300,pi,6.2800,3.1678,0.0622,0.0622
14.6348,pi,6.2800,3.1875,0.0619,0.0619
14.6398,pi,6.2800,3.2030,0.0615,0.0615
14.6447,pi,6.2800,3.2021,0.0616,0.0616
14.6496,pi,6.2800,3.2473,0.0607,0.0607
14.6547,pi,6.2800,3.2376,0.0608,0.0608
14.6598,pi,6.2800,3.2299,0.0610,0.0610
14.6647,pi,6.2800,3.2239,0.0611,0.0611
14.6696,pi,6.2800,3.2190,0.0612,0.0612
14.6746,pi,6.2800,3.2151,0.0613,0.0613
14.6797,pi,6.2800,3.2119,0.0614,0.0614
14.6846,pi,6.2800,3.2094,0.0614,0.0614
14.6900,pi,6.2800,3.2209,0.0612,0.0612
14.6952,pi,6.2800,3.2294,0.0610,0.0610
14.7003,pi,6.2800,3.1861,0.0619,0.0619
14.7054,pi,6.2800,3.1512,0.0626,0.0626
14.7099,pi,6.2800,3.1736,0.0621,0.0621
14.7151,pi,6.2800,3.1915,0.0618,0.0618
14.7201,pi,6.2800,3.1558,0.0625,0.0625
14.7253,pi,6.2800,3.1271,0.0631,0.0631
14.7304,pi,6.2800,3.1043,0.0635,0.0635
14.7349,pi,6.2800,3.0859,0.0639,0.0639
14.7399,pi,6.2800,3.0624,0.0644,0.0644
14.7452,pi,6.2800,3.0527,0.0645,0.0645
14.7496,pi,6.2800,3.0368,0.0649,0.0649
14.7547,pi,6.2800,3.0695,0.0642,0.0642
14.7596,pi,6.2800,3.0961,0.0637,0.0637
14.7647,pi,6.2800,3.0716,0.0642,0.0642
14.7697,pi,6.2800,3.0518,0.0646,0.0646
14.7746,pi,6.2800,3.0817,0.0640,0.0640
14.7796,pi,6.2800,3.1058,0.0635,0.0635
14.7846,pi,6.2800,3.1250,0.0631,0.0631
14.7897,pi,6.2800,3.0947,0.0637,0.0637
14.7948,pi,6.2800,3.1159,0.0633,0.0633
14.7997,pi,6.2800,3.1333,0.0629,0.0629
14.8046,pi,6.2800,3.1465,0.0627,0.0627
14.8097,pi,6.2800,3.1202,0.0632,0.0632
14.8147,pi,6.2800,3.1495,0.0626,0.0626
14.8196,pi,6.2800,3.1592,0.0624,0.0624
14.8247,pi,6.2800,3.1304,0.0630,0.0630
14.8297,pi,6.2800,3.1576,0.0624,0.0624
14.8347,pi,6.2800,3.1793,0.0620,0.0620
14.8397,pi,6.2800,3.1966,0.0617,0.0617
14.8447,pi,6.2800,3.1605,0.0624,0.0624
14.8496,pi,6.2800,3.1223,0.0632,0.0632
14.8546,pi,6.2800,3.1377,0.0628,0.0628
14.8596,pi,6.2800,3.1499,0.0626,0.0626
14.8647,pi,6.2800,3.1229,0.0631,0.0631
14.8697,pi,6.2800,3.1517,0.0626,0.0626
14.8746,pi,6.2800,3.1611,0.0624,0.0624
14.8797,pi,6.2800,3.1686,0.0622,0.0622
14.8847,pi,6.2800,3.1290,0.0630,0.0630
14.8897,pi,6.2800,3.0974,0.0637,0.0637
14.8947,pi,6.2800,3.1177,0.0632,0.0632
14.8996,pi,6.2800,3.1340,0.0629,0.0629
14.9047,pi,6.2800,3.1103,0.0634,0.0634
14.9096,pi,6.2800,3.0823,0.0640,0.0640
14.9147,pi,6.2800,3.0686,0.0642,0.0642
14.9196,pi,6.2800,3.0946,0.0637,0.0637
14.9247,pi,6.2800,3.0788,0.0640,0.0640
14.9297,pi,6.2800,3.0662,0.0643,0.0643
14.9346,pi,6.2800,3.0927,0.0637,0.0637
14.9397,pi,6.2800,3.1140,0.0633,0.0633
14.9447,pi,6.2800,3.1310,0.0630,0.0630
14.9498,pi,6.2800,3.1077,0.0634,0.0634
14.9547,pi,6.2800,3.0893,0.0638,0.0638
14.9596,pi,6.2800,3.1111,0.0634,0.0634
14.9647,pi,6.2800,3.1287,0.0630,0.0630
14.9697,pi,6.2800,3.1061,0.0635,0.0635
14.9746,pi,6.2800,3.1247,0.0631,0.0631
14.9797,pi,6.2800,3.1395,0.0628,0.0628
14.9847,pi,6.2800,3.1147,0.0633,0.0633
14.9897,pi,6.2800,3.0949,0.0637,0.0637
14.9947,pi,6.2800,3.1157,0.0633,0.0633
14.9997,pi,6.2800,3.1323,0.0630,0.0630
15.0047,pi,6.2800,3.1458,0.0627,0.0627
15.0097,pi,6.2800,3.1197,0.0632,0.0632
15.0147,pi,6.2800,3.1492,0.0626,0.0626
15.0199,pi,6.2800,3.1727,0.0621,0.0621
15.0253,pi,6.2800,3.1411,0.0628,0.0628
15.0297,pi,6.2800,3.1662,0.0623,0.0623
15.0346,pi,6.2800,3.1727,0.0621,0.0621
15.0397,pi,6.2800,3.1781,0.0620,0.0620
15.0448,pi,6.2800,3.1455,0.0627,0.0627
15.0497,pi,6.2800,3.1196,0.0632,0.0632
15.0547,pi,6.2800,3.1491,0.0626,0.0626
15.0596,pi,6.2800,3.1590,0.0624,0.0624
15.0647,pi,6.2800,3.1670,0.0623,0.0623
15.0697,pi,6.2800,3.1734,0.0621,0.0621
15.0747,pi,6.2800,3.1788,0.0620,0.0620
15.0797,pi,6.2800,3.1831,0.0619,0.0619
15.0846,pi,6.2800,3.1408,0.0628,0.0628
15.0897,pi,6.2800,3.1068,0.0635,0.0635
15.0947,pi,6.2800,3.1252,0.0631,0.0631
15.0996,pi,6.2800,3.1401,0.0628,0.0628
15.1057,pi,6.2800,3.1147,0.0633,0.0633
15.1110,pi,6.2800,3.1447,0.0627,0.0627
15.1149,pi,6.2800,3.1554,0.0625,0.0625
15.1197,pi,6.2800,3.1270,0.0631,0.0631
15.1246,pi,6.2800,3.0959,0.0637,0.0637
15.1297,pi,6.2800,3.0707,0.0642,0.0642
15.1347,pi,6.2800,3.1099,0.0634,0.0634
15.1398,pi,6.2800,3.1412,0.0628,0.0628
15.1448,pi,6.2800,3.1152,0.0633,0.0633
15.1500,pi,6.2800,3.0950,0.0637,0.0637
15.1547,pi,6.2800,3.1152,0.0633,0.0633
15.1597,pi,6.2800,3.1322,0.0630,0.0630
15.1647,pi,6.2800,3.1087,0.0634,0.0634
15.1697,pi,6.2800,3.0808,0.0640,0.0640
15.1747,pi,6.2800,3.1178,0.0632,0.0632
15.1797,pi,6.2800,3.1476,0.0626,0.0626
15.1847,pi,6.2800,3.1211,0.0632,0.0632
15.1897,pi,6.2800,3.1503,0.0626,0.0626
15.1947,pi,6.2800,3.1600,0.0624,0.0624
15.1997,pi,6.2800,3.1683,0.0622,0.0622
15.2047,pi,6.2800,3.1746,0.0621,0.0621
15.2097,pi,6.2800,3.1340,0.0629,0.0629
15.2147,pi,6.2800,3.1470,0.0627,0.0627
15.2197,pi,6.2800,3.1574,0.0625,0.0625
15.2247,pi,6.2800,3.1658,0.0623,0.0623
15.2297,pi,6.2800,3.1724,0.0622,0.0622
15.2347,pi,6.2800,3.1777,0.0620,0.0620
15.2397,pi,6.2800,3.1453,0.0627,0.0627
15.2447,pi,6.2800,3.1191,0.0632,0.0632
15.2497,pi,6.2800,3.0980,0.0636,0.0636
15.2546,pi,6.2800,3.1181,0.0632,0.0632
15.2596,pi,6.2800,3.1343,0.0629,0.0629
15.2647,pi,6.2800,3.1473,0.0627,0.0627
15.2697,pi,6.2800,3.1577,0.0624,0.0624
15.2750,pi,6.2800,3.1795,0.0620,0.0620
15.2797,pi,6.2800,3.1461,0.0627,0.0627
15.2848,pi,6.2800,3.1701,0.0622,0.0622
15.2898,pi,6.2800,3.1895,0.0618,0.0618
15.2946,pi,6.2800,3.1913,0.0618,0.0618
15.2996,pi,6.2800,3.1930,0.0617,0.0617
15.3047,pi,6.2800,3.2403,0.0608,0.0608
15.3097,pi,6.2800,3.2456,0.0607,0.0607
15.3146,pi,6.2800,3.2498,0.0606,0.0606
15.3197,pi,6.2800,3.2027,0.0615,0.0615
15.3246,pi,6.2800,3.2018,0.0616,0.0616
15.3297,pi,6.2800,3.2014,0.0616,0.0616
15.3347,pi,6.2800,3.2012,0.0616,0.0616
15.3397,pi,6.2800,3.2009,0.0616,0.0616
15.3447,pi,6.2800,3.2007,0.0616,0.0616
15.3497,pi,6.2800,3.2140,0.0613,0.0613
15.3546,pi,6.2800,3.1744,0.0621,0.0621
15.3597,pi,6.2800,3.1427,0.0627,0.0627
15.3647,pi,6.2800,3.1670,0.0623,0.0623
15.3704,pi,6.2800,3.1866,0.0619,0.0619
15.3755,pi,6.2800,3.1510,0.0626,0.0626
15.3801,pi,6.2800,3.1241,0.0631,0.0631
15.3847,pi,6.2800,3.1018,0.0636,0.0636
15.3896,pi,6.2800,3.1212,0.0632,0.0632
15.3947,pi,6.2800,3.1001,0.0636,0.0636
15.3997,pi,6.2800,3.0832,0.0639,0.0639
15.4048,pi,6.2800,3.1198,0.0632,0.0632
15.4096,pi,6.2800,3.1493,0.0626,0.0626
15.4146,pi,6.2800,3.1592,0.0624,0.0624
15.4197,pi,6.2800,3.1220,0.0632,0.0632
15.4247,pi,6.2800,3.1375,0.0628,0.0628
15.4297,pi,6.2800,3.1507,0.0626,0.0626
15.4349,pi,6.2800,3.1603,0.0624,0.0624
15.4397,pi,6.2800,3.1313,0.0630,0.0630
15.4446,pi,6.2800,3.1448,0.0627,0.0627
15.4504,pi,6.2800,3.1693,0.0622,0.0622
15.4554,pi,6.2800,3.1382,0.0628,0.0628
15.4599,pi,6.2800,3.1638,0.0623,0.0623
15.4647,pi,6.2800,3.1844,0.0619,0.0619
15.4696,pi,6.2800,3.1873,0.0619,0.0619
15.4747,pi,6.2800,3.1895,0.0618,0.0618
15.4797,pi,6.2800,3.1916,0.0618,0.0618
15.4847,pi,6.2800,3.1931,0.0617,0.0617
15.4897,pi,6.2800,3.1945,0.0617,0.0617
15.4947,pi,6.2800,3.1585,0.0624,0.0624
15.4996,pi,6.2800,3.1665,0.0623,0.0623
15.5047,pi,6.2800,3.1732,0.0621,0.0621
15.5097,pi,6.2800,3.1787,0.0620,0.0620
15.5148,pi,6.2800,3.1461,0.0627,0.0627
15.5197,pi,6.2800,3.1702,0.0622,0.0622
15.5246,pi,6.2800,3.1760,0.0621,0.0621
15.5297,pi,6.2800,3.1807,0.0620,0.0620
15.5347,pi,6.2800,3.1385,0.0628,0.0628
15.5397,pi,6.2800,3.1506,0.0626,0.0626
15.5447,pi,6.2800,3.1602,0.0624,0.0624
15.5497,pi,6.2800,3.1681,0.0622,0.0622
15.5547,pi,6.2800,3.1375,0.0628,0.0628
15.5596,pi,6.2800,3.1498,0.0626,0.0626
15.5646,pi,6.2800,3.1596,0.0624,0.0624
15.5697,pi,6.2800,3.1308,0.0630,0.0630
15.5747,pi,6.2800,3.1076,0.0634,0.0634
15.5797,pi,6.2800,3.1395,0.0628,0.0628
15.5846,pi,6.2800,3.1514,0.0626,0.0626
15.5897,pi,6.2800,3.1242,0.0631,0.0631
15.5947,pi,6.2800,3.1025,0.0636,0.0636
15.5996,pi,6.2800,3.1218,0.0632,0.0632
15.6047,pi,6.2800,3.1372,0.0629,0.0629
15.6097,pi,6.2800,3.1124,0.0634,0.0634
15.6147,pi,6.2800,3.0931,0.0637,0.0637
15.6196,pi,6.2800,3.1142,0.0633,0.0633
15.6246,pi,6.2800,3.1312,0.0630,0.0630
15.6299,pi,6.2800,3.1080,0.0634,0.0634
15.6347,pi,6.2800,3.1397,0.0628,0.0628
15.6397,pi,6.2800,3.1651,0.0623,0.0623
15.6446,pi,6.2800,3.1718,0.0622,0.0622
15.6497,pi,6.2800,3.2230,0.0611,0.0611
15.6546,pi,6.2800,3.2181,0.0612,0.0612
15.6597,pi,6.2800,3.2142,0.0613,0.0613
15.6647,pi,6.2800,3.2114,0.0614,0.0614
15.6697,pi,6.2800,3.1722,0.0622,0.0622
15.6746,pi,6.2800,3.1775,0.0621,0.0621
15.6797,pi,6.2800,3.1817,0.0620,0.0620
15.6847,pi,6.2800,3.1852,0.0619,0.0619
15.6897,pi,6.2800,3.1423,0.0628,0.0628
15.6947,pi,6.2800,3.1537,0.0625,0.0625
15.6997,pi,6.2800,3.1260,0.0631,0.0631
15.7046,pi,6.2800,3.1039,0.0635,0.0635
15.7096,pi,6.2800,3.0772,0.0641,0.0641
15.7147,pi,6.2800,3.1016,0.0636,0.0636
15.7197,pi,6.2800,3.1210,0.0632,0.0632
15.7247,pi,6.2800,3.1000,0.0636,0.0636
15.7296,pi,6.2800,3.0740,0.0641,0.0641
15.7346,pi,6.2800,3.0533,0.0645,0.0645
15.7397,pi,6.2800,2.9955,0.0657,0.0657
15.7447,pi,6.2800,2.8487,0.0686,0.0686
15.7497,pi,6.2800,2.7312,0.0710,0.0710
15.7547,pi,6.2800,2.5872,0.0739,0.0739
15.7597,pi,6.2800,2.4215,0.0772,0.0772
15.7647,pi,6.2800,2.1886,0.0818,0.0818
15.7697,pi,6.2800,2.0020,0.0856,0.0856
15.7747,pi,6.2800,1.8027,0.0895,0.0895
15.7797,pi,6.2800,1.5928,0.0937,0.0937
15.7846,pi,6.2800,1.4116,0.0974,0.0974
15.7897,pi,6.2800,1.2205,0.1012,0.1012
15.7947,pi,6.2800,1.0679,0.1042,0.1042
15.7997,pi,6.2800,0.9456,0.1067,0.1067
15.8047,pi,6.2800,0.8024,0.1096,0.1096
15.8097,pi,6.2800,0.6921,0.1118,0.1118
15.8146,pi,6.2800,0.5995,0.1136,0.1136
15.8197,pi,6.2800,0.4793,0.1160,0.1160
15.8246,pi,6.2800,0.3836,0.1179,0.1179
15.8297,pi,6.2800,0.3068,0.1195,0.1195
15.8347,pi,6.2800,0.2452,0.1207,0.1207
15.8396,pi,6.2800,0.1964,0.1217,0.1217
15.8447,pi,6.2800,0.1570,0.1225,0.1225
15.8496,pi,6.2800,0.1257,0.1231,0.1231
15.8547,pi,6.2800,0.1005,0.1236,0.1236
15.8597,pi,6.2800,0.0804,0.1240,0.1240
15.8647,pi,6.2800,0.0643,0.1243,0.1243
15.8697,pi,6.2800,0.0515,0.1246,0.1246
15.8747,pi,6.2800,0.0412,0.1248,0.1248
15.8797,pi,6.2800,0.0329,0.1249,0.1249
15.8847,pi,6.2800,0.0264,0.1251,0.1251
15.8897,pi,6.2800,0.0211,0.1252,0.1252
15.8947,pi,6.2800,0.0169,0.1253,0.1253
15.8997,pi,6.2800,0.0135,0.1253,0.1253
15.9047,pi,6.2800,0.0108,0.1254,0.1254
15.9097,pi,6.2800,0.0086,0.1254,0.1254
15.9147,pi,6.2800,0.0069,0.1255,0.1255
15.9197,pi,6.2800,0.0055,0.1255,0.1255
15.9246,pi,6.2800,0.0044,0.1255,0.1255
15.9297,pi,6.2800,0.0035,0.1255,0.1255
15.9347,pi,6.2800,0.0028,0.1255,0.1255
15.9397,pi,6.2800,0.0023,0.1256,0.1256
15.9447,pi,6.2800,0.0018,0.1256,0.1256
15.9496,pi,6.2800,0.0014,0.1256,0.1256
15.9547,pi,6.2800,0.0012,0.1256,0.1256
15.9597,pi,6.2800,0.0009,0.1256,0.1256
15.9646,pi,6.2800,0.0007,0.1256,0.1256
15.9698,pi,6.2800,0.0006,0.1256,0.1256
15.9747,pi,6.2800,0.0005,0.1256,0.1256
15.9796,pi,6.2800,0.0004,0.1256,0.1256
15.9847,pi,6.2800,0.0003,0.1256,0.1256
15.9896,pi,6.2800,0.0002,0.1256,0.1256
15.9947,pi,6.2800,0.0002,0.1256,0.1256
15.9996,pi,6.2800,0.0002,0.1256,0.1256
16.0046,pi,6.2800,0.0001,0.1256,0.1256
16.0098,pi,6.2800,0.0001,0.1256,0.1256
16.0147,pi,6.2800,0.0001,0.1256,0.1256
16.0198,pi,6.2800,0.0001,0.1256,0.1256
16.0246,pi,6.2800,0.0001,0.1256,0.1256
16.0297,pi,6.2800,0.0000,0.1256,0.1256
16.0347,pi,6.2800,0.0000,0.1256,0.1256
16.0397,pi,6.2800,0.0000,0.1256,0.1256
16.0447,pi,6.2800,0.0000,0.1256,0.1256
16.0497,pi,6.2800,0.0000,0.1256,0.1256
16.0546,pi,6.2800,0.0000,0.1256,0.1256
16.0596,pi,6.2800,0.0000,0.1256,0.1256
16.0647,pi,6.2800,0.0000,0.1256,0.1256
16.0697,pi,6.2800,0.0000,0.1256,0.1256
16.0746,pi,6.2800,0.0000,0.1256,0.1256
16.0797,pi,6.2800,0.0000,0.1256,0.1256
16.0846,pi,6.2800,0.0000,0.1256,0.1256
16.0897,pi,6.2800,0.0000,0.1256,0.1256
16.0947,pi,6.2800,0.0000,0.1256,0.1256
16.0996,pi,6.2800,0.0000,0.1256,0.1256
16.1047,pi,6.2800,0.0000,0.1256,0.1256
16.1096,pi,6.2800,0.0000,0.1256,0.1256
16.1147,pi,6.2800,0.0000,0.1256,0.1256
16.1197,pi,6.2800,0.0000,0.1256,0.1256
16.1247,pi,6.2800,0.0000,0.1256,0.1256
16.1297,pi,6.2800,0.0000,0.1256,0.1256
16.1346,pi,6.2800,0.0000,0.1256,0.1256
16.1397,pi,6.2800,0.0000,0.1256,0.1256
16.1447,pi,6.2800,0.0000,0.1256,0.1256
16.1498,pi,6.2800,0.0000,0.1256,0.1256
16.1549,pi,6.2800,0.0000,0.1256,0.1256
16.1597,pi,6.2800,0.0000,0.1256,0.1256
16.1646,pi,6.2800,0.0000,0.1256,0.1256
16.1697,pi,6.2800,0.0000,0.1256,0.1256
16.1747,pi,6.2800,0.0000,0.1256,0.1256
16.1797,pi,6.2800,0.0000,0.1256,0.1256
16.1848,pi,6.2800,0.0000,0.1256,0.1256
16.1897,pi,6.2800,0.0000,0.1256,0.1256
16.1947,pi,6.2800,0.0000,0.1256,0.1256
16.1996,pi,6.2800,0.0000,0.1256,0.1256
16.2047,pi,6.2800,0.0000,0.1256,0.1256
16.2096,pi,6.2800,0.0000,0.1256,0.1256
16.2147,pi,6.2800,0.0000,0.1256,0.1256
16.2196,pi,6.2800,0.0000,0.1256,0.1256
16.2246,pi,6.2800,0.0000,0.1256,0.1256
16.2296,pi,6.2800,0.0000,0.1256,0.1256
16.2347,pi,6.2800,0.0000,0.1256,0.1256
16.2397,pi,6.2800,0.0000,0.1256,0.1256
16.2447,pi,6.2800,0.0000,0.1256,0.1256
16.2496,pi,6.2800,0.0000,0.1256,0.1256
16.2547,pi,6.2800,0.0000,0.1256,0.1256
16.2596,pi,6.2800,0.0000,0.1256,0.1256
16.2647,pi,6.2800,0.0000,0.1256,0.1256
16.2697,pi,6.2800,0.0000,0.1256,0.1256
16.2747,pi,6.2800,0.0000,0.1256,0.1256
16.2797,pi,6.2800,0.0000,0.1256,0.1256
16.2847,pi,6.2800,0.0000,0.1256,0.1256
16.2897,pi,6.2800,0.0000,0.1256,0.1256
16.2946,pi,6.2800,0.0000,0.1256,0.1256
16.3000,pi,6.2800,0.0000,0.1256,0.1256
16.3048,pi,6.2800,0.0000,0.1256,0.1256
16.3096,pi,6.2800,0.0000,0.1256,0.1256
16.3146,pi,6.2800,0.0000,0.1256,0.1256
16.3196,pi,6.2800,0.0000,0.1256,0.1256
16.3247,pi,6.2800,0.0000,0.1256,0.1256
16.3301,pi,6.2800,0.0000,0.1256,0.1256
16.3350,pi,6.2800,0.0000,0.1256,0.1256
16.3397,pi,6.2800,0.0000,0.1256,0.1256
16.3448,pi,6.2800,0.0000,0.1256,0.1256
16.3498,pi,6.2800,0.0000,0.1256,0.1256
16.3546,pi,6.2800,0.0457,0.1247,0.1247
16.3596,pi,6.2800,0.0822,0.1240,0.1240
16.3646,pi,6.2800,0.1115,0.1234,0.1234
16.3698,pi,6.2800,0.1897,0.1218,0.1218
16.3747,pi,6.2800,0.2524,0.1206,0.1206
16.3798,pi,6.2800,0.3537,0.1185,0.1185
16.3846,pi,6.2800,0.4646,0.1163,0.1163
16.3897,pi,6.2800,0.5999,0.1136,0.1136
16.3947,pi,6.2800,0.7544,0.1105,0.1105
16.3997,pi,6.2800,0.9692,0.1062,0.1062
16.4047,pi,6.2800,1.1865,0.1019,0.1019
16.4097,pi,6.2800,1.4017,0.0976,0.0976
16.4146,pi,6.2800,1.6238,0.0931,0.0931
16.4198,pi,6.2800,1.8520,0.0886,0.0886
16.4246,pi,6.2800,2.0757,0.0841,0.0841
16.4297,pi,6.2800,2.3005,0.0796,0.0796
16.4347,pi,6.2800,2.5268,0.0751,0.0751
16.4397,pi,6.2800,2.7751,0.0701,0.0701
16.4447,pi,6.2800,2.9513,0.0666,0.0666
16.4497,pi,6.2800,3.1377,0.0628,0.0628
16.4547,pi,6.2800,3.2642,0.0603,0.0603
16.4596,pi,6.2800,3.3881,0.0578,0.0578
16.4648,pi,6.2800,3.4645,0.0563,0.0563
16.4696,pi,6.2800,3.5484,0.0546,0.0546
16.4747,pi,6.2800,3.6156,0.0533,0.0533
16.4797,pi,6.2800,3.6236,0.0531,0.0531
16.4847,pi,6.2800,3.6026,0.0535,0.0535
16.4897,pi,6.2800,3.5857,0.0539,0.0539
16.4947,pi,6.2800,3.5722,0.0542,0.0542
16.4997,pi,6.2800,3.5111,0.0554,0.0554
16.5046,pi,6.2800,3.4943,0.0557,0.0557
16.5097,pi,6.2800,3.4810,0.0560,0.0560
16.5147,pi,6.2800,3.4381,0.0568,0.0568
16.5197,pi,6.2800,3.3537,0.0585,0.0585
16.5246,pi,6.2800,3.3228,0.0591,0.0591
16.5297,pi,6.2800,3.3116,0.0594,0.0594
16.5347,pi,6.2800,3.2891,0.0598,0.0598
16.5397,pi,6.2800,3.2710,0.0602,0.0602
16.5447,pi,6.2800,3.2703,0.0602,0.0602
16.5496,pi,6.2800,3.2560,0.0605,0.0605
16.5547,pi,6.2800,3.2077,0.0614,0.0614
16.5597,pi,6.2800,3.2195,0.0612,0.0612
16.5647,pi,6.2800,3.2154,0.0613,0.0613
16.5697,pi,6.2800,3.2122,0.0614,0.0614
16.5747,pi,6.2800,3.1728,0.0621,0.0621
16.5797,pi,6.2800,3.1914,0.0618,0.0618
16.5847,pi,6.2800,3.2065,0.0615,0.0615
16.5896,pi,6.2800,3.2049,0.0615,0.0615
16.5947,pi,6.2800,3.2037,0.0615,0.0615
16.5997,pi,6.2800,3.2028,0.0615,0.0615
16.6047,pi,6.2800,3.2020,0.0616,0.0616
16.6097,pi,6.2800,3.1647,0.0623,0.0623
16.6147,pi,6.2800,3.1349,0.0629,0.0629
16.6197,pi,6.2800,3.1110,0.0634,0.0634
16.6246,pi,6.2800,3.1285,0.0630,0.0630
16.6299,pi,6.2800,3.1423,0.0628,0.0628
16.6347,pi,6.2800,3.1168,0.0633,0.0633
16.6397,pi,6.2800,3.0967,0.0637,0.0637
16.6447,pi,6.2800,3.1308,0.0630,0.0630
16.6496,pi,6.2800,3.1445,0.0627,0.0627
16.6547,pi,6.2800,3.1097,0.0634,0.0634
16.6597,pi,6.2800,3.0818,0.0640,0.0640
16.6647,pi,6.2800,3.1188,0.0632,0.0632
16.6699,pi,6.2800,3.1482,0.0626,0.0626
16.6752,pi,6.2800,3.1215,0.0632,0.0632
16.6796,pi,6.2800,3.1367,0.0629,0.0629
16.6846,pi,6.2800,3.1494,0.0626,0.0626
16.6897,pi,6.2800,3.1595,0.0624,0.0624
16.6947,pi,6.2800,3.2132,0.0613,0.0613
16.6997,pi,6.2800,3.2239,0.0611,0.0611
16.7046,pi,6.2800,3.2325,0.0610,0.0610
16.7097,pi,6.2800,3.2394,0.0608,0.0608
16.7146,pi,6.2800,3.2311,0.0610,0.0610
16.7196,pi,6.2800,3.2248,0.0611,0.0611
16.7246,pi,6.2800,3.2200,0.0612,0.0612
16.7297,pi,6.2800,3.2160,0.0613,0.0613
16.7347,pi,6.2800,3.2263,0.0611,0.0611
16.7397,pi,6.2800,3.2342,0.0609,0.0609
16.7447,pi,6.2800,3.1907,0.0618,0.0618
16.7497,pi,6.2800,3.1552,0.0625,0.0625
16.7547,pi,6.2800,3.1771,0.0621,0.0621
16.7597,pi,6.2800,3.1949,0.0617,0.0617
16.7646,pi,6.2800,3.1956,0.0617,0.0617
16.7697,pi,6.2800,3.1591,0.0624,0.0624
16.7747,pi,6.2800,3.1304,0.0630,0.0630
16.7797,pi,6.2800,3.1072,0.0635,0.0635
16.7846,pi,6.2800,3.1254,0.0631,0.0631
16.7897,pi,6.2800,3.0944,0.0637,0.0637
16.7947,pi,6.2800,3.0699,0.0642,0.0642
16.7997,pi,6.2800,3.0041,0.0655,0.0655
16.8047,pi,6.2800,2.9519,0.0666,0.0666
16.8096,pi,6.2800,2.8646,0.0683,0.0683
16.8147,pi,6.2800,2.7943,0.0697,0.0697
16.8196,pi,6.2800,2.7382,0.0708,0.0708
16.8246,pi,6.2800,2.6477,0.0726,0.0726
16.8296,pi,6.2800,2.5751,0.0741,0.0741
16.8347,pi,6.2800,2.4623,0.0764,0.0764
16.8397,pi,6.2800,2.3215,0.0792,0.0792
16.8447,pi,6.2800,2.2091,0.0814,0.0814
16.8497,pi,6.2800,2.1190,0.0832,0.0832
16.8546,pi,6.2800,2.0470,0.0847,0.0847
16.8596,pi,6.2800,1.9393,0.0868,0.0868
16.8646,pi,6.2800,1.8715,0.0882,0.0882
16.8697,pi,6.2800,1.7481,0.0906,0.0906
16.8746,pi,6.2800,1.6271,0.0931,0.0931
16.8797,pi,6.2800,1.5529,0.0945,0.0945
16.8846,pi,6.2800,1.4434,0.0967,0.0967
16.8898,pi,6.2800,1.4057,0.0975,0.0975
16.8947,pi,6.2800,1.3260,0.0991,0.0991
16.8996,pi,6.2800,1.2436,0.1007,0.1007
16.9046,pi,6.2800,1.2234,0.1011,0.1011
16.9097,pi,6.2800,1.1798,0.1020,0.1020
16.9146,pi,6.2800,1.0946,0.1037,0.1037
16.9196,pi,6.2800,1.0127,0.1053,0.1053
16.9246,pi,6.2800,0.9474,0.1067,0.1067
16.9296,pi,6.2800,0.9407,0.1068,0.1068
16.9346,pi,6.2800,0.9354,0.1069,0.1069
16.9396,pi,6.2800,0.9311,0.1070,0.1070
16.9447,pi,6.2800,0.8956,0.1077,0.1077
16.9497,pi,6.2800,0.9176,0.1072,0.1072
16.9547,pi,6.2800,0.8848,0.1079,0.1079
16.9596,pi,6.2800,0.8906,0.1078,0.1078
16.9647,pi,6.2800,0.9136,0.1073,0.1073
16.9697,pi,6.2800,0.9319,0.1070,0.1070
16.9747,pi,6.2800,0.9968,0.1057,0.1057
16.9797,pi,6.2800,0.9985,0.1056,0.1056
16.9847,pi,6.2800,0.9998,0.1056,0.1056
16.9897,pi,6.2800,1.0009,0.1056,0.1056
16.9947,pi,6.2800,0.9835,0.1059,0.1059
16.9997,pi,6.2800,1.0153,0.1053,0.1053
17.0046,pi,6.2800,0.9950,0.1057,0.1057
17.0097,pi,6.2800,1.0245,0.1051,0.1051
17.0146,pi,6.2800,1.0024,0.1056,0.1056
17.0197,pi,6.2800,1.0304,0.1050,0.1050
17.0247,pi,6.2800,1.0529,0.1045,0.1045
17.0297,pi,6.2800,1.0708,0.1042,0.1042
17.0347,pi,6.2800,1.0576,0.1044,0.1044
17.0396,pi,6.2800,1.0745,0.1041,0.1041
17.0447,pi,6.2800,1.1337,0.1029,0.1029
17.0496,pi,6.2800,1.2268,0.1011,0.1011
17.0547,pi,6.2800,1.2831,0.0999,0.0999
17.0596,pi,6.2800,1.3280,0.0990,0.0990
17.0647,pi,6.2800,1.3640,0.0983,0.0983
17.0697,pi,6.2800,1.3928,0.0977,0.0977
17.0747,pi,6.2800,1.4659,0.0963,0.0963
17.0796,pi,6.2800,1.5383,0.0948,0.0948
17.0847,pi,6.2800,1.5505,0.0946,0.0946
17.0897,pi,6.2800,1.5923,0.0938,0.0938
17.0947,pi,6.2800,1.6257,0.0931,0.0931
17.0997,pi,6.2800,1.6523,0.0926,0.0926
17.1046,pi,6.2800,1.6417,0.0928,0.0928
17.1097,pi,6.2800,1.6789,0.0920,0.0920
17.1148,pi,6.2800,1.7453,0.0907,0.0907
17.1197,pi,6.2800,1.7481,0.0906,0.0906
17.1247,pi,6.2800,1.7503,0.0906,0.0906
17.1297,pi,6.2800,1.7521,0.0906,0.0906
17.1347,pi,6.2800,1.7535,0.0905,0.0905
17.1396,pi,6.2800,1.7684,0.0902,0.0902
17.1447,pi,6.2800,1.7346,0.0909,0.0909
17.1498,pi,6.2800,1.6890,0.0918,0.0918
17.1549,pi,6.2800,1.6256,0.0931,0.0931
17.1598,pi,6.2800,1.5513,0.0946,0.0946
17.1647,pi,6.2800,1.4423,0.0968,0.0968
17.1696,pi,6.2800,1.3826,0.0979,0.0979
17.1746,pi,6.2800,1.3346,0.0989,0.0989
17.1797,pi,6.2800,1.2184,0.1012,0.1012
17.1846,pi,6.2800,1.1117,0.1034,0.1034
17.1898,pi,6.2800,0.9900,0.1058,0.1058
17.1947,pi,6.2800,0.9427,0.1067,0.1067
17.1997,pi,6.2800,0.8543,0.1085,0.1085
17.2047,pi,6.2800,0.7843,0.1099,0.1099
17.2096,pi,6.2800,0.7189,0.1112,0.1112
17.2147,pi,6.2800,0.6665,0.1123,0.1123
17.2197,pi,6.2800,0.5834,0.1139,0.1139
17.2246,pi,6.2800,0.5126,0.1153,0.1153
17.2297,pi,6.2800,0.5106,0.1154,0.1154
17.2347,pi,6.2800,0.5090,0.1154,0.1154
17.2397,pi,6.2800,0.5077,0.1154,0.1154
17.2450,pi,6.2800,0.4561,0.1165,0.1165
17.2503,pi,6.2800,0.4107,0.1174,0.1174
17.2547,pi,6.2800,0.3789,0.1180,0.1180
17.2596,pi,6.2800,0.3534,0.1185,0.1185
17.2647,pi,6.2800,0.3284,0.1190,0.1190
17.2697,pi,6.2800,0.3085,0.1194,0.1194
17.2747,pi,6.2800,0.2970,0.1197,0.1197
17.2796,pi,6.2800,0.2833,0.1199,0.1199
17.2847,pi,6.2800,0.2267,0.1211,0.1211
17.2897,pi,6.2800,0.1813,0.1220,0.1220
17.2947,pi,6.2800,0.1451,0.1227,0.1227
17.2996,pi,6.2800,0.1160,0.1233,0.1233
17.3047,pi,6.2800,0.0927,0.1237,0.1237
17.3096,pi,6.2800,0.0743,0.1241,0.1241
17.3147,pi,6.2800,0.0594,0.1244,0.1244
17.3198,pi,6.2800,0.0475,0.1246,0.1246
17.3248,pi,6.2800,0.0380,0.1248,0.1248
17.3296,pi,6.2800,0.0304,0.1250,0.1250
17.3347,pi,6.2800,0.0243,0.1251,0.1251
17.3397,pi,6.2800,0.0195,0.1252,0.1252
17.3447,pi,6.2800,0.0156,0.1253,0.1253
17.3496,pi,6.2800,0.0125,0.1254,0.1254
17.3547,pi,6.2800,0.0100,0.1254,0.1254
17.3597,pi,6.2800,0.0080,0.1254,0.1254
17.3647,pi,6.2800,0.0064,0.1255,0.1255
17.3697,pi,6.2800,0.0051,0.1255,0.1255
17.3747,pi,6.2800,0.0041,0.1255,0.1255
17.3796,pi,6.2800,0.0033,0.1255,0.1255
17.3847,pi,6.2800,0.0026,0.1255,0.1255
17.3897,pi,6.2800,0.0021,0.1256,0.1256
17.3947,pi,6.2800,0.0017,0.1256,0.1256
17.3997,pi,6.2800,0.0013,0.1256,0.1256
17.4047,pi,6.2800,0.0011,0.1256,0.1256
17.4096,pi,6.2800,0.0009,0.1256,0.1256
17.4148,pi,6.2800,0.0007,0.1256,0.1256
17.4197,pi,6.2800,0.0005,0.1256,0.1256
17.4247,pi,6.2800,0.0004,0.1256,0.1256
17.4296,pi,6.2800,0.0004,0.1256,0.1256
17.4347,pi,6.2800,0.0003,0.1256,0.1256
17.4396,pi,6.2800,0.0002,0.1256,0.1256
17.4448,pi,6.2800,0.0002,0.1256,0.1256
17.4496,pi,6.2800,0.0001,0.1256,0.1256
17.4546,pi,6.2800,0.0001,0.1256,0.1256
17.4597,pi,6.2800,0.0001,0.1256,0.1256
17.4646,pi,6.2800,0.0001,0.1256,0.1256
17.4696,pi,6.2800,0.0001,0.1256,0.1256
17.4746,pi,6.2800,0.0000,0.1256,0.1256
17.4797,pi,6.2800,0.0000,0.1256,0.1256
17.4846,pi,6.2800,0.0000,0.1256,0.1256
17.4898,pi,6.2800,0.0000,0.1256,0.1256
17.4947,pi,6.2800,0.0000,0.1256,0.1256
17.4997,pi,6.2800,0.0000,0.1256,0.1256
17.5046,pi,6.2800,0.0000,0.1256,0.1256
17.5097,pi,6.2800,0.0000,0.1256,0.1256
17.5146,pi,6.2800,0.0000,0.1256,0.1256
17.5196,pi,6.2800,0.0000,0.1256,0.1256
17.5248,pi,6.2800,0.0000,0.1256,0.1256
17.5296,pi,6.2800,0.0000,0.1256,0.1256
17.5346,pi,6.2800,0.0000,0.1256,0.1256
17.5397,pi,6.2800,0.0000,0.1256,0.1256
17.5447,pi,6.2800,0.0000,0.1256,0.1256
17.5497,pi,6.2800,0.0000,0.1256,0.1256
17.5546,pi,6.2800,0.0000,0.1256,0.1256
17.5596,pi,6.2800,0.0000,0.1256,0.1256
17.5647,pi,6.2800,0.0000,0.1256,0.1256
17.5696,pi,6.2800,0.0456,0.1247,0.1247
17.5746,pi,6.2800,0.0822,0.1240,0.1240
17.5796,pi,6.2800,0.1115,0.1234,0.1234
17.5847,pi,6.2800,0.1395,0.1228,0.1228
17.5896,pi,6.2800,0.1618,0.1224,0.1224
17.5947,pi,6.2800,0.1752,0.1221,0.1221
17.5997,pi,6.2800,0.2405,0.1208,0.1208
17.6046,pi,6.2800,0.3294,0.1190,0.1190
17.6097,pi,6.2800,0.4143,0.1173,0.1173
17.6146,pi,6.2800,0.5142,0.1153,0.1153
17.6197,pi,6.2800,0.5621,0.1144,0.1144
17.6246,pi,6.2800,0.6324,0.1130,0.1130
17.6297,pi,6.2800,0.7344,0.1109,0.1109
17.6347,pi,6.2800,0.8898,0.1078,0.1078
17.6396,pi,6.2800,1.0131,0.1053,0.1053
17.6447,pi,6.2800,1.1305,0.1030,0.1030
17.6497,pi,6.2800,1.2561,0.1005,0.1005
17.6547,pi,6.2800,1.3064,0.0995,0.0995
17.6597,pi,6.2800,1.3970,0.0977,0.0977
17.6647,pi,6.2800,1.4693,0.0962,0.0962
17.6697,pi,6.2800,1.5272,0.0951,0.0951
17.6747,pi,6.2800,1.5734,0.0941,0.0941
17.6797,pi,6.2800,1.6104,0.0934,0.0934
17.6847,pi,6.2800,1.6536,0.0925,0.0925
17.6897,pi,6.2800,1.7249,0.0911,0.0911
17.6946,pi,6.2800,1.7454,0.0907,0.0907
17.6997,pi,6.2800,1.7482,0.0906,0.0906
17.7047,pi,6.2800,1.8006,0.0896,0.0896
17.7097,pi,6.2800,1.8517,0.0886,0.0886
17.7147,pi,6.2800,1.8834,0.0879,0.0879
17.7196,pi,6.2800,1.9088,0.0874,0.0874
17.7247,pi,6.2800,1.9383,0.0868,0.0868
17.7297,pi,6.2800,1.9620,0.0864,0.0864
17.7348,pi,6.2800,1.9809,0.0860,0.0860
17.7396,pi,6.2800,1.9960,0.0857,0.0857
17.7448,pi,6.2800,1.9989,0.0856,0.0856
17.7497,pi,6.2800,2.0012,0.0856,0.0856
17.7548,pi,6.2800,2.0030,0.0855,0.0855
17.7597,pi,6.2800,2.0045,0.0855,0.0855
17.7647,pi,6.2800,2.0148,0.0853,0.0853
17.7697,pi,6.2800,2.0232,0.0851,0.0851
17.7747,pi,6.2800,2.0711,0.0842,0.0842
17.7796,pi,6.2800,2.0681,0.0842,0.0842
17.7847,pi,6.2800,2.0658,0.0843,0.0843
17.7897,pi,6.2800,2.0547,0.0845,0.0845
17.7947,pi,6.2800,2.0962,0.0837,0.0837
17.7996,pi,6.2800,2.1339,0.0829,0.0829
17.8047,pi,6.2800,2.1184,0.0832,0.0832
17.8097,pi,6.2800,2.1060,0.0835,0.0835
17.8147,pi,6.2800,2.0961,0.0837,0.0837
17.8197,pi,6.2800,2.0790,0.0840,0.0840
17.8246,pi,6.2800,2.0287,0.0850,0.0850
17.8297,pi,6.2800,2.0250,0.0851,0.0851
17.8347,pi,6.2800,2.0221,0.0852,0.0852
17.8397,pi,6.2800,1.9695,0.0862,0.0862
17.8447,pi,6.2800,1.9274,0.0871,0.0871
17.8497,pi,6.2800,1.8436,0.0887,0.0887
17.8546,pi,6.2800,1.7948,0.0897,0.0897
17.8597,pi,6.2800,1.7557,0.0905,0.0905
17.8647,pi,6.2800,1.7244,0.0911,0.0911
17.8697,pi,6.2800,1.6308,0.0930,0.0930
17.8746,pi,6.2800,1.5333,0.0949,0.0949
17.8797,pi,6.2800,1.4550,0.0965,0.0965
17.8847,pi,6.2800,1.3147,0.0993,0.0993
17.8897,pi,6.2800,1.2023,0.1016,0.1016
17.8947,pi,6.2800,1.1447,0.1027,0.1027
17.8997,pi,6.2800,1.0663,0.1043,0.1043
17.9047,pi,6.2800,0.9539,0.1065,0.1065
17.9097,pi,6.2800,0.9139,0.1073,0.1073
17.9147,pi,6.2800,0.8316,0.1090,0.1090
17.9197,pi,6.2800,0.7658,0.1103,0.1103
17.9247,pi,6.2800,0.7133,0.1113,0.1113
17.9297,pi,6.2800,0.6711,0.1122,0.1122
17.9346,pi,6.2800,0.6283,0.1130,0.1130
17.9397,pi,6.2800,0.5940,0.1137,0.1137
17.9447,pi,6.2800,0.5254,0.1151,0.1151
17.9496,pi,6.2800,0.4662,0.1163,0.1163
17.9547,pi,6.2800,0.4231,0.1171,0.1171
17.9597,pi,6.2800,0.3842,0.1179,0.1179
17.9647,pi,6.2800,0.3073,0.1195,0.1195
17.9697,pi,6.2800,0.2459,0.1207,0.1207
17.9747,pi,6.2800,0.1967,0.1217,0.1217
17.9796,pi,6.2800,0.1574,0.1225,0.1225
17.9847,pi,6.2800,0.1259,0.1231,0.1231
17.9897,pi,6.2800,0.1007,0.1236,0.1236
17.9947,pi,6.2800,0.0806,0.1240,0.1240
17.9996,pi,6.2800,0.0645,0.1243,0.1243
18.0046,pi,6.2800,0.0516,0.1246,0.1246
18.0097,pi,6.2800,0.0413,0.1248,0.1248
18.0146,pi,6.2800,0.0330,0.1249,0.1249
18.0196,pi,6.2800,0.0264,0.1251,0.1251
18.0247,pi,6.2800,0.0211,0.1252,0.1252
18.0297,pi,6.2800,0.0169,0.1253,0.1253
18.0346,pi,6.2800,0.0135,0.1253,0.1253
18.0397,pi,6.2800,0.0108,0.1254,0.1254
18.0447,pi,6.2800,0.0087,0.1254,0.1254
18.0497,pi,6.2800,0.0069,0.1255,0.1255
18.0547,pi,6.2800,0.0055,0.1255,0.1255
18.0597,pi,6.2800,0.0044,0.1255,0.1255
18.0647,pi,6.2800,0.0035,0.1255,0.1255
18.0697,pi,6.2800,0.0028,0.1255,0.1255
18.0746,pi,6.2800,0.0023,0.1256,0.1256
18.0797,pi,6.2800,0.0018,0.1256,0.1256
18.0847,pi,6.2800,0.0015,0.1256,0.1256
18.0897,pi,6.2800,0.0012,0.1256,0.1256
18.0947,pi,6.2800,0.0009,0.1256,0.1256
18.0997,pi,6.2800,0.0007,0.1256,0.1256
18.1047,pi,6.2800,0.0006,0.1256,0.1256
18.1096,pi,6.2800,0.0005,0.1256,0.1256
18.1147,pi,6.2800,0.0004,0.1256,0.1256
18.1197,pi,6.2800,0.0003,0.1256,0.1256
18.1246,pi,6.2800,0.0458,0.1247,0.1247
18.1296,pi,6.2800,0.0824,0.1240,0.1240
18.1347,pi,6.2800,0.1162,0.1233,0.1233
18.1396,pi,6.2800,0.1387,0.1228,0.1228
18.1447,pi,6.2800,0.1567,0.1225,0.1225
18.1497,pi,6.2800,0.1756,0.1221,0.1221
18.1548,pi,6.2800,0.2411,0.1208,0.1208
18.1599,pi,6.2800,0.2933,0.1197,0.1197
18.1648,pi,6.2800,0.3856,0.1179,0.1179
18.1696,pi,6.2800,0.4909,0.1158,0.1158
18.1746,pi,6.2800,0.5754,0.1141,0.1141
18.1796,pi,6.2800,0.6431,0.1127,0.1127
18.1846,pi,6.2800,0.7430,0.1107,0.1107
18.1896,pi,6.2800,0.8686,0.1082,0.1082
18.1947,pi,6.2800,0.9692,0.1062,0.1062
18.1997,pi,6.2800,1.0954,0.1037,0.1037
18.2047,pi,6.2800,1.2419,0.1008,0.1008
18.2097,pi,6.2800,1.3592,0.0984,0.0984
18.2147,pi,6.2800,1.4987,0.0956,0.0956
18.2197,pi,6.2800,1.6104,0.0934,0.0934
18.2247,pi,6.2800,1.6996,0.0916,0.0916
18.2297,pi,6.2800,1.8122,0.0894,0.0894
18.2346,pi,6.2800,1.9065,0.0875,0.0875
18.2397,pi,6.2800,1.9776,0.0860,0.0860
18.2447,pi,6.2800,2.0346,0.0849,0.0849
18.2496,pi,6.2800,2.0846,0.0839,0.0839
18.2547,pi,6.2800,2.1247,0.0831,0.0831
18.2597,pi,6.2800,2.1016,0.0836,0.0836
18.2646,pi,6.2800,2.0926,0.0837,0.0837
18.2697,pi,6.2800,2.0761,0.0841,0.0841
18.2747,pi,6.2800,2.0129,0.0853,0.0853
18.2796,pi,6.2800,1.9758,0.0861,0.0861
18.2847,pi,6.2800,1.9324,0.0870,0.0870
18.2897,pi,6.2800,1.8475,0.0887,0.0887
18.2947,pi,6.2800,1.7979,0.0896,0.0896
18.2997,pi,6.2800,1.7398,0.0908,0.0908
18.3047,pi,6.2800,1.6934,0.0917,0.0917
18.3096,pi,6.2800,1.6289,0.0930,0.0930
18.3147,pi,6.2800,1.6232,0.0931,0.0931
18.3197,pi,6.2800,1.5726,0.0941,0.0941
18.3247,pi,6.2800,1.5597,0.0944,0.0944
18.3297,pi,6.2800,1.4990,0.0956,0.0956
18.3346,pi,6.2800,1.4734,0.0961,0.0961
18.3398,pi,6.2800,1.4300,0.0970,0.0970
18.3449,pi,6.2800,1.3952,0.0977,0.0977
18.3497,pi,6.2800,1.3673,0.0983,0.0983
18.3546,pi,6.2800,1.3680,0.0982,0.0982
18.3597,pi,6.2800,1.3960,0.0977,0.0977
18.3647,pi,6.2800,1.3681,0.0982,0.0982
18.3697,pi,6.2800,1.3960,0.0977,0.0977
18.3747,pi,6.2800,1.4367,0.0969,0.0969
18.3797,pi,6.2800,1.4236,0.0971,0.0971
18.3846,pi,6.2800,1.4588,0.0964,0.0964
18.3896,pi,6.2800,1.4412,0.0968,0.0968
18.3947,pi,6.2800,1.4729,0.0961,0.0961
18.3996,pi,6.2800,1.4527,0.0965,0.0965
18.4046,pi,6.2800,1.4822,0.0960,0.0960
18.4097,pi,6.2800,1.5057,0.0955,0.0955
18.4146,pi,6.2800,1.4788,0.0960,0.0960
18.4196,pi,6.2800,1.5030,0.0955,0.0955
18.4247,pi,6.2800,1.4765,0.0961,0.0961
18.4297,pi,6.2800,1.4827,0.0959,0.0959
18.4347,pi,6.2800,1.4374,0.0969,0.0969
18.4397,pi,6.2800,1.4514,0.0966,0.0966
18.4447,pi,6.2800,1.4627,0.0963,0.0963
18.4497,pi,6.2800,1.5218,0.0952,0.0952
18.4547,pi,6.2800,1.5190,0.0952,0.0952
18.4597,pi,6.2800,1.5167,0.0953,0.0953
18.4647,pi,6.2800,1.5651,0.0943,0.0943
18.4697,pi,6.2800,1.6038,0.0935,0.0935
18.4746,pi,6.2800,1.6029,0.0935,0.0935
18.4797,pi,6.2800,1.6479,0.0926,0.0926
18.4847,pi,6.2800,1.6839,0.0919,0.0919
18.4897,pi,6.2800,1.7584,0.0904,0.0904
18.4947,pi,6.2800,1.8181,0.0892,0.0892
18.4997,pi,6.2800,1.8565,0.0885,0.0885
18.5046,pi,6.2800,1.8964,0.0877,0.0877
18.5097,pi,6.2800,1.9191,0.0872,0.0872
18.5147,pi,6.2800,1.9873,0.0859,0.0859
18.5197,pi,6.2800,2.0420,0.0848,0.0848
18.5248,pi,6.2800,2.0903,0.0838,0.0838
18.5304,pi,6.2800,2.1246,0.0831,0.0831
18.5353,pi,6.2800,2.2019,0.0816,0.0816
18.5405,pi,6.2800,2.2134,0.0813,0.0813
18.5451,pi,6.2800,2.2727,0.0801,0.0801
18.5512,pi,6.2800,2.3147,0.0793,0.0793
18.5557,pi,6.2800,2.3456,0.0787,0.0787
18.5603,pi,6.2800,2.4296,0.0770,0.0770
18.5650,pi,6.2800,2.4461,0.0767,0.0767
18.5697,pi,6.2800,2.5051,0.0755,0.0755
18.5748,pi,6.2800,2.5568,0.0745,0.0745
18.5797,pi,6.2800,2.5935,0.0737,0.0737
18.5848,pi,6.2800,2.7143,0.0713,0.0713
18.5898,pi,6.2800,2.7662,0.0703,0.0703
18.5948,pi,6.2800,2.8532,0.0685,0.0685
18.5998,pi,6.2800,2.9229,0.0671,0.0671
18.6048,pi,6.2800,2.9934,0.0657,0.0657
18.6098,pi,6.2800,3.0346,0.0649,0.0649
18.6153,pi,6.2800,3.1139,0.0633,0.0633
18.6200,pi,6.2800,3.1441,0.0627,0.0627
18.6255,pi,6.2800,3.1682,0.0622,0.0622
18.6300,pi,6.2800,3.2194,0.0612,0.0612
18.6354,pi,6.2800,3.2286,0.0610,0.0610
18.6403,pi,6.2800,3.2360,0.0609,0.0609
18.6454,pi,6.2800,3.2924,0.0598,0.0598
18.6503,pi,6.2800,3.2866,0.0599,0.0599
18.6553,pi,6.2800,3.2828,0.0599,0.0599
18.6603,pi,6.2800,3.2786,0.0600,0.0600
18.6651,pi,6.2800,3.3079,0.0594,0.0594
18.6701,pi,6.2800,3.2861,0.0599,0.0599
18.6752,pi,6.2800,3.2688,0.0602,0.0602
18.6800,pi,6.2800,3.2180,0.0612,0.0612
18.6846,pi,6.2800,3.2144,0.0613,0.0613
18.6896,pi,6.2800,3.2118,0.0614,0.0614
18.6947,pi,6.2800,3.2099,0.0614,0.0614
18.6997,pi,6.2800,3.2084,0.0614,0.0614
18.7046,pi,6.2800,3.2074,0.0615,0.0615
18.7096,pi,6.2800,3.2062,0.0615,0.0615
18.7147,pi,6.2800,3.2060,0.0615,0.0615
18.7197,pi,6.2800,3.2050,0.0615,0.0615
18.7247,pi,6.2800,3.2043,0.0615,0.0615
18.7297,pi,6.2800,3.2033,0.0615,0.0615
18.7355,pi,6.2800,3.1656,0.0623,0.0623
18.7405,pi,6.2800,3.1856,0.0619,0.0619
18.7449,pi,6.2800,3.2015,0.0616,0.0616
18.7496,pi,6.2800,3.1644,0.0623,0.0623
18.7546,pi,6.2800,3.1848,0.0619,0.0619
18.7596,pi,6.2800,3.2012,0.0616,0.0616
18.7647,pi,6.2800,3.2143,0.0613,0.0613
18.7697,pi,6.2800,3.1740,0.0621,0.0621
18.7749,pi,6.2800,3.1421,0.0628,0.0628
18.7797,pi,6.2800,3.1670,0.0623,0.0623
18.7846,pi,6.2800,3.1735,0.0621,0.0621
18.7898,pi,6.2800,3.1788,0.0620,0.0620
18.7947,pi,6.2800,3.1830,0.0619,0.0619
18.7997,pi,6.2800,3.1864,0.0619,0.0619
18.8047,pi,6.2800,3.1521,0.0626,0.0626
18.8097,pi,6.2800,3.1249,0.0631,0.0631
18.8147,pi,6.2800,3.1030,0.0635,0.0635
18.8196,pi,6.2800,3.1222,0.0632,0.0632
18.8247,pi,6.2800,3.1379,0.0628,0.0628
18.8297,pi,6.2800,3.1502,0.0626,0.0626
18.8347,pi,6.2800,3.1603,0.0624,0.0624
18.8397,pi,6.2800,3.1680,0.0622,0.0622
18.8447,pi,6.2800,3.1375,0.0628,0.0628
18.8497,pi,6.2800,3.1634,0.0623,0.0623
18.8546,pi,6.2800,3.1704,0.0622,0.0622
18.8597,pi,6.2800,3.1898,0.0618,0.0618
18.8647,pi,6.2800,3.1915,0.0618,0.0618
18.8697,pi,6.2800,3.2065,0.0615,0.0615
18.8747,pi,6.2800,3.2186,0.0612,0.0612
18.8796,pi,6.2800,3.2146,0.0613,0.0613
18.8848,pi,6.2800,3.1748,0.0621,0.0621
18.8896,pi,6.2800,3.1795,0.0620,0.0620
18.8947,pi,6.2800,3.1834,0.0619,0.0619
18.8997,pi,6.2800,3.1498,0.0626,0.0626
18.9046,pi,6.2800,3.1597,0.0624,0.0624
18.9097,pi,6.2800,3.1675,0.0623,0.0623
18.9147,pi,6.2800,3.1737,0.0621,0.0621
18.9197,pi,6.2800,3.1787,0.0620,0.0620
18.9247,pi,6.2800,3.1371,0.0629,0.0629
18.9297,pi,6.2800,3.1494,0.0626,0.0626
18.9347,pi,6.2800,3.1593,0.0624,0.0624
18.9397,pi,6.2800,3.1306,0.0630,0.0630
18.9447,pi,6.2800,3.1443,0.0627,0.0627
18.9497,pi,6.2800,3.1552,0.0625,0.0625
18.9547,pi,6.2800,3.1273,0.0631,0.0631
18.9597,pi,6.2800,3.1549,0.0625,0.0625
18.9646,pi,6.2800,3.1636,0.0623,0.0623
18.9697,pi,6.2800,3.1707,0.0622,0.0622
18.9747,pi,6.2800,3.1763,0.0621,0.0621
18.9798,pi,6.2800,3.1441,0.0627,0.0627
18.9847,pi,6.2800,3.1685,0.0622,0.0622
18.9897,pi,6.2800,3.1882,0.0618,0.0618
18.9948,pi,6.2800,3.1534,0.0625,0.0625
18.9997,pi,6.2800,3.1761,0.0621,0.0621
19.0047,pi,6.2800,3.1806,0.0620,0.0620
19.0097,pi,6.2800,3.1842,0.0619,0.0619
19.0148,pi,6.2800,3.2004,0.0616,0.0616
19.0196,pi,6.2800,3.2000,0.0616,0.0616
19.0247,pi,6.2800,3.2135,0.0613,0.0613
19.0297,pi,6.2800,3.2105,0.0614,0.0614
19.0347,pi,6.2800,3.2080,0.0614,0.0614
19.0397,pi,6.2800,3.2064,0.0615,0.0615
19.0447,pi,6.2800,3.2048,0.0615,0.0615
19.0498,pi,6.2800,3.1669,0.0623,0.0623
19.0547,pi,6.2800,3.1869,0.0619,0.0619
19.0597,pi,6.2800,3.2029,0.0615,0.0615
19.0646,pi,6.2800,3.2020,0.0616,0.0616
19.0697,pi,6.2800,3.2148,0.0613,0.0613
19.0747,pi,6.2800,3.2251,0.0611,0.0611
19.0797,pi,6.2800,3.2335,0.0609,0.0609
19.0846,pi,6.2800,3.2265,0.0611,0.0611
19.0897,pi,6.2800,3.1843,0.0619,0.0619
19.0947,pi,6.2800,3.2008,0.0616,0.0616
19.0997,pi,6.2800,3.2141,0.0613,0.0613
19.1046,pi,6.2800,3.2110,0.0614,0.0614
19.1097,pi,6.2800,3.1630,0.0623,0.0623
19.1148,pi,6.2800,3.1335,0.0629,0.0629
19.1196,pi,6.2800,3.1465,0.0627,0.0627
19.1247,pi,6.2800,3.1115,0.0634,0.0634
19.1297,pi,6.2800,3.0834,0.0639,0.0639
19.1347,pi,6.2800,3.1065,0.0635,0.0635
19.1397,pi,6.2800,3.1251,0.0631,0.0631
19.1447,pi,6.2800,3.1399,0.0628,0.0628
19.1497,pi,6.2800,3.1060,0.0635,0.0635
19.1547,pi,6.2800,3.1247,0.0631,0.0631
19.1598,pi,6.2800,3.1530,0.0625,0.0625
19.1650,pi,6.2800,3.1757,0.0621,0.0621
19.1699,pi,6.2800,3.1423,0.0628,0.0628
19.1746,pi,6.2800,3.1669,0.0623,0.0623
19.1797,pi,6.2800,3.1733,0.0621,0.0621
19.1847,pi,6.2800,3.1417,0.0628,0.0628
19.1896,pi,6.2800,3.1532,0.0625,0.0625
19.1948,pi,6.2800,3.1256,0.0631,0.0631
19.1997,pi,6.2800,3.1403,0.0628,0.0628
19.2047,pi,6.2800,3.1153,0.0633,0.0633
19.2097,pi,6.2800,3.0863,0.0639,0.0639
19.2147,pi,6.2800,3.0175,0.0652,0.0652
19.2197,pi,6.2800,2.9624,0.0664,0.0664
19.2247,pi,6.2800,2.8726,0.0681,0.0681
19.2297,pi,6.2800,2.8006,0.0696,0.0696
19.2346,pi,6.2800,2.7431,0.0707,0.0707
19.2397,pi,6.2800,2.5965,0.0737,0.0737
19.2447,pi,6.2800,2.4885,0.0758,0.0758
19.2497,pi,6.2800,2.3426,0.0787,0.0787
19.2546,pi,6.2800,2.2398,0.0808,0.0808
19.2597,pi,6.2800,2.1117,0.0834,0.0834
19.2650,pi,6.2800,1.9905,0.0858,0.0858
19.2698,pi,6.2800,1.8430,0.0887,0.0887
19.2746,pi,6.2800,1.6763,0.0921,0.0921
19.2796,pi,6.2800,1.5239,0.0951,0.0951
19.2847,pi,6.2800,1.3563,0.0985,0.0985
19.2896,pi,6.2800,1.1764,0.1021,0.1021
19.2947,pi,6.2800,1.0326,0.1049,0.1049
19.2997,pi,6.2800,0.8763,0.1081,0.1081
19.3046,pi,6.2800,0.7012,0.1116,0.1116
19.3096,pi,6.2800,0.5611,0.1144,0.1144
19.3146,pi,6.2800,0.4486,0.1166,0.1166
19.3197,pi,6.2800,0.3589,0.1184,0.1184
19.3247,pi,6.2800,0.2872,0.1199,0.1199
19.3297,pi,6.2800,0.2297,0.1210,0.1210
19.3346,pi,6.2800,0.1838,0.1219,0.1219
19.3396,pi,6.2800,0.1470,0.1227,0.1227
19.3447,pi,6.2800,0.1176,0.1232,0.1232
19.3496,pi,6.2800,0.0941,0.1237,0.1237
19.3547,pi,6.2800,0.0752,0.1241,0.1241
19.3596,pi,6.2800,0.0602,0.1244,0.1244
19.3647,pi,6.2800,0.0482,0.1246,0.1246
19.3697,pi,6.2800,0.0385,0.1248,0.1248
19.3747,pi,6.2800,0.0308,0.1250,0.1250
19.3797,pi,6.2800,0.0247,0.1251,0.1251
19.3847,pi,6.2800,0.0654,0.1243,0.1243
19.3896,pi,6.2800,0.0980,0.1236,0.1236
19.3948,pi,6.2800,0.1287,0.1230,0.1230
19.3997,pi,6.2800,0.2035,0.1215,0.1215
19.4046,pi,6.2800,0.2998,0.1196,0.1196
19.4097,pi,6.2800,0.4408,0.1168,0.1168
19.4146,pi,6.2800,0.5812,0.1140,0.1140
19.4196,pi,6.2800,0.7392,0.1108,0.1108
19.4247,pi,6.2800,0.9568,0.1065,0.1065
19.4297,pi,6.2800,1.1771,0.1021,0.1021
19.4348,pi,6.2800,1.3941,0.0977,0.0977
19.4396,pi,6.2800,1.6178,0.0932,0.0932
19.4447,pi,6.2800,1.8882,0.0878,0.0878
19.4497,pi,6.2800,2.1506,0.0826,0.0826
19.4546,pi,6.2800,2.4058,0.0775,0.0775
19.4597,pi,6.2800,2.6100,0.0734,0.0734
19.4647,pi,6.2800,2.8424,0.0688,0.0688
19.4697,pi,6.2800,3.0278,0.0650,0.0650
19.4746,pi,6.2800,3.1761,0.0621,0.0621
19.4797,pi,6.2800,3.2949,0.0597,0.0597
19.4846,pi,6.2800,3.4127,0.0573,0.0573
19.4897,pi,6.2800,3.4841,0.0559,0.0559
19.4947,pi,6.2800,3.5412,0.0548,0.0548
19.4996,pi,6.2800,3.5641,0.0543,0.0543
19.5046,pi,6.2800,3.6281,0.0530,0.0530
19.5097,pi,6.2800,3.6564,0.0525,0.0525
19.5146,pi,6.2800,3.6562,0.0525,0.0525
19.5197,pi,6.2800,3.6104,0.0534,0.0534
19.5247,pi,6.2800,3.5417,0.0548,0.0548
19.5296,pi,6.2800,3.5187,0.0552,0.0552
19.5347,pi,6.2800,3.5005,0.0556,0.0556
19.5397,pi,6.2800,3.4402,0.0568,0.0568
19.5447,pi,6.2800,3.4376,0.0568,0.0568
19.5497,pi,6.2800,3.3898,0.0578,0.0578
19.5546,pi,6.2800,3.3517,0.0586,0.0586
19.5598,pi,6.2800,3.2845,0.0599,0.0599
19.5646,pi,6.2800,3.2673,0.0603,0.0603
19.5697,pi,6.2800,3.2537,0.0605,0.0605
19.5747,pi,6.2800,3.2427,0.0607,0.0607
19.5797,pi,6.2800,3.1973,0.0617,0.0617
19.5847,pi,6.2800,3.2112,0.0614,0.0614
19.5896,pi,6.2800,3.2088,0.0614,0.0614
19.5948,pi,6.2800,3.1701,0.0622,0.0622
19.5997,pi,6.2800,3.1895,0.0618,0.0618
19.6047,pi,6.2800,3.2050,0.0615,0.0615
19.6097,pi,6.2800,3.2174,0.0613,0.0613
19.6146,pi,6.2800,3.2137,0.0613,0.0613
19.6198,pi,6.2800,3.1739,0.0621,0.0621
19.6246,pi,6.2800,3.1788,0.0620,0.0620
19.6297,pi,6.2800,3.1829,0.0619,0.0619
19.6347,pi,6.2800,3.1491,0.0626,0.0626
19.6397,pi,6.2800,3.1223,0.0632,0.0632
19.6446,pi,6.2800,3.0920,0.0638,0.0638
19.6496,pi,6.2800,3.1135,0.0633,0.0633
19.6547,pi,6.2800,3.0849,0.0639,0.0639
19.6597,pi,6.2800,3.0621,0.0644,0.0644
19.6646,pi,6.2800,3.0895,0.0638,0.0638
19.6696,pi,6.2800,3.1115,0.0634,0.0634
19.6746,pi,6.2800,3.1291,0.0630,0.0630
19.6797,pi,6.2800,3.1432,0.0627,0.0627
19.6848,pi,6.2800,3.1541,0.0625,0.0625
19.6900,pi,6.2800,3.1765,0.0621,0.0621
19.6952,pi,6.2800,3.1941,0.0617,0.0617
19.7004,pi,6.2800,3.1571,0.0625,0.0625
19.7054,pi,6.2800,3.1785,0.0620,0.0620
19.7099,pi,6.2800,3.1956,0.0617,0.0617
19.7150,pi,6.2800,3.1593,0.0624,0.0624
19.7202,pi,6.2800,3.1804,0.0620,0.0620
19.7252,pi,6.2800,3.1969,0.0617,0.0617
19.7303,pi,6.2800,3.1598,0.0624,0.0624
19.7354,pi,6.2800,3.1309,0.0630,0.0630
19.7398,pi,6.2800,3.1076,0.0634,0.0634
19.7446,pi,6.2800,3.1261,0.0631,0.0631
19.7496,pi,6.2800,3.1411,0.0628,0.0628
19.7547,pi,6.2800,3.1536,0.0625,0.0625
19.7596,pi,6.2800,3.1630,0.0623,0.0623
19.7646,pi,6.2800,3.1706,0.0622,0.0622
19.7697,pi,6.2800,3.1765,0.0621,0.0621
19.7747,pi,6.2800,3.1813,0.0620,0.0620
19.7796,pi,6.2800,3.1855,0.0619,0.0619
19.7847,pi,6.2800,3.1886,0.0618,0.0618
19.7897,pi,6.2800,3.1910,0.0618,0.0618
19.7947,pi,6.2800,3.2062,0.0615,0.0615
19.7996,pi,6.2800,3.2183,0.0612,0.0612
19.8047,pi,6.2800,3.2278,0.0610,0.0610
19.8096,pi,6.2800,3.2675,0.0602,0.0602
19.8147,pi,6.2800,3.2674,0.0603,0.0603
19.8197,pi,6.2800,3.2674,0.0603,0.0603
19.8247,pi,6.2800,3.2170,0.0613,0.0613
19.8296,pi,6.2800,3.2270,0.0611,0.0611
19.8346,pi,6.2800,3.2214,0.0612,0.0612
19.8396,pi,6.2800,3.2172,0.0613,0.0613
19.8447,pi,6.2800,3.2592,0.0604,0.0604
19.8496,pi,6.2800,3.2473,0.0607,0.0607
19.8547,pi,6.2800,3.2375,0.0608,0.0608
19.8597,pi,6.2800,3.1932,0.0617,0.0617
19.8647,pi,6.2800,3.1576,0.0624,0.0624
19.8697,pi,6.2800,3.1795,0.0620,0.0620
19.8746,pi,6.2800,3.1834,0.0619,0.0619
19.8797,pi,6.2800,3.1498,0.0626,0.0626
19.8847,pi,6.2800,3.1229,0.0631,0.0631
19.8897,pi,6.2800,3.1517,0.0626,0.0626
19.8947,pi,6.2800,3.1245,0.0631,0.0631
19.8997,pi,6.2800,3.1027,0.0635,0.0635
19.9047,pi,6.2800,3.0852,0.0639,0.0639
19.9097,pi,6.2800,3.1216,0.0632,0.0632
19.9146,pi,6.2800,3.1370,0.0629,0.0629
19.9197,pi,6.2800,3.1494,0.0626,0.0626
19.9246,pi,6.2800,3.1594,0.0624,0.0624
19.9297,pi,6.2800,3.1674,0.0623,0.0623
19.9346,pi,6.2800,3.1737,0.0621,0.0621
19.9397,pi,6.2800,3.1788,0.0620,0.0620
19.9447,pi,6.2800,3.1965,0.0617,0.0617
19.9496,pi,6.2800,3.2106,0.0614,0.0614
19.9546,pi,6.2800,3.2082,0.0614,0.0614
19.9597,pi,6.2800,3.1698,0.0622,0.0622
19.9646,pi,6.2800,3.1756,0.0621,0.0621
19.9697,pi,6.2800,3.1802,0.0620,0.0620
19.9747,pi,6.2800,3.1473,0.0627,0.0627
19.9796,pi,6.2800,3.1712,0.0622,0.0622
19.9846,pi,6.2800,3.1767,0.0621,0.0621
19.9898,pi,6.2800,3.1948,0.0617,0.0617
19.9947,pi,6.2800,3.1589,0.0624,0.0624
19.9996,pi,6.2800,3.1669,0.0623,0.0623
20.0047,pi,6.2800,3.1733,0.0621,0.0621
20.0097,pi,6.2800,3.1919,0.0618,0.0618
20.0147,pi,6.2800,3.1564,0.0625,0.0625
20.0197,pi,6.2800,3.1283,0.0630,0.0630
20.0246,pi,6.2800,3.1424,0.0628,0.0628
20.0297,pi,6.2800,3.1537,0.0625,0.0625
20.0347,pi,6.2800,3.1261,0.0631,0.0631
20.0397,pi,6.2800,3.0949,0.0637,0.0637
20.0447,pi,6.2800,3.1157,0.0633,0.0633
20.0497,pi,6.2800,3.0958,0.0637,0.0637
20.0547,pi,6.2800,3.0797,0.0640,0.0640
20.0597,pi,6.2800,3.1036,0.0635,0.0635
20.0646,pi,6.2800,3.1228,0.0631,0.0631
20.0697,pi,6.2800,3.1516,0.0626,0.0626
20.0747,pi,6.2800,3.1744,0.0621,0.0621
20.0797,pi,6.2800,3.1929,0.0617,0.0617
20.0847,pi,6.2800,3.2077,0.0614,0.0614
20.0897,pi,6.2800,3.2194,0.0612,0.0612
20.0947,pi,6.2800,3.1785,0.0620,0.0620
20.0996,pi,6.2800,3.1826,0.0619,0.0619
20.1046,pi,6.2800,3.1859,0.0619,0.0619
20.1098,pi,6.2800,3.1518,0.0626,0.0626
20.1147,pi,6.2800,3.1748,0.0621,0.0621
20.1196,pi,6.2800,3.1795,0.0620,0.0620
20.1247,pi,6.2800,3.1835,0.0619,0.0619
20.1296,pi,6.2800,3.1870,0.0619,0.0619
20.1347,pi,6.2800,3.1894,0.0618,0.0618
20.1396,pi,6.2800,3.1914,0.0618,0.0618
20.1447,pi,6.2800,3.1930,0.0617,0.0617
20.1497,pi,6.2800,3.1575,0.0625,0.0625
20.1546,pi,6.2800,3.1793,0.0620,0.0620
20.1598,pi,6.2800,3.1965,0.0617,0.0617
20.1650,pi,6.2800,3.1604,0.0624,0.0624
20.1697,pi,6.2800,3.1815,0.0620,0.0620
20.1746,pi,6.2800,3.1986,0.0616,0.0616
20.1796,pi,6.2800,3.1618,0.0624,0.0624
20.1846,pi,6.2800,3.1235,0.0631,0.0631
20.1897,pi,6.2800,3.1019,0.0636,0.0636
20.1946,pi,6.2800,3.1212,0.0632,0.0632
20.1996,pi,6.2800,3.1367,0.0629,0.0629
20.2047,pi,6.2800,3.1125,0.0633,0.0633
20.2096,pi,6.2800,3.1298,0.0630,0.0630
20.2147,pi,6.2800,3.1574,0.0625,0.0625
20.2196,pi,6.2800,3.1659,0.0623,0.0623
20.2247,pi,6.2800,3.1270,0.0631,0.0631
20.2297,pi,6.2800,3.1414,0.0628,0.0628
20.2347,pi,6.2800,3.1665,0.0623,0.0623
20.2396,pi,6.2800,3.1728,0.0621,0.0621
20.2448,pi,6.2800,3.1414,0.0628,0.0628
20.2496,pi,6.2800,3.1529,0.0625,0.0625
20.2546,pi,6.2800,3.1621,0.0624,0.0624
20.2597,pi,6.2800,3.1329,0.0629,0.0629
20.2646,pi,6.2800,3.1460,0.0627,0.0627
20.2696,pi,6.2800,3.1568,0.0625,0.0625
20.2747,pi,6.2800,3.1789,0.0620,0.0620
20.2797,pi,6.2800,3.1462,0.0627,0.0627
20.2846,pi,6.2800,3.1568,0.0625,0.0625
20.2896,pi,6.2800,3.1652,0.0623,0.0623
20.2947,pi,6.2800,3.1719,0.0622,0.0622
20.2997,pi,6.2800,3.1407,0.0628,0.0628
20.3047,pi,6.2800,3.1659,0.0623,0.0623
20.3096,pi,6.2800,3.1861,0.0619,0.0619
20.3147,pi,6.2800,3.1520,0.0626,0.0626
20.3196,pi,6.2800,3.1614,0.0624,0.0624
20.3247,pi,6.2800,3.1688,0.0622,0.0622
20.3297,pi,6.2800,3.1748,0.0621,0.0621
20.3347,pi,6.2800,3.1430,0.0627,0.0627
20.3397,pi,6.2800,3.1172,0.0633,0.0633
20.3447,pi,6.2800,3.1471,0.0627,0.0627
20.3497,pi,6.2800,3.1711,0.0622,0.0622
20.3547,pi,6.2800,3.1767,0.0621,0.0621
20.3597,pi,6.2800,3.1812,0.0620,0.0620
20.3646,pi,6.2800,3.1847,0.0619,0.0619
20.3697,pi,6.2800,3.1508,0.0626,0.0626
20.3746,pi,6.2800,3.1604,0.0624,0.0624
20.3797,pi,6.2800,3.1817,0.0620,0.0620
20.3846,pi,6.2800,3.1988,0.0616,0.0616
20.3896,pi,6.2800,3.1987,0.0616,0.0616
20.3947,pi,6.2800,3.1990,0.0616,0.0616
20.3996,pi,6.2800,3.1990,0.0616,0.0616
20.4046,pi,6.2800,3.1990,0.0616,0.0616
20.4097,pi,6.2800,3.1624,0.0624,0.0624
20.4146,pi,6.2800,3.1696,0.0622,0.0622
20.4196,pi,6.2800,3.1755,0.0621,0.0621
20.4247,pi,6.2800,3.1435,0.0627,0.0627
20.4296,pi,6.2800,3.1088,0.0634,0.0634
20.4346,pi,6.2800,3.1269,0.0631,0.0631
20.4397,pi,6.2800,3.1548,0.0625,0.0625
20.4447,pi,6.2800,3.1771,0.0621,0.0621
20.4498,pi,6.2800,3.1440,0.0627,0.0627
20.4548,pi,6.2800,3.1679,0.0622,0.0622
20.4597,pi,6.2800,3.1874,0.0619,0.0619
20.4650,pi,6.2800,3.1529,0.0625,0.0625
20.4702,pi,6.2800,3.1753,0.0621,0.0621
20.4758,pi,6.2800,3.1930,0.0617,0.0617
20.4814,pi,6.2800,3.2069,0.0615,0.0615
20.4854,pi,6.2800,3.1679,0.0622,0.0622
20.4896,pi,6.2800,3.1738,0.0621,0.0621
20.4946,pi,6.2800,3.1791,0.0620,0.0620
20.4996,pi,6.2800,3.1832,0.0619,0.0619
20.5046,pi,6.2800,3.1870,0.0619,0.0619
20.5096,pi,6.2800,3.1901,0.0618,0.0618
20.5146,pi,6.2800,3.1922,0.0618,0.0618
20.5197,pi,6.2800,3.1938,0.0617,0.0617
20.5246,pi,6.2800,3.1955,0.0617,0.0617
20.5297,pi,6.2800,3.1968,0.0617,0.0617
20.5347,pi,6.2800,3.1979,0.0616,0.0616
20.5397,pi,6.2800,3.1988,0.0616,0.0616
20.5448,pi,6.2800,3.1618,0.0624,0.0624
20.5497,pi,6.2800,3.1826,0.0619,0.0619
20.5547,pi,6.2800,3.1994,0.0616,0.0616
20.5597,pi,6.2800,3.1627,0.0623,0.0623
20.5646,pi,6.2800,3.1836,0.0619,0.0619
20.5696,pi,6.2800,3.1866,0.0619,0.0619
20.5747,pi,6.2800,3.1523,0.0626,0.0626
20.5796,pi,6.2800,3.1614,0.0624,0.0624
20.5847,pi,6.2800,3.1689,0.0622,0.0622
20.5897,pi,6.2800,3.1749,0.0621,0.0621
20.5947,pi,6.2800,3.1796,0.0620,0.0620
20.5996,pi,6.2800,3.2293,0.0610,0.0610
20.6047,pi,6.2800,3.2234,0.0611,0.0611
20.6096,pi,6.2800,3.2187,0.0612,0.0612
20.6147,pi,6.2800,3.1779,0.0620,0.0620
20.6196,pi,6.2800,3.1957,0.0617,0.0617
20.6246,pi,6.2800,3.1963,0.0617,0.0617
20.6297,pi,6.2800,3.1600,0.0624,0.0624
20.6347,pi,6.2800,3.1814,0.0620,0.0620
20.6396,pi,6.2800,3.1849,0.0619,0.0619
20.6447,pi,6.2800,3.1876,0.0618,0.0618
20.6496,pi,6.2800,3.1533,0.0625,0.0625
20.6546,pi,6.2800,3.1256,0.0631,0.0631
20.6597,pi,6.2800,3.1538,0.0625,0.0625
20.6647,pi,6.2800,3.1764,0.0621,0.0621
20.6696,pi,6.2800,3.1443,0.0627,0.0627
20.6746,pi,6.2800,3.1186,0.0632,0.0632
20.6796,pi,6.2800,3.1345,0.0629,0.0629
20.6847,pi,6.2800,3.1474,0.0627,0.0627
20.6897,pi,6.2800,3.1210,0.0632,0.0632
20.6947,pi,6.2800,3.0999,0.0636,0.0636
20.6997,pi,6.2800,3.1332,0.0629,0.0629
20.7046,pi,6.2800,3.1463,0.0627,0.0627
20.7096,pi,6.2800,3.1569,0.0625,0.0625
20.7146,pi,6.2800,3.1654,0.0623,0.0623
20.7196,pi,6.2800,3.1722,0.0622,0.0622
20.7247,pi,6.2800,3.1912,0.0618,0.0618
20.7297,pi,6.2800,3.1559,0.0625,0.0625
20.7346,pi,6.2800,3.1644,0.0623,0.0623
20.7400,pi,6.2800,3.1849,0.0619,0.0619
20.7454,pi,6.2800,3.2011,0.0616,0.0616
20.7498,pi,6.2800,3.1640,0.0623,0.0623
20.7546,pi,6.2800,3.1846,0.0619,0.0619
20.7596,pi,6.2800,3.1875,0.0618,0.0618
20.7646,pi,6.2800,3.1531,0.0625,0.0625
20.7698,pi,6.2800,3.1758,0.0621,0.0621
20.7747,pi,6.2800,3.1941,0.0617,0.0617
20.7798,pi,6.2800,3.2086,0.0614,0.0614
20.7847,pi,6.2800,3.2203,0.0612,0.0612
20.7896,pi,6.2800,3.2160,0.0613,0.0613
20.7947,pi,6.2800,3.2127,0.0613,0.0613
20.7997,pi,6.2800,3.2104,0.0614,0.0614
20.8047,pi,6.2800,3.1714,0.0622,0.0622
20.8097,pi,6.2800,3.1905,0.0618,0.0618
20.8152,pi,6.2800,3.2058,0.0615,0.0615
20.8200,pi,6.2800,3.1666,0.0623,0.0623
20.8257,pi,6.2800,3.1855,0.0619,0.0619
20.8314,pi,6.2800,3.2013,0.0616,0.0616
20.8361,pi,6.2800,3.1635,0.0623,0.0623
20.8408,pi,6.2800,3.1335,0.0629,0.0629
20.8447,pi,6.2800,3.1099,0.0634,0.0634
20.8497,pi,6.2800,3.1412,0.0628,0.0628
20.8546,pi,6.2800,3.1526,0.0625,0.0625
20.8598,pi,6.2800,3.1252,0.0631,0.0631
20.8647,pi,6.2800,3.1535,0.0625,0.0625
20.8697,pi,6.2800,3.1625,0.0623,0.0623
20.8746,pi,6.2800,3.1704,0.0622,0.0622
20.8797,pi,6.2800,3.1314,0.0630,0.0630
20.8847,pi,6.2800,3.0997,0.0636,0.0636
20.8896,pi,6.2800,3.1202,0.0632,0.0632
20.8947,pi,6.2800,3.1364,0.0629,0.0629
20.8997,pi,6.2800,3.1122,0.0634,0.0634
20.9046,pi,6.2800,3.1295,0.0630,0.0630
20.9097,pi,6.2800,3.1570,0.0625,0.0625
20.9146,pi,6.2800,3.1653,0.0623,0.0623
20.9197,pi,6.2800,3.1722,0.0622,0.0622
20.9247,pi,6.2800,3.1776,0.0620,0.0620
20.9297,pi,6.2800,3.1955,0.0617,0.0617
20.9347,pi,6.2800,3.1962,0.0617,0.0617
20.9397,pi,6.2800,3.1600,0.0624,0.0624
20.9447,pi,6.2800,3.1814,0.0620,0.0620
20.9496,pi,6.2800,3.1849,0.0619,0.0619
20.9547,pi,6.2800,3.1510,0.0626,0.0626
20.9596,pi,6.2800,3.1606,0.0624,0.0624
20.9647,pi,6.2800,3.1682,0.0622,0.0622
20.9697,pi,6.2800,3.1376,0.0628,0.0628
20.9747,pi,6.2800,3.1131,0.0633,0.0633
20.9800,pi,6.2800,3.1435,0.0627,0.0627
20.9850,pi,6.2800,3.1677,0.0622,0.0622
20.9898,pi,6.2800,3.1874,0.0619,0.0619
20.9947,pi,6.2800,3.1531,0.0625,0.0625
20.9996,pi,6.2800,3.1622,0.0624,0.0624
21.0050,pi,6.2800,3.1832,0.0619,0.0619
21.0103,pi,6.2800,3.1495,0.0626,0.0626
21.0150,pi,6.2800,3.1728,0.0621,0.0621
21.0196,pi,6.2800,3.1916,0.0618,0.0618
21.0246,pi,6.2800,3.1930,0.0617,0.0617
21.0296,pi,6.2800,3.1942,0.0617,0.0617
21.0346,pi,6.2800,3.1959,0.0617,0.0617
21.0397,pi,6.2800,3.1969,0.0617,0.0617
21.0447,pi,6.2800,3.1975,0.0617,0.0617
21.0497,pi,6.2800,3.1610,0.0624,0.0624
21.0548,pi,6.2800,3.1817,0.0620,0.0620
21.0604,pi,6.2800,3.1984,0.0616,0.0616
21.0654,pi,6.2800,3.1604,0.0624,0.0624
21.0699,pi,6.2800,3.1813,0.0620,0.0620
21.0747,pi,6.2800,3.1984,0.0616,0.0616
21.0796,pi,6.2800,3.1985,0.0616,0.0616
21.0847,pi,6.2800,3.2122,0.0614,0.0614
21.0897,pi,6.2800,3.2232,0.0611,0.0611
21.0948,pi,6.2800,3.2316,0.0610,0.0610
21.0997,pi,6.2800,3.2387,0.0608,0.0608
21.1046,pi,6.2800,3.2765,0.0601,0.0601
21.1096,pi,6.2800,3.2620,0.0604,0.0604
21.1146,pi,6.2800,3.2499,0.0606,0.0606
21.1197,pi,6.2800,3.2407,0.0608,0.0608
21.1247,pi,6.2800,3.2326,0.0609,0.0609
21.1297,pi,6.2800,3.2395,0.0608,0.0608
21.1347,pi,6.2800,3.1947,0.0617,0.0617
21.1396,pi,6.2800,3.1498,0.0626,0.0626
21.1447,pi,6.2800,3.1139,0.0633,0.0633
21.1497,pi,6.2800,3.1312,0.0630,0.0630
21.1547,pi,6.2800,3.1080,0.0634,0.0634
21.1598,pi,6.2800,3.0887,0.0638,0.0638
21.1649,pi,6.2800,3.1241,0.0631,0.0631
21.1699,pi,6.2800,3.1527,0.0625,0.0625
21.1747,pi,6.2800,3.1251,0.0631,0.0631
21.1797,pi,6.2800,3.1032,0.0635,0.0635
21.1846,pi,6.2800,3.1224,0.0632,0.0632
21.1897,pi,6.2800,3.1376,0.0628,0.0628
21.1947,pi,6.2800,3.1499,0.0626,0.0626
21.1997,pi,6.2800,3.1230,0.0631,0.0631
21.2046,pi,6.2800,3.1381,0.0628,0.0628
21.2097,pi,6.2800,3.1503,0.0626,0.0626
21.2148,pi,6.2800,3.1234,0.0631,0.0631
21.2196,pi,6.2800,3.1385,0.0628,0.0628
21.2249,pi,6.2800,3.1507,0.0626,0.0626
21.2301,pi,6.2800,3.1737,0.0621,0.0621
21.2348,pi,6.2800,3.1921,0.0618,0.0618
21.2400,pi,6.2800,3.2069,0.0615,0.0615
21.2447,pi,6.2800,3.2189,0.0612,0.0612
21.2496,pi,6.2800,3.2149,0.0613,0.0613
21.2547,pi,6.2800,3.2249,0.0611,0.0611
21.2597,pi,6.2800,3.2327,0.0609,0.0609
21.2647,pi,6.2800,3.2395,0.0608,0.0608
21.2697,pi,6.2800,3.1943,0.0617,0.0617
21.2746,pi,6.2800,3.1952,0.0617,0.0617
21.2797,pi,6.2800,3.1961,0.0617,0.0617
21.2847,pi,6.2800,3.1970,0.0617,0.0617
21.2897,pi,6.2800,3.1518,0.0626,0.0626
21.2947,pi,6.2800,3.1614,0.0624,0.0624
21.2997,pi,6.2800,3.1825,0.0619,0.0619
21.3046,pi,6.2800,3.1857,0.0619,0.0619
21.3099,pi,6.2800,3.1886,0.0618,0.0618
21.3147,pi,6.2800,3.2040,0.0615,0.0615
21.3196,pi,6.2800,3.2030,0.0615,0.0615
21.3247,pi,6.2800,3.1655,0.0623,0.0623
21.3297,pi,6.2800,3.1859,0.0619,0.0619
21.3346,pi,6.2800,3.1885,0.0618,0.0618
21.3397,pi,6.2800,3.1907,0.0618,0.0618
21.3448,pi,6.2800,3.2059,0.0615,0.0615
21.3497,pi,6.2800,3.2180,0.0612,0.0612
21.3546,pi,6.2800,3.2143,0.0613,0.0613
21.3597,pi,6.2800,3.2112,0.0614,0.0614
21.3647,pi,6.2800,3.2088,0.0614,0.0614
21.3697,pi,6.2800,3.2203,0.0612,0.0612
21.3746,pi,6.2800,3.2296,0.0610,0.0610
21.3798,pi,6.2800,3.1866,0.0619,0.0619
21.3847,pi,6.2800,3.2025,0.0616,0.0616
21.3897,pi,6.2800,3.2152,0.0613,0.0613
21.3947,pi,6.2800,3.1752,0.0621,0.0621
21.3996,pi,6.2800,3.1801,0.0620,0.0620
21.4046,pi,6.2800,3.1842,0.0619,0.0619
21.4097,pi,6.2800,3.2008,0.0616,0.0616
21.4147,pi,6.2800,3.1636,0.0623,0.0623
21.4196,pi,6.2800,3.1708,0.0622,0.0622
21.4247,pi,6.2800,3.1766,0.0621,0.0621
21.4297,pi,6.2800,3.1812,0.0620,0.0620
21.4347,pi,6.2800,3.1848,0.0619,0.0619
21.4397,pi,6.2800,3.2013,0.0616,0.0616
21.4447,pi,6.2800,3.2008,0.0616,0.0616
21.4496,pi,6.2800,3.2006,0.0616,0.0616
21.4547,pi,6.2800,3.1636,0.0623,0.0623
21.4597,pi,6.2800,3.1340,0.0629,0.0629
21.4646,pi,6.2800,3.1469,0.0627,0.0627
21.4697,pi,6.2800,3.1208,0.0632,0.0632
21.4747,pi,6.2800,3.0995,0.0636,0.0636
21.4797,pi,6.2800,3.1329,0.0629,0.0629
21.4847,pi,6.2800,3.1597,0.0624,0.0624
21.4896,pi,6.2800,3.1674,0.0623,0.0623
21.4947,pi,6.2800,3.1370,0.0629,0.0629
21.4996,pi,6.2800,3.1496,0.0626,0.0626
21.5047,pi,6.2800,3.1594,0.0624,0.0624
21.5096,pi,6.2800,3.1674,0.0623,0.0623
21.5147,pi,6.2800,3.1739,0.0621,0.0621
21.5196,pi,6.2800,3.1792,0.0620,0.0620
21.5246,pi,6.2800,3.1832,0.0619,0.0619
21.5296,pi,6.2800,3.1865,0.0619,0.0619
21.5346,pi,6.2800,3.1892,0.0618,0.0618
21.5396,pi,6.2800,3.1912,0.0618,0.0618
21.5447,pi,6.2800,3.1930,0.0617,0.0617
21.5497,pi,6.2800,3.2075,0.0614,0.0614
21.5548,pi,6.2800,3.2185,0.0612,0.0612
21.5597,pi,6.2800,3.2279,0.0610,0.0610
21.5647,pi,6.2800,3.2355,0.0609,0.0609
21.5697,pi,6.2800,3.1915,0.0618,0.0618
21.5747,pi,6.2800,3.2064,0.0615,0.0615
21.5798,pi,6.2800,3.2184,0.0612,0.0612
21.5847,pi,6.2800,3.1772,0.0621,0.0621
21.5897,pi,6.2800,3.1447,0.0627,0.0627
21.5947,pi,6.2800,3.1689,0.0622,0.0622
21.5996,pi,6.2800,3.1748,0.0621,0.0621
21.6047,pi,6.2800,3.1343,0.0629,0.0629
21.6097,pi,6.2800,3.1023,0.0636,0.0636
21.6146,pi,6.2800,3.1218,0.0632,0.0632
21.6196,pi,6.2800,3.1374,0.0629,0.0629
21.6246,pi,6.2800,3.1498,0.0626,0.0626
21.6297,pi,6.2800,3.1140,0.0633,0.0633
21.6347,pi,6.2800,3.1309,0.0630,0.0630
21.6397,pi,6.2800,3.1447,0.0627,0.0627
21.6449,pi,6.2800,3.1188,0.0632,0.0632
21.6503,pi,6.2800,3.0979,0.0636,0.0636
21.6549,pi,6.2800,3.1313,0.0630,0.0630
21.6602,pi,6.2800,3.1580,0.0624,0.0624
21.6646,pi,6.2800,3.1293,0.0630,0.0630
21.6696,pi,6.2800,3.1567,0.0625,0.0625
21.6746,pi,6.2800,3.1788,0.0620,0.0620
21.6796,pi,6.2800,3.1964,0.0617,0.0617
21.6847,pi,6.2800,3.2105,0.0614,0.0614
21.6896,pi,6.2800,3.2084,0.0614,0.0614
21.6947,pi,6.2800,3.2066,0.0615,0.0615
21.6997,pi,6.2800,3.2052,0.0615,0.0615
21.7046,pi,6.2800,3.2499,0.0606,0.0606
21.7097,pi,6.2800,3.2396,0.0608,0.0608
21.7147,pi,6.2800,3.2318,0.0610,0.0610
21.7197,pi,6.2800,3.1882,0.0618,0.0618
21.7246,pi,6.2800,3.2039,0.0615,0.0615
21.7297,pi,6.2800,3.2165,0.0613,0.0613
21.7346,pi,6.2800,3.2129,0.0613,0.0613
21.7396,pi,6.2800,3.2105,0.0614,0.0614
21.7447,pi,6.2800,3.2081,0.0614,0.0614
21.7497,pi,6.2800,3.2199,0.0612,0.0612
21.7546,pi,6.2800,3.1790,0.0620,0.0620
21.7596,pi,6.2800,3.1371,0.0629,0.0629
21.7646,pi,6.2800,3.1498,0.0626,0.0626
21.7697,pi,6.2800,3.1596,0.0624,0.0624
21.7747,pi,6.2800,3.1308,0.0630,0.0630
21.7798,pi,6.2800,3.1581,0.0624,0.0624
21.7847,pi,6.2800,3.1798,0.0620,0.0620
21.7897,pi,6.2800,3.1470,0.0627,0.0627
21.7947,pi,6.2800,3.1573,0.0625,0.0625
21.7996,pi,6.2800,3.1656,0.0623,0.0623
21.8046,pi,6.2800,3.1723,0.0622,0.0622
21.8097,pi,6.2800,3.1776,0.0620,0.0620
21.8147,pi,6.2800,3.1452,0.0627,0.0627
21.8197,pi,6.2800,3.1694,0.0622,0.0622
21.8246,pi,6.2800,3.1753,0.0621,0.0621
21.8297,pi,6.2800,3.1800,0.0620,0.0620
21.8347,pi,6.2800,3.1838,0.0619,0.0619
21.8396,pi,6.2800,3.1869,0.0619,0.0619
21.8447,pi,6.2800,3.1527,0.0625,0.0625
21.8497,pi,6.2800,3.1253,0.0631,0.0631
21.8547,pi,6.2800,3.1536,0.0625,0.0625
21.8596,pi,6.2800,3.1626,0.0623,0.0623
21.8647,pi,6.2800,3.1699,0.0622,0.0622
21.8697,pi,6.2800,3.2213,0.0612,0.0612
21.8747,pi,6.2800,3.2305,0.0610,0.0610
21.8797,pi,6.2800,3.2378,0.0608,0.0608
21.8847,pi,6.2800,3.1931,0.0617,0.0617
21.8896,pi,6.2800,3.2079,0.0614,0.0614
21.8947,pi,6.2800,3.2197,0.0612,0.0612
21.8997,pi,6.2800,3.2292,0.0610,0.0610
21.9046,pi,6.2800,3.2688,0.0602,0.0602
21.9097,pi,6.2800,3.2549,0.0605,0.0605
21.9147,pi,6.2800,3.2437,0.0607,0.0607
21.9197,pi,6.2800,3.2347,0.0609,0.0609
21.9247,pi,6.2800,3.1908,0.0618,0.0618
21.9296,pi,6.2800,3.1925,0.0618,0.0618
21.9347,pi,6.2800,3.1937,0.0617,0.0617
21.9397,pi,6.2800,3.1581,0.0624,0.0624
21.9447,pi,6.2800,3.1662,0.0623,0.0623
21.9497,pi,6.2800,3.1728,0.0621,0.0621
21.9547,pi,6.2800,3.1413,0.0628,0.0628
21.9597,pi,6.2800,3.1161,0.0633,0.0633
21.9647,pi,6.2800,3.0960,0.0637,0.0637
21.9696,pi,6.2800,3.1165,0.0633,0.0633
21.9747,pi,6.2800,3.1330,0.0629,0.0629
21.9798,pi,6.2800,3.1095,0.0634,0.0634
21.9846,pi,6.2800,3.1274,0.0631,0.0631
21.9897,pi,6.2800,3.1416,0.0628,0.0628
21.9948,pi,6.2800,3.1164,0.0633,0.0633
21.9996,pi,6.2800,3.1465,0.0627,0.0627
22.0046,pi,6.2800,3.1570,0.0625,0.0625
22.0097,pi,6.2800,3.1791,0.0620,0.0620
22.0146,pi,6.2800,3.2287,0.0610,0.0610
22.0199,pi,6.2800,3.2362,0.0609,0.0609
22.0249,pi,6.2800,3.2421,0.0608,0.0608
22.0300,pi,6.2800,3.2460,0.0607,0.0607
22.0346,pi,6.2800,3.2501,0.0606,0.0606
22.0396,pi,6.2800,3.2398,0.0608,0.0608
22.0446,pi,6.2800,3.2316,0.0610,0.0610
22.0497,pi,6.2800,3.1885,0.0618,0.0618
22.0546,pi,6.2800,3.2042,0.0615,0.0615
22.0597,pi,6.2800,3.2168,0.0613,0.0613
22.0647,pi,6.2800,3.1765,0.0621,0.0621
22.0697,pi,6.2800,3.1940,0.0617,0.0617
22.0746,pi,6.2800,3.1952,0.0617,0.0617
22.0797,pi,6.2800,3.1962,0.0617,0.0617
22.0847,pi,6.2800,3.1977,0.0616,0.0616
22.0898,pi,6.2800,3.1612,0.0624,0.0624
22.0947,pi,6.2800,3.1821,0.0620,0.0620
22.0997,pi,6.2800,3.1990,0.0616,0.0616
22.1047,pi,6.2800,3.1622,0.0624,0.0624
22.1097,pi,6.2800,3.1695,0.0622,0.0622
22.1147,pi,6.2800,3.1754,0.0621,0.0621
22.1197,pi,6.2800,3.1800,0.0620,0.0620
22.1247,pi,6.2800,3.1471,0.0627,0.0627
22.1297,pi,6.2800,3.1574,0.0625,0.0625
22.1347,pi,6.2800,3.1794,0.0620,0.0620
22.1396,pi,6.2800,3.1833,0.0619,0.0619
22.1447,pi,6.2800,3.1865,0.0619,0.0619
22.1497,pi,6.2800,3.1893,0.0618,0.0618
22.1546,pi,6.2800,3.1913,0.0618,0.0618
22.1597,pi,6.2800,3.1561,0.0625,0.0625
22.1648,pi,6.2800,3.1779,0.0620,0.0620
22.1699,pi,6.2800,3.1820,0.0620,0.0620
22.1749,pi,6.2800,3.1990,0.0616,0.0616
22.1797,pi,6.2800,3.2125,0.0613,0.0613
22.1846,pi,6.2800,3.2098,0.0614,0.0614
22.1896,pi,6.2800,3.2078,0.0614,0.0614
22.1947,pi,6.2800,3.2060,0.0615,0.0615
22.1997,pi,6.2800,3.2045,0.0615,0.0615
22.2047,pi,6.2800,3.2035,0.0615,0.0615
22.2096,pi,6.2800,3.2026,0.0615,0.0615
22.2147,pi,6.2800,3.2018,0.0616,0.0616
22.2197,pi,6.2800,3.2019,0.0616,0.0616
22.2247,pi,6.2800,3.2014,0.0616,0.0616
22.2297,pi,6.2800,3.2011,0.0616,0.0616
22.2347,pi,6.2800,3.1640,0.0623,0.0623
22.2397,pi,6.2800,3.1343,0.0629,0.0629
22.2447,pi,6.2800,3.1608,0.0624,0.0624
22.2496,pi,6.2800,3.1684,0.0622,0.0622
22.2547,pi,6.2800,3.1745,0.0621,0.0621
22.2596,pi,6.2800,3.1795,0.0620,0.0620
22.2647,pi,6.2800,3.1969,0.0617,0.0617
22.2696,pi,6.2800,3.1608,0.0624,0.0624
22.2748,pi,6.2800,3.1812,0.0620,0.0620
22.2796,pi,6.2800,3.1846,0.0619,0.0619
22.2847,pi,6.2800,3.2011,0.0616,0.0616
22.2896,pi,6.2800,3.2006,0.0616,0.0616
22.2948,pi,6.2800,3.1636,0.0623,0.0623
22.2997,pi,6.2800,3.1843,0.0619,0.0619
22.3047,pi,6.2800,3.2008,0.0616,0.0616
22.3097,pi,6.2800,3.1637,0.0623,0.0623
22.3146,pi,6.2800,3.1706,0.0622,0.0622
22.3197,pi,6.2800,3.1900,0.0618,0.0618
22.3247,pi,6.2800,3.1917,0.0618,0.0618
22.3298,pi,6.2800,3.2066,0.0615,0.0615
22.3348,pi,6.2800,3.2183,0.0612,0.0612
22.3397,pi,6.2800,3.2279,0.0610,0.0610
22.3446,pi,6.2800,3.2676,0.0602,0.0602
22.3497,pi,6.2800,3.2675,0.0603,0.0603
22.3547,pi,6.2800,3.2673,0.0603,0.0603
22.3597,pi,6.2800,3.2671,0.0603,0.0603
22.3647,pi,6.2800,3.2166,0.0613,0.0613
22.3697,pi,6.2800,3.2265,0.0611,0.0611
22.3747,pi,6.2800,3.2345,0.0609,0.0609
22.3797,pi,6.2800,3.2271,0.0611,0.0611
22.3847,pi,6.2800,3.1758,0.0621,0.0621
22.3897,pi,6.2800,3.1807,0.0620,0.0620
22.3947,pi,6.2800,3.1476,0.0626,0.0626
22.3997,pi,6.2800,3.1212,0.0632,0.0632
22.4047,pi,6.2800,3.1001,0.0636,0.0636
22.4096,pi,6.2800,3.1199,0.0632,0.0632
22.4147,pi,6.2800,3.1357,0.0629,0.0629
22.4197,pi,6.2800,3.1116,0.0634,0.0634
22.4246,pi,6.2800,3.1292,0.0630,0.0630
22.4297,pi,6.2800,3.1434,0.0627,0.0627
22.4346,pi,6.2800,3.1546,0.0625,0.0625
22.4397,pi,6.2800,3.1636,0.0623,0.0623
22.4447,pi,6.2800,3.1251,0.0631,0.0631
22.4497,pi,6.2800,3.1399,0.0628,0.0628
22.4546,pi,6.2800,3.1518,0.0626,0.0626
22.4597,pi,6.2800,3.1246,0.0631,0.0631
22.4646,pi,6.2800,3.1395,0.0628,0.0628
22.4696,pi,6.2800,3.1516,0.0626,0.0626
22.4747,pi,6.2800,3.1243,0.0631,0.0631
22.4797,pi,6.2800,3.1528,0.0625,0.0625
22.4846,pi,6.2800,3.1620,0.0624,0.0624
22.4896,pi,6.2800,3.1693,0.0622,0.0622
22.4947,pi,6.2800,3.2209,0.0612,0.0612
22.4997,pi,6.2800,3.2622,0.0604,0.0604
22.5046,pi,6.2800,3.2497,0.0606,0.0606
22.5097,pi,6.2800,3.2395,0.0608,0.0608
22.5148,pi,6.2800,3.2447,0.0607,0.0607
22.5197,pi,6.2800,3.2489,0.0606,0.0606
22.5248,pi,6.2800,3.2523,0.0606,0.0606
22.5296,pi,6.2800,3.2551,0.0605,0.0605
22.5347,pi,6.2800,3.2573,0.0605,0.0605
22.5397,pi,6.2800,3.2591,0.0604,0.0604
22.5447,pi,6.2800,3.2101,0.0614,0.0614
22.5497,pi,6.2800,3.2213,0.0612,0.0612
22.5546,pi,6.2800,3.2303,0.0610,0.0610
22.5596,pi,6.2800,3.2376,0.0608,0.0608
22.5647,pi,6.2800,3.2297,0.0610,0.0610
22.5700,pi,6.2800,3.1863,0.0619,0.0619
22.5747,pi,6.2800,3.2024,0.0616,0.0616
22.5797,pi,6.2800,3.1652,0.0623,0.0623
22.5847,pi,6.2800,3.1351,0.0629,0.0629
22.5896,pi,6.2800,3.1479,0.0626,0.0626
22.5947,pi,6.2800,3.1581,0.0624,0.0624
22.5997,pi,6.2800,3.1663,0.0623,0.0623
22.6047,pi,6.2800,3.1272,0.0631,0.0631
22.6098,pi,6.2800,3.1046,0.0635,0.0635
22.6147,pi,6.2800,3.1368,0.0629,0.0629
22.6196,pi,6.2800,3.1491,0.0626,0.0626
22.6247,pi,6.2800,3.1595,0.0624,0.0624
22.6297,pi,6.2800,3.1811,0.0620,0.0620
22.6348,pi,6.2800,3.1983,0.0616,0.0616
22.6397,pi,6.2800,3.1615,0.0624,0.0624
22.6447,pi,6.2800,3.1826,0.0619,0.0619
22.6496,pi,6.2800,3.1858,0.0619,0.0619
22.6547,pi,6.2800,3.2014,0.0616,0.0616
22.6596,pi,6.2800,3.2008,0.0616,0.0616
22.6647,pi,6.2800,3.2464,0.0607,0.0607
22.6697,pi,6.2800,3.2505,0.0606,0.0606
22.6747,pi,6.2800,3.2538,0.0605,0.0605
22.6797,pi,6.2800,3.2062,0.0615,0.0615
22.6846,pi,6.2800,3.2047,0.0615,0.0615
22.6897,pi,6.2800,3.2036,0.0615,0.0615
22.6947,pi,6.2800,3.2027,0.0615,0.0615
22.6997,pi,6.2800,3.1652,0.0623,0.0623
22.7046,pi,6.2800,3.1719,0.0622,0.0622
22.7096,pi,6.2800,3.1780,0.0620,0.0620
22.7148,pi,6.2800,3.1455,0.0627,0.0627
22.7197,pi,6.2800,3.1195,0.0632,0.0632
22.7247,pi,6.2800,3.1490,0.0626,0.0626
22.7296,pi,6.2800,3.1590,0.0624,0.0624
22.7347,pi,6.2800,3.1672,0.0623,0.0623
22.7397,pi,6.2800,3.1736,0.0621,0.0621
22.7447,pi,6.2800,3.1788,0.0620,0.0620
22.7497,pi,6.2800,3.1829,0.0619,0.0619
22.7547,pi,6.2800,3.1863,0.0619,0.0619
22.7596,pi,6.2800,3.1889,0.0618,0.0618
22.7647,pi,6.2800,3.1910,0.0618,0.0618
22.7697,pi,6.2800,3.1927,0.0617,0.0617
22.7747,pi,6.2800,3.1941,0.0617,0.0617
22.7797,pi,6.2800,3.1952,0.0617,0.0617
22.7847,pi,6.2800,3.2094,0.0614,0.0614
22.7897,pi,6.2800,3.1707,0.0622,0.0622
22.7947,pi,6.2800,3.1763,0.0621,0.0621
22.7996,pi,6.2800,3.1808,0.0620,0.0620
22.8047,pi,6.2800,3.1981,0.0616,0.0616
22.8096,pi,6.2800,3.1617,0.0624,0.0624
22.8146,pi,6.2800,3.1690,0.0622,0.0622
22.8197,pi,6.2800,3.1886,0.0618,0.0618
22.8247,pi,6.2800,3.1907,0.0618,0.0618
22.8297,pi,6.2800,3.1556,0.0625,0.0625
22.8346,pi,6.2800,3.1643,0.0623,0.0623
22.8396,pi,6.2800,3.1713,0.0622,0.0622
22.8447,pi,6.2800,3.1402,0.0628,0.0628
22.8496,pi,6.2800,3.1655,0.0623,0.0623
22.8546,pi,6.2800,3.1721,0.0622,0.0622
22.8597,pi,6.2800,3.1911,0.0618,0.0618
22.8647,pi,6.2800,3.1560,0.0625,0.0625
22.8697,pi,6.2800,3.1279,0.0630,0.0630
22.8746,pi,6.2800,3.1558,0.0625,0.0625
22.8797,pi,6.2800,3.1779,0.0620,0.0620
22.8847,pi,6.2800,3.1456,0.0627,0.0627
22.8897,pi,6.2800,3.1699,0.0622,0.0622
22.8947,pi,6.2800,3.1757,0.0621,0.0621
22.8997,pi,6.2800,3.1433,0.0627,0.0627
22.9046,pi,6.2800,3.1679,0.0622,0.0622
22.9096,pi,6.2800,3.1741,0.0621,0.0621
22.9147,pi,6.2800,3.1789,0.0620,0.0620
22.9197,pi,6.2800,3.1830,0.0619,0.0619
22.9247,pi,6.2800,3.2319,0.0610,0.0610
22.9297,pi,6.2800,3.2252,0.0611,0.0611
22.9347,pi,6.2800,3.2202,0.0612,0.0612
22.9397,pi,6.2800,3.2617,0.0604,0.0604
22.9447,pi,6.2800,3.2627,0.0603,0.0603
22.9496,pi,6.2800,3.2499,0.0606,0.0606
22.9547,pi,6.2800,3.2031,0.0615,0.0615
22.9596,pi,6.2800,3.2158,0.0613,0.0613
22.9646,pi,6.2800,3.2123,0.0614,0.0614
22.9697,pi,6.2800,3.2233,0.0611,0.0611
22.9746,pi,6.2800,3.2640,0.0603,0.0603
22.9797,pi,6.2800,3.2509,0.0606,0.0606
22.9847,pi,6.2800,3.2541,0.0605,0.0605
22.9898,pi,6.2800,3.2063,0.0615,0.0615
22.9948,pi,6.2800,3.1681,0.0622,0.0622
22.9997,pi,6.2800,3.1879,0.0618,0.0618
23.0050,pi,6.2800,3.2035,0.0615,0.0615
23.0100,pi,6.2800,3.1653,0.0623,0.0623
23.0151,pi,6.2800,3.1353,0.0629,0.0629
23.0196,pi,6.2800,3.1616,0.0624,0.0624
23.0246,pi,6.2800,3.1323,0.0630,0.0630
23.0296,pi,6.2800,3.1090,0.0634,0.0634
23.0348,pi,6.2800,3.0903,0.0638,0.0638
23.0396,pi,6.2800,3.1120,0.0634,0.0634
23.0447,pi,6.2800,3.1293,0.0630,0.0630
23.0497,pi,6.2800,3.1065,0.0635,0.0635
23.0546,pi,6.2800,3.1249,0.0631,0.0631
23.0597,pi,6.2800,3.1400,0.0628,0.0628
23.0647,pi,6.2800,3.1522,0.0626,0.0626
23.0697,pi,6.2800,3.1617,0.0624,0.0624
23.0746,pi,6.2800,3.1692,0.0622,0.0622
23.0797,pi,6.2800,3.1888,0.0618,0.0618
23.0846,pi,6.2800,3.1908,0.0618,0.0618
23.0897,pi,6.2800,3.1558,0.0625,0.0625
23.0947,pi,6.2800,3.1779,0.0620,0.0620
23.1007,pi,6.2800,3.1954,0.0617,0.0617
23.1059,pi,6.2800,3.1591,0.0624,0.0624
23.1096,pi,6.2800,3.1804,0.0620,0.0620
23.1147,pi,6.2800,3.1977,0.0616,0.0616
23.1196,pi,6.2800,3.2114,0.0614,0.0614
23.1246,pi,6.2800,3.2225,0.0612,0.0612
23.1297,pi,6.2800,3.2313,0.0610,0.0610
23.1347,pi,6.2800,3.2384,0.0608,0.0608
23.1397,pi,6.2800,3.2441,0.0607,0.0607
23.1447,pi,6.2800,3.2806,0.0600,0.0600
23.1497,pi,6.2800,3.2645,0.0603,0.0603
23.1547,pi,6.2800,3.2514,0.0606,0.0606
23.1597,pi,6.2800,3.2411,0.0608,0.0608
23.1647,pi,6.2800,3.2328,0.0609,0.0609
23.1698,pi,6.2800,3.2394,0.0608,0.0608
23.1749,pi,6.2800,3.1945,0.0617,0.0617
23.1798,pi,6.2800,3.1580,0.0624,0.0624
23.1847,pi,6.2800,3.1796,0.0620,0.0620
23.1896,pi,6.2800,3.1971,0.0617,0.0617
23.1947,pi,6.2800,3.1974,0.0617,0.0617
23.1997,pi,6.2800,3.1611,0.0624,0.0624
23.2047,pi,6.2800,3.1686,0.0622,0.0622
23.2097,pi,6.2800,3.1750,0.0621,0.0621
23.2147,pi,6.2800,3.1431,0.0627,0.0627
23.2196,pi,6.2800,3.1542,0.0625,0.0625
23.2247,pi,6.2800,3.1635,0.0623,0.0623
23.2297,pi,6.2800,3.1707,0.0622,0.0622
23.2347,pi,6.2800,3.1769,0.0621,0.0621
23.2397,pi,6.2800,3.1814,0.0620,0.0620
23.2448,pi,6.2800,3.1985,0.0616,0.0616
23.2497,pi,6.2800,3.2122,0.0614,0.0614
23.2547,pi,6.2800,3.1729,0.0621,0.0621
23.2597,pi,6.2800,3.1918,0.0618,0.0618
23.2646,pi,6.2800,3.1931,0.0617,0.0617
23.2697,pi,6.2800,3.1577,0.0624,0.0624
23.2746,pi,6.2800,3.1659,0.0623,0.0623
23.2797,pi,6.2800,3.1725,0.0621,0.0621
23.2847,pi,6.2800,3.1915,0.0618,0.0618
23.2897,pi,6.2800,3.2066,0.0615,0.0615
23.2947,pi,6.2800,3.2187,0.0612,0.0612
23.2996,pi,6.2800,3.2147,0.0613,0.0613
23.3047,pi,6.2800,3.2115,0.0614,0.0614
23.3097,pi,6.2800,3.2547,0.0605,0.0605
23.3147,pi,6.2800,3.2435,0.0607,0.0607
23.3197,pi,6.2800,3.2346,0.0609,0.0609
23.3247,pi,6.2800,3.1908,0.0618,0.0618
23.3297,pi,6.2800,3.2061,0.0615,0.0615
23.3346,pi,6.2800,3.2047,0.0615,0.0615
23.3397,pi,6.2800,3.1669,0.0623,0.0623
23.3447,pi,6.2800,3.1275,0.0630,0.0630
23.3497,pi,6.2800,3.1418,0.0628,0.0628
23.3547,pi,6.2800,3.1532,0.0625,0.0625
23.3599,pi,6.2800,3.1252,0.0631,0.0631
23.3647,pi,6.2800,3.1030,0.0635,0.0635
23.3698,pi,6.2800,3.1356,0.0629,0.0629
23.3746,pi,6.2800,3.1619,0.0624,0.0624
23.3797,pi,6.2800,3.1327,0.0629,0.0629
23.3847,pi,6.2800,3.1595,0.0624,0.0624
23.3896,pi,6.2800,3.1673,0.0623,0.0623
23.3947,pi,6.2800,3.1873,0.0619,0.0619
23.3997,pi,6.2800,3.1529,0.0625,0.0625
23.4046,pi,6.2800,3.1620,0.0624,0.0624
23.4097,pi,6.2800,3.1693,0.0622,0.0622
23.4146,pi,6.2800,3.1756,0.0621,0.0621
23.4197,pi,6.2800,3.1805,0.0620,0.0620
23.4246,pi,6.2800,3.1843,0.0619,0.0619
23.4297,pi,6.2800,3.2009,0.0616,0.0616
23.4352,pi,6.2800,3.1628,0.0623,0.0623
23.4397,pi,6.2800,3.1831,0.0619,0.0619
23.4450,pi,6.2800,3.1995,0.0616,0.0616
23.4497,pi,6.2800,3.2128,0.0613,0.0613
23.4546,pi,6.2800,3.2237,0.0611,0.0611
23.4596,pi,6.2800,3.2188,0.0612,0.0612
23.4647,pi,6.2800,3.2148,0.0613,0.0613
23.4698,pi,6.2800,3.2247,0.0611,0.0611
23.4747,pi,6.2800,3.2330,0.0609,0.0609
23.4797,pi,6.2800,3.2398,0.0608,0.0608
23.4846,pi,6.2800,3.2315,0.0610,0.0610
23.4897,pi,6.2800,3.2255,0.0611,0.0611
23.4947,pi,6.2800,3.2206,0.0612,0.0612
23.5000,pi,6.2800,3.2164,0.0613,0.0613
23.5063,pi,6.2800,3.1751,0.0621,0.0621
23.5118,pi,6.2800,3.1927,0.0617,0.0617
23.5165,pi,6.2800,3.2072,0.0615,0.0615
23.5203,pi,6.2800,3.2055,0.0615,0.0615
23.5248,pi,6.2800,3.1675,0.0623,0.0623
23.5299,pi,6.2800,3.1872,0.0619,0.0619
23.5358,pi,6.2800,3.2025,0.0616,0.0616
23.5402,pi,6.2800,3.2148,0.0613,0.0613
23.5455,pi,6.2800,3.1743,0.0621,0.0621
23.5504,pi,6.2800,3.1923,0.0618,0.0618
23.5555,pi,6.2800,3.1933,0.0617,0.0617
23.5602,pi,6.2800,3.1571,0.0625,0.0625
23.5647,pi,6.2800,3.1789,0.0620,0.0620
23.5698,pi,6.2800,3.1963,0.0617,0.0617
23.5748,pi,6.2800,3.2101,0.0614,0.0614
23.5801,pi,6.2800,3.1712,0.0622,0.0622
23.5848,pi,6.2800,3.1308,0.0630,0.0630
23.5898,pi,6.2800,3.1448,0.0627,0.0627
23.5948,pi,6.2800,3.1559,0.0625,0.0625
23.5998,pi,6.2800,3.1647,0.0623,0.0623
23.6048,pi,6.2800,3.1719,0.0622,0.0622
23.6098,pi,6.2800,3.1773,0.0621,0.0621
23.6153,pi,6.2800,3.1443,0.0627,0.0627
23.6199,pi,6.2800,3.1684,0.0622,0.0622
23.6254,pi,6.2800,3.1880,0.0618,0.0618
23.6299,pi,6.2800,3.2038,0.0615,0.0615
23.6354,pi,6.2800,3.2029,0.0615,0.0615
23.6399,pi,6.2800,3.2479,0.0606,0.0606
23.6457,pi,6.2800,3.2516,0.0606,0.0606
23.6501,pi,6.2800,3.2545,0.0605,0.0605
23.6550,pi,6.2800,3.2069,0.0615,0.0615
23.6599,pi,6.2800,3.2053,0.0615,0.0615
23.6648,pi,6.2800,3.2039,0.0615,0.0615
23.6699,pi,6.2800,3.1662,0.0623,0.0623
23.6748,pi,6.2800,3.1729,0.0621,0.0621
23.6798,pi,6.2800,3.1784,0.0620,0.0620
23.6846,pi,6.2800,3.1827,0.0619,0.0619
23.6897,pi,6.2800,3.1862,0.0619,0.0619
23.6947,pi,6.2800,3.1431,0.0627,0.0627
23.6997,pi,6.2800,3.1546,0.0625,0.0625
23.7047,pi,6.2800,3.1640,0.0623,0.0623
23.7097,pi,6.2800,3.1713,0.0622,0.0622
23.7146,pi,6.2800,3.1771,0.0621,0.0621
23.7197,pi,6.2800,3.1819,0.0620,0.0620
23.7247,pi,6.2800,3.1857,0.0619,0.0619
23.7297,pi,6.2800,3.1886,0.0618,0.0618
23.7347,pi,6.2800,3.1911,0.0618,0.0618
23.7397,pi,6.2800,3.1928,0.0617,0.0617
23.7448,pi,6.2800,3.1940,0.0617,0.0617
23.7497,pi,6.2800,3.2409,0.0608,0.0608
23.7547,pi,6.2800,3.2325,0.0610,0.0610
23.7597,pi,6.2800,3.2258,0.0611,0.0611
23.7647,pi,6.2800,3.2341,0.0609,0.0609
23.7696,pi,6.2800,3.2270,0.0611,0.0611
23.7747,pi,6.2800,3.2213,0.0612,0.0612
23.7797,pi,6.2800,3.1796,0.0620,0.0620
23.7847,pi,6.2800,3.1969,0.0617,0.0617
23.7897,pi,6.2800,3.2109,0.0614,0.0614
23.7947,pi,6.2800,3.2221,0.0612,0.0612
23.7997,pi,6.2800,3.1804,0.0620,0.0620
23.8046,pi,6.2800,3.1841,0.0619,0.0619
23.8097,pi,6.2800,3.2007,0.0616,0.0616
23.8146,pi,6.2800,3.2003,0.0616,0.0616
23.8197,pi,6.2800,3.1632,0.0623,0.0623
23.8246,pi,6.2800,3.1703,0.0622,0.0622
23.8297,pi,6.2800,3.1760,0.0621,0.0621
23.8347,pi,6.2800,3.1439,0.0627,0.0627
23.8396,pi,6.2800,3.1549,0.0625,0.0625
23.8447,pi,6.2800,3.1774,0.0621,0.0621
23.8497,pi,6.2800,3.1816,0.0620,0.0620
23.8549,pi,6.2800,3.1980,0.0616,0.0616
23.8597,pi,6.2800,3.2116,0.0614,0.0614
23.8647,pi,6.2800,3.2225,0.0612,0.0612
23.8696,pi,6.2800,3.2177,0.0612,0.0612
23.8747,pi,6.2800,3.1773,0.0621,0.0621
23.8797,pi,6.2800,3.1951,0.0617,0.0617
23.8846,pi,6.2800,3.1958,0.0617,0.0617
23.8897,pi,6.2800,3.1598,0.0624,0.0624
23.8947,pi,6.2800,3.1676,0.0622,0.0622
23.8996,pi,6.2800,3.1738,0.0621,0.0621
23.9047,pi,6.2800,3.1788,0.0620,0.0620
23.9099,pi,6.2800,3.1964,0.0617,0.0617
23.9147,pi,6.2800,3.2105,0.0614,0.0614
23.9197,pi,6.2800,3.2217,0.0612,0.0612
23.9246,pi,6.2800,3.2172,0.0613,0.0613
23.9297,pi,6.2800,3.2135,0.0613,0.0613
23.9348,pi,6.2800,3.2243,0.0611,0.0611
23.9396,pi,6.2800,3.2192,0.0612,0.0612
23.9448,pi,6.2800,3.1782,0.0620,0.0620
23.9496,pi,6.2800,3.1960,0.0617,0.0617
23.9546,pi,6.2800,3.1965,0.0617,0.0617
23.9596,pi,6.2800,3.1970,0.0617,0.0617
23.9647,pi,6.2800,3.1519,0.0626,0.0626
23.9697,pi,6.2800,3.1616,0.0624,0.0624
23.9747,pi,6.2800,3.1826,0.0619,0.0619
23.9797,pi,6.2800,3.1994,0.0616,0.0616
23.9847,pi,6.2800,3.1993,0.0616,0.0616
23.9897,pi,6.2800,3.1992,0.0616,0.0616
23.9947,pi,6.2800,3.1991,0.0616,0.0616
23.9997,pi,6.2800,3.1625,0.0624,0.0624
24.0046,pi,6.2800,3.1698,0.0622,0.0622
24.0096,pi,6.2800,3.1755,0.0621,0.0621
24.0147,pi,6.2800,3.1939,0.0617,0.0617
24.0197,pi,6.2800,3.1581,0.0624,0.0624
24.0246,pi,6.2800,3.1662,0.0623,0.0623
24.0300,pi,6.2800,3.1863,0.0619,0.0619
24.0349,pi,6.2800,3.2021,0.0616,0.0616
24.0398,pi,6.2800,3.1647,0.0623,0.0623
24.0454,pi,6.2800,3.1849,0.0619,0.0619
24.0497,pi,6.2800,3.2012,0.0616,0.0616
24.0546,pi,6.2800,3.1640,0.0623,0.0623
24.0596,pi,6.2800,3.1710,0.0622,0.0622
24.0646,pi,6.2800,3.1766,0.0621,0.0621
24.0696,pi,6.2800,3.1812,0.0620,0.0620
24.0747,pi,6.2800,3.1984,0.0616,0.0616
24.0796,pi,6.2800,3.1985,0.0616,0.0616
24.0847,pi,6.2800,3.1987,0.0616,0.0616
24.0897,pi,6.2800,3.1990,0.0616,0.0616
24.0947,pi,6.2800,3.1992,0.0616,0.0616
24.0997,pi,6.2800,3.1994,0.0616,0.0616
24.1052,pi,6.2800,3.2129,0.0613,0.0613
24.1099,pi,6.2800,3.1729,0.0621,0.0621
24.1150,pi,6.2800,3.1414,0.0628,0.0628
24.1196,pi,6.2800,3.1664,0.0623,0.0623
24.1246,pi,6.2800,3.1727,0.0621,0.0621
24.1297,pi,6.2800,3.1404,0.0628,0.0628
24.1347,pi,6.2800,3.1157,0.0633,0.0633
24.1397,pi,6.2800,3.1458,0.0627,0.0627
24.1447,pi,6.2800,3.1564,0.0625,0.0625
24.1497,pi,6.2800,3.1649,0.0623,0.0623
24.1547,pi,6.2800,3.1717,0.0622,0.0622
24.1597,pi,6.2800,3.1773,0.0621,0.0621
24.1647,pi,6.2800,3.1819,0.0620,0.0620
24.1697,pi,6.2800,3.2311,0.0610,0.0610
24.1748,pi,6.2800,3.2381,0.0608,0.0608
24.1800,pi,6.2800,3.2301,0.0610,0.0610
24.1850,pi,6.2800,3.2373,0.0609,0.0609
24.1897,pi,6.2800,3.2294,0.0610,0.0610
24.1947,pi,6.2800,3.2368,0.0609,0.0609
24.1996,pi,6.2800,3.2429,0.0607,0.0607
24.2046,pi,6.2800,3.2340,0.0609,0.0609
24.2097,pi,6.2800,3.2271,0.0611,0.0611
24.2147,pi,6.2800,3.2351,0.0609,0.0609
24.2197,pi,6.2800,3.1911,0.0618,0.0618
24.2247,pi,6.2800,3.1925,0.0617,0.0617
24.2297,pi,6.2800,3.1940,0.0617,0.0617
24.2347,pi,6.2800,3.1951,0.0617,0.0617
24.2397,pi,6.2800,3.1960,0.0617,0.0617
24.2447,pi,6.2800,3.2102,0.0614,0.0614
24.2497,pi,6.2800,3.2214,0.0612,0.0612
24.2547,pi,6.2800,3.2304,0.0610,0.0610
24.2597,pi,6.2800,3.2376,0.0608,0.0608
24.2647,pi,6.2800,3.2435,0.0607,0.0607
24.2696,pi,6.2800,3.2346,0.0609,0.0609
24.2747,pi,6.2800,3.1907,0.0618,0.0618
24.2797,pi,6.2800,3.2060,0.0615,0.0615
24.2847,pi,6.2800,3.2181,0.0612,0.0612
24.2897,pi,6.2800,3.2279,0.0610,0.0610
24.2947,pi,6.2800,3.2678,0.0602,0.0602
24.2996,pi,6.2800,3.2541,0.0605,0.0605
24.3047,pi,6.2800,3.2431,0.0607,0.0607
24.3097,pi,6.2800,3.1975,0.0616,0.0616
24.3147,pi,6.2800,3.1520,0.0626,0.0626
24.3197,pi,6.2800,3.1614,0.0624,0.0624
24.3247,pi,6.2800,3.1689,0.0622,0.0622
24.3297,pi,6.2800,3.1382,0.0628,0.0628
24.3346,pi,6.2800,3.1504,0.0626,0.0626
24.3396,pi,6.2800,3.1604,0.0624,0.0624
24.3447,pi,6.2800,3.1684,0.0622,0.0622
24.3497,pi,6.2800,3.1377,0.0628,0.0628
24.3546,pi,6.2800,3.1499,0.0626,0.0626
24.3598,pi,6.2800,3.1733,0.0621,0.0621
24.3648,pi,6.2800,3.1920,0.0618,0.0618
24.3697,pi,6.2800,3.1568,0.0625,0.0625
24.3746,pi,6.2800,3.1653,0.0623,0.0623
24.3796,pi,6.2800,3.1721,0.0622,0.0622
24.3848,pi,6.2800,3.1406,0.0628,0.0628
24.3897,pi,6.2800,3.1657,0.0623,0.0623
24.3947,pi,6.2800,3.1858,0.0619,0.0619
24.3996,pi,6.2800,3.1883,0.0618,0.0618
24.4046,pi,6.2800,3.2362,0.0609,0.0609
24.4097,pi,6.2800,3.2288,0.0610,0.0610
24.4147,pi,6.2800,3.2229,0.0611,0.0611
24.4197,pi,6.2800,3.2182,0.0612,0.0612
24.4247,pi,6.2800,3.1777,0.0620,0.0620
24.4297,pi,6.2800,3.1956,0.0617,0.0617
24.4346,pi,6.2800,3.1962,0.0617,0.0617
24.4398,pi,6.2800,3.1601,0.0624,0.0624
24.4447,pi,6.2800,3.1811,0.0620,0.0620
24.4497,pi,6.2800,3.1981,0.0616,0.0616
24.4548,pi,6.2800,3.1611,0.0624,0.0624
24.4597,pi,6.2800,3.1822,0.0620,0.0620
24.4647,pi,6.2800,3.1855,0.0619,0.0619
24.4697,pi,6.2800,3.2018,0.0616,0.0616
24.4746,pi,6.2800,3.2470,0.0607,0.0607
24.4797,pi,6.2800,3.2831,0.0599,0.0599
24.4847,pi,6.2800,3.2799,0.0600,0.0600
24.4896,pi,6.2800,3.2636,0.0603,0.0603
24.4947,pi,6.2800,3.2964,0.0597,0.0597
24.4997,pi,6.2800,3.2773,0.0601,0.0601
24.5047,pi,6.2800,3.2617,0.0604,0.0604
24.5097,pi,6.2800,3.2125,0.0613,0.0613
24.5146,pi,6.2800,3.2098,0.0614,0.0614
24.5196,pi,6.2800,3.2076,0.0614,0.0614
24.5247,pi,6.2800,3.1692,0.0622,0.0622
24.5296,pi,6.2800,3.1751,0.0621,0.0621
24.5346,pi,6.2800,3.1798,0.0620,0.0620
24.5396,pi,6.2800,3.1837,0.0619,0.0619
24.5447,pi,6.2800,3.2326,0.0609,0.0609
24.5498,pi,6.2800,3.2394,0.0608,0.0608
24.5547,pi,6.2800,3.2449,0.0607,0.0607
24.5596,pi,6.2800,3.2358,0.0609,0.0609
24.5647,pi,6.2800,3.1918,0.0618,0.0618
24.5698,pi,6.2800,3.2065,0.0615,0.0615
24.5747,pi,6.2800,3.2185,0.0612,0.0612
24.5796,pi,6.2800,3.1779,0.0620,0.0620
24.5847,pi,6.2800,3.1452,0.0627,0.0627
24.5897,pi,6.2800,3.1695,0.0622,0.0622
24.5947,pi,6.2800,3.1387,0.0628,0.0628
24.5996,pi,6.2800,3.1049,0.0635,0.0635
24.6047,pi,6.2800,3.0783,0.0640,0.0640
24.6097,pi,6.2800,3.1161,0.0633,0.0633
24.6147,pi,6.2800,3.1463,0.0627,0.0627
24.6196,pi,6.2800,3.1568,0.0625,0.0625
24.6247,pi,6.2800,3.1656,0.0623,0.0623
24.6297,pi,6.2800,3.1724,0.0622,0.0622
24.6348,pi,6.2800,3.1913,0.0618,0.0618
24.6397,pi,6.2800,3.2064,0.0615,0.0615
24.6447,pi,6.2800,3.2184,0.0612,0.0612
24.6497,pi,6.2800,3.2144,0.0613,0.0613
24.6547,pi,6.2800,3.2249,0.0611,0.0611
24.6597,pi,6.2800,3.2333,0.0609,0.0609
24.6647,pi,6.2800,3.2400,0.0608,0.0608
24.6697,pi,6.2800,3.2450,0.0607,0.0607
24.6747,pi,6.2800,3.1992,0.0616,0.0616
24.6798,pi,6.2800,3.2127,0.0613,0.0613
24.6849,pi,6.2800,3.2235,0.0611,0.0611
24.6903,pi,6.2800,3.1814,0.0620,0.0620
24.6954,pi,6.2800,3.1979,0.0616,0.0616
24.7000,pi,6.2800,3.2106,0.0614,0.0614
24.7048,pi,6.2800,3.2214,0.0612,0.0612
24.7099,pi,6.2800,3.1801,0.0620,0.0620
24.7150,pi,6.2800,3.1467,0.0627,0.0627
24.7201,pi,6.2800,3.1705,0.0622,0.0622
24.7252,pi,6.2800,3.1895,0.0618,0.0618
24.7304,pi,6.2800,3.1539,0.0625,0.0625
24.7349,pi,6.2800,3.1764,0.0621,0.0621
24.7398,pi,6.2800,3.1809,0.0620,0.0620
24.7447,pi,6.2800,3.1848,0.0619,0.0619
24.7496,pi,6.2800,3.1424,0.0628,0.0628
24.7547,pi,6.2800,3.1547,0.0625,0.0625
24.7596,pi,6.2800,3.1637,0.0623,0.0623
24.7647,pi,6.2800,3.1710,0.0622,0.0622
24.7697,pi,6.2800,3.1770,0.0621,0.0621
24.7746,pi,6.2800,3.1820,0.0620,0.0620
24.7797,pi,6.2800,3.1857,0.0619,0.0619
24.7847,pi,6.2800,3.1890,0.0618,0.0618
24.7897,pi,6.2800,3.1913,0.0618,0.0618
24.7947,pi,6.2800,3.1931,0.0617,0.0617
24.7997,pi,6.2800,3.1943,0.0617,0.0617
24.8047,pi,6.2800,3.1586,0.0624,0.0624
24.8096,pi,6.2800,3.1667,0.0623,0.0623
24.8147,pi,6.2800,3.1732,0.0621,0.0621
24.8197,pi,6.2800,3.1783,0.0620,0.0620
24.8247,pi,6.2800,3.1457,0.0627,0.0627
24.8296,pi,6.2800,3.1563,0.0625,0.0625
24.8347,pi,6.2800,3.1647,0.0623,0.0623
24.8397,pi,6.2800,3.1715,0.0622,0.0622
24.8449,pi,6.2800,3.1906,0.0618,0.0618
24.8500,pi,6.2800,3.2058,0.0615,0.0615
24.8547,pi,6.2800,3.2179,0.0612,0.0612
