t_s,mode,target_rad_s,speed_rad_s,u,u_unsaturated
0.0912,coast,6.2800,0.0000,0.0000,0.0000
0.0934,pi,6.2800,0.0000,0.1256,0.1256
0.0980,pi,6.2800,0.0000,0.1272,0.1272
0.1020,pi,6.2800,0.0000,0.1288,0.1288
0.1063,pi,6.2800,0.0000,0.1304,0.1304
0.1102,pi,6.2800,0.0000,0.1320,0.1320
0.1139,pi,6.2800,0.0000,0.1335,0.1335
0.1178,pi,6.2800,0.0722,0.1336,0.1336
0.1221,pi,6.2800,0.1830,0.1329,0.1329
0.1259,pi,6.2800,0.3129,0.1319,0.1319
0.1296,pi,6.2800,0.4522,0.1306,0.1306
0.1335,pi,6.2800,0.6617,0.1278,0.1278
0.1372,pi,6.2800,0.8495,0.1255,0.1255
0.1411,pi,6.2800,1.0897,0.1220,0.1220
0.1448,pi,6.2800,1.3745,0.1176,0.1176
0.1486,pi,6.2800,1.6988,0.1124,0.1124
0.1525,pi,6.2800,1.9984,0.1075,0.1075
0.1564,pi,6.2800,2.3756,0.1010,0.1010
0.1608,pi,6.2800,2.7236,0.0951,0.0951
0.1656,pi,6.2800,3.0478,0.0895,0.0895
0.1706,pi,6.2800,3.3522,0.0842,0.0842
0.1757,pi,6.2800,3.6428,0.0791,0.0791
0.1807,pi,6.2800,3.8745,0.0751,0.0751
0.1857,pi,6.2800,4.1058,0.0711,0.0711
0.1907,pi,6.2800,4.2905,0.0680,0.0680
0.1957,pi,6.2800,4.4379,0.0655,0.0655
0.2008,pi,6.2800,4.5556,0.0636,0.0636
0.2057,pi,6.2800,4.5995,0.0632,0.0632
0.2107,pi,6.2800,4.6346,0.0629,0.0629
0.2157,pi,6.2800,4.6627,0.0627,0.0627
0.2207,pi,6.2800,4.6849,0.0627,0.0627
0.2257,pi,6.2800,4.6527,0.0637,0.0637
0.2307,pi,6.2800,4.6266,0.0647,0.0647
0.2357,pi,6.2800,4.5554,0.0665,0.0665
0.2407,pi,6.2800,4.4988,0.0681,0.0681
0.2456,pi,6.2800,4.4671,0.0691,0.0691
0.2507,pi,6.2800,4.4419,0.0701,0.0701
0.2558,pi,6.2800,4.4079,0.0712,0.0712
0.2607,pi,6.2800,4.3807,0.0723,0.0723
0.2657,pi,6.2800,4.3590,0.0732,0.0732
0.2707,pi,6.2800,4.2913,0.0750,0.0750
0.2757,pi,6.2800,4.2875,0.0756,0.0756
0.2807,pi,6.2800,4.2981,0.0759,0.0759
0.2858,pi,6.2800,4.3431,0.0755,0.0755
0.2907,pi,6.2800,4.3790,0.0752,0.0752
0.2958,pi,6.2800,4.3568,0.0761,0.0761
0.3007,pi,6.2800,4.3400,0.0770,0.0770
0.3057,pi,6.2800,4.2944,0.0784,0.0784
0.3107,pi,6.2800,4.2900,0.0789,0.0789
0.3158,pi,6.2800,4.2862,0.0795,0.0795
0.3208,pi,6.2800,4.3336,0.0791,0.0791
0.3258,pi,6.2800,4.3213,0.0798,0.0798
0.3307,pi,6.2800,4.3253,0.0802,0.0802
0.3357,pi,6.2800,4.3286,0.0806,0.0806
0.3408,pi,6.2800,4.2670,0.0823,0.0823
0.3457,pi,6.2800,4.2359,0.0835,0.0835
0.3507,pi,6.2800,4.2576,0.0836,0.0836
0.3557,pi,6.2800,4.2743,0.0837,0.0837
0.3607,pi,6.2800,4.3335,0.0830,0.0830
0.3658,pi,6.2800,4.3350,0.0835,0.0835
0.3707,pi,6.2800,4.3364,0.0840,0.0840
0.3757,pi,6.2800,4.3376,0.0844,0.0844
0.3807,pi,6.2800,4.3841,0.0840,0.0840
0.3857,pi,6.2800,4.4120,0.0839,0.0839
0.3907,pi,6.2800,4.4435,0.0837,0.0837
0.3957,pi,6.2800,4.4687,0.0837,0.0837
0.4008,pi,6.2800,4.4797,0.0839,0.0839
0.4057,pi,6.2800,4.4884,0.0842,0.0842
0.4107,pi,6.2800,4.4954,0.0845,0.0845
0.4156,pi,6.2800,4.5102,0.0846,0.0846
0.4207,pi,6.2800,4.5678,0.0839,0.0839
0.4257,pi,6.2800,4.6140,0.0834,0.0834
0.4307,pi,6.2800,4.6508,0.0831,0.0831
0.4358,pi,6.2800,4.6252,0.0840,0.0840
0.4407,pi,6.2800,4.6050,0.0849,0.0849
0.4457,pi,6.2800,4.6390,0.0846,0.0846
0.4507,pi,6.2800,4.6658,0.0845,0.0845
0.4557,pi,6.2800,4.6921,0.0844,0.0844
0.4608,pi,6.2800,4.7086,0.0844,0.0844
0.4657,pi,6.2800,4.7266,0.0844,0.0844
0.4709,pi,6.2800,4.7362,0.0846,0.0846
0.4757,pi,6.2800,4.6926,0.0859,0.0859
0.4806,pi,6.2800,4.6681,0.0868,0.0868
0.4857,pi,6.2800,4.6484,0.0876,0.0876
0.4907,pi,6.2800,4.6785,0.0874,0.0874
0.4957,pi,6.2800,4.7024,0.0873,0.0873
0.5007,pi,6.2800,4.7217,0.0873,0.0873
0.5057,pi,6.2800,4.7324,0.0875,0.0875
0.5107,pi,6.2800,4.7456,0.0876,0.0876
0.5157,pi,6.2800,4.7564,0.0878,0.0878
0.5208,pi,6.2800,4.7648,0.0880,0.0880
0.5257,pi,6.2800,4.7716,0.0882,0.0882
0.5307,pi,6.2800,4.8234,0.0876,0.0876
0.5357,pi,6.2800,4.8642,0.0871,0.0871
0.5407,pi,6.2800,4.8969,0.0868,0.0868
0.5457,pi,6.2800,4.9229,0.0867,0.0867
0.5507,pi,6.2800,4.9438,0.0866,0.0866
0.5557,pi,6.2800,4.9605,0.0866,0.0866
0.5607,pi,6.2800,4.9739,0.0866,0.0866
0.5658,pi,6.2800,4.9833,0.0868,0.0868
0.5707,pi,6.2800,4.9419,0.0879,0.0879
0.5757,pi,6.2800,4.9130,0.0888,0.0888
0.5807,pi,6.2800,4.8853,0.0897,0.0897
0.5857,pi,6.2800,4.8632,0.0905,0.0905
0.5907,pi,6.2800,4.8456,0.0912,0.0912
0.5957,pi,6.2800,4.8314,0.0919,0.0919
0.6007,pi,6.2800,4.8200,0.0925,0.0925
0.6057,pi,6.2800,4.8109,0.0930,0.0930
0.6107,pi,6.2800,4.8037,0.0935,0.0935
0.6156,pi,6.2800,4.8026,0.0939,0.0939
0.6207,pi,6.2800,4.8027,0.0943,0.0943
0.6257,pi,6.2800,4.8475,0.0938,0.0938
0.6307,pi,6.2800,4.8834,0.0934,0.0934
0.6357,pi,6.2800,4.9119,0.0932,0.0932
0.6407,pi,6.2800,4.9349,0.0931,0.0931
0.6457,pi,6.2800,5.0033,0.0920,0.0920
0.6506,pi,6.2800,5.0536,0.0913,0.0913
0.6557,pi,6.2800,5.0940,0.0908,0.0908
0.6607,pi,6.2800,5.1264,0.0905,0.0905
0.6657,pi,6.2800,5.1522,0.0903,0.0903
0.6707,pi,6.2800,5.1728,0.0901,0.0901
0.6757,pi,6.2800,5.1894,0.0901,0.0901
0.6807,pi,6.2800,5.2025,0.0901,0.0901
0.6857,pi,6.2800,5.2131,0.0901,0.0901
0.6907,pi,6.2800,5.2261,0.0902,0.0902
0.6956,pi,6.2800,5.2319,0.0903,0.0903
0.7007,pi,6.2800,5.1907,0.0914,0.0914
0.7057,pi,6.2800,5.1571,0.0923,0.0923
0.7107,pi,6.2800,5.1310,0.0931,0.0931
0.7157,pi,6.2800,5.1098,0.0938,0.0938
0.7207,pi,6.2800,5.0931,0.0945,0.0945
0.7257,pi,6.2800,5.0792,0.0950,0.0950
0.7306,pi,6.2800,5.0687,0.0956,0.0956
0.7358,pi,6.2800,5.0602,0.0960,0.0960
0.7410,pi,6.2800,5.0531,0.0965,0.0965
0.7458,pi,6.2800,5.0476,0.0969,0.0969
0.7507,pi,6.2800,5.0432,0.0973,0.0973
0.7557,pi,6.2800,5.0398,0.0977,0.0977
0.7608,pi,6.2800,5.0369,0.0980,0.0980
0.7659,pi,6.2800,5.0346,0.0984,0.0984
0.7708,pi,6.2800,5.0830,0.0977,0.0977
0.7759,pi,6.2800,5.1170,0.0974,0.0974
0.7811,pi,6.2800,5.1486,0.0970,0.0970
0.7862,pi,6.2800,5.1738,0.0968,0.0968
0.7911,pi,6.2800,5.1946,0.0967,0.0967
0.7958,pi,6.2800,5.2112,0.0966,0.0966
0.8006,pi,6.2800,5.2200,0.0967,0.0967
0.8056,pi,6.2800,5.2729,0.0959,0.0959
0.8107,pi,6.2800,5.3152,0.0953,0.0953
0.8157,pi,6.2800,5.3491,0.0949,0.0949
0.8207,pi,6.2800,5.3762,0.0945,0.0945
0.8257,pi,6.2800,5.3522,0.0953,0.0953
0.8307,pi,6.2800,5.3332,0.0959,0.0959
0.8357,pi,6.2800,5.3181,0.0964,0.0964
0.8408,pi,6.2800,5.3061,0.0969,0.0969
0.8458,pi,6.2800,5.3004,0.0972,0.0972
0.8507,pi,6.2800,5.2957,0.0976,0.0976
0.8557,pi,6.2800,5.2416,0.0989,0.0989
0.8607,pi,6.2800,5.2487,0.0990,0.0990
0.8656,pi,6.2800,5.2500,0.0993,0.0993
0.8709,pi,6.2800,5.2510,0.0995,0.0995
0.8758,pi,6.2800,5.2564,0.0996,0.0996
0.8809,pi,6.2800,5.2605,0.0998,0.0998
0.8856,pi,6.2800,5.2595,0.1001,0.1001
0.8906,pi,6.2800,5.3046,0.0994,0.0994
0.8956,pi,6.2800,5.3407,0.0990,0.0990
0.9006,pi,6.2800,5.3698,0.0986,0.0986
0.9058,pi,6.2800,5.4018,0.0982,0.0982
0.9108,pi,6.2800,5.3768,0.0989,0.0989
0.9158,pi,6.2800,5.3566,0.0996,0.0996
0.9209,pi,6.2800,5.3395,0.1001,0.1001
0.9258,pi,6.2800,5.3768,0.0996,0.0996
0.9308,pi,6.2800,5.4072,0.0992,0.0992
0.9358,pi,6.2800,5.4312,0.0990,0.0990
0.9408,pi,6.2800,5.4002,0.0998,0.0998
0.9457,pi,6.2800,5.4255,0.0995,0.0995
0.9507,pi,6.2800,5.4457,0.0993,0.0993
0.9557,pi,6.2800,5.4528,0.0994,0.0994
0.9607,pi,6.2800,5.4590,0.0995,0.0995
0.9658,pi,6.2800,5.4639,0.0996,0.0996
0.9707,pi,6.2800,5.4680,0.0997,0.0997
0.9758,pi,6.2800,5.5179,0.0989,0.0989
0.9807,pi,6.2800,5.5114,0.0992,0.0992
0.9858,pi,6.2800,5.5059,0.0995,0.0995
0.9908,pi,6.2800,5.5016,0.0998,0.0998
0.9957,pi,6.2800,5.5437,0.0992,0.0992
1.0007,pi,6.2800,5.5318,0.0996,0.0996
1.0057,pi,6.2800,5.5222,0.1000,0.1000
1.0107,pi,6.2800,5.5147,0.1003,0.1003
1.0158,pi,6.2800,5.5085,0.1006,0.1006
1.0208,pi,6.2800,5.5126,0.1007,0.1007
1.0257,pi,6.2800,5.4656,0.1019,0.1019
1.0306,pi,6.2800,5.4693,0.1020,0.1020
1.0358,pi,6.2800,5.4722,0.1021,0.1021
1.0408,pi,6.2800,5.4836,0.1021,0.1021
1.0457,pi,6.2800,5.4927,0.1021,0.1021
1.0506,pi,6.2800,5.4910,0.1024,0.1024
1.0557,pi,6.2800,5.4895,0.1026,0.1026
1.0608,pi,6.2800,5.4972,0.1026,0.1026
1.0658,pi,6.2800,5.5035,0.1027,0.1027
1.0707,pi,6.2800,5.5589,0.1018,0.1018
1.0759,pi,6.2800,5.6030,0.1011,0.1011
1.0810,pi,6.2800,5.5877,0.1016,0.1016
1.0861,pi,6.2800,5.6243,0.1010,0.1010
1.0907,pi,6.2800,5.6549,0.1006,0.1006
1.0956,pi,6.2800,5.6663,0.1005,0.1005
1.1008,pi,6.2800,5.6382,0.1012,0.1012
1.1063,pi,6.2800,5.6160,0.1018,0.1018
1.1112,pi,6.2800,5.6478,0.1013,0.1013
1.1157,pi,6.2800,5.6605,0.1012,0.1012
1.1207,pi,6.2800,5.6711,0.1012,0.1012
1.1262,pi,6.2800,5.6396,0.1020,0.1020
1.1314,pi,6.2800,5.6661,0.1016,0.1016
1.1365,pi,6.2800,5.6381,0.1023,0.1023
1.1424,pi,6.2800,5.6003,0.1032,0.1032
1.1476,pi,6.2800,5.5857,0.1037,0.1037
1.1526,pi,6.2800,5.6243,0.1031,0.1031
1.1575,pi,6.2800,5.6542,0.1027,0.1027
1.1621,pi,6.2800,5.6655,0.1026,0.1026
1.1668,pi,6.2800,5.6370,0.1033,0.1033
1.1729,pi,6.2800,5.6641,0.1029,0.1029
1.1784,pi,6.2800,5.6872,0.1026,0.1026
1.1845,pi,6.2800,5.6546,0.1034,0.1034
1.1900,pi,6.2800,5.6201,0.1043,0.1043
1.1951,pi,6.2800,5.5930,0.1050,0.1050
1.2003,pi,6.2800,5.6281,0.1044,0.1044
1.2050,pi,6.2800,5.5866,0.1054,0.1054
1.2098,pi,6.2800,5.5761,0.1058,0.1058
1.2143,pi,6.2800,5.6156,0.1052,0.1052
1.2181,pi,6.2800,5.6484,0.1047,0.1047
1.2223,pi,6.2800,5.6245,0.1054,0.1054
1.2264,pi,6.2800,5.5976,0.1061,0.1061
1.2308,pi,6.2800,5.5775,0.1066,0.1066
1.2356,pi,6.2800,5.6072,0.1062,0.1062
1.2407,pi,6.2800,5.6305,0.1059,0.1059
1.2458,pi,6.2800,5.6948,0.1048,0.1048
1.2507,pi,6.2800,5.6994,0.1048,0.1048
1.2557,pi,6.2800,5.7192,0.1046,0.1046
1.2608,pi,6.2800,5.7195,0.1047,0.1047
1.2657,pi,6.2800,5.6736,0.1058,0.1058
1.2707,pi,6.2800,5.6824,0.1058,0.1058
1.2758,pi,6.2800,5.6896,0.1058,0.1058
1.2807,pi,6.2800,5.6941,0.1058,0.1058
1.2857,pi,6.2800,5.7113,0.1056,0.1056
1.2907,pi,6.2800,5.7250,0.1055,0.1055
1.2957,pi,6.2800,5.7221,0.1057,0.1057
1.3007,pi,6.2800,5.6746,0.1068,0.1068
1.3059,pi,6.2800,5.6958,0.1065,0.1065
1.3121,pi,6.2800,5.7118,0.1063,0.1063
1.3189,pi,6.2800,5.6779,0.1072,0.1072
1.3249,pi,6.2800,5.6908,0.1071,0.1071
1.3298,pi,6.2800,5.7053,0.1069,0.1069
1.3336,pi,6.2800,5.7187,0.1068,0.1068
1.3374,pi,6.2800,5.7308,0.1067,0.1067
1.3412,pi,6.2800,5.7272,0.1069,0.1069
1.3457,pi,6.2800,5.7699,0.1062,0.1062
1.3507,pi,6.2800,5.8221,0.1053,0.1053
1.3556,pi,6.2800,5.8458,0.1049,0.1049
1.3608,pi,6.2800,5.8192,0.1055,0.1055
1.3658,pi,6.2800,5.8446,0.1051,0.1051
1.3708,pi,6.2800,5.9042,0.1041,0.1041
1.3757,pi,6.2800,5.8676,0.1049,0.1049
1.3807,pi,6.2800,5.8855,0.1046,0.1046
1.3857,pi,6.2800,5.8979,0.1045,0.1045
1.3908,pi,6.2800,5.8741,0.1051,0.1051
1.3957,pi,6.2800,5.8048,0.1065,0.1065
1.4007,pi,6.2800,5.7862,0.1070,0.1070
1.4058,pi,6.2800,5.7849,0.1072,0.1072
1.4107,pi,6.2800,5.7840,0.1073,0.1073
1.4157,pi,6.2800,5.8152,0.1068,0.1068
1.4208,pi,6.2800,5.7948,0.1073,0.1073
1.4258,pi,6.2800,5.7919,0.1075,0.1075
1.4307,pi,6.2800,5.8218,0.1070,0.1070
1.4358,pi,6.2800,5.8134,0.1073,0.1073
1.4407,pi,6.2800,5.8569,0.1066,0.1066
1.4457,pi,6.2800,5.8737,0.1063,0.1063
1.4507,pi,6.2800,5.8550,0.1068,0.1068
1.4558,pi,6.2800,5.8401,0.1072,0.1072
1.4606,pi,6.2800,5.8605,0.1069,0.1069
1.4657,pi,6.2800,5.8766,0.1067,0.1067
1.4708,pi,6.2800,5.8893,0.1066,0.1066
1.4757,pi,6.2800,5.8996,0.1065,0.1065
1.4808,pi,6.2800,5.8757,0.1070,0.1070
1.4857,pi,6.2800,5.8885,0.1069,0.1069
1.4907,pi,6.2800,5.8992,0.1068,0.1068
1.4957,pi,6.2800,5.8623,0.1076,0.1076
1.5007,pi,6.2800,5.8782,0.1074,0.1074
1.5057,pi,6.2800,5.8908,0.1072,0.1072
1.5112,pi,6.2800,5.8161,0.1088,0.1088
1.5163,pi,6.2800,5.8578,0.1081,0.1081
1.5210,pi,6.2800,5.8406,0.1085,0.1085
1.5262,pi,6.2800,5.8268,0.1089,0.1089
1.5310,pi,6.2800,5.8663,0.1083,0.1083
1.5361,pi,6.2800,5.8487,0.1087,0.1087
1.5407,pi,6.2800,5.8347,0.1091,0.1091
1.5457,pi,6.2800,5.8239,0.1094,0.1094
1.5506,pi,6.2800,5.8472,0.1091,0.1091
1.5557,pi,6.2800,5.8202,0.1097,0.1097
1.5608,pi,6.2800,5.8442,0.1094,0.1094
1.5658,pi,6.2800,5.9101,0.1081,0.1081
1.5708,pi,6.2800,5.8715,0.1090,0.1090
1.5758,pi,6.2800,5.8869,0.1088,0.1088
1.5807,pi,6.2800,5.8994,0.1087,0.1087
1.5857,pi,6.2800,5.8629,0.1095,0.1095
1.5908,pi,6.2800,5.8967,0.1089,0.1089
1.5959,pi,6.2800,5.9235,0.1085,0.1085
1.6014,pi,6.2800,5.8924,0.1092,0.1092
1.6062,pi,6.2800,5.9188,0.1087,0.1087
1.6120,pi,6.2800,5.8897,0.1094,0.1094
1.6166,pi,6.2800,5.8538,0.1102,0.1102
1.6211,pi,6.2800,5.8893,0.1096,0.1096
1.6261,pi,6.2800,5.8675,0.1102,0.1102
1.6308,pi,6.2800,5.8496,0.1106,0.1106
1.6357,pi,6.2800,5.8675,0.1104,0.1104
1.6407,pi,6.2800,5.8822,0.1102,0.1102
1.6458,pi,6.2800,5.9119,0.1097,0.1097
1.6506,pi,6.2800,5.9177,0.1097,0.1097
1.6557,pi,6.2800,5.9240,0.1096,0.1096
1.6608,pi,6.2800,5.8825,0.1106,0.1106
1.6657,pi,6.2800,5.8953,0.1104,0.1104
1.6710,pi,6.2800,5.8722,0.1110,0.1110
1.6763,pi,6.2800,5.9039,0.1104,0.1104
1.6809,pi,6.2800,5.9292,0.1100,0.1100
1.6857,pi,6.2800,5.8995,0.1107,0.1107
1.6906,pi,6.2800,5.9080,0.1106,0.1106
1.6957,pi,6.2800,5.9146,0.1106,0.1106
1.7008,pi,6.2800,5.9202,0.1106,0.1106
1.7057,pi,6.2800,5.9242,0.1106,0.1106
1.7107,pi,6.2800,5.9275,0.1106,0.1106
1.7158,pi,6.2800,5.8980,0.1113,0.1113
1.7208,pi,6.2800,5.9065,0.1112,0.1112
1.7267,pi,6.2800,5.8811,0.1118,0.1118
1.7318,pi,6.2800,5.8928,0.1117,0.1117
1.7357,pi,6.2800,5.9204,0.1112,0.1112
1.7407,pi,6.2800,5.8924,0.1119,0.1119
1.7456,pi,6.2800,5.9020,0.1118,0.1118
1.7508,pi,6.2800,5.8758,0.1124,0.1124
1.7557,pi,6.2800,5.8884,0.1122,0.1122
1.7608,pi,6.2800,5.9168,0.1118,0.1118
1.7657,pi,6.2800,5.9214,0.1118,0.1118
1.7708,pi,6.2800,5.9431,0.1114,0.1114
1.7757,pi,6.2800,5.9426,0.1115,0.1115
1.7807,pi,6.2800,5.9884,0.1107,0.1107
1.7862,pi,6.2800,5.9968,0.1106,0.1106
1.7920,pi,6.2800,6.0032,0.1105,0.1105
1.7963,pi,6.2800,6.0088,0.1105,0.1105
1.8007,pi,6.2800,5.9948,0.1108,0.1108
1.8056,pi,6.2800,6.0311,0.1102,0.1102
1.8107,pi,6.2800,6.0131,0.1106,0.1106
1.8158,pi,6.2800,6.0168,0.1106,0.1106
1.8208,pi,6.2800,6.0471,0.1100,0.1100
1.8267,pi,6.2800,6.0427,0.1102,0.1102
1.8321,pi,6.2800,6.0400,0.1103,0.1103
1.8376,pi,6.2800,6.0196,0.1108,0.1108
1.8415,pi,6.2800,6.0042,0.1111,0.1111
1.8459,pi,6.2800,6.0097,0.1111,0.1111
1.8506,pi,6.2800,5.9958,0.1115,0.1115
1.8557,pi,6.2800,6.0029,0.1114,0.1114
1.8607,pi,6.2800,6.0085,0.1113,0.1113
1.8657,pi,6.2800,5.9946,0.1117,0.1117
1.8707,pi,6.2800,6.0295,0.1111,0.1111
1.8757,pi,6.2800,6.0122,0.1115,0.1115
1.8807,pi,6.2800,6.0450,0.1109,0.1109
1.8857,pi,6.2800,6.0248,0.1113,0.1113
1.8908,pi,6.2800,6.0084,0.1117,0.1117
1.8958,pi,6.2800,6.0130,0.1117,0.1117
1.9011,pi,6.2800,6.0163,0.1117,0.1117
1.9065,pi,6.2800,6.0187,0.1117,0.1117
1.9111,pi,6.2800,6.0209,0.1117,0.1117
1.9156,pi,6.2800,6.0231,0.1118,0.1118
1.9207,pi,6.2800,6.0524,0.1112,0.1112
1.9257,pi,6.2800,6.0984,0.1104,0.1104
1.9307,pi,6.2800,6.0847,0.1107,0.1107
1.9358,pi,6.2800,6.0735,0.1110,0.1110
1.9407,pi,6.2800,6.1152,0.1102,0.1102
1.9458,pi,6.2800,6.0984,0.1106,0.1106
1.9506,pi,6.2800,6.1125,0.1103,0.1103
1.9556,pi,6.2800,6.1244,0.1101,0.1101
1.9608,pi,6.2800,6.0879,0.1109,0.1109
1.9657,pi,6.2800,6.1044,0.1106,0.1106
1.9708,pi,6.2800,6.0897,0.1110,0.1110
1.9758,pi,6.2800,6.0762,0.1113,0.1113
1.9807,pi,6.2800,6.0673,0.1115,0.1115
1.9858,pi,6.2800,6.0588,0.1117,0.1117
1.9908,pi,6.2800,6.0533,0.1119,0.1119
1.9958,pi,6.2800,6.0479,0.1121,0.1121
2.0007,pi,6.2800,6.0446,0.1122,0.1122
2.0058,pi,6.2800,6.0416,0.1123,0.1123
2.0107,pi,6.2800,6.0670,0.1119,0.1119
2.0158,pi,6.2800,6.0599,0.1120,0.1120
2.0207,pi,6.2800,6.0817,0.1117,0.1117
2.0258,pi,6.2800,6.0992,0.1114,0.1114
2.0308,pi,6.2800,6.0857,0.1117,0.1117
2.0357,pi,6.2800,6.1024,0.1114,0.1114
2.0407,pi,6.2800,6.1173,0.1111,0.1111
2.0457,pi,6.2800,6.1279,0.1110,0.1110
2.0507,pi,6.2800,6.1086,0.1114,0.1114
2.0558,pi,6.2800,6.0748,0.1121,0.1121
2.0608,pi,6.2800,6.0662,0.1123,0.1123
2.0657,pi,6.2800,6.0592,0.1125,0.1125
2.0706,pi,6.2800,6.0812,0.1121,0.1121
2.0756,pi,6.2800,6.0532,0.1128,0.1128
2.0808,pi,6.2800,6.0306,0.1133,0.1133
2.0858,pi,6.2800,6.0584,0.1128,0.1128
2.0907,pi,6.2800,6.0529,0.1129,0.1129
2.0957,pi,6.2800,6.0483,0.1131,0.1131
2.1010,pi,6.2800,6.0434,0.1132,0.1132
2.1059,pi,6.2800,6.0901,0.1124,0.1124
2.1108,pi,6.2800,6.0780,0.1127,0.1127
2.1157,pi,6.2800,6.1189,0.1119,0.1119
2.1206,pi,6.2800,6.1292,0.1117,0.1117
2.1258,pi,6.2800,6.0915,0.1125,0.1125
2.1308,pi,6.2800,6.1297,0.1118,0.1118
2.1357,pi,6.2800,6.1378,0.1117,0.1117
2.1406,pi,6.2800,6.1445,0.1116,0.1116
2.1456,pi,6.2800,6.1500,0.1115,0.1115
2.1508,pi,6.2800,6.1085,0.1124,0.1124
2.1557,pi,6.2800,6.1224,0.1121,0.1121
2.1608,pi,6.2800,6.0875,0.1129,0.1129
2.1656,pi,6.2800,6.1048,0.1126,0.1126
2.1707,pi,6.2800,6.0724,0.1133,0.1133
2.1756,pi,6.2800,6.0921,0.1129,0.1129
2.1810,pi,6.2800,6.1077,0.1127,0.1127
2.1862,pi,6.2800,6.1425,0.1120,0.1120
2.1911,pi,6.2800,6.1195,0.1125,0.1125
2.1956,pi,6.2800,6.1016,0.1129,0.1129
2.2006,pi,6.2800,6.1150,0.1127,0.1127
2.2057,pi,6.2800,6.1259,0.1125,0.1125
2.2107,pi,6.2800,6.1347,0.1124,0.1124
2.2158,pi,6.2800,6.1139,0.1128,0.1128
2.2207,pi,6.2800,6.0972,0.1132,0.1132
2.2258,pi,6.2800,6.0837,0.1135,0.1135
2.2308,pi,6.2800,6.0728,0.1138,0.1138
2.2356,pi,6.2800,6.0919,0.1134,0.1134
2.2408,pi,6.2800,6.0623,0.1141,0.1141
2.2457,pi,6.2800,6.0386,0.1146,0.1146
2.2508,pi,6.2800,6.0371,0.1147,0.1147
2.2556,pi,6.2800,6.0862,0.1138,0.1138
2.2606,pi,6.2800,6.0753,0.1140,0.1140
2.2656,pi,6.2800,6.0939,0.1137,0.1137
2.2707,pi,6.2800,6.1091,0.1135,0.1135
2.2757,pi,6.2800,6.1212,0.1133,0.1133
2.2807,pi,6.2800,6.1310,0.1131,0.1131
2.2858,pi,6.2800,6.1109,0.1135,0.1135
2.2907,pi,6.2800,6.1452,0.1129,0.1129
2.2957,pi,6.2800,6.1498,0.1128,0.1128
2.3009,pi,6.2800,6.1760,0.1123,0.1123
2.3057,pi,6.2800,6.1469,0.1130,0.1130
2.3106,pi,6.2800,6.1740,0.1124,0.1124
2.3158,pi,6.2800,6.1453,0.1130,0.1130
2.3209,pi,6.2800,6.1725,0.1125,0.1125
2.3261,pi,6.2800,6.1939,0.1121,0.1121
2.3306,pi,6.2800,6.2114,0.1118,0.1118
2.3357,pi,6.2800,6.2029,0.1120,0.1120
2.3406,pi,6.2800,6.2420,0.1112,0.1112
2.3458,pi,6.2800,6.2274,0.1115,0.1115
2.3507,pi,6.2800,6.2154,0.1118,0.1118
2.3557,pi,6.2800,6.2066,0.1120,0.1120
2.3607,pi,6.2800,6.1715,0.1127,0.1127
2.3657,pi,6.2800,6.1938,0.1123,0.1123
2.3707,pi,6.2800,6.1890,0.1124,0.1124
2.3756,pi,6.2800,6.1397,0.1134,0.1134
2.3809,pi,6.2800,6.1464,0.1133,0.1133
2.3857,pi,6.2800,6.1511,0.1132,0.1132
2.3907,pi,6.2800,6.1271,0.1138,0.1138
2.3958,pi,6.2800,6.1060,0.1142,0.1142
2.4006,pi,6.2800,6.1185,0.1140,0.1140
2.4058,pi,6.2800,6.0994,0.1144,0.1144
2.4106,pi,6.2800,6.1132,0.1142,0.1142
2.4158,pi,6.2800,6.0964,0.1146,0.1146
2.4206,pi,6.2800,6.1111,0.1143,0.1143
2.4258,pi,6.2800,6.1454,0.1137,0.1137
2.4306,pi,6.2800,6.1958,0.1127,0.1127
2.4357,pi,6.2800,6.1904,0.1128,0.1128
2.4408,pi,6.2800,6.1584,0.1135,0.1135
2.4457,pi,6.2800,6.1605,0.1135,0.1135
2.4507,pi,6.2800,6.1639,0.1135,0.1135
2.4556,pi,6.2800,6.1650,0.1135,0.1135
2.4608,pi,6.2800,6.1383,0.1140,0.1140
2.4657,pi,6.2800,6.0985,0.1149,0.1149
2.4709,pi,6.2800,6.0848,0.1152,0.1152
2.4757,pi,6.2800,6.1242,0.1144,0.1144
2.4807,pi,6.2800,6.1057,0.1149,0.1149
2.4857,pi,6.2800,6.0908,0.1152,0.1152
2.4907,pi,6.2800,6.1064,0.1149,0.1149
2.4957,pi,6.2800,6.1648,0.1138,0.1138
2.5007,pi,6.2800,6.1656,0.1138,0.1138
2.5058,pi,6.2800,6.1387,0.1144,0.1144
2.5107,pi,6.2800,6.1447,0.1143,0.1143
2.5157,pi,6.2800,6.1494,0.1142,0.1142
2.5207,pi,6.2800,6.1992,0.1133,0.1133
2.5258,pi,6.2800,6.1654,0.1140,0.1140
2.5306,pi,6.2800,6.1207,0.1149,0.1149
2.5358,pi,6.2800,6.1304,0.1147,0.1147
2.5407,pi,6.2800,6.1839,0.1137,0.1137
2.5457,pi,6.2800,6.1810,0.1138,0.1138
2.5508,pi,6.2800,6.1501,0.1144,0.1144
2.5556,pi,6.2800,6.1538,0.1144,0.1144
2.5608,pi,6.2800,6.1289,0.1149,0.1149
2.5656,pi,6.2800,6.1368,0.1148,0.1148
2.5708,pi,6.2800,6.1158,0.1153,0.1153
2.5756,pi,6.2800,6.1264,0.1151,0.1151
2.5809,pi,6.2800,6.1577,0.1145,0.1145
2.5856,pi,6.2800,6.2057,0.1136,0.1136
2.5908,pi,6.2800,6.1985,0.1137,0.1137
2.5957,pi,6.2800,6.2154,0.1134,0.1134
2.6007,pi,6.2800,6.2060,0.1136,0.1136
2.6056,pi,6.2800,6.2453,0.1128,0.1128
2.6106,pi,6.2800,6.2302,0.1132,0.1132
2.6157,pi,6.2800,6.2184,0.1134,0.1134
2.6206,pi,6.2800,6.2087,0.1136,0.1136
2.6258,pi,6.2800,6.1730,0.1143,0.1143
2.6307,pi,6.2800,6.1949,0.1139,0.1139
2.6360,pi,6.2800,6.1611,0.1146,0.1146
2.6413,pi,6.2800,6.1839,0.1142,0.1142
2.6462,pi,6.2800,6.1509,0.1149,0.1149
2.6515,pi,6.2800,6.1753,0.1144,0.1144
2.6565,pi,6.2800,6.1434,0.1151,0.1151
2.6613,pi,6.2800,6.1187,0.1156,0.1156
2.6662,pi,6.2800,6.1489,0.1151,0.1151
2.6712,pi,6.2800,6.1745,0.1146,0.1146
2.6760,pi,6.2800,6.1950,0.1142,0.1142
2.6809,pi,6.2800,6.1608,0.1149,0.1149
2.6860,pi,6.2800,6.1850,0.1145,0.1145
2.6909,pi,6.2800,6.1817,0.1145,0.1145
2.6959,pi,6.2800,6.1799,0.1146,0.1146
2.7010,pi,6.2800,6.1791,0.1146,0.1146
2.7060,pi,6.2800,6.1783,0.1147,0.1147
2.7109,pi,6.2800,6.1783,0.1147,0.1147
2.7158,pi,6.2800,6.2235,0.1138,0.1138
2.7224,pi,6.2800,6.2028,0.1143,0.1143
2.7273,pi,6.2800,6.2154,0.1140,0.1140
2.7320,pi,6.2800,6.2281,0.1138,0.1138
2.7379,pi,6.2800,6.2374,0.1136,0.1136
2.7425,pi,6.2800,6.2451,0.1135,0.1135
2.7472,pi,6.2800,6.2504,0.1134,0.1134
2.7516,pi,6.2800,6.2560,0.1133,0.1133
2.7563,pi,6.2800,6.2602,0.1132,0.1132
2.7615,pi,6.2800,6.2636,0.1131,0.1131
2.7661,pi,6.2800,6.2149,0.1141,0.1141
2.7712,pi,6.2800,6.2043,0.1143,0.1143
2.7765,pi,6.2800,6.1679,0.1151,0.1151
2.7811,pi,6.2800,6.1907,0.1147,0.1147
2.7862,pi,6.2800,6.1871,0.1148,0.1148
2.7906,pi,6.2800,6.1855,0.1148,0.1148
2.7957,pi,6.2800,6.1841,0.1149,0.1149
2.8006,pi,6.2800,6.1836,0.1149,0.1149
2.8058,pi,6.2800,6.1821,0.1149,0.1149
2.8107,pi,6.2800,6.1810,0.1150,0.1150
2.8159,pi,6.2800,6.1798,0.1150,0.1150
2.8206,pi,6.2800,6.2258,0.1141,0.1141
2.8257,pi,6.2800,6.2166,0.1143,0.1143
2.8307,pi,6.2800,6.2560,0.1136,0.1136
2.8358,pi,6.2800,6.2407,0.1139,0.1139
2.8407,pi,6.2800,6.2734,0.1132,0.1132
2.8458,pi,6.2800,6.2526,0.1137,0.1137
2.8508,pi,6.2800,6.2081,0.1146,0.1146
2.8556,pi,6.2800,6.2002,0.1147,0.1147
2.8607,pi,6.2800,6.1665,0.1154,0.1154
2.8656,pi,6.2800,6.1670,0.1154,0.1154
2.8708,pi,6.2800,6.1399,0.1160,0.1160
2.8756,pi,6.2800,6.1457,0.1159,0.1159
2.8808,pi,6.2800,6.1229,0.1164,0.1164
2.8856,pi,6.2800,6.1321,0.1163,0.1163
2.8908,pi,6.2800,6.1395,0.1162,0.1162
2.8957,pi,6.2800,6.0998,0.1170,0.1170
2.9008,pi,6.2800,6.1135,0.1168,0.1168
2.9057,pi,6.2800,6.1474,0.1161,0.1161
2.9107,pi,6.2800,6.1745,0.1156,0.1156
2.9156,pi,6.2800,6.2193,0.1148,0.1148
2.9208,pi,6.2800,6.2095,0.1150,0.1150
2.9257,pi,6.2800,6.2472,0.1142,0.1142
2.9307,pi,6.2800,6.2316,0.1145,0.1145
2.9358,pi,6.2800,6.2192,0.1148,0.1148
2.9407,pi,6.2800,6.2095,0.1150,0.1150
2.9457,pi,6.2800,6.2016,0.1152,0.1152
2.9507,pi,6.2800,6.2409,0.1144,0.1144
2.9557,pi,6.2800,6.2268,0.1147,0.1147
2.9608,pi,6.2800,6.2157,0.1150,0.1150
2.9658,pi,6.2800,6.1787,0.1157,0.1157
2.9706,pi,6.2800,6.1995,0.1153,0.1153
2.9757,pi,6.2800,6.1933,0.1155,0.1155
2.9808,pi,6.2800,6.1885,0.1156,0.1156
2.9856,pi,6.2800,6.1848,0.1157,0.1157
2.9906,pi,6.2800,6.2276,0.1148,0.1148
2.9957,pi,6.2800,6.2160,0.1151,0.1151
3.0007,pi,6.2800,6.2525,0.1144,0.1144
3.0057,pi,6.2800,6.2584,0.1143,0.1143
3.0107,pi,6.2800,6.2631,0.1142,0.1142
3.0157,pi,6.2800,6.2440,0.1146,0.1146
3.0208,pi,6.2800,6.2516,0.1144,0.1144
3.0264,pi,6.2800,6.2558,0.1143,0.1143
3.0307,pi,6.2800,6.2602,0.1143,0.1143
3.0358,pi,6.2800,6.2641,0.1142,0.1142
3.0407,pi,6.2800,6.2675,0.1141,0.1141
3.0458,pi,6.2800,6.2702,0.1141,0.1141
3.0508,pi,6.2800,6.2706,0.1141,0.1141
3.0557,pi,6.2800,6.2728,0.1140,0.1140
3.0608,pi,6.2800,6.2226,0.1150,0.1150
3.0658,pi,6.2800,6.2343,0.1148,0.1148
3.0707,pi,6.2800,6.2439,0.1146,0.1146
3.0757,pi,6.2800,6.2288,0.1149,0.1149
3.0807,pi,6.2800,6.2184,0.1152,0.1152
3.0858,pi,6.2800,6.2091,0.1154,0.1154
3.0908,pi,6.2800,6.1732,0.1161,0.1161
3.0957,pi,6.2800,6.1949,0.1157,0.1157
3.1008,pi,6.2800,6.1894,0.1158,0.1158
3.1060,pi,6.2800,6.2079,0.1155,0.1155
3.1113,pi,6.2800,6.2227,0.1152,0.1152
3.1160,pi,6.2800,6.2342,0.1150,0.1150
3.1208,pi,6.2800,6.1936,0.1158,0.1158
3.1257,pi,6.2800,6.2113,0.1155,0.1155
3.1306,pi,6.2800,6.2028,0.1157,0.1157
3.1357,pi,6.2800,6.2418,0.1149,0.1149
3.1408,pi,6.2800,6.2500,0.1147,0.1147
3.1458,pi,6.2800,6.2797,0.1142,0.1142
3.1507,pi,6.2800,6.3033,0.1137,0.1137
3.1556,pi,6.2800,6.3223,0.1133,0.1133
3.1607,pi,6.2800,6.2920,0.1139,0.1139
3.1659,pi,6.2800,6.3146,0.1134,0.1134
3.1707,pi,6.2800,6.2858,0.1140,0.1140
3.1759,pi,6.2800,6.2852,0.1140,0.1140
3.1808,pi,6.2800,6.2847,0.1140,0.1140
3.1856,pi,6.2800,6.3073,0.1136,0.1136
3.1907,pi,6.2800,6.2796,0.1141,0.1141
3.1957,pi,6.2800,6.3035,0.1136,0.1136
3.2008,pi,6.2800,6.2491,0.1147,0.1147
3.2057,pi,6.2800,6.2559,0.1146,0.1146
3.2108,pi,6.2800,6.2613,0.1145,0.1145
3.2157,pi,6.2800,6.2656,0.1144,0.1144
3.2207,pi,6.2800,6.2462,0.1148,0.1148
3.2258,pi,6.2800,6.2519,0.1147,0.1147
3.2308,pi,6.2800,6.2581,0.1146,0.1146
3.2357,pi,6.2800,6.2628,0.1145,0.1145
3.2408,pi,6.2800,6.2667,0.1144,0.1144
3.2459,pi,6.2800,6.2196,0.1154,0.1154
3.2510,pi,6.2800,6.2320,0.1151,0.1151
3.2560,pi,6.2800,6.1919,0.1159,0.1159
3.2606,pi,6.2800,6.1876,0.1161,0.1161
3.2658,pi,6.2800,6.1841,0.1161,0.1161
3.2707,pi,6.2800,6.1815,0.1162,0.1162
3.2758,pi,6.2800,6.1792,0.1163,0.1163
3.2807,pi,6.2800,6.1790,0.1163,0.1163
3.2857,pi,6.2800,6.1774,0.1164,0.1164
3.2907,pi,6.2800,6.1763,0.1164,0.1164
3.2958,pi,6.2800,6.1753,0.1165,0.1165
3.3006,pi,6.2800,6.2201,0.1156,0.1156
3.3059,pi,6.2800,6.2325,0.1154,0.1154
3.3108,pi,6.2800,6.2424,0.1152,0.1152
3.3159,pi,6.2800,6.2501,0.1150,0.1150
3.3207,pi,6.2800,6.2561,0.1149,0.1149
3.3258,pi,6.2800,6.2612,0.1148,0.1148
3.3307,pi,6.2800,6.2654,0.1148,0.1148
3.3358,pi,6.2800,6.2686,0.1147,0.1147
3.3407,pi,6.2800,6.2711,0.1146,0.1146
3.3458,pi,6.2800,6.2733,0.1146,0.1146
3.3507,pi,6.2800,6.2749,0.1146,0.1146
3.3557,pi,6.2800,6.2534,0.1150,0.1150
3.3607,pi,6.2800,6.2826,0.1144,0.1144
3.3658,pi,6.2800,6.2600,0.1149,0.1149
3.3707,pi,6.2800,6.2420,0.1152,0.1152
3.3758,pi,6.2800,6.2279,0.1155,0.1155
3.3810,pi,6.2800,6.2384,0.1153,0.1153
3.3857,pi,6.2800,6.2470,0.1152,0.1152
3.3907,pi,6.2800,6.2040,0.1160,0.1160
3.3957,pi,6.2800,6.1971,0.1162,0.1162
3.4008,pi,6.2800,6.2372,0.1154,0.1154
3.4059,pi,6.2800,6.2463,0.1152,0.1152
3.4107,pi,6.2800,6.2033,0.1161,0.1161
3.4158,pi,6.2800,6.2192,0.1158,0.1158
3.4208,pi,6.2800,6.2318,0.1156,0.1156
3.4256,pi,6.2800,6.2419,0.1154,0.1154
3.4307,pi,6.2800,6.2272,0.1157,0.1157
3.4357,pi,6.2800,6.2163,0.1159,0.1159
3.4409,pi,6.2800,6.2801,0.1147,0.1147
3.4457,pi,6.2800,6.3039,0.1142,0.1142
3.4508,pi,6.2800,6.2493,0.1153,0.1153
3.4556,pi,6.2800,6.2334,0.1156,0.1156
3.4607,pi,6.2800,6.2208,0.1159,0.1159
3.4657,pi,6.2800,6.2565,0.1152,0.1152
3.4709,pi,6.2800,6.2389,0.1155,0.1155
3.4758,pi,6.2800,6.2474,0.1154,0.1154
3.4807,pi,6.2800,6.3045,0.1142,0.1142
3.4857,pi,6.2800,6.2999,0.1143,0.1143
3.4907,pi,6.2800,6.2734,0.1148,0.1148
3.4958,pi,6.2800,6.2752,0.1148,0.1148
3.5007,pi,6.2800,6.2767,0.1148,0.1148
3.5057,pi,6.2800,6.2778,0.1148,0.1148
3.5108,pi,6.2800,6.2776,0.1148,0.1148
3.5159,pi,6.2800,6.2782,0.1148,0.1148
3.5207,pi,6.2800,6.2789,0.1147,0.1147
3.5257,pi,6.2800,6.3027,0.1143,0.1143
3.5307,pi,6.2800,6.2763,0.1148,0.1148
3.5357,pi,6.2800,6.2554,0.1152,0.1152
3.5407,pi,6.2800,6.2385,0.1155,0.1155
3.5457,pi,6.2800,6.2707,0.1149,0.1149
3.5507,pi,6.2800,6.2506,0.1153,0.1153
3.5557,pi,6.2800,6.2804,0.1147,0.1147
3.5608,pi,6.2800,6.2583,0.1152,0.1152
3.5657,pi,6.2800,6.2871,0.1146,0.1146
3.5707,pi,6.2800,6.2638,0.1151,0.1151
3.5758,pi,6.2800,6.2674,0.1150,0.1150
3.5807,pi,6.2800,6.2703,0.1149,0.1149
3.5857,pi,6.2800,6.2726,0.1149,0.1149
3.5909,pi,6.2800,6.2742,0.1149,0.1149
3.5959,pi,6.2800,6.2253,0.1158,0.1158
3.6011,pi,6.2800,6.2362,0.1156,0.1156
3.6060,pi,6.2800,6.2450,0.1155,0.1155
3.6107,pi,6.2800,6.2523,0.1153,0.1153
3.6156,pi,6.2800,6.2355,0.1157,0.1157
3.6208,pi,6.2800,6.2450,0.1155,0.1155
3.6257,pi,6.2800,6.2756,0.1149,0.1149
3.6308,pi,6.2800,6.2542,0.1153,0.1153
3.6357,pi,6.2800,6.2598,0.1152,0.1152
3.6408,pi,6.2800,6.2642,0.1151,0.1151
3.6458,pi,6.2800,6.2909,0.1146,0.1146
3.6508,pi,6.2800,6.3124,0.1142,0.1142
3.6558,pi,6.2800,6.2841,0.1147,0.1147
3.6608,pi,6.2800,6.2611,0.1152,0.1152
3.6658,pi,6.2800,6.2885,0.1147,0.1147
3.6706,pi,6.2800,6.3105,0.1142,0.1142
3.6756,pi,6.2800,6.2825,0.1148,0.1148
3.6807,pi,6.2800,6.2597,0.1152,0.1152
3.6858,pi,6.2800,6.2875,0.1147,0.1147
3.6906,pi,6.2800,6.2640,0.1151,0.1151
3.6958,pi,6.2800,6.2172,0.1161,0.1161
3.7008,pi,6.2800,6.2304,0.1158,0.1158
3.7057,pi,6.2800,6.2408,0.1156,0.1156
3.7107,pi,6.2800,6.2491,0.1155,0.1155
3.7158,pi,6.2800,6.2029,0.1164,0.1164
3.7208,pi,6.2800,6.2184,0.1161,0.1161
3.7257,pi,6.2800,6.2308,0.1159,0.1159
3.7307,pi,6.2800,6.2411,0.1157,0.1157
3.7358,pi,6.2800,6.1988,0.1165,0.1165
3.7407,pi,6.2800,6.2153,0.1162,0.1162
3.7458,pi,6.2800,6.2059,0.1164,0.1164
3.7508,pi,6.2800,6.2211,0.1162,0.1162
3.7558,pi,6.2800,6.2334,0.1159,0.1159
3.7606,pi,6.2800,6.2663,0.1153,0.1153
3.7657,pi,6.2800,6.2470,0.1157,0.1157
3.7708,pi,6.2800,6.2540,0.1155,0.1155
3.7758,pi,6.2800,6.2598,0.1154,0.1154
3.7806,pi,6.2800,6.2874,0.1149,0.1149
3.7858,pi,6.2800,6.2638,0.1153,0.1153
3.7910,pi,6.2800,6.2671,0.1153,0.1153
3.7961,pi,6.2800,6.2650,0.1153,0.1153
3.8011,pi,6.2800,6.2680,0.1153,0.1153
3.8063,pi,6.2800,6.2689,0.1153,0.1153
3.8114,pi,6.2800,6.2699,0.1152,0.1152
3.8160,pi,6.2800,6.2695,0.1153,0.1153
3.8211,pi,6.2800,6.2713,0.1152,0.1152
3.8263,pi,6.2800,6.2721,0.1152,0.1152
3.8314,pi,6.2800,6.2731,0.1152,0.1152
3.8359,pi,6.2800,6.2732,0.1152,0.1152
3.8410,pi,6.2800,6.2973,0.1147,0.1147
3.8462,pi,6.2800,6.2706,0.1152,0.1152
3.8507,pi,6.2800,6.3001,0.1147,0.1147
3.8556,pi,6.2800,6.2747,0.1152,0.1152
3.8608,pi,6.2800,6.2559,0.1155,0.1155
3.8657,pi,6.2800,6.2403,0.1158,0.1158
3.8707,pi,6.2800,6.2747,0.1152,0.1152
3.8757,pi,6.2800,6.2547,0.1156,0.1156
3.8807,pi,6.2800,6.2851,0.1150,0.1150
3.8857,pi,6.2800,6.2633,0.1154,0.1154
3.8907,pi,6.2800,6.2921,0.1148,0.1148
3.8957,pi,6.2800,6.2681,0.1153,0.1153
3.9007,pi,6.2800,6.2498,0.1157,0.1157
3.9057,pi,6.2800,6.2564,0.1156,0.1156
3.9107,pi,6.2800,6.2847,0.1150,0.1150
3.9157,pi,6.2800,6.3073,0.1145,0.1145
3.9207,pi,6.2800,6.3255,0.1142,0.1142
3.9258,pi,6.2800,6.3169,0.1143,0.1143
3.9307,pi,6.2800,6.3101,0.1145,0.1145
3.9357,pi,6.2800,6.3047,0.1146,0.1146
3.9408,pi,6.2800,6.2495,0.1157,0.1157
3.9457,pi,6.2800,6.2337,0.1160,0.1160
3.9507,pi,6.2800,6.2667,0.1153,0.1153
3.9557,pi,6.2800,6.2931,0.1148,0.1148
3.9606,pi,6.2800,6.3143,0.1144,0.1144
3.9657,pi,6.2800,6.3079,0.1145,0.1145
3.9707,pi,6.2800,6.3027,0.1146,0.1146
3.9756,pi,6.2800,6.2757,0.1151,0.1151
3.9807,pi,6.2800,6.2267,0.1161,0.1161
3.9857,pi,6.2800,6.2378,0.1159,0.1159
3.9906,pi,6.2800,6.2697,0.1153,0.1153
3.9958,pi,6.2800,6.2719,0.1152,0.1152
4.0007,pi,6.2800,6.2740,0.1152,0.1152
4.0057,pi,6.2800,6.2758,0.1152,0.1152
4.0107,pi,6.2800,6.2771,0.1151,0.1151
4.0157,pi,6.2800,6.2551,0.1156,0.1156
4.0209,pi,6.2800,6.2101,0.1165,0.1165
4.0258,pi,6.2800,6.2245,0.1162,0.1162
4.0307,pi,6.2800,6.2591,0.1155,0.1155
4.0357,pi,6.2800,6.2869,0.1150,0.1150
4.0407,pi,6.2800,6.3092,0.1145,0.1145
4.0457,pi,6.2800,6.2811,0.1151,0.1151
4.0508,pi,6.2800,6.2814,0.1151,0.1151
4.0557,pi,6.2800,6.2815,0.1151,0.1151
4.0607,pi,6.2800,6.2312,0.1161,0.1161
4.0658,pi,6.2800,6.2409,0.1159,0.1159
4.0707,pi,6.2800,6.2720,0.1153,0.1153
4.0757,pi,6.2800,6.2973,0.1148,0.1148
4.0808,pi,6.2800,6.2945,0.1148,0.1148
4.0857,pi,6.2800,6.2693,0.1153,0.1153
4.0907,pi,6.2800,6.2721,0.1153,0.1153
4.0957,pi,6.2800,6.2742,0.1152,0.1152
4.1008,pi,6.2800,6.2256,0.1162,0.1162
4.1057,pi,6.2800,6.2143,0.1165,0.1165
4.1108,pi,6.2800,6.2780,0.1152,0.1152
4.1163,pi,6.2800,6.2771,0.1152,0.1152
4.1208,pi,6.2800,6.2777,0.1152,0.1152
4.1257,pi,6.2800,6.2778,0.1152,0.1152
4.1306,pi,6.2800,6.3018,0.1147,0.1147
4.1357,pi,6.2800,6.2755,0.1153,0.1153
4.1408,pi,6.2800,6.2266,0.1162,0.1162
4.1458,pi,6.2800,6.2377,0.1160,0.1160
4.1508,pi,6.2800,6.2465,0.1159,0.1159
4.1558,pi,6.2800,6.2535,0.1157,0.1157
4.1607,pi,6.2800,6.2362,0.1161,0.1161
4.1657,pi,6.2800,6.2234,0.1163,0.1163
4.1708,pi,6.2800,6.2147,0.1165,0.1165
4.1757,pi,6.2800,6.2059,0.1167,0.1167
4.1808,pi,6.2800,6.1707,0.1174,0.1174
4.1859,pi,6.2800,6.1927,0.1170,0.1170
4.1907,pi,6.2800,6.2606,0.1157,0.1157
4.1956,pi,6.2800,6.2878,0.1152,0.1152
4.2008,pi,6.2800,6.2641,0.1156,0.1156
4.2058,pi,6.2800,6.2679,0.1156,0.1156
4.2107,pi,6.2800,6.2708,0.1155,0.1155
4.2157,pi,6.2800,6.2732,0.1155,0.1155
4.2207,pi,6.2800,6.2751,0.1154,0.1154
4.2257,pi,6.2800,6.2767,0.1154,0.1154
4.2306,pi,6.2800,6.2562,0.1158,0.1158
4.2357,pi,6.2800,6.2850,0.1152,0.1152
4.2407,pi,6.2800,6.2622,0.1157,0.1157
4.2458,pi,6.2800,6.2664,0.1156,0.1156
4.2507,pi,6.2800,6.2695,0.1155,0.1155
4.2556,pi,6.2800,6.2954,0.1150,0.1150
4.2607,pi,6.2800,6.2706,0.1155,0.1155
4.2657,pi,6.2800,6.2966,0.1150,0.1150
4.2710,pi,6.2800,6.3443,0.1140,0.1140
4.2758,pi,6.2800,6.3308,0.1143,0.1143
4.2807,pi,6.2800,6.3202,0.1145,0.1145
4.2857,pi,6.2800,6.3128,0.1146,0.1146
4.2906,pi,6.2800,6.3298,0.1143,0.1143
4.2958,pi,6.2800,6.3204,0.1145,0.1145
4.3008,pi,6.2800,6.3119,0.1146,0.1146
4.3057,pi,6.2800,6.3059,0.1147,0.1147
4.3107,pi,6.2800,6.3009,0.1148,0.1148
4.3157,pi,6.2800,6.2971,0.1149,0.1149
4.3207,pi,6.2800,6.2710,0.1154,0.1154
4.3258,pi,6.2800,6.2508,0.1158,0.1158
4.3307,pi,6.2800,6.2356,0.1161,0.1161
4.3357,pi,6.2800,6.2447,0.1160,0.1160
4.3407,pi,6.2800,6.2016,0.1168,0.1168
4.3458,pi,6.2800,6.2177,0.1165,0.1165
4.3507,pi,6.2800,6.2536,0.1158,0.1158
4.3559,pi,6.2800,6.2590,0.1157,0.1157
4.3606,pi,6.2800,6.2409,0.1161,0.1161
4.3657,pi,6.2800,6.2725,0.1155,0.1155
4.3707,pi,6.2800,6.2520,0.1159,0.1159
4.3758,pi,6.2800,6.2577,0.1158,0.1158
4.3808,pi,6.2800,6.2626,0.1157,0.1157
4.3857,pi,6.2800,6.2895,0.1152,0.1152
4.3906,pi,6.2800,6.3114,0.1147,0.1147
4.3957,pi,6.2800,6.3287,0.1144,0.1144
4.4008,pi,6.2800,6.2691,0.1155,0.1155
4.4057,pi,6.2800,6.2489,0.1159,0.1159
4.4107,pi,6.2800,6.3059,0.1148,0.1148
4.4157,pi,6.2800,6.3011,0.1149,0.1149
4.4207,pi,6.2800,6.2970,0.1150,0.1150
4.4257,pi,6.2800,6.3167,0.1146,0.1146
4.4308,pi,6.2800,6.3333,0.1142,0.1142
4.4357,pi,6.2800,6.3462,0.1140,0.1140
4.4407,pi,6.2800,6.3333,0.1142,0.1142
4.4457,pi,6.2800,6.3001,0.1149,0.1149
4.4507,pi,6.2800,6.3197,0.1145,0.1145
4.4557,pi,6.2800,6.3362,0.1141,0.1141
4.4609,pi,6.2800,6.2736,0.1154,0.1154
4.4658,pi,6.2800,6.2754,0.1153,0.1153
4.4709,pi,6.2800,6.3271,0.1143,0.1143
4.4759,pi,6.2800,6.3171,0.1145,0.1145
4.4818,pi,6.2800,6.2573,0.1157,0.1157
4.4863,pi,6.2800,6.2621,0.1156,0.1156
4.4913,pi,6.2800,6.2156,0.1165,0.1165
4.4958,pi,6.2800,6.2281,0.1163,0.1163
4.5007,pi,6.2800,6.1889,0.1171,0.1171
4.5056,pi,6.2800,6.2071,0.1167,0.1167
4.5106,pi,6.2800,6.1988,0.1169,0.1169
4.5157,pi,6.2800,6.2397,0.1161,0.1161
4.5207,pi,6.2800,6.2256,0.1164,0.1164
4.5257,pi,6.2800,6.2144,0.1167,0.1167
4.5307,pi,6.2800,6.2063,0.1168,0.1168
4.5357,pi,6.2800,6.2469,0.1160,0.1160
4.5407,pi,6.2800,6.2317,0.1164,0.1164
4.5457,pi,6.2800,6.2654,0.1157,0.1157
4.5507,pi,6.2800,6.2471,0.1161,0.1161
4.5558,pi,6.2800,6.2535,0.1159,0.1159
4.5607,pi,6.2800,6.2591,0.1158,0.1158
4.5657,pi,6.2800,6.2867,0.1153,0.1153
4.5707,pi,6.2800,6.2632,0.1158,0.1158
4.5757,pi,6.2800,6.2902,0.1152,0.1152
4.5807,pi,6.2800,6.2660,0.1157,0.1157
4.5857,pi,6.2800,6.2926,0.1152,0.1152
4.5908,pi,6.2800,6.2905,0.1152,0.1152
4.5957,pi,6.2800,6.2890,0.1152,0.1152
4.6007,pi,6.2800,6.2876,0.1153,0.1153
4.6057,pi,6.2800,6.3095,0.1148,0.1148
4.6108,pi,6.2800,6.2819,0.1154,0.1154
4.6158,pi,6.2800,6.2821,0.1154,0.1154
4.6207,pi,6.2800,6.2821,0.1154,0.1154
4.6257,pi,6.2800,6.2823,0.1154,0.1154
4.6307,pi,6.2800,6.2824,0.1154,0.1154
4.6357,pi,6.2800,6.2822,0.1154,0.1154
4.6407,pi,6.2800,6.2593,0.1158,0.1158
4.6457,pi,6.2800,6.2871,0.1153,0.1153
4.6507,pi,6.2800,6.2636,0.1157,0.1157
4.6559,pi,6.2800,6.2907,0.1152,0.1152
4.6609,pi,6.2800,6.2886,0.1152,0.1152
4.6660,pi,6.2800,6.2869,0.1153,0.1153
4.6712,pi,6.2800,6.2857,0.1153,0.1153
4.6756,pi,6.2800,6.2851,0.1153,0.1153
4.6807,pi,6.2800,6.2618,0.1158,0.1158
4.6857,pi,6.2800,6.2891,0.1152,0.1152
4.6908,pi,6.2800,6.2651,0.1157,0.1157
4.6958,pi,6.2800,6.2686,0.1156,0.1156
4.7008,pi,6.2800,6.2708,0.1156,0.1156
4.7058,pi,6.2800,6.2729,0.1156,0.1156
4.7107,pi,6.2800,6.2515,0.1160,0.1160
4.7157,pi,6.2800,6.2812,0.1154,0.1154
4.7207,pi,6.2800,6.2593,0.1158,0.1158
4.7258,pi,6.2800,6.2875,0.1153,0.1153
4.7308,pi,6.2800,6.2866,0.1153,0.1153
4.7357,pi,6.2800,6.2858,0.1153,0.1153
4.7408,pi,6.2800,6.2839,0.1153,0.1153
4.7457,pi,6.2800,6.3065,0.1149,0.1149
4.7508,pi,6.2800,6.3010,0.1150,0.1150
4.7557,pi,6.2800,6.3205,0.1146,0.1146
4.7608,pi,6.2800,6.2903,0.1152,0.1152
4.7657,pi,6.2800,6.3120,0.1148,0.1148
4.7708,pi,6.2800,6.3062,0.1149,0.1149
4.7757,pi,6.2800,6.3016,0.1150,0.1150
4.7807,pi,6.2800,6.2750,0.1155,0.1155
4.7857,pi,6.2800,6.2997,0.1150,0.1150
4.7907,pi,6.2800,6.2735,0.1155,0.1155
4.7958,pi,6.2800,6.2753,0.1155,0.1155
4.8007,pi,6.2800,6.2538,0.1159,0.1159
4.8057,pi,6.2800,6.2836,0.1153,0.1153
4.8107,pi,6.2800,6.2607,0.1158,0.1158
4.8157,pi,6.2800,6.2881,0.1152,0.1152
4.8207,pi,6.2800,6.2871,0.1152,0.1152
4.8257,pi,6.2800,6.3092,0.1148,0.1148
4.8308,pi,6.2800,6.2813,0.1154,0.1154
4.8358,pi,6.2800,6.2813,0.1153,0.1153
4.8407,pi,6.2800,6.2816,0.1153,0.1153
4.8457,pi,6.2800,6.2819,0.1153,0.1153
4.8507,pi,6.2800,6.2592,0.1158,0.1158
4.8557,pi,6.2800,6.2640,0.1157,0.1157
4.8606,pi,6.2800,6.2449,0.1161,0.1161
4.8658,pi,6.2800,6.2526,0.1159,0.1159
4.8707,pi,6.2800,6.2358,0.1163,0.1163
4.8758,pi,6.2800,6.2452,0.1161,0.1161
4.8807,pi,6.2800,6.2527,0.1160,0.1160
4.8857,pi,6.2800,6.2818,0.1154,0.1154
4.8907,pi,6.2800,6.2593,0.1158,0.1158
4.8958,pi,6.2800,6.2640,0.1158,0.1158
4.9007,pi,6.2800,6.2449,0.1161,0.1161
4.9057,pi,6.2800,6.2756,0.1155,0.1155
4.9107,pi,6.2800,6.2771,0.1155,0.1155
4.9157,pi,6.2800,6.2782,0.1155,0.1155
4.9208,pi,6.2800,6.2790,0.1155,0.1155
4.9257,pi,6.2800,6.2797,0.1155,0.1155
4.9308,pi,6.2800,6.2804,0.1154,0.1154
4.9357,pi,6.2800,6.2808,0.1154,0.1154
4.9407,pi,6.2800,6.2583,0.1159,0.1159
4.9457,pi,6.2800,6.2863,0.1153,0.1153
4.9507,pi,6.2800,6.2628,0.1158,0.1158
4.9557,pi,6.2800,6.2667,0.1157,0.1157
4.9607,pi,6.2800,6.2700,0.1157,0.1157
4.9657,pi,6.2800,6.2724,0.1156,0.1156
4.9707,pi,6.2800,6.2517,0.1160,0.1160
4.9758,pi,6.2800,6.2575,0.1159,0.1159
4.9807,pi,6.2800,6.2399,0.1163,0.1163
4.9857,pi,6.2800,6.2716,0.1157,0.1157
4.9908,pi,6.2800,6.2739,0.1156,0.1156
4.9957,pi,6.2800,6.2757,0.1156,0.1156
5.0007,pi,6.2800,6.2771,0.1155,0.1155
5.0057,pi,6.2800,6.3011,0.1151,0.1151
5.0107,pi,6.2800,6.2746,0.1156,0.1156
5.0157,pi,6.2800,6.2993,0.1151,0.1151
5.0207,pi,6.2800,6.2734,0.1156,0.1156
5.0258,pi,6.2800,6.2524,0.1160,0.1160
5.0308,pi,6.2800,6.2585,0.1159,0.1159
5.0357,pi,6.2800,6.2634,0.1158,0.1158
5.0407,pi,6.2800,6.2673,0.1158,0.1158
5.0457,pi,6.2800,6.2704,0.1157,0.1157
5.0507,pi,6.2800,6.2500,0.1161,0.1161
5.0557,pi,6.2800,6.2796,0.1155,0.1155
5.0607,pi,6.2800,6.2574,0.1160,0.1160
5.0657,pi,6.2800,6.2856,0.1154,0.1154
5.0707,pi,6.2800,6.2621,0.1159,0.1159
5.0757,pi,6.2800,6.2892,0.1153,0.1153
5.0808,pi,6.2800,6.2880,0.1154,0.1154
5.0857,pi,6.2800,6.2870,0.1154,0.1154
5.0907,pi,6.2800,6.2633,0.1158,0.1158
5.0957,pi,6.2800,6.2902,0.1153,0.1153
5.1008,pi,6.2800,6.2887,0.1153,0.1153
5.1057,pi,6.2800,6.2875,0.1154,0.1154
5.1108,pi,6.2800,6.2855,0.1154,0.1154
5.1160,pi,6.2800,6.2847,0.1154,0.1154
5.1209,pi,6.2800,6.2831,0.1154,0.1154
5.1257,pi,6.2800,6.2828,0.1155,0.1155
5.1307,pi,6.2800,6.2602,0.1159,0.1159
5.1357,pi,6.2800,6.2879,0.1154,0.1154
5.1408,pi,6.2800,6.2868,0.1154,0.1154
5.1458,pi,6.2800,6.2859,0.1154,0.1154
5.1507,pi,6.2800,6.3081,0.1149,0.1149
5.1557,pi,6.2800,6.3261,0.1146,0.1146
5.1607,pi,6.2800,6.2946,0.1152,0.1152
5.1657,pi,6.2800,6.3163,0.1148,0.1148
5.1707,pi,6.2800,6.2871,0.1153,0.1153
5.1757,pi,6.2800,6.3105,0.1149,0.1149
5.1807,pi,6.2800,6.3048,0.1150,0.1150
5.1857,pi,6.2800,6.3005,0.1151,0.1151
5.1906,pi,6.2800,6.2741,0.1156,0.1156
5.1957,pi,6.2800,6.2988,0.1151,0.1151
5.2007,pi,6.2800,6.2728,0.1156,0.1156
5.2057,pi,6.2800,6.2523,0.1160,0.1160
5.2107,pi,6.2800,6.2356,0.1164,0.1164
5.2157,pi,6.2800,6.2450,0.1162,0.1162
5.2207,pi,6.2800,6.2526,0.1160,0.1160
5.2257,pi,6.2800,6.2586,0.1159,0.1159
5.2307,pi,6.2800,6.2407,0.1163,0.1163
5.2357,pi,6.2800,6.2723,0.1157,0.1157
5.2407,pi,6.2800,6.2518,0.1161,0.1161
5.2458,pi,6.2800,6.2812,0.1155,0.1155
5.2507,pi,6.2800,6.2591,0.1159,0.1159
5.2556,pi,6.2800,6.2872,0.1154,0.1154
5.2607,pi,6.2800,6.2637,0.1158,0.1158
5.2657,pi,6.2800,6.2909,0.1153,0.1153
5.2707,pi,6.2800,6.2668,0.1158,0.1158
5.2757,pi,6.2800,6.2934,0.1153,0.1153
5.2807,pi,6.2800,6.2688,0.1157,0.1157
5.2857,pi,6.2800,6.2949,0.1152,0.1152
5.2907,pi,6.2800,6.2698,0.1157,0.1157
5.2959,pi,6.2800,6.2723,0.1157,0.1157
5.3009,pi,6.2800,6.2730,0.1157,0.1157
5.3058,pi,6.2800,6.2747,0.1156,0.1156
5.3108,pi,6.2800,6.2761,0.1156,0.1156
5.3158,pi,6.2800,6.2767,0.1156,0.1156
5.3207,pi,6.2800,6.2778,0.1156,0.1156
5.3256,pi,6.2800,6.3017,0.1151,0.1151
5.3307,pi,6.2800,6.2979,0.1152,0.1152
5.3356,pi,6.2800,6.3179,0.1148,0.1148
5.3408,pi,6.2800,6.3108,0.1149,0.1149
5.3459,pi,6.2800,6.2516,0.1161,0.1161
5.3507,pi,6.2800,6.2355,0.1164,0.1164
5.3557,pi,6.2800,6.2235,0.1166,0.1166
5.3606,pi,6.2800,6.2128,0.1169,0.1169
5.3657,pi,6.2800,6.2039,0.1171,0.1171
5.3708,pi,6.2800,6.2196,0.1168,0.1168
5.3758,pi,6.2800,6.1816,0.1175,0.1175
5.3807,pi,6.2800,6.2017,0.1172,0.1172
5.3857,pi,6.2800,6.1673,0.1179,0.1179
5.3906,pi,6.2800,6.1903,0.1174,0.1174
5.3957,pi,6.2800,6.2317,0.1166,0.1166
5.4008,pi,6.2800,6.2417,0.1165,0.1165
5.4058,pi,6.2800,6.2996,0.1153,0.1153
5.4107,pi,6.2800,6.2958,0.1154,0.1154
5.4156,pi,6.2800,6.3158,0.1150,0.1150
5.4207,pi,6.2800,6.3091,0.1151,0.1151
5.4257,pi,6.2800,6.3037,0.1152,0.1152
5.4308,pi,6.2800,6.2994,0.1153,0.1153
5.4358,pi,6.2800,6.3462,0.1143,0.1143
5.4408,pi,6.2800,6.3328,0.1146,0.1146
5.4458,pi,6.2800,6.2724,0.1158,0.1158
5.4507,pi,6.2800,6.2515,0.1162,0.1162
5.4557,pi,6.2800,6.2351,0.1165,0.1165
5.4607,pi,6.2800,6.2224,0.1168,0.1168
5.4658,pi,6.2800,6.1839,0.1176,0.1176
5.4709,pi,6.2800,6.1810,0.1177,0.1177
5.4757,pi,6.2800,6.1785,0.1177,0.1177
5.4810,pi,6.2800,6.1993,0.1174,0.1174
5.4860,pi,6.2800,6.1653,0.1181,0.1181
5.4907,pi,6.2800,6.1665,0.1181,0.1181
5.4957,pi,6.2800,6.1677,0.1181,0.1181
5.5008,pi,6.2800,6.1906,0.1176,0.1176
5.5059,pi,6.2800,6.2085,0.1173,0.1173
5.5107,pi,6.2800,6.2230,0.1170,0.1170
5.5156,pi,6.2800,6.2579,0.1163,0.1163
5.5207,pi,6.2800,6.2863,0.1158,0.1158
5.5258,pi,6.2800,6.2627,0.1163,0.1163
5.5307,pi,6.2800,6.2899,0.1157,0.1157
5.5357,pi,6.2800,6.3120,0.1153,0.1153
5.5409,pi,6.2800,6.3053,0.1154,0.1154
5.5458,pi,6.2800,6.3504,0.1145,0.1145
5.5507,pi,6.2800,6.3593,0.1143,0.1143
5.5561,pi,6.2800,6.3671,0.1141,0.1141
5.5615,pi,6.2800,6.3477,0.1145,0.1145
5.5661,pi,6.2800,6.3348,0.1147,0.1147
5.5707,pi,6.2800,6.3243,0.1149,0.1149
5.5756,pi,6.2800,6.3390,0.1146,0.1146
5.5807,pi,6.2800,6.3510,0.1144,0.1144
5.5858,pi,6.2800,6.2870,0.1156,0.1156
5.5906,pi,6.2800,6.2632,0.1161,0.1161
5.5957,pi,6.2800,6.2906,0.1155,0.1155
5.6007,pi,6.2800,6.2669,0.1160,0.1160
5.6058,pi,6.2800,6.2197,0.1170,0.1170
5.6106,pi,6.2800,6.2098,0.1172,0.1172
5.6157,pi,6.2800,6.2041,0.1173,0.1173
5.6207,pi,6.2800,6.1971,0.1175,0.1175
5.6257,pi,6.2800,6.1639,0.1182,0.1182
5.6307,pi,6.2800,6.1877,0.1177,0.1177
5.6356,pi,6.2800,6.2296,0.1169,0.1169
5.6407,pi,6.2800,6.2632,0.1162,0.1162
5.6458,pi,6.2800,6.2168,0.1172,0.1172
5.6510,pi,6.2800,6.2296,0.1169,0.1169
5.6560,pi,6.2800,6.2400,0.1167,0.1167
5.6614,pi,6.2800,6.2479,0.1166,0.1166
5.6658,pi,6.2800,6.2547,0.1165,0.1165
5.6707,pi,6.2800,6.2602,0.1164,0.1164
5.6757,pi,6.2800,6.2876,0.1158,0.1158
5.6808,pi,6.2800,6.2866,0.1158,0.1158
5.6858,pi,6.2800,6.2353,0.1169,0.1169
5.6907,pi,6.2800,6.2220,0.1171,0.1171
5.6957,pi,6.2800,6.2571,0.1164,0.1164
5.7007,pi,6.2800,6.2853,0.1159,0.1159
5.7057,pi,6.2800,6.2623,0.1163,0.1163
5.7107,pi,6.2800,6.2899,0.1158,0.1158
5.7157,pi,6.2800,6.3121,0.1153,0.1153
5.7207,pi,6.2800,6.3294,0.1150,0.1150
5.7258,pi,6.2800,6.3201,0.1152,0.1152
5.7308,pi,6.2800,6.3127,0.1153,0.1153
5.7357,pi,6.2800,6.3296,0.1150,0.1150
5.7407,pi,6.2800,6.3203,0.1151,0.1151
5.7458,pi,6.2800,6.2899,0.1157,0.1157
5.7507,pi,6.2800,6.2658,0.1162,0.1162
5.7558,pi,6.2800,6.2463,0.1166,0.1166
5.7608,pi,6.2800,6.2535,0.1165,0.1165
5.7657,pi,6.2800,6.2089,0.1174,0.1174
5.7707,pi,6.2800,6.2235,0.1171,0.1171
5.7757,pi,6.2800,6.2353,0.1169,0.1169
5.7806,pi,6.2800,6.2222,0.1171,0.1171
5.7857,pi,6.2800,6.2115,0.1174,0.1174
5.7907,pi,6.2800,6.2257,0.1171,0.1171
5.7958,pi,6.2800,6.2873,0.1159,0.1159
5.8007,pi,6.2800,6.2860,0.1159,0.1159
5.8058,pi,6.2800,6.3356,0.1149,0.1149
5.8108,pi,6.2800,6.3250,0.1151,0.1151
5.8157,pi,6.2800,6.3396,0.1148,0.1148
5.8207,pi,6.2800,6.3514,0.1146,0.1146
5.8257,pi,6.2800,6.2871,0.1158,0.1158
5.8307,pi,6.2800,6.2862,0.1158,0.1158
5.8357,pi,6.2800,6.3084,0.1154,0.1154
5.8407,pi,6.2800,6.3262,0.1150,0.1150
5.8458,pi,6.2800,6.2946,0.1157,0.1157
5.8507,pi,6.2800,6.2698,0.1161,0.1161
5.8557,pi,6.2800,6.2956,0.1156,0.1156
5.8607,pi,6.2800,6.2704,0.1161,0.1161
5.8658,pi,6.2800,6.2227,0.1171,0.1171
5.8708,pi,6.2800,6.2345,0.1169,0.1169
5.8758,pi,6.2800,6.2668,0.1162,0.1162
5.8807,pi,6.2800,6.2698,0.1162,0.1162
5.8856,pi,6.2800,6.2956,0.1157,0.1157
5.8907,pi,6.2800,6.2703,0.1162,0.1162
5.8957,pi,6.2800,6.2960,0.1157,0.1157
5.9007,pi,6.2800,6.3167,0.1152,0.1152
5.9057,pi,6.2800,6.2870,0.1158,0.1158
5.9107,pi,6.2800,6.2637,0.1163,0.1163
5.9157,pi,6.2800,6.2909,0.1157,0.1157
5.9207,pi,6.2800,6.3126,0.1153,0.1153
5.9257,pi,6.2800,6.3300,0.1150,0.1150
5.9307,pi,6.2800,6.2983,0.1156,0.1156
5.9357,pi,6.2800,6.2953,0.1156,0.1156
5.9407,pi,6.2800,6.2924,0.1157,0.1157
5.9458,pi,6.2800,6.2899,0.1157,0.1157
5.9507,pi,6.2800,6.2881,0.1158,0.1158
5.9556,pi,6.2800,6.3099,0.1153,0.1153
5.9608,pi,6.2800,6.3278,0.1150,0.1150
5.9657,pi,6.2800,6.3186,0.1151,0.1151
5.9707,pi,6.2800,6.3114,0.1153,0.1153
5.9757,pi,6.2800,6.3057,0.1154,0.1154
5.9807,pi,6.2800,6.2508,0.1165,0.1165
5.9857,pi,6.2800,6.1060,0.1194,0.1194
5.9906,pi,6.2800,5.8902,0.1237,0.1237
5.9957,pi,6.2800,5.6263,0.1291,0.1291
6.0007,pi,6.2800,5.2784,0.1362,0.1362
6.0057,pi,6.2800,4.8257,0.1455,0.1455
6.0107,pi,6.2800,4.4130,0.1541,0.1541
6.0157,pi,6.2800,3.9329,0.1642,0.1642
6.0208,pi,6.2800,3.4953,0.1736,0.1736
6.0257,pi,6.2800,3.0000,0.1842,0.1842
6.0306,pi,6.2800,2.5836,0.1933,0.1933
6.0357,pi,6.2800,2.2492,0.2009,0.2009
6.0407,pi,6.2800,1.9499,0.2079,0.2079
6.0457,pi,6.2800,1.7108,0.2138,0.2138
6.0507,pi,6.2800,1.5697,0.2177,0.2177
6.0557,pi,6.2800,1.4568,0.2212,0.2212
6.0606,pi,6.2800,1.3482,0.2246,0.2246
6.0657,pi,6.2800,1.2294,0.2282,0.2282
6.0706,pi,6.2800,1.1206,0.2316,0.2316
6.0757,pi,6.2800,0.9879,0.2355,0.2355
6.0808,pi,6.2800,0.8910,0.2388,0.2388
6.0857,pi,6.2800,0.7629,0.2427,0.2427
6.0906,pi,6.2800,0.6561,0.2462,0.2462
6.0957,pi,6.2800,0.5705,0.2493,0.2493
6.1007,pi,6.2800,0.4564,0.2531,0.2531
6.1056,pi,6.2800,0.3651,0.2563,0.2563
6.1106,pi,6.2800,0.2921,0.2593,0.2593
6.1159,pi,6.2800,0.2330,0.2620,0.2620
6.1210,pi,6.2800,0.1868,0.2644,0.2644
6.1261,pi,6.2800,0.1492,0.2667,0.2667
6.1310,pi,6.2800,0.1695,0.2678,0.2678
6.1356,pi,6.2800,0.1858,0.2690,0.2690
6.1407,pi,6.2800,0.1989,0.2703,0.2703
6.1458,pi,6.2800,0.2093,0.2716,0.2716
6.1507,pi,6.2800,0.2177,0.2729,0.2729
6.1557,pi,6.2800,0.2244,0.2743,0.2743
6.1607,pi,6.2800,0.2298,0.2757,0.2757
6.1657,pi,6.2800,0.2295,0.2772,0.2772
6.1707,pi,6.2800,0.2294,0.2787,0.2787
6.1757,pi,6.2800,0.2292,0.2803,0.2803
6.1807,pi,6.2800,0.2291,0.2818,0.2818
6.1857,pi,6.2800,0.1833,0.2842,0.2842
6.1907,pi,6.2800,0.1466,0.2865,0.2865
6.1958,pi,6.2800,0.1170,0.2886,0.2886
6.2007,pi,6.2800,0.0938,0.2906,0.2906
6.2057,pi,6.2800,0.0750,0.2925,0.2925
6.2107,pi,6.2800,0.0601,0.2944,0.2944
6.2162,pi,6.2800,0.0478,0.2962,0.2962
6.2215,pi,6.2800,0.0382,0.2980,0.2980
6.2271,pi,6.2800,0.0305,0.2997,0.2997
6.2319,pi,6.2800,0.0244,0.3014,0.3014
6.2371,pi,6.2800,0.0196,0.3030,0.3030
6.2416,pi,6.2800,0.0157,0.3046,0.3046
6.2465,pi,6.2800,0.0126,0.3063,0.3063
6.2512,pi,6.2800,0.0100,0.3079,0.3079
6.2564,pi,6.2800,0.0080,0.3095,0.3095
6.2610,pi,6.2800,0.0064,0.3111,0.3111
6.2662,pi,6.2800,0.0051,0.3127,0.3127
6.2711,pi,6.2800,0.0041,0.3143,0.3143
6.2769,pi,6.2800,0.0490,0.3150,0.3150
6.2835,pi,6.2800,0.0997,0.3155,0.3155
6.2890,pi,6.2800,0.1192,0.3173,0.3173
6.2938,pi,6.2800,0.1496,0.3176,0.3176
6.2986,pi,6.2800,0.1644,0.3193,0.3193
6.3032,pi,6.2800,0.1771,0.3201,0.3201
6.3071,pi,6.2800,0.1874,0.3214,0.3214
6.3109,pi,6.2800,0.1957,0.3228,0.3228
6.3157,pi,6.2800,0.2023,0.3241,0.3241
6.3206,pi,6.2800,0.2076,0.3256,0.3256
6.3257,pi,6.2800,0.2118,0.3270,0.3270
6.3309,pi,6.2800,0.1695,0.3293,0.3293
6.3357,pi,6.2800,0.1355,0.3316,0.3316
6.3408,pi,6.2800,0.1084,0.3336,0.3336
6.3458,pi,6.2800,0.0867,0.3356,0.3356
6.3509,pi,6.2800,0.0694,0.3375,0.3375
6.3556,pi,6.2800,0.0555,0.3393,0.3393
6.3606,pi,6.2800,0.0444,0.3411,0.3411
6.3656,pi,6.2800,0.0355,0.3428,0.3428
6.3707,pi,6.2800,0.0284,0.3446,0.3446
6.3758,pi,6.2800,0.0227,0.3462,0.3462
6.3807,pi,6.2800,0.0182,0.3479,0.3479
6.3857,pi,6.2800,0.0146,0.3495,0.3495
6.3908,pi,6.2800,0.0116,0.3511,0.3511
6.3957,pi,6.2800,0.0093,0.3528,0.3528
6.4010,pi,6.2800,0.0074,0.3544,0.3544
6.4061,pi,6.2800,0.0059,0.3560,0.3560
6.4117,pi,6.2800,0.0048,0.3576,0.3576
6.4157,pi,6.2800,0.0038,0.3592,0.3592
6.4208,pi,6.2800,0.0031,0.3607,0.3607
6.4257,pi,6.2800,0.0024,0.3623,0.3623
6.4308,pi,6.2800,0.0020,0.3639,0.3639
6.4358,pi,6.2800,0.0016,0.3655,0.3655
6.4407,pi,6.2800,0.0012,0.3670,0.3670
6.4458,pi,6.2800,0.0010,0.3686,0.3686
6.4506,pi,6.2800,0.0008,0.3702,0.3702
6.4557,pi,6.2800,0.0006,0.3718,0.3718
6.4607,pi,6.2800,0.0005,0.3733,0.3733
6.4657,pi,6.2800,0.0004,0.3749,0.3749
6.4708,pi,6.2800,0.0003,0.3765,0.3765
6.4776,pi,6.2800,0.0003,0.3781,0.3781
6.4819,pi,6.2800,0.0002,0.3800,0.3800
6.4859,pi,6.2800,0.0002,0.3812,0.3812
6.4906,pi,6.2800,0.0001,0.3828,0.3828
6.4956,pi,6.2800,0.0001,0.3843,0.3843
6.5006,pi,6.2800,0.0001,0.3859,0.3859
6.5058,pi,6.2800,0.0001,0.3875,0.3875
6.5107,pi,6.2800,0.0001,0.3890,0.3890
6.5157,pi,6.2800,0.0000,0.3906,0.3906
6.5207,pi,6.2800,0.0000,0.3922,0.3922
6.5258,pi,6.2800,0.0000,0.3938,0.3938
6.5307,pi,6.2800,0.0000,0.3953,0.3953
6.5358,pi,6.2800,0.0000,0.3969,0.3969
6.5406,pi,6.2800,0.0000,0.3985,0.3985
6.5458,pi,6.2800,0.0000,0.4000,0.4000
6.5507,pi,6.2800,0.0000,0.4016,0.4016
6.5556,pi,6.2800,0.0000,0.4032,0.4032
6.5607,pi,6.2800,0.0000,0.4047,0.4047
6.5658,pi,6.2800,0.0000,0.4063,0.4063
6.5707,pi,6.2800,0.0000,0.4079,0.4079
6.5756,pi,6.2800,0.0000,0.4095,0.4095
6.5807,pi,6.2800,0.0000,0.4110,0.4110
6.5858,pi,6.2800,0.0000,0.4126,0.4126
6.5907,pi,6.2800,0.0000,0.4142,0.4142
6.5957,pi,6.2800,0.0000,0.4157,0.4157
6.6006,pi,6.2800,0.0000,0.4173,0.4173
6.6059,pi,6.2800,0.0000,0.4189,0.4189
6.6106,pi,6.2800,0.0000,0.4205,0.4205
6.6157,pi,6.2800,0.0000,0.4220,0.4220
6.6208,pi,6.2800,0.0000,0.4236,0.4236
6.6258,pi,6.2800,0.0000,0.4252,0.4252
6.6306,pi,6.2800,0.0000,0.4268,0.4268
6.6357,pi,6.2800,0.0000,0.4283,0.4283
6.6408,pi,6.2800,0.0000,0.4299,0.4299
6.6458,pi,6.2800,0.0000,0.4314,0.4314
6.6507,pi,6.2800,0.0000,0.4330,0.4330
6.6556,pi,6.2800,0.0000,0.4346,0.4346
6.6607,pi,6.2800,0.0000,0.4361,0.4361
6.6657,pi,6.2800,0.0000,0.4377,0.4377
6.6707,pi,6.2800,0.0000,0.4393,0.4393
6.6759,pi,6.2800,0.0000,0.4409,0.4409
6.6807,pi,6.2800,0.0000,0.4424,0.4424
6.6856,pi,6.2800,0.0000,0.4440,0.4440
6.6907,pi,6.2800,0.0000,0.4456,0.4456
6.6958,pi,6.2800,0.0000,0.4471,0.4471
6.7007,pi,6.2800,0.0000,0.4487,0.4487
6.7057,pi,6.2800,0.0000,0.4503,0.4503
6.7107,pi,6.2800,0.0000,0.4518,0.4518
6.7160,pi,6.2800,0.0000,0.4534,0.4534
6.7211,pi,6.2800,0.0000,0.4550,0.4550
6.7259,pi,6.2800,0.0000,0.4566,0.4566
6.7307,pi,6.2800,0.0000,0.4581,0.4581
6.7360,pi,6.2800,0.0000,0.4597,0.4597
6.7410,pi,6.2800,0.0000,0.4613,0.4613
6.7460,pi,6.2800,0.0000,0.4629,0.4629
6.7509,pi,6.2800,0.0000,0.4644,0.4644
6.7563,pi,6.2800,0.0000,0.4660,0.4660
6.7606,pi,6.2800,0.0000,0.4676,0.4676
6.7656,pi,6.2800,0.0000,0.4691,0.4691
6.7708,pi,6.2800,0.0000,0.4707,0.4707
6.7758,pi,6.2800,0.0000,0.4723,0.4723
6.7808,pi,6.2800,0.0000,0.4738,0.4738
6.7856,pi,6.2800,0.0000,0.4754,0.4754
6.7908,pi,6.2800,0.0000,0.4770,0.4770
6.7956,pi,6.2800,0.0000,0.4785,0.4785
6.8008,pi,6.2800,0.0000,0.4801,0.4801
6.8057,pi,6.2800,0.0000,0.4817,0.4817
6.8106,pi,6.2800,0.0000,0.4832,0.4832
6.8157,pi,6.2800,0.0000,0.4848,0.4848
6.8207,pi,6.2800,0.0000,0.4864,0.4864
6.8257,pi,6.2800,0.0000,0.4880,0.4880
6.8307,pi,6.2800,0.0000,0.4895,0.4895
6.8357,pi,6.2800,0.0000,0.4911,0.4911
6.8406,pi,6.2800,0.0000,0.4927,0.4927
6.8457,pi,6.2800,0.0000,0.4942,0.4942
6.8508,pi,6.2800,0.0000,0.4958,0.4958
6.8557,pi,6.2800,0.0000,0.4974,0.4974
6.8607,pi,6.2800,0.0000,0.4989,0.4989
6.8656,pi,6.2800,0.0000,0.5005,0.5005
6.8708,pi,6.2800,0.0000,0.5021,0.5021
6.8756,pi,6.2800,0.0000,0.5037,0.5037
6.8807,pi,6.2800,0.0000,0.5052,0.5052
6.8858,pi,6.2800,0.0000,0.5068,0.5068
6.8907,pi,6.2800,0.0000,0.5084,0.5084
6.8956,pi,6.2800,0.0000,0.5099,0.5099
6.9006,pi,6.2800,0.0000,0.5115,0.5115
6.9057,pi,6.2800,0.0000,0.5131,0.5131
6.9107,pi,6.2800,0.0000,0.5146,0.5146
6.9157,pi,6.2800,0.0000,0.5162,0.5162
6.9207,pi,6.2800,0.0000,0.5178,0.5178
6.9258,pi,6.2800,0.0000,0.5194,0.5194
6.9307,pi,6.2800,0.0000,0.5209,0.5209
6.9356,pi,6.2800,0.0000,0.5225,0.5225
6.9406,pi,6.2800,0.0000,0.5241,0.5241
6.9457,pi,6.2800,0.0000,0.5256,0.5256
6.9507,pi,6.2800,0.0000,0.5272,0.5272
6.9556,pi,6.2800,0.0000,0.5288,0.5288
6.9607,pi,6.2800,0.0000,0.5303,0.5303
6.9657,pi,6.2800,0.0000,0.5319,0.5319
6.9707,pi,6.2800,0.0000,0.5335,0.5335
6.9756,pi,6.2800,0.0000,0.5351,0.5351
6.9806,pi,6.2800,0.0000,0.5366,0.5366
6.9857,pi,6.2800,0.0000,0.5382,0.5382
6.9907,pi,6.2800,0.0000,0.5398,0.5398
6.9956,pi,6.2800,0.0000,0.5413,0.5413
7.0007,pi,6.2800,0.0000,0.5429,0.5429
7.0056,pi,6.2800,0.0000,0.5445,0.5445
7.0107,pi,6.2800,0.0000,0.5460,0.5460
7.0156,pi,6.2800,0.0000,0.5476,0.5476
7.0208,pi,6.2800,0.0000,0.5492,0.5492
7.0257,pi,6.2800,0.0000,0.5508,0.5508
7.0306,pi,6.2800,0.0000,0.5523,0.5523
7.0356,pi,6.2800,0.0000,0.5539,0.5539
7.0407,pi,6.2800,0.0000,0.5555,0.5555
7.0457,pi,6.2800,0.0000,0.5570,0.5570
7.0507,pi,6.2800,0.0000,0.5586,0.5586
7.0556,pi,6.2800,0.0000,0.5602,0.5602
7.0606,pi,6.2800,0.0000,0.5617,0.5617
7.0657,pi,6.2800,0.0000,0.5633,0.5633
7.0706,pi,6.2800,0.0000,0.5649,0.5649
7.0757,pi,6.2800,0.0000,0.5665,0.5665
7.0807,pi,6.2800,0.0000,0.5680,0.5680
7.0857,pi,6.2800,0.0000,0.5696,0.5696
7.0906,pi,6.2800,0.0000,0.5712,0.5712
7.0957,pi,6.2800,0.0000,0.5727,0.5727
7.1007,pi,6.2800,0.0000,0.5743,0.5743
7.1057,pi,6.2800,0.0000,0.5759,0.5759
7.1107,pi,6.2800,0.0000,0.5774,0.5774
7.1158,pi,6.2800,0.0000,0.5790,0.5790
7.1210,pi,6.2800,0.0000,0.5806,0.5806
7.1260,pi,6.2800,0.0000,0.5822,0.5822
7.1307,pi,6.2800,0.0000,0.5837,0.5837
7.1356,pi,6.2800,0.0000,0.5853,0.5853
7.1408,pi,6.2800,0.0000,0.5869,0.5869
7.1457,pi,6.2800,0.0000,0.5884,0.5884
7.1507,pi,6.2800,0.0000,0.5900,0.5900
7.1557,pi,6.2800,0.0000,0.5916,0.5916
7.1607,pi,6.2800,0.0000,0.5932,0.5932
7.1656,pi,6.2800,0.0000,0.5947,0.5947
7.1707,pi,6.2800,0.0000,0.5963,0.5963
7.1757,pi,6.2800,0.0000,0.5979,0.5979
7.1807,pi,6.2800,0.0000,0.5994,0.5994
7.1857,pi,6.2800,0.0000,0.6010,0.6010
7.1908,pi,6.2800,0.0000,0.6026,0.6026
7.1957,pi,6.2800,0.0000,0.6041,0.6041
7.2008,pi,6.2800,0.0000,0.6057,0.6057
7.2057,pi,6.2800,0.0000,0.6073,0.6073
7.2107,pi,6.2800,0.0000,0.6088,0.6088
7.2157,pi,6.2800,0.0000,0.6104,0.6104
7.2207,pi,6.2800,0.0000,0.6120,0.6120
7.2257,pi,6.2800,0.0000,0.6136,0.6136
7.2307,pi,6.2800,0.0000,0.6151,0.6151
7.2357,pi,6.2800,0.0000,0.6167,0.6167
7.2407,pi,6.2800,0.0000,0.6183,0.6183
7.2457,pi,6.2800,0.0000,0.6198,0.6198
7.2507,pi,6.2800,0.0000,0.6214,0.6214
7.2558,pi,6.2800,0.0000,0.6230,0.6230
7.2606,pi,6.2800,0.0000,0.6246,0.6246
7.2657,pi,6.2800,0.0000,0.6261,0.6261
7.2708,pi,6.2800,0.0000,0.6277,0.6277
7.2757,pi,6.2800,0.0000,0.6293,0.6293
7.2807,pi,6.2800,0.0000,0.6308,0.6308
7.2858,pi,6.2800,0.0000,0.6324,0.6324
7.2906,pi,6.2800,0.0000,0.6340,0.6340
7.2957,pi,6.2800,0.0000,0.6355,0.6355
7.3007,pi,6.2800,0.0000,0.6371,0.6371
7.3057,pi,6.2800,0.0000,0.6387,0.6387
7.3107,pi,6.2800,0.0000,0.6402,0.6402
7.3157,pi,6.2800,0.0000,0.6418,0.6418
7.3207,pi,6.2800,0.0000,0.6434,0.6434
7.3258,pi,6.2800,0.0000,0.6450,0.6450
7.3307,pi,6.2800,0.0000,0.6465,0.6465
7.3357,pi,6.2800,0.0000,0.6481,0.6481
7.3410,pi,6.2800,0.0000,0.6497,0.6497
7.3458,pi,6.2800,0.0000,0.6512,0.6512
7.3507,pi,6.2800,0.0000,0.6528,0.6528
7.3557,pi,6.2800,0.0000,0.6544,0.6544
7.3608,pi,6.2800,0.0000,0.6559,0.6559
7.3657,pi,6.2800,0.0000,0.6575,0.6575
7.3707,pi,6.2800,0.0000,0.6591,0.6591
7.3757,pi,6.2800,0.0000,0.6607,0.6607
7.3807,pi,6.2800,0.0000,0.6622,0.6622
7.3858,pi,6.2800,0.0000,0.6638,0.6638
7.3907,pi,6.2800,0.0000,0.6654,0.6654
7.3957,pi,6.2800,0.0000,0.6669,0.6669
7.4007,pi,6.2800,0.0000,0.6685,0.6685
7.4058,pi,6.2800,0.0000,0.6701,0.6701
7.4107,pi,6.2800,0.0000,0.6716,0.6716
7.4157,pi,6.2800,0.0000,0.6732,0.6732
7.4208,pi,6.2800,0.0000,0.6748,0.6748
7.4257,pi,6.2800,0.0000,0.6764,0.6764
7.4307,pi,6.2800,0.0000,0.6779,0.6779
7.4357,pi,6.2800,0.0000,0.6795,0.6795
7.4407,pi,6.2800,0.0000,0.6811,0.6811
7.4458,pi,6.2800,0.0000,0.6826,0.6826
7.4507,pi,6.2800,0.0000,0.6842,0.6842
7.4558,pi,6.2800,0.0000,0.6858,0.6858
7.4607,pi,6.2800,0.0000,0.6874,0.6874
7.4657,pi,6.2800,0.0000,0.6889,0.6889
7.4708,pi,6.2800,0.0000,0.6905,0.6905
7.4758,pi,6.2800,0.0000,0.6921,0.6921
7.4807,pi,6.2800,0.0000,0.6936,0.6936
7.4857,pi,6.2800,0.0000,0.6952,0.6952
7.4907,pi,6.2800,0.0000,0.6968,0.6968
7.4958,pi,6.2800,0.0000,0.6983,0.6983
7.5007,pi,6.2800,0.0503,0.6989,0.6989
7.5056,pi,6.2800,0.0859,0.6997,0.6997
7.5107,pi,6.2800,0.1190,0.7006,0.7006
7.5157,pi,6.2800,0.1957,0.7006,0.7006
7.5207,pi,6.2800,0.2479,0.7011,0.7011
7.5257,pi,6.2800,0.2898,0.7018,0.7018
7.5308,pi,6.2800,0.3323,0.7024,0.7024
7.5357,pi,6.2800,0.3573,0.7034,0.7034
7.5407,pi,6.2800,0.3863,0.7043,0.7043
7.5457,pi,6.2800,0.4004,0.7055,0.7055
7.5507,pi,6.2800,0.4118,0.7068,0.7068
7.5557,pi,6.2800,0.3751,0.7090,0.7090
7.5607,pi,6.2800,0.3458,0.7110,0.7110
7.5657,pi,6.2800,0.3223,0.7130,0.7130
7.5707,pi,6.2800,0.2579,0.7158,0.7158
7.5757,pi,6.2800,0.2063,0.7183,0.7183
7.5807,pi,6.2800,0.1651,0.7206,0.7206
7.5857,pi,6.2800,0.1321,0.7228,0.7228
7.5907,pi,6.2800,0.1056,0.7249,0.7249
7.5957,pi,6.2800,0.0845,0.7269,0.7269
7.6008,pi,6.2800,0.0675,0.7287,0.7287
7.6057,pi,6.2800,0.0541,0.7306,0.7306
7.6107,pi,6.2800,0.0432,0.7323,0.7323
7.6157,pi,6.2800,0.0346,0.7341,0.7341
7.6208,pi,6.2800,0.0276,0.7358,0.7358
7.6258,pi,6.2800,0.0221,0.7375,0.7375
7.6308,pi,6.2800,0.0177,0.7391,0.7391
7.6360,pi,6.2800,0.0141,0.7407,0.7407
7.6415,pi,6.2800,0.0113,0.7424,0.7424
7.6462,pi,6.2800,0.0090,0.7440,0.7440
7.6514,pi,6.2800,0.0579,0.7446,0.7446
7.6562,pi,6.2800,0.0963,0.7454,0.7454
7.6616,pi,6.2800,0.1271,0.7463,0.7463
7.6661,pi,6.2800,0.1518,0.7473,0.7473
7.6709,pi,6.2800,0.1717,0.7485,0.7485
7.6758,pi,6.2800,0.1875,0.7497,0.7497
7.6809,pi,6.2800,0.2002,0.7509,0.7509
7.6858,pi,6.2800,0.2059,0.7523,0.7523
7.6908,pi,6.2800,0.2104,0.7538,0.7538
7.6958,pi,6.2800,0.2141,0.7552,0.7552
7.7012,pi,6.2800,0.2170,0.7567,0.7567
7.7058,pi,6.2800,0.1739,0.7591,0.7591
7.7108,pi,6.2800,0.1392,0.7613,0.7613
7.7158,pi,6.2800,0.1115,0.7634,0.7634
7.7219,pi,6.2800,0.0864,0.7654,0.7654
7.7265,pi,6.2800,0.0712,0.7675,0.7675
7.7311,pi,6.2800,0.0569,0.7691,0.7691
7.7361,pi,6.2800,0.0457,0.7709,0.7709
7.7412,pi,6.2800,0.0365,0.7726,0.7726
7.7462,pi,6.2800,0.0292,0.7743,0.7743
7.7510,pi,6.2800,0.0233,0.7760,0.7760
7.7560,pi,6.2800,0.0187,0.7777,0.7777
7.7610,pi,6.2800,0.0150,0.7793,0.7793
7.7659,pi,6.2800,0.0119,0.7809,0.7809
7.7708,pi,6.2800,0.0096,0.7826,0.7826
7.7759,pi,6.2800,0.0077,0.7842,0.7842
7.7810,pi,6.2800,0.0061,0.7858,0.7858
7.7857,pi,6.2800,0.0049,0.7874,0.7874
7.7907,pi,6.2800,0.0039,0.7889,0.7889
7.7957,pi,6.2800,0.0031,0.7905,0.7905
7.8010,pi,6.2800,0.0025,0.7921,0.7921
7.8057,pi,6.2800,0.0020,0.7937,0.7937
7.8107,pi,6.2800,0.0016,0.7953,0.7953
7.8158,pi,6.2800,0.0013,0.7968,0.7968
7.8207,pi,6.2800,0.0010,0.7984,0.7984
7.8257,pi,6.2800,0.0008,0.8000,0.8000
7.8307,pi,6.2800,0.0007,0.8015,0.8015
7.8358,pi,6.2800,0.0005,0.8031,0.8031
7.8407,pi,6.2800,0.0004,0.8047,0.8047
7.8458,pi,6.2800,0.0003,0.8063,0.8063
7.8506,pi,6.2800,0.0003,0.8078,0.8078
7.8558,pi,6.2800,0.0002,0.8094,0.8094
7.8607,pi,6.2800,0.0002,0.8110,0.8110
7.8657,pi,6.2800,0.0001,0.8125,0.8125
7.8707,pi,6.2800,0.0001,0.8141,0.8141
7.8758,pi,6.2800,0.0001,0.8157,0.8157
7.8806,pi,6.2800,0.0001,0.8173,0.8173
7.8857,pi,6.2800,0.0001,0.8188,0.8188
7.8907,pi,6.2800,0.0000,0.8204,0.8204
7.8957,pi,6.2800,0.0000,0.8220,0.8220
7.9007,pi,6.2800,0.0000,0.8235,0.8235
7.9057,pi,6.2800,0.0000,0.8251,0.8251
7.9107,pi,6.2800,0.0000,0.8267,0.8267
7.9157,pi,6.2800,0.0000,0.8282,0.8282
7.9207,pi,6.2800,0.0000,0.8298,0.8298
7.9257,pi,6.2800,0.0000,0.8314,0.8314
7.9307,pi,6.2800,0.0000,0.8330,0.8330
7.9358,pi,6.2800,0.0000,0.8345,0.8345
7.9408,pi,6.2800,0.0000,0.8361,0.8361
7.9456,pi,6.2800,0.0000,0.8377,0.8377
7.9508,pi,6.2800,0.0000,0.8392,0.8392
7.9556,pi,6.2800,0.0000,0.8408,0.8408
7.9608,pi,6.2800,0.0000,0.8424,0.8424
7.9656,pi,6.2800,0.0000,0.8440,0.8440
7.9707,pi,6.2800,0.0000,0.8455,0.8455
7.9757,pi,6.2800,0.0000,0.8471,0.8471
7.9807,pi,6.2800,0.0000,0.8487,0.8487
7.9857,pi,6.2800,0.0000,0.8502,0.8502
7.9907,pi,6.2800,0.0000,0.8518,0.8518
7.9957,pi,6.2800,0.0000,0.8534,0.8534
8.0007,pi,6.2800,0.0000,0.8549,0.8549
8.0057,pi,6.2800,0.0000,0.8565,0.8565
8.0107,pi,6.2800,0.0000,0.8581,0.8581
8.0157,pi,6.2800,0.0000,0.8596,0.8596
8.0207,pi,6.2800,0.0000,0.8612,0.8612
8.0257,pi,6.2800,0.0000,0.8628,0.8628
8.0308,pi,6.2800,0.0000,0.8644,0.8644
8.0357,pi,6.2800,0.0000,0.8659,0.8659
8.0407,pi,6.2800,0.0000,0.8675,0.8675
8.0457,pi,6.2800,0.0000,0.8691,0.8691
8.0506,pi,6.2800,0.0000,0.8706,0.8706
8.0557,pi,6.2800,0.0000,0.8722,0.8722
8.0607,pi,6.2800,0.0000,0.8738,0.8738
8.0657,pi,6.2800,0.0000,0.8753,0.8753
8.0707,pi,6.2800,0.0000,0.8769,0.8769
8.0757,pi,6.2800,0.0000,0.8785,0.8785
8.0807,pi,6.2800,0.0000,0.8801,0.8801
8.0857,pi,6.2800,0.0000,0.8816,0.8816
8.0907,pi,6.2800,0.0000,0.8832,0.8832
8.0957,pi,6.2800,0.0000,0.8848,0.8848
8.1008,pi,6.2800,0.0000,0.8863,0.8863
8.1057,pi,6.2800,0.0000,0.8879,0.8879
8.1107,pi,6.2800,0.0000,0.8895,0.8895
8.1159,pi,6.2800,0.0000,0.8910,0.8910
8.1210,pi,6.2800,0.0000,0.8926,0.8926
8.1259,pi,6.2800,0.0000,0.8942,0.8942
8.1307,pi,6.2800,0.0000,0.8958,0.8958
8.1356,pi,6.2800,0.0000,0.8973,0.8973
8.1406,pi,6.2800,0.0000,0.8989,0.8989
8.1457,pi,6.2800,0.0000,0.9005,0.9005
8.1507,pi,6.2800,0.0000,0.9020,0.9020
8.1559,pi,6.2800,0.0000,0.9036,0.9036
8.1606,pi,6.2800,0.0000,0.9052,0.9052
8.1656,pi,6.2800,0.0000,0.9067,0.9067
8.1707,pi,6.2800,0.0000,0.9083,0.9083
8.1757,pi,6.2800,0.0000,0.9099,0.9099
8.1806,pi,6.2800,0.0000,0.9115,0.9115
8.1857,pi,6.2800,0.0000,0.9130,0.9130
8.1906,pi,6.2800,0.0000,0.9146,0.9146
8.1957,pi,6.2800,0.0000,0.9162,0.9162
8.2007,pi,6.2800,0.0000,0.9177,0.9177
8.2057,pi,6.2800,0.0000,0.9193,0.9193
8.2106,pi,6.2800,0.0000,0.9209,0.9209
8.2157,pi,6.2800,0.0000,0.9224,0.9224
8.2207,pi,6.2800,0.0000,0.9240,0.9240
8.2257,pi,6.2800,0.0000,0.9256,0.9256
8.2307,pi,6.2800,0.0000,0.9272,0.9272
8.2356,pi,6.2800,0.0000,0.9287,0.9287
8.2407,pi,6.2800,0.0000,0.9303,0.9303
8.2458,pi,6.2800,0.0000,0.9319,0.9319
8.2507,pi,6.2800,0.0000,0.9334,0.9334
8.2557,pi,6.2800,0.0000,0.9350,0.9350
8.2606,pi,6.2800,0.0000,0.9366,0.9366
8.2658,pi,6.2800,0.0000,0.9381,0.9381
8.2707,pi,6.2800,0.0000,0.9397,0.9397
8.2757,pi,6.2800,0.0000,0.9413,0.9413
8.2807,pi,6.2800,0.0000,0.9429,0.9429
8.2857,pi,6.2800,0.0000,0.9444,0.9444
8.2906,pi,6.2800,0.0000,0.9460,0.9460
8.2958,pi,6.2800,0.0000,0.9476,0.9476
8.3006,pi,6.2800,0.0000,0.9491,0.9491
8.3057,pi,6.2800,0.0000,0.9507,0.9507
8.3107,pi,6.2800,0.0000,0.9523,0.9523
8.3157,pi,6.2800,0.0000,0.9538,0.9538
8.3207,pi,6.2800,0.0000,0.9554,0.9554
8.3257,pi,6.2800,0.0000,0.9570,0.9570
8.3307,pi,6.2800,0.0000,0.9586,0.9586
8.3356,pi,6.2800,0.0000,0.9601,0.9601
8.3407,pi,6.2800,0.0000,0.9617,0.9617
8.3457,pi,6.2800,0.0000,0.9633,0.9633
8.3507,pi,6.2800,0.0000,0.9648,0.9648
8.3557,pi,6.2800,0.0000,0.9664,0.9664
8.3607,pi,6.2800,0.0000,0.9680,0.9680
8.3656,pi,6.2800,0.0000,0.9695,0.9695
8.3707,pi,6.2800,0.0000,0.9711,0.9711
8.3757,pi,6.2800,0.0000,0.9727,0.9727
8.3807,pi,6.2800,0.0000,0.9743,0.9743
8.3857,pi,6.2800,0.0000,0.9758,0.9758
8.3906,pi,6.2800,0.0000,0.9774,0.9774
8.3957,pi,6.2800,0.0000,0.9790,0.9790
8.4007,pi,6.2800,0.0000,0.9805,0.9805
8.4057,pi,6.2800,0.0000,0.9821,0.9821
8.4106,pi,6.2800,0.0000,0.9837,0.9837
8.4157,pi,6.2800,0.0000,0.9852,0.9852
8.4207,pi,6.2800,0.0000,0.9868,0.9868
8.4256,pi,6.2800,0.0000,0.9884,0.9884
8.4307,pi,6.2800,0.0000,0.9900,0.9900
8.4357,pi,6.2800,0.0000,0.9915,0.9915
8.4406,pi,6.2800,0.0000,0.9931,0.9931
8.4456,pi,6.2800,0.0000,0.9947,0.9947
8.4507,pi,6.2800,0.0000,0.9962,0.9962
8.4557,pi,6.2800,0.0000,0.9978,0.9978
8.4607,pi,6.2800,0.0000,0.9994,0.9994
8.4657,pi,6.2800,0.0000,1.0000,1.0009
8.4707,pi,6.2800,0.0000,1.0000,1.0009
8.4758,pi,6.2800,0.0000,1.0000,1.0009
8.4808,pi,6.2800,0.0000,1.0000,1.0009
8.4857,pi,6.2800,0.0000,1.0000,1.0009
8.4906,pi,6.2800,0.0000,1.0000,1.0009
8.4956,pi,6.2800,0.0000,1.0000,1.0009
8.5007,pi,6.2800,0.0000,1.0000,1.0009
8.5058,pi,6.2800,0.0000,1.0000,1.0009
8.5107,pi,6.2800,0.0000,1.0000,1.0009
8.5157,pi,6.2800,0.0000,1.0000,1.0009
8.5207,pi,6.2800,0.0000,1.0000,1.0009
8.5256,pi,6.2800,0.0000,1.0000,1.0009
8.5307,pi,6.2800,0.0000,1.0000,1.0009
8.5357,pi,6.2800,0.0000,1.0000,1.0009
8.5407,pi,6.2800,0.0000,1.0000,1.0009
8.5457,pi,6.2800,0.0000,1.0000,1.0009
8.5507,pi,6.2800,0.0000,1.0000,1.0009
8.5556,pi,6.2800,0.0000,1.0000,1.0009
8.5606,pi,6.2800,0.0000,1.0000,1.0009
8.5656,pi,6.2800,0.0000,1.0000,1.0009
8.5707,pi,6.2800,0.0000,1.0000,1.0009
8.5757,pi,6.2800,0.0000,1.0000,1.0009
8.5806,pi,6.2800,0.0000,1.0000,1.0009
8.5856,pi,6.2800,0.0000,1.0000,1.0009
8.5907,pi,6.2800,0.0000,1.0000,1.0009
8.5957,pi,6.2800,0.0000,1.0000,1.0009
8.6006,pi,6.2800,0.0000,1.0000,1.0009
8.6057,pi,6.2800,0.0000,1.0000,1.0009
8.6107,pi,6.2800,0.0000,1.0000,1.0009
8.6157,pi,6.2800,0.0000,1.0000,1.0009
8.6207,pi,6.2800,0.0000,1.0000,1.0009
8.6257,pi,6.2800,0.0000,1.0000,1.0009
8.6307,pi,6.2800,0.0000,1.0000,1.0009
8.6357,pi,6.2800,0.0000,1.0000,1.0009
8.6406,pi,6.2800,0.0000,1.0000,1.0009
8.6457,pi,6.2800,0.0000,1.0000,1.0009
8.6507,pi,6.2800,0.0000,1.0000,1.0009
8.6557,pi,6.2800,0.0000,1.0000,1.0009
8.6606,pi,6.2800,0.0000,1.0000,1.0009
8.6657,pi,6.2800,0.0000,1.0000,1.0009
8.6707,pi,6.2800,0.0000,1.0000,1.0009
8.6756,pi,6.2800,0.0000,1.0000,1.0009
8.6808,pi,6.2800,0.0000,1.0000,1.0009
8.6857,pi,6.2800,0.0000,1.0000,1.0009
8.6906,pi,6.2800,0.0000,1.0000,1.0009
8.6957,pi,6.2800,0.0000,1.0000,1.0009
8.7006,pi,6.2800,0.0000,1.0000,1.0009
8.7058,pi,6.2800,0.0000,1.0000,1.0009
8.7107,pi,6.2800,0.0000,1.0000,1.0009
8.7156,pi,6.2800,0.0000,1.0000,1.0009
8.7208,pi,6.2800,0.0505,0.9999,0.9999
8.7257,pi,6.2800,0.0905,1.0000,1.0007
8.7306,pi,6.2800,0.1637,0.9992,0.9992
8.7362,pi,6.2800,0.2318,0.9994,0.9994
8.7411,pi,6.2800,0.2862,0.9998,0.9998
8.7456,pi,6.2800,0.3199,1.0000,1.0007
8.7507,pi,6.2800,0.4068,0.9989,0.9989
8.7557,pi,6.2800,0.4625,0.9993,0.9993
8.7608,pi,6.2800,0.5210,0.9996,0.9996
8.7657,pi,6.2800,0.5674,1.0000,1.0001
8.7706,pi,6.2800,0.5910,0.9996,0.9996
8.7757,pi,6.2800,0.5642,1.0000,1.0016
8.7808,pi,6.2800,0.5014,1.0000,1.0028
8.7860,pi,6.2800,0.4513,1.0000,1.0038
8.7911,pi,6.2800,0.4065,1.0000,1.0047
8.7962,pi,6.2800,0.3754,1.0000,1.0054
8.8013,pi,6.2800,0.3007,1.0000,1.0069
8.8064,pi,6.2800,0.2401,1.0000,1.0081
8.8114,pi,6.2800,0.1921,1.0000,1.0090
8.8159,pi,6.2800,0.1538,1.0000,1.0098
8.8210,pi,6.2800,0.1227,1.0000,1.0104
8.8265,pi,6.2800,0.0984,1.0000,1.0109
8.8311,pi,6.2800,0.0787,1.0000,1.0113
8.8361,pi,6.2800,0.0629,1.0000,1.0116
8.8412,pi,6.2800,0.0504,1.0000,1.0119
8.8460,pi,6.2800,0.0403,1.0000,1.0121
8.8506,pi,6.2800,0.0323,1.0000,1.0122
8.8557,pi,6.2800,0.0259,1.0000,1.0123
8.8606,pi,6.2800,0.0207,1.0000,1.0125
8.8658,pi,6.2800,0.0165,1.0000,1.0125
8.8708,pi,6.2800,0.0132,1.0000,1.0126
8.8757,pi,6.2800,0.0106,1.0000,1.0127
8.8807,pi,6.2800,0.0085,1.0000,1.0127
8.8857,pi,6.2800,0.0068,1.0000,1.0127
8.8907,pi,6.2800,0.0054,1.0000,1.0128
8.8957,pi,6.2800,0.0043,1.0000,1.0128
8.9006,pi,6.2800,0.0035,1.0000,1.0128
8.9057,pi,6.2800,0.0028,1.0000,1.0128
8.9107,pi,6.2800,0.0022,1.0000,1.0128
8.9157,pi,6.2800,0.0018,1.0000,1.0128
8.9207,pi,6.2800,0.0014,1.0000,1.0128
8.9257,pi,6.2800,0.0011,1.0000,1.0128
8.9307,pi,6.2800,0.0009,1.0000,1.0128
8.9358,pi,6.2800,0.0007,1.0000,1.0129
8.9407,pi,6.2800,0.0006,1.0000,1.0129
8.9457,pi,6.2800,0.0005,1.0000,1.0129
8.9507,pi,6.2800,0.0004,1.0000,1.0129
8.9557,pi,6.2800,0.0003,1.0000,1.0129
8.9608,pi,6.2800,0.0002,1.0000,1.0129
8.9657,pi,6.2800,0.0002,1.0000,1.0129
8.9707,pi,6.2800,0.0002,1.0000,1.0129
8.9757,pi,6.2800,0.0001,1.0000,1.0129
8.9807,pi,6.2800,0.0001,1.0000,1.0129
8.9857,pi,6.2800,0.0001,1.0000,1.0129
8.9907,pi,6.2800,0.0001,1.0000,1.0129
8.9958,pi,6.2800,0.0001,1.0000,1.0129
9.0007,pi,6.2800,0.0000,1.0000,1.0129
9.0056,pi,6.2800,0.0000,1.0000,1.0129
9.0107,pi,6.2800,0.0000,1.0000,1.0129
9.0157,pi,6.2800,0.0000,1.0000,1.0129
9.0207,pi,6.2800,0.0000,1.0000,1.0129
9.0259,pi,6.2800,0.0000,1.0000,1.0129
9.0307,pi,6.2800,0.0000,1.0000,1.0129
9.0356,pi,6.2800,0.0000,1.0000,1.0129
9.0407,pi,6.2800,0.0000,1.0000,1.0129
9.0458,pi,6.2800,0.0000,1.0000,1.0129
9.0507,pi,6.2800,0.0000,1.0000,1.0129
9.0557,pi,6.2800,0.0000,1.0000,1.0129
9.0607,pi,6.2800,0.0000,1.0000,1.0129
9.0658,pi,6.2800,0.0000,1.0000,1.0129
9.0707,pi,6.2800,0.0000,1.0000,1.0129
9.0757,pi,6.2800,0.0000,1.0000,1.0129
9.0807,pi,6.2800,0.0000,1.0000,1.0129
9.0857,pi,6.2800,0.0000,1.0000,1.0129
9.0907,pi,6.2800,0.0000,1.0000,1.0129
9.0957,pi,6.2800,0.0000,1.0000,1.0129
9.1007,pi,6.2800,0.0000,1.0000,1.0129
9.1057,pi,6.2800,0.0000,1.0000,1.0129
9.1107,pi,6.2800,0.0000,1.0000,1.0129
9.1157,pi,6.2800,0.0000,1.0000,1.0129
9.1208,pi,6.2800,0.0000,1.0000,1.0129
9.1260,pi,6.2800,0.0000,1.0000,1.0129
9.1309,pi,6.2800,0.0000,1.0000,1.0129
9.1358,pi,6.2800,0.0000,1.0000,1.0129
9.1407,pi,6.2800,0.0000,1.0000,1.0129
9.1458,pi,6.2800,0.0000,1.0000,1.0129
9.1507,pi,6.2800,0.0000,1.0000,1.0129
9.1557,pi,6.2800,0.0000,1.0000,1.0129
9.1608,pi,6.2800,0.0000,1.0000,1.0129
9.1657,pi,6.2800,0.0000,1.0000,1.0129
9.1707,pi,6.2800,0.0000,1.0000,1.0129
9.1757,pi,6.2800,0.0000,1.0000,1.0129
9.1807,pi,6.2800,0.0000,1.0000,1.0129
9.1857,pi,6.2800,0.0000,1.0000,1.0129
9.1907,pi,6.2800,0.0000,1.0000,1.0129
9.1957,pi,6.2800,0.0000,1.0000,1.0129
9.2008,pi,6.2800,0.0000,1.0000,1.0129
9.2057,pi,6.2800,0.0000,1.0000,1.0129
9.2108,pi,6.2800,0.0000,1.0000,1.0129
9.2158,pi,6.2800,0.0000,1.0000,1.0129
9.2208,pi,6.2800,0.0000,1.0000,1.0129
9.2257,pi,6.2800,0.0000,1.0000,1.0129
9.2308,pi,6.2800,0.0000,1.0000,1.0129
9.2357,pi,6.2800,0.0000,1.0000,1.0129
9.2407,pi,6.2800,0.0000,1.0000,1.0129
9.2458,pi,6.2800,0.0000,1.0000,1.0129
9.2508,pi,6.2800,0.0000,1.0000,1.0129
9.2558,pi,6.2800,0.0000,1.0000,1.0129
9.2607,pi,6.2800,0.0000,1.0000,1.0129
9.2657,pi,6.2800,0.0000,1.0000,1.0129
9.2707,pi,6.2800,0.0000,1.0000,1.0129
9.2758,pi,6.2800,0.0000,1.0000,1.0129
9.2808,pi,6.2800,0.0000,1.0000,1.0129
9.2859,pi,6.2800,0.0000,1.0000,1.0129
9.2908,pi,6.2800,0.0000,1.0000,1.0129
9.2959,pi,6.2800,0.0000,1.0000,1.0129
9.3009,pi,6.2800,0.0000,1.0000,1.0129
9.3059,pi,6.2800,0.0000,1.0000,1.0129
9.3106,pi,6.2800,0.0000,1.0000,1.0129
9.3156,pi,6.2800,0.0000,1.0000,1.0129
9.3207,pi,6.2800,0.0000,1.0000,1.0129
9.3256,pi,6.2800,0.0000,1.0000,1.0129
9.3307,pi,6.2800,0.0000,1.0000,1.0129
9.3358,pi,6.2800,0.0000,1.0000,1.0129
9.3407,pi,6.2800,0.0000,1.0000,1.0129
9.3457,pi,6.2800,0.0000,1.0000,1.0129
9.3507,pi,6.2800,0.0000,1.0000,1.0129
9.3557,pi,6.2800,0.0000,1.0000,1.0129
9.3608,pi,6.2800,0.0000,1.0000,1.0129
9.3657,pi,6.2800,0.0000,1.0000,1.0129
9.3707,pi,6.2800,0.0000,1.0000,1.0129
9.3757,pi,6.2800,0.0000,1.0000,1.0129
9.3807,pi,6.2800,0.0000,1.0000,1.0129
9.3857,pi,6.2800,0.0000,1.0000,1.0129
9.3907,pi,6.2800,0.0000,1.0000,1.0129
9.3958,pi,6.2800,0.0000,1.0000,1.0129
9.4007,pi,6.2800,0.0000,1.0000,1.0129
9.4058,pi,6.2800,0.0000,1.0000,1.0129
9.4107,pi,6.2800,0.0000,1.0000,1.0129
9.4157,pi,6.2800,0.0000,1.0000,1.0129
9.4207,pi,6.2800,0.0000,1.0000,1.0129
9.4257,pi,6.2800,0.0000,1.0000,1.0129
9.4308,pi,6.2800,0.0000,1.0000,1.0129
9.4357,pi,6.2800,0.0000,1.0000,1.0129
9.4407,pi,6.2800,0.0000,1.0000,1.0129
9.4457,pi,6.2800,0.0000,1.0000,1.0129
9.4507,pi,6.2800,0.0000,1.0000,1.0129
9.4558,pi,6.2800,0.0000,1.0000,1.0129
9.4608,pi,6.2800,0.0000,1.0000,1.0129
9.4658,pi,6.2800,0.0000,1.0000,1.0129
9.4706,pi,6.2800,0.0000,1.0000,1.0129
9.4757,pi,6.2800,0.0000,1.0000,1.0129
9.4808,pi,6.2800,0.0000,1.0000,1.0129
9.4857,pi,6.2800,0.0000,1.0000,1.0129
9.4907,pi,6.2800,0.0000,1.0000,1.0129
9.4957,pi,6.2800,0.0000,1.0000,1.0129
9.5007,pi,6.2800,0.0000,1.0000,1.0129
9.5057,pi,6.2800,0.0000,1.0000,1.0129
9.5107,pi,6.2800,0.0000,1.0000,1.0129
9.5157,pi,6.2800,0.0000,1.0000,1.0129
9.5207,pi,6.2800,0.0000,1.0000,1.0129
9.5256,pi,6.2800,0.0000,1.0000,1.0129
9.5307,pi,6.2800,0.0000,1.0000,1.0129
9.5357,pi,6.2800,0.0000,1.0000,1.0129
9.5407,pi,6.2800,0.0000,1.0000,1.0129
9.5457,pi,6.2800,0.0000,1.0000,1.0129
9.5506,pi,6.2800,0.0000,1.0000,1.0129
9.5557,pi,6.2800,0.0000,1.0000,1.0129
9.5608,pi,6.2800,0.0000,1.0000,1.0129
9.5656,pi,6.2800,0.0000,1.0000,1.0129
9.5708,pi,6.2800,0.0000,1.0000,1.0129
9.5757,pi,6.2800,0.0000,1.0000,1.0129
9.5807,pi,6.2800,0.0000,1.0000,1.0129
9.5856,pi,6.2800,0.0000,1.0000,1.0129
9.5907,pi,6.2800,0.0000,1.0000,1.0129
9.5956,pi,6.2800,0.0000,1.0000,1.0129
9.6007,pi,6.2800,0.0000,1.0000,1.0129
9.6057,pi,6.2800,0.0000,1.0000,1.0129
9.6106,pi,6.2800,0.0000,1.0000,1.0129
9.6157,pi,6.2800,0.0000,1.0000,1.0129
9.6207,pi,6.2800,0.0000,1.0000,1.0129
9.6257,pi,6.2800,0.0000,1.0000,1.0129
9.6307,pi,6.2800,0.0000,1.0000,1.0129
9.6357,pi,6.2800,0.0000,1.0000,1.0129
9.6406,pi,6.2800,0.0000,1.0000,1.0129
9.6457,pi,6.2800,0.0000,1.0000,1.0129
9.6507,pi,6.2800,0.0000,1.0000,1.0129
9.6559,pi,6.2800,0.0000,1.0000,1.0129
9.6608,pi,6.2800,0.0000,1.0000,1.0129
9.6657,pi,6.2800,0.0000,1.0000,1.0129
9.6706,pi,6.2800,0.0000,1.0000,1.0129
9.6757,pi,6.2800,0.0000,1.0000,1.0129
9.6808,pi,6.2800,0.0000,1.0000,1.0129
9.6857,pi,6.2800,0.0000,1.0000,1.0129
9.6907,pi,6.2800,0.0000,1.0000,1.0129
9.6956,pi,6.2800,0.0000,1.0000,1.0129
9.7008,pi,6.2800,0.0000,1.0000,1.0129
9.7057,pi,6.2800,0.0000,1.0000,1.0129
9.7108,pi,6.2800,0.0000,1.0000,1.0129
9.7156,pi,6.2800,0.0000,1.0000,1.0129
9.7207,pi,6.2800,0.0000,1.0000,1.0129
9.7257,pi,6.2800,0.0000,1.0000,1.0129
9.7306,pi,6.2800,0.0000,1.0000,1.0129
9.7357,pi,6.2800,0.0000,1.0000,1.0129
9.7408,pi,6.2800,0.0000,1.0000,1.0129
9.7456,pi,6.2800,0.0000,1.0000,1.0129
9.7507,pi,6.2800,0.0000,1.0000,1.0129
9.7556,pi,6.2800,0.0000,1.0000,1.0129
9.7606,pi,6.2800,0.0000,1.0000,1.0129
9.7658,pi,6.2800,0.0000,1.0000,1.0129
9.7706,pi,6.2800,0.0000,1.0000,1.0129
9.7757,pi,6.2800,0.0000,1.0000,1.0129
9.7807,pi,6.2800,0.0000,1.0000,1.0129
9.7858,pi,6.2800,0.0000,1.0000,1.0129
9.7907,pi,6.2800,0.0000,1.0000,1.0129
9.7957,pi,6.2800,0.0000,1.0000,1.0129
9.8007,pi,6.2800,0.0000,1.0000,1.0129
9.8057,pi,6.2800,0.0000,1.0000,1.0129
9.8106,pi,6.2800,0.0000,1.0000,1.0129
9.8158,pi,6.2800,0.0000,1.0000,1.0129
9.8207,pi,6.2800,0.0000,1.0000,1.0129
9.8258,pi,6.2800,0.0000,1.0000,1.0129
9.8307,pi,6.2800,0.0000,1.0000,1.0129
9.8356,pi,6.2800,0.0000,1.0000,1.0129
9.8406,pi,6.2800,0.0000,1.0000,1.0129
9.8458,pi,6.2800,0.0000,1.0000,1.0129
9.8507,pi,6.2800,0.0000,1.0000,1.0129
9.8557,pi,6.2800,0.0000,1.0000,1.0129
9.8608,pi,6.2800,0.0000,1.0000,1.0129
9.8657,pi,6.2800,0.0000,1.0000,1.0129
9.8706,pi,6.2800,0.0000,1.0000,1.0129
9.8756,pi,6.2800,0.0000,1.0000,1.0129
9.8807,pi,6.2800,0.0000,1.0000,1.0129
9.8857,pi,6.2800,0.0000,1.0000,1.0129
9.8907,pi,6.2800,0.0000,1.0000,1.0129
9.8957,pi,6.2800,0.0000,1.0000,1.0129
9.9007,pi,6.2800,0.0000,1.0000,1.0129
9.9057,pi,6.2800,0.0000,1.0000,1.0129
9.9106,pi,6.2800,0.0000,1.0000,1.0129
9.9157,pi,6.2800,0.0000,1.0000,1.0129
9.9207,pi,6.2800,0.0000,1.0000,1.0129
9.9257,pi,6.2800,0.0000,1.0000,1.0129
9.9307,pi,6.2800,0.0000,1.0000,1.0129
9.9357,pi,6.2800,0.0000,1.0000,1.0129
9.9407,pi,6.2800,0.0000,1.0000,1.0129
9.9457,pi,6.2800,0.0000,1.0000,1.0129
9.9507,pi,6.2800,0.0000,1.0000,1.0129
9.9559,pi,6.2800,0.0000,1.0000,1.0129
9.9608,pi,6.2800,0.0000,1.0000,1.0129
9.9656,pi,6.2800,0.0000,1.0000,1.0129
9.9707,pi,6.2800,0.0000,1.0000,1.0129
9.9757,pi,6.2800,0.0000,1.0000,1.0129
9.9807,pi,6.2800,0.0000,1.0000,1.0129
9.9857,pi,6.2800,0.0000,1.0000,1.0129
9.9907,pi,6.2800,0.0000,1.0000,1.0129
9.9957,pi,6.2800,0.0000,1.0000,1.0129
10.0007,pi,6.2800,0.0000,1.0000,1.0129
10.0057,pi,6.2800,0.0000,1.0000,1.0129
10.0107,pi,6.2800,0.0000,1.0000,1.0129
10.0157,pi,6.2800,0.0000,1.0000,1.0129
10.0208,pi,6.2800,0.0000,1.0000,1.0129
10.0256,pi,6.2800,0.0000,1.0000,1.0129
10.0307,pi,6.2800,0.0000,1.0000,1.0129
10.0357,pi,6.2800,0.0000,1.0000,1.0129
10.0407,pi,6.2800,0.0000,1.0000,1.0129
10.0456,pi,6.2800,0.0000,1.0000,1.0129
10.0507,pi,6.2800,0.0000,1.0000,1.0129
10.0557,pi,6.2800,0.0000,1.0000,1.0129
10.0607,pi,6.2800,0.0000,1.0000,1.0129
10.0657,pi,6.2800,0.0000,1.0000,1.0129
10.0706,pi,6.2800,0.0000,1.0000,1.0129
10.0757,pi,6.2800,0.0000,1.0000,1.0129
10.0807,pi,6.2800,0.0000,1.0000,1.0129
10.0857,pi,6.2800,0.0000,1.0000,1.0129
10.0907,pi,6.2800,0.0000,1.0000,1.0129
10.0957,pi,6.2800,0.0000,1.0000,1.0129
10.1007,pi,6.2800,0.0000,1.0000,1.0129
10.1057,pi,6.2800,0.0000,1.0000,1.0129
10.1106,pi,6.2800,0.0000,1.0000,1.0129
10.1157,pi,6.2800,0.0000,1.0000,1.0129
10.1207,pi,6.2800,0.0000,1.0000,1.0129
10.1258,pi,6.2800,0.0000,1.0000,1.0129
10.1310,pi,6.2800,0.0000,1.0000,1.0129
10.1360,pi,6.2800,0.0000,1.0000,1.0129
10.1407,pi,6.2800,0.0000,1.0000,1.0129
10.1457,pi,6.2800,0.0000,1.0000,1.0129
10.1506,pi,6.2800,0.0000,1.0000,1.0129
10.1557,pi,6.2800,0.0000,1.0000,1.0129
10.1607,pi,6.2800,0.0000,1.0000,1.0129
10.1657,pi,6.2800,0.0502,1.0000,1.0119
10.1707,pi,6.2800,0.0905,1.0000,1.0111
10.1757,pi,6.2800,0.1180,1.0000,1.0105
10.1807,pi,6.2800,0.1402,1.0000,1.0101
10.1857,pi,6.2800,0.2035,1.0000,1.0088
10.1907,pi,6.2800,0.2543,1.0000,1.0078
10.1959,pi,6.2800,0.3555,1.0000,1.0058
10.2007,pi,6.2800,0.4339,1.0000,1.0042
10.2057,pi,6.2800,0.4979,1.0000,1.0029
10.2107,pi,6.2800,0.5354,1.0000,1.0022
10.2157,pi,6.2800,0.5653,1.0000,1.0016
10.2207,pi,6.2800,0.5436,1.0000,1.0020
10.2258,pi,6.2800,0.5354,1.0000,1.0022
10.2307,pi,6.2800,0.5289,1.0000,1.0023
10.2357,pi,6.2800,0.4734,1.0000,1.0034
10.2407,pi,6.2800,0.4244,1.0000,1.0044
10.2458,pi,6.2800,0.3852,1.0000,1.0052
10.2508,pi,6.2800,0.3081,1.0000,1.0067
10.2558,pi,6.2800,0.2465,1.0000,1.0079
10.2608,pi,6.2800,0.1972,1.0000,1.0089
10.2657,pi,6.2800,0.1579,1.0000,1.0097
10.2707,pi,6.2800,0.1262,1.0000,1.0103
10.2757,pi,6.2800,0.1010,1.0000,1.0108
10.2808,pi,6.2800,0.0808,1.0000,1.0112
10.2857,pi,6.2800,0.0646,1.0000,1.0116
10.2907,pi,6.2800,0.0517,1.0000,1.0118
10.2957,pi,6.2800,0.0414,1.0000,1.0120
10.3007,pi,6.2800,0.0331,1.0000,1.0122
10.3057,pi,6.2800,0.0265,1.0000,1.0123
10.3110,pi,6.2800,0.0212,1.0000,1.0124
10.3159,pi,6.2800,0.0169,1.0000,1.0125
10.3207,pi,6.2800,0.0135,1.0000,1.0126
10.3257,pi,6.2800,0.0108,1.0000,1.0126
10.3307,pi,6.2800,0.0087,1.0000,1.0127
10.3357,pi,6.2800,0.0069,1.0000,1.0127
10.3407,pi,6.2800,0.0056,1.0000,1.0128
10.3457,pi,6.2800,0.0044,1.0000,1.0128
10.3507,pi,6.2800,0.0036,1.0000,1.0128
10.3557,pi,6.2800,0.0028,1.0000,1.0128
10.3607,pi,6.2800,0.0023,1.0000,1.0128
10.3657,pi,6.2800,0.0018,1.0000,1.0128
10.3707,pi,6.2800,0.0015,1.0000,1.0128
10.3757,pi,6.2800,0.0012,1.0000,1.0128
10.3807,pi,6.2800,0.0009,1.0000,1.0128
10.3857,pi,6.2800,0.0007,1.0000,1.0129
10.3907,pi,6.2800,0.0006,1.0000,1.0129
10.3957,pi,6.2800,0.0005,1.0000,1.0129
10.4006,pi,6.2800,0.0004,1.0000,1.0129
10.4057,pi,6.2800,0.0003,1.0000,1.0129
10.4108,pi,6.2800,0.0002,1.0000,1.0129
10.4157,pi,6.2800,0.0002,1.0000,1.0129
10.4207,pi,6.2800,0.0002,1.0000,1.0129
10.4257,pi,6.2800,0.0001,1.0000,1.0129
10.4307,pi,6.2800,0.0001,1.0000,1.0129
10.4357,pi,6.2800,0.0001,1.0000,1.0129
10.4407,pi,6.2800,0.0001,1.0000,1.0129
10.4456,pi,6.2800,0.0001,1.0000,1.0129
10.4507,pi,6.2800,0.0000,1.0000,1.0129
10.4556,pi,6.2800,0.0000,1.0000,1.0129
10.4607,pi,6.2800,0.0000,1.0000,1.0129
10.4657,pi,6.2800,0.0000,1.0000,1.0129
10.4708,pi,6.2800,0.0000,1.0000,1.0129
10.4758,pi,6.2800,0.0000,1.0000,1.0129
10.4807,pi,6.2800,0.0000,1.0000,1.0129
10.4856,pi,6.2800,0.0000,1.0000,1.0129
10.4907,pi,6.2800,0.0000,1.0000,1.0129
10.4957,pi,6.2800,0.0000,1.0000,1.0129
10.5007,pi,6.2800,0.0000,1.0000,1.0129
10.5057,pi,6.2800,0.0000,1.0000,1.0129
10.5107,pi,6.2800,0.0000,1.0000,1.0129
10.5157,pi,6.2800,0.0000,1.0000,1.0129
10.5206,pi,6.2800,0.0000,1.0000,1.0129
10.5257,pi,6.2800,0.0000,1.0000,1.0129
10.5307,pi,6.2800,0.0000,1.0000,1.0129
10.5357,pi,6.2800,0.0000,1.0000,1.0129
10.5407,pi,6.2800,0.0000,1.0000,1.0129
10.5457,pi,6.2800,0.0000,1.0000,1.0129
10.5507,pi,6.2800,0.0000,1.0000,1.0129
10.5557,pi,6.2800,0.0000,1.0000,1.0129
10.5607,pi,6.2800,0.0000,1.0000,1.0129
10.5657,pi,6.2800,0.0000,1.0000,1.0129
10.5707,pi,6.2800,0.0000,1.0000,1.0129
10.5758,pi,6.2800,0.0000,1.0000,1.0129
10.5807,pi,6.2800,0.0000,1.0000,1.0129
10.5857,pi,6.2800,0.0000,1.0000,1.0129
10.5907,pi,6.2800,0.0000,1.0000,1.0129
10.5957,pi,6.2800,0.0000,1.0000,1.0129
10.6007,pi,6.2800,0.0000,1.0000,1.0129
10.6057,pi,6.2800,0.0000,1.0000,1.0129
10.6106,pi,6.2800,0.0000,1.0000,1.0129
10.6157,pi,6.2800,0.0000,1.0000,1.0129
10.6206,pi,6.2800,0.0000,1.0000,1.0129
10.6257,pi,6.2800,0.0000,1.0000,1.0129
10.6307,pi,6.2800,0.0000,1.0000,1.0129
10.6358,pi,6.2800,0.0000,1.0000,1.0129
10.6407,pi,6.2800,0.0000,1.0000,1.0129
10.6458,pi,6.2800,0.0000,1.0000,1.0129
10.6506,pi,6.2800,0.0000,1.0000,1.0129
10.6557,pi,6.2800,0.0000,1.0000,1.0129
10.6607,pi,6.2800,0.0000,1.0000,1.0129
10.6657,pi,6.2800,0.0000,1.0000,1.0129
10.6707,pi,6.2800,0.0000,1.0000,1.0129
10.6757,pi,6.2800,0.0000,1.0000,1.0129
10.6807,pi,6.2800,0.0000,1.0000,1.0129
10.6858,pi,6.2800,0.0000,1.0000,1.0129
10.6906,pi,6.2800,0.0000,1.0000,1.0129
10.6957,pi,6.2800,0.0000,1.0000,1.0129
10.7007,pi,6.2800,0.0000,1.0000,1.0129
10.7057,pi,6.2800,0.0000,1.0000,1.0129
10.7106,pi,6.2800,0.0000,1.0000,1.0129
10.7158,pi,6.2800,0.0000,1.0000,1.0129
10.7207,pi,6.2800,0.0000,1.0000,1.0129
10.7257,pi,6.2800,0.0000,1.0000,1.0129
10.7307,pi,6.2800,0.0000,1.0000,1.0129
10.7357,pi,6.2800,0.0000,1.0000,1.0129
10.7407,pi,6.2800,0.0000,1.0000,1.0129
10.7457,pi,6.2800,0.0000,1.0000,1.0129
10.7507,pi,6.2800,0.0000,1.0000,1.0129
10.7557,pi,6.2800,0.0000,1.0000,1.0129
10.7607,pi,6.2800,0.0000,1.0000,1.0129
10.7657,pi,6.2800,0.0000,1.0000,1.0129
10.7707,pi,6.2800,0.0000,1.0000,1.0129
10.7757,pi,6.2800,0.0000,1.0000,1.0129
10.7807,pi,6.2800,0.0000,1.0000,1.0129
10.7858,pi,6.2800,0.0000,1.0000,1.0129
10.7907,pi,6.2800,0.0000,1.0000,1.0129
10.7958,pi,6.2800,0.0000,1.0000,1.0129
10.8007,pi,6.2800,0.0000,1.0000,1.0129
10.8057,pi,6.2800,0.0000,1.0000,1.0129
10.8107,pi,6.2800,0.0000,1.0000,1.0129
10.8157,pi,6.2800,0.0000,1.0000,1.0129
10.8207,pi,6.2800,0.0000,1.0000,1.0129
10.8257,pi,6.2800,0.0000,1.0000,1.0129
10.8308,pi,6.2800,0.0000,1.0000,1.0129
10.8357,pi,6.2800,0.0000,1.0000,1.0129
10.8407,pi,6.2800,0.0000,1.0000,1.0129
10.8458,pi,6.2800,0.0000,1.0000,1.0129
10.8508,pi,6.2800,0.0000,1.0000,1.0129
10.8557,pi,6.2800,0.0000,1.0000,1.0129
10.8607,pi,6.2800,0.0000,1.0000,1.0129
10.8658,pi,6.2800,0.0000,1.0000,1.0129
10.8707,pi,6.2800,0.0000,1.0000,1.0129
10.8758,pi,6.2800,0.0000,1.0000,1.0129
10.8807,pi,6.2800,0.0000,1.0000,1.0129
10.8857,pi,6.2800,0.0000,1.0000,1.0129
10.8907,pi,6.2800,0.0000,1.0000,1.0129
10.8957,pi,6.2800,0.0000,1.0000,1.0129
10.9007,pi,6.2800,0.0000,1.0000,1.0129
10.9057,pi,6.2800,0.0000,1.0000,1.0129
10.9108,pi,6.2800,0.0000,1.0000,1.0129
10.9157,pi,6.2800,0.0000,1.0000,1.0129
10.9209,pi,6.2800,0.0000,1.0000,1.0129
10.9257,pi,6.2800,0.0000,1.0000,1.0129
10.9307,pi,6.2800,0.0000,1.0000,1.0129
10.9357,pi,6.2800,0.0000,1.0000,1.0129
10.9407,pi,6.2800,0.0000,1.0000,1.0129
10.9458,pi,6.2800,0.0000,1.0000,1.0129
10.9507,pi,6.2800,0.0000,1.0000,1.0129
10.9558,pi,6.2800,0.0000,1.0000,1.0129
10.9607,pi,6.2800,0.0000,1.0000,1.0129
10.9657,pi,6.2800,0.0000,1.0000,1.0129
10.9707,pi,6.2800,0.0000,1.0000,1.0129
10.9760,pi,6.2800,0.0000,1.0000,1.0129
10.9808,pi,6.2800,0.0000,1.0000,1.0129
10.9858,pi,6.2800,0.0000,1.0000,1.0129
10.9906,pi,6.2800,0.0000,1.0000,1.0129
10.9958,pi,6.2800,0.0000,1.0000,1.0129
11.0008,pi,6.2800,0.0000,1.0000,1.0129
11.0057,pi,6.2800,0.0000,1.0000,1.0129
11.0107,pi,6.2800,0.0000,1.0000,1.0129
11.0157,pi,6.2800,0.0000,1.0000,1.0129
11.0208,pi,6.2800,0.0000,1.0000,1.0129
11.0257,pi,6.2800,0.0000,1.0000,1.0129
11.0307,pi,6.2800,0.0000,1.0000,1.0129
11.0357,pi,6.2800,0.0000,1.0000,1.0129
11.0408,pi,6.2800,0.0000,1.0000,1.0129
11.0457,pi,6.2800,0.0000,1.0000,1.0129
11.0507,pi,6.2800,0.0000,1.0000,1.0129
11.0557,pi,6.2800,0.0000,1.0000,1.0129
11.0607,pi,6.2800,0.0000,1.0000,1.0129
11.0657,pi,6.2800,0.0000,1.0000,1.0129
11.0707,pi,6.2800,0.0000,1.0000,1.0129
11.0757,pi,6.2800,0.0000,1.0000,1.0129
11.0807,pi,6.2800,0.0000,1.0000,1.0129
11.0857,pi,6.2800,0.0000,1.0000,1.0129
11.0907,pi,6.2800,0.0000,1.0000,1.0129
11.0957,pi,6.2800,0.0000,1.0000,1.0129
11.1007,pi,6.2800,0.0000,1.0000,1.0129
11.1057,pi,6.2800,0.0000,1.0000,1.0129
11.1107,pi,6.2800,0.0000,1.0000,1.0129
11.1158,pi,6.2800,0.0000,1.0000,1.0129
11.1207,pi,6.2800,0.0000,1.0000,1.0129
11.1256,pi,6.2800,0.0000,1.0000,1.0129
11.1308,pi,6.2800,0.0000,1.0000,1.0129
11.1360,pi,6.2800,0.0000,1.0000,1.0129
11.1408,pi,6.2800,0.0000,1.0000,1.0129
11.1457,pi,6.2800,0.0000,1.0000,1.0129
11.1507,pi,6.2800,0.0000,1.0000,1.0129
11.1558,pi,6.2800,0.0000,1.0000,1.0129
11.1607,pi,6.2800,0.0000,1.0000,1.0129
11.1657,pi,6.2800,0.0000,1.0000,1.0129
11.1707,pi,6.2800,0.0000,1.0000,1.0129
11.1758,pi,6.2800,0.0000,1.0000,1.0129
11.1807,pi,6.2800,0.0000,1.0000,1.0129
11.1857,pi,6.2800,0.0000,1.0000,1.0129
11.1907,pi,6.2800,0.0000,1.0000,1.0129
11.1957,pi,6.2800,0.0000,1.0000,1.0129
11.2007,pi,6.2800,0.0000,1.0000,1.0129
11.2057,pi,6.2800,0.0000,1.0000,1.0129
11.2107,pi,6.2800,0.0000,1.0000,1.0129
11.2158,pi,6.2800,0.0000,1.0000,1.0129
11.2208,pi,6.2800,0.0000,1.0000,1.0129
11.2260,pi,6.2800,0.0000,1.0000,1.0129
11.2319,pi,6.2800,0.0000,1.0000,1.0129
11.2361,pi,6.2800,0.0000,1.0000,1.0129
11.2407,pi,6.2800,0.0000,1.0000,1.0129
11.2457,pi,6.2800,0.0000,1.0000,1.0129
11.2507,pi,6.2800,0.0000,1.0000,1.0129
11.2557,pi,6.2800,0.0000,1.0000,1.0129
11.2607,pi,6.2800,0.0000,1.0000,1.0129
11.2658,pi,6.2800,0.0000,1.0000,1.0129
11.2707,pi,6.2800,0.0000,1.0000,1.0129
11.2757,pi,6.2800,0.0000,1.0000,1.0129
11.2807,pi,6.2800,0.0000,1.0000,1.0129
11.2857,pi,6.2800,0.0000,1.0000,1.0129
11.2907,pi,6.2800,0.0000,1.0000,1.0129
11.2958,pi,6.2800,0.0000,1.0000,1.0129
11.3008,pi,6.2800,0.0000,1.0000,1.0129
11.3063,pi,6.2800,0.0000,1.0000,1.0129
11.3116,pi,6.2800,0.0000,1.0000,1.0129
11.3166,pi,6.2800,0.0000,1.0000,1.0129
11.3230,pi,6.2800,0.0000,1.0000,1.0129
11.3276,pi,6.2800,0.0000,1.0000,1.0129
11.3326,pi,6.2800,0.0000,1.0000,1.0129
11.3377,pi,6.2800,0.0000,1.0000,1.0129
11.3424,pi,6.2800,0.0000,1.0000,1.0129
11.3471,pi,6.2800,0.0000,1.0000,1.0129
11.3514,pi,6.2800,0.0000,1.0000,1.0129
11.3566,pi,6.2800,0.0000,1.0000,1.0129
11.3619,pi,6.2800,0.0000,1.0000,1.0129
11.3668,pi,6.2800,0.0000,1.0000,1.0129
11.3721,pi,6.2800,0.0000,1.0000,1.0129
11.3771,pi,6.2800,0.0000,1.0000,1.0129
11.3829,pi,6.2800,0.0000,1.0000,1.0129
11.3883,pi,6.2800,0.0000,1.0000,1.0129
11.3923,pi,6.2800,0.0000,1.0000,1.0129
11.3966,pi,6.2800,0.0000,1.0000,1.0129
11.4008,pi,6.2800,0.0000,1.0000,1.0129
11.4057,pi,6.2800,0.0000,1.0000,1.0129
11.4107,pi,6.2800,0.0000,1.0000,1.0129
11.4158,pi,6.2800,0.0000,1.0000,1.0129
11.4208,pi,6.2800,0.0000,1.0000,1.0129
11.4257,pi,6.2800,0.0000,1.0000,1.0129
11.4307,pi,6.2800,0.0000,1.0000,1.0129
11.4357,pi,6.2800,0.0000,1.0000,1.0129
11.4407,pi,6.2800,0.0000,1.0000,1.0129
11.4463,pi,6.2800,0.0000,1.0000,1.0129
11.4523,pi,6.2800,0.0000,1.0000,1.0129
11.4582,pi,6.2800,0.0000,1.0000,1.0129
11.4634,pi,6.2800,0.0000,1.0000,1.0129
11.4681,pi,6.2800,0.0000,1.0000,1.0129
11.4721,pi,6.2800,0.0000,1.0000,1.0129
11.4763,pi,6.2800,0.0000,1.0000,1.0129
11.4807,pi,6.2800,0.0000,1.0000,1.0129
11.4861,pi,6.2800,0.0000,1.0000,1.0129
11.4916,pi,6.2800,0.0000,1.0000,1.0129
11.4959,pi,6.2800,0.0000,1.0000,1.0129
11.5007,pi,6.2800,0.0000,1.0000,1.0129
11.5057,pi,6.2800,0.0000,1.0000,1.0129
11.5107,pi,6.2800,0.0000,1.0000,1.0129
11.5158,pi,6.2800,0.0000,1.0000,1.0129
11.5209,pi,6.2800,0.0000,1.0000,1.0129
11.5258,pi,6.2800,0.0000,1.0000,1.0129
11.5306,pi,6.2800,0.0000,1.0000,1.0129
11.5357,pi,6.2800,0.0000,1.0000,1.0129
11.5408,pi,6.2800,0.0000,1.0000,1.0129
11.5457,pi,6.2800,0.0000,1.0000,1.0129
11.5507,pi,6.2800,0.0000,1.0000,1.0129
11.5557,pi,6.2800,0.0000,1.0000,1.0129
11.5608,pi,6.2800,0.0000,1.0000,1.0129
11.5658,pi,6.2800,0.0000,1.0000,1.0129
11.5708,pi,6.2800,0.0000,1.0000,1.0129
11.5757,pi,6.2800,0.0000,1.0000,1.0129
11.5809,pi,6.2800,0.0000,1.0000,1.0129
11.5857,pi,6.2800,0.0000,1.0000,1.0129
11.5907,pi,6.2800,0.0000,1.0000,1.0129
11.5958,pi,6.2800,0.0000,1.0000,1.0129
11.6007,pi,6.2800,0.0000,1.0000,1.0129
11.6057,pi,6.2800,0.0000,1.0000,1.0129
11.6107,pi,6.2800,0.0000,1.0000,1.0129
11.6157,pi,6.2800,0.0000,1.0000,1.0129
11.6208,pi,6.2800,0.0000,1.0000,1.0129
11.6257,pi,6.2800,0.0000,1.0000,1.0129
11.6307,pi,6.2800,0.0000,1.0000,1.0129
11.6358,pi,6.2800,0.0000,1.0000,1.0129
11.6408,pi,6.2800,0.0000,1.0000,1.0129
11.6457,pi,6.2800,0.0000,1.0000,1.0129
11.6508,pi,6.2800,0.0000,1.0000,1.0129
11.6557,pi,6.2800,0.0000,1.0000,1.0129
11.6608,pi,6.2800,0.0000,1.0000,1.0129
11.6657,pi,6.2800,0.0000,1.0000,1.0129
11.6707,pi,6.2800,0.0000,1.0000,1.0129
11.6757,pi,6.2800,0.0000,1.0000,1.0129
11.6808,pi,6.2800,0.0000,1.0000,1.0129
11.6858,pi,6.2800,0.0000,1.0000,1.0129
11.6908,pi,6.2800,0.0000,1.0000,1.0129
11.6957,pi,6.2800,0.0000,1.0000,1.0129
11.7006,pi,6.2800,0.0000,1.0000,1.0129
11.7057,pi,6.2800,0.0000,1.0000,1.0129
11.7107,pi,6.2800,0.0000,1.0000,1.0129
11.7158,pi,6.2800,0.0000,1.0000,1.0129
11.7209,pi,6.2800,0.0000,1.0000,1.0129
11.7259,pi,6.2800,0.0000,1.0000,1.0129
11.7307,pi,6.2800,0.0000,1.0000,1.0129
11.7357,pi,6.2800,0.0000,1.0000,1.0129
11.7411,pi,6.2800,0.0000,1.0000,1.0129
11.7464,pi,6.2800,0.0000,1.0000,1.0129
11.7518,pi,6.2800,0.0000,1.0000,1.0129
11.7568,pi,6.2800,0.0000,1.0000,1.0129
11.7613,pi,6.2800,0.0000,1.0000,1.0129
11.7658,pi,6.2800,0.0000,1.0000,1.0129
11.7706,pi,6.2800,0.0000,1.0000,1.0129
11.7760,pi,6.2800,0.0000,1.0000,1.0129
11.7807,pi,6.2800,0.0000,1.0000,1.0129
11.7857,pi,6.2800,0.0000,1.0000,1.0129
11.7907,pi,6.2800,0.0000,1.0000,1.0129
11.7959,pi,6.2800,0.0000,1.0000,1.0129
11.8008,pi,6.2800,0.0000,1.0000,1.0129
11.8058,pi,6.2800,0.0000,1.0000,1.0129
11.8106,pi,6.2800,0.0000,1.0000,1.0129
11.8158,pi,6.2800,0.0000,1.0000,1.0129
11.8207,pi,6.2800,0.0000,1.0000,1.0129
11.8258,pi,6.2800,0.0000,1.0000,1.0129
11.8306,pi,6.2800,0.0000,1.0000,1.0129
11.8359,pi,6.2800,0.0000,1.0000,1.0129
11.8407,pi,6.2800,0.0000,1.0000,1.0129
11.8457,pi,6.2800,0.0000,1.0000,1.0129
11.8507,pi,6.2800,0.0000,1.0000,1.0129
11.8557,pi,6.2800,0.0000,1.0000,1.0129
11.8608,pi,6.2800,0.0000,1.0000,1.0129
11.8657,pi,6.2800,0.0000,1.0000,1.0129
11.8707,pi,6.2800,0.0000,1.0000,1.0129
11.8757,pi,6.2800,0.0000,1.0000,1.0129
11.8807,pi,6.2800,0.0000,1.0000,1.0129
11.8857,pi,6.2800,0.0000,1.0000,1.0129
11.8907,pi,6.2800,0.0000,1.0000,1.0129
11.8957,pi,6.2800,0.0000,1.0000,1.0129
11.9008,pi,6.2800,0.0000,1.0000,1.0129
11.9057,pi,6.2800,0.0000,1.0000,1.0129
11.9106,pi,6.2800,0.0000,1.0000,1.0129
11.9156,pi,6.2800,0.0000,1.0000,1.0129
11.9207,pi,6.2800,0.0000,1.0000,1.0129
11.9257,pi,6.2800,0.0000,1.0000,1.0129
11.9306,pi,6.2800,0.0000,1.0000,1.0129
11.9357,pi,6.2800,0.0000,1.0000,1.0129
11.9407,pi,6.2800,0.0000,1.0000,1.0129
11.9457,pi,6.2800,0.0000,1.0000,1.0129
11.9506,pi,6.2800,0.0000,1.0000,1.0129
11.9557,pi,6.2800,0.0000,1.0000,1.0129
11.9607,pi,6.2800,0.0000,1.0000,1.0129
11.9657,pi,6.2800,0.0000,1.0000,1.0129
11.9707,pi,6.2800,0.0000,1.0000,1.0129
11.9759,pi,6.2800,0.0000,1.0000,1.0129
11.9808,pi,6.2800,0.0000,1.0000,1.0129
11.9856,pi,6.2800,0.0000,1.0000,1.0129
11.9907,pi,6.2800,0.0000,1.0000,1.0129
11.9957,pi,6.2800,0.0000,1.0000,1.0129
12.0007,pi,6.2800,0.0000,1.0000,1.0129
12.0057,pi,6.2800,0.0000,1.0000,1.0129
12.0107,pi,6.2800,0.0000,1.0000,1.0129
12.0158,pi,6.2800,0.0000,1.0000,1.0129
12.0208,pi,6.2800,0.0000,1.0000,1.0129
12.0257,pi,6.2800,0.0000,1.0000,1.0129
12.0308,pi,6.2800,0.0000,1.0000,1.0129
12.0357,pi,6.2800,0.0000,1.0000,1.0129
12.0407,pi,6.2800,0.0000,1.0000,1.0129
12.0457,pi,6.2800,0.0000,1.0000,1.0129
12.0507,pi,6.2800,0.0000,1.0000,1.0129
12.0557,pi,6.2800,0.0000,1.0000,1.0129
12.0607,pi,6.2800,0.0000,1.0000,1.0129
12.0657,pi,6.2800,0.0000,1.0000,1.0129
12.0707,pi,6.2800,0.0000,1.0000,1.0129
12.0757,pi,6.2800,0.0000,1.0000,1.0129
12.0807,pi,6.2800,0.0000,1.0000,1.0129
12.0857,pi,6.2800,0.0000,1.0000,1.0129
12.0907,pi,6.2800,0.0000,1.0000,1.0129
12.0957,pi,6.2800,0.0000,1.0000,1.0129
12.1007,pi,6.2800,0.0000,1.0000,1.0129
12.1060,pi,6.2800,0.0000,1.0000,1.0129
12.1108,pi,6.2800,0.0000,1.0000,1.0129
12.1157,pi,6.2800,0.0000,1.0000,1.0129
12.1206,pi,6.2800,0.0000,1.0000,1.0129
12.1257,pi,6.2800,0.0000,1.0000,1.0129
12.1308,pi,6.2800,0.0000,1.0000,1.0129
12.1360,pi,6.2800,0.0000,1.0000,1.0129
12.1409,pi,6.2800,0.0000,1.0000,1.0129
12.1457,pi,6.2800,0.0000,1.0000,1.0129
12.1506,pi,6.2800,0.0000,1.0000,1.0129
12.1557,pi,6.2800,0.0000,1.0000,1.0129
12.1607,pi,6.2800,0.0000,1.0000,1.0129
12.1658,pi,6.2800,0.0000,1.0000,1.0129
12.1707,pi,6.2800,0.0000,1.0000,1.0129
12.1757,pi,6.2800,0.0000,1.0000,1.0129
12.1807,pi,6.2800,0.0000,1.0000,1.0129
12.1857,pi,6.2800,0.0000,1.0000,1.0129
12.1907,pi,6.2800,0.0000,1.0000,1.0129
12.1957,pi,6.2800,0.0000,1.0000,1.0129
12.2008,pi,6.2800,0.0000,1.0000,1.0129
12.2057,pi,6.2800,0.0000,1.0000,1.0129
12.2107,pi,6.2800,0.0000,1.0000,1.0129
12.2157,pi,6.2800,0.0000,1.0000,1.0129
12.2207,pi,6.2800,0.0000,1.0000,1.0129
12.2257,pi,6.2800,0.0000,1.0000,1.0129
12.2307,pi,6.2800,0.0000,1.0000,1.0129
12.2358,pi,6.2800,0.0000,1.0000,1.0129
12.2407,pi,6.2800,0.0000,1.0000,1.0129
12.2458,pi,6.2800,0.0000,1.0000,1.0129
12.2507,pi,6.2800,0.0000,1.0000,1.0129
12.2558,pi,6.2800,0.0000,1.0000,1.0129
12.2608,pi,6.2800,0.0000,1.0000,1.0129
12.2659,pi,6.2800,0.0000,1.0000,1.0129
12.2707,pi,6.2800,0.0000,1.0000,1.0129
12.2757,pi,6.2800,0.0000,1.0000,1.0129
12.2808,pi,6.2800,0.0000,1.0000,1.0129
12.2857,pi,6.2800,0.0000,1.0000,1.0129
12.2908,pi,6.2800,0.0000,1.0000,1.0129
12.2957,pi,6.2800,0.0000,1.0000,1.0129
12.3007,pi,6.2800,0.0000,1.0000,1.0129
12.3057,pi,6.2800,0.0000,1.0000,1.0129
12.3107,pi,6.2800,0.0000,1.0000,1.0129
12.3158,pi,6.2800,0.0000,1.0000,1.0129
12.3208,pi,6.2800,0.0000,1.0000,1.0129
12.3257,pi,6.2800,0.0000,1.0000,1.0129
12.3307,pi,6.2800,0.0000,1.0000,1.0129
12.3358,pi,6.2800,0.0000,1.0000,1.0129
12.3408,pi,6.2800,0.0000,1.0000,1.0129
12.3458,pi,6.2800,0.0000,1.0000,1.0129
12.3507,pi,6.2800,0.0000,1.0000,1.0129
12.3558,pi,6.2800,0.0000,1.0000,1.0129
12.3607,pi,6.2800,0.0000,1.0000,1.0129
12.3657,pi,6.2800,0.0000,1.0000,1.0129
12.3707,pi,6.2800,0.0000,1.0000,1.0129
12.3758,pi,6.2800,0.0000,1.0000,1.0129
12.3807,pi,6.2800,0.0000,1.0000,1.0129
12.3858,pi,6.2800,0.0000,1.0000,1.0129
12.3907,pi,6.2800,0.0000,1.0000,1.0129
12.3957,pi,6.2800,0.0000,1.0000,1.0129
12.4007,pi,6.2800,0.0000,1.0000,1.0129
12.4058,pi,6.2800,0.0000,1.0000,1.0129
12.4107,pi,6.2800,0.0000,1.0000,1.0129
12.4157,pi,6.2800,0.0000,1.0000,1.0129
12.4207,pi,6.2800,0.0000,1.0000,1.0129
12.4257,pi,6.2800,0.0000,1.0000,1.0129
12.4308,pi,6.2800,0.0000,1.0000,1.0129
12.4357,pi,6.2800,0.0000,1.0000,1.0129
12.4408,pi,6.2800,0.0000,1.0000,1.0129
12.4457,pi,6.2800,0.0000,1.0000,1.0129
12.4508,pi,6.2800,0.0000,1.0000,1.0129
12.4557,pi,6.2800,0.0000,1.0000,1.0129
12.4608,pi,6.2800,0.0000,1.0000,1.0129
12.4657,pi,6.2800,0.0000,1.0000,1.0129
12.4707,pi,6.2800,0.0000,1.0000,1.0129
12.4758,pi,6.2800,0.0000,1.0000,1.0129
12.4807,pi,6.2800,0.0000,1.0000,1.0129
12.4858,pi,6.2800,0.0000,1.0000,1.0129
12.4907,pi,6.2800,0.0000,1.0000,1.0129
12.4958,pi,6.2800,0.0000,1.0000,1.0129
12.5007,pi,6.2800,0.0000,1.0000,1.0129
12.5057,pi,6.2800,0.0000,1.0000,1.0129
12.5108,pi,6.2800,0.0000,1.0000,1.0129
12.5157,pi,6.2800,0.0000,1.0000,1.0129
12.5207,pi,6.2800,0.0000,1.0000,1.0129
12.5257,pi,6.2800,0.0000,1.0000,1.0129
12.5307,pi,6.2800,0.0000,1.0000,1.0129
12.5358,pi,6.2800,0.0000,1.0000,1.0129
12.5408,pi,6.2800,0.0000,1.0000,1.0129
12.5458,pi,6.2800,0.0000,1.0000,1.0129
12.5507,pi,6.2800,0.0000,1.0000,1.0129
12.5557,pi,6.2800,0.0000,1.0000,1.0129
12.5607,pi,6.2800,0.0000,1.0000,1.0129
12.5657,pi,6.2800,0.0000,1.0000,1.0129
12.5707,pi,6.2800,0.0000,1.0000,1.0129
12.5757,pi,6.2800,0.0000,1.0000,1.0129
12.5807,pi,6.2800,0.0000,1.0000,1.0129
12.5857,pi,6.2800,0.0000,1.0000,1.0129
12.5907,pi,6.2800,0.0000,1.0000,1.0129
12.5957,pi,6.2800,0.0000,1.0000,1.0129
12.6007,pi,6.2800,0.0000,1.0000,1.0129
12.6057,pi,6.2800,0.0000,1.0000,1.0129
12.6107,pi,6.2800,0.0000,1.0000,1.0129
12.6157,pi,6.2800,0.0000,1.0000,1.0129
12.6207,pi,6.2800,0.0000,1.0000,1.0129
12.6257,pi,6.2800,0.0000,1.0000,1.0129
12.6307,pi,6.2800,0.0000,1.0000,1.0129
12.6360,pi,6.2800,0.0000,1.0000,1.0129
12.6415,pi,6.2800,0.0000,1.0000,1.0129
12.6462,pi,6.2800,0.0000,1.0000,1.0129
12.6515,pi,6.2800,0.0000,1.0000,1.0129
12.6563,pi,6.2800,0.0000,1.0000,1.0129
12.6616,pi,6.2800,0.0000,1.0000,1.0129
12.6662,pi,6.2800,0.0000,1.0000,1.0129
12.6710,pi,6.2800,0.0000,1.0000,1.0129
12.6759,pi,6.2800,0.0000,1.0000,1.0129
12.6809,pi,6.2800,0.0000,1.0000,1.0129
12.6859,pi,6.2800,0.0000,1.0000,1.0129
12.6908,pi,6.2800,0.0000,1.0000,1.0129
12.6958,pi,6.2800,0.0000,1.0000,1.0129
12.7008,pi,6.2800,0.0000,1.0000,1.0129
12.7058,pi,6.2800,0.0000,1.0000,1.0129
12.7108,pi,6.2800,0.0000,1.0000,1.0129
12.7159,pi,6.2800,0.0000,1.0000,1.0129
12.7216,pi,6.2800,0.0000,1.0000,1.0129
12.7262,pi,6.2800,0.0000,1.0000,1.0129
12.7314,pi,6.2800,0.0000,1.0000,1.0129
12.7359,pi,6.2800,0.0000,1.0000,1.0129
12.7411,pi,6.2800,0.0000,1.0000,1.0129
12.7461,pi,6.2800,0.0000,1.0000,1.0129
12.7510,pi,6.2800,0.0000,1.0000,1.0129
12.7561,pi,6.2800,0.0000,1.0000,1.0129
12.7611,pi,6.2800,0.0000,1.0000,1.0129
12.7662,pi,6.2800,0.0000,1.0000,1.0129
12.7712,pi,6.2800,0.0000,1.0000,1.0129
12.7762,pi,6.2800,0.0000,1.0000,1.0129
12.7813,pi,6.2800,0.0000,1.0000,1.0129
12.7860,pi,6.2800,0.0000,1.0000,1.0129
12.7907,pi,6.2800,0.0000,1.0000,1.0129
12.7957,pi,6.2800,0.0000,1.0000,1.0129
12.8007,pi,6.2800,0.0000,1.0000,1.0129
12.8057,pi,6.2800,0.0000,1.0000,1.0129
12.8107,pi,6.2800,0.0000,1.0000,1.0129
12.8158,pi,6.2800,0.0000,1.0000,1.0129
12.8207,pi,6.2800,0.0000,1.0000,1.0129
12.8257,pi,6.2800,0.0000,1.0000,1.0129
12.8307,pi,6.2800,0.0000,1.0000,1.0129
12.8357,pi,6.2800,0.0000,1.0000,1.0129
12.8407,pi,6.2800,0.0000,1.0000,1.0129
12.8457,pi,6.2800,0.0000,1.0000,1.0129
12.8507,pi,6.2800,0.0000,1.0000,1.0129
12.8557,pi,6.2800,0.0000,1.0000,1.0129
12.8607,pi,6.2800,0.0000,1.0000,1.0129
12.8657,pi,6.2800,0.0000,1.0000,1.0129
12.8708,pi,6.2800,0.0000,1.0000,1.0129
12.8757,pi,6.2800,0.0000,1.0000,1.0129
12.8808,pi,6.2800,0.0000,1.0000,1.0129
12.8857,pi,6.2800,0.0000,1.0000,1.0129
12.8907,pi,6.2800,0.0000,1.0000,1.0129
12.8957,pi,6.2800,0.0000,1.0000,1.0129
12.9009,pi,6.2800,0.0000,1.0000,1.0129
12.9057,pi,6.2800,0.0000,1.0000,1.0129
12.9107,pi,6.2800,0.0000,1.0000,1.0129
12.9157,pi,6.2800,0.0000,1.0000,1.0129
12.9208,pi,6.2800,0.0000,1.0000,1.0129
12.9257,pi,6.2800,0.0000,1.0000,1.0129
12.9307,pi,6.2800,0.0000,1.0000,1.0129
12.9357,pi,6.2800,0.0000,1.0000,1.0129
12.9408,pi,6.2800,0.0000,1.0000,1.0129
12.9457,pi,6.2800,0.0000,1.0000,1.0129
12.9507,pi,6.2800,0.0000,1.0000,1.0129
12.9558,pi,6.2800,0.0000,1.0000,1.0129
12.9607,pi,6.2800,0.0000,1.0000,1.0129
12.9657,pi,6.2800,0.0000,1.0000,1.0129
12.9707,pi,6.2800,0.0000,1.0000,1.0129
12.9757,pi,6.2800,0.0000,1.0000,1.0129
12.9808,pi,6.2800,0.0000,1.0000,1.0129
12.9857,pi,6.2800,0.0000,1.0000,1.0129
12.9907,pi,6.2800,0.0000,1.0000,1.0129
12.9957,pi,6.2800,0.0000,1.0000,1.0129
13.0007,pi,6.2800,0.0000,1.0000,1.0129
13.0057,pi,6.2800,0.0000,1.0000,1.0129
13.0107,pi,6.2800,0.0000,1.0000,1.0129
13.0157,pi,6.2800,0.0000,1.0000,1.0129
13.0208,pi,6.2800,0.0000,1.0000,1.0129
13.0258,pi,6.2800,0.0000,1.0000,1.0129
13.0308,pi,6.2800,0.0000,1.0000,1.0129
13.0358,pi,6.2800,0.0000,1.0000,1.0129
13.0406,pi,6.2800,0.0000,1.0000,1.0129
13.0458,pi,6.2800,0.0000,1.0000,1.0129
13.0507,pi,6.2800,0.0000,1.0000,1.0129
13.0557,pi,6.2800,0.0000,1.0000,1.0129
13.0607,pi,6.2800,0.0000,1.0000,1.0129
13.0657,pi,6.2800,0.0000,1.0000,1.0129
13.0707,pi,6.2800,0.0000,1.0000,1.0129
13.0757,pi,6.2800,0.0000,1.0000,1.0129
13.0808,pi,6.2800,0.0000,1.0000,1.0129
13.0857,pi,6.2800,0.0000,1.0000,1.0129
13.0909,pi,6.2800,0.0000,1.0000,1.0129
13.0958,pi,6.2800,0.0000,1.0000,1.0129
13.1007,pi,6.2800,0.0000,1.0000,1.0129
13.1057,pi,6.2800,0.0000,1.0000,1.0129
13.1106,pi,6.2800,0.0000,1.0000,1.0129
13.1158,pi,6.2800,0.0000,1.0000,1.0129
13.1207,pi,6.2800,0.0000,1.0000,1.0129
13.1257,pi,6.2800,0.0000,1.0000,1.0129
13.1308,pi,6.2800,0.0000,1.0000,1.0129
13.1361,pi,6.2800,0.0000,1.0000,1.0129
13.1410,pi,6.2800,0.0000,1.0000,1.0129
13.1457,pi,6.2800,0.0000,1.0000,1.0129
13.1507,pi,6.2800,0.0000,1.0000,1.0129
13.1557,pi,6.2800,0.0000,1.0000,1.0129
13.1607,pi,6.2800,0.0000,1.0000,1.0129
13.1657,pi,6.2800,0.0000,1.0000,1.0129
13.1708,pi,6.2800,0.0000,1.0000,1.0129
13.1757,pi,6.2800,0.0000,1.0000,1.0129
13.1807,pi,6.2800,0.0000,1.0000,1.0129
13.1857,pi,6.2800,0.0000,1.0000,1.0129
13.1907,pi,6.2800,0.0000,1.0000,1.0129
13.1957,pi,6.2800,0.0000,1.0000,1.0129
13.2007,pi,6.2800,0.0000,1.0000,1.0129
13.2058,pi,6.2800,0.0000,1.0000,1.0129
13.2107,pi,6.2800,0.0000,1.0000,1.0129
13.2159,pi,6.2800,0.0000,1.0000,1.0129
13.2207,pi,6.2800,0.0000,1.0000,1.0129
13.2258,pi,6.2800,0.0000,1.0000,1.0129
13.2307,pi,6.2800,0.0000,1.0000,1.0129
13.2357,pi,6.2800,0.0000,1.0000,1.0129
13.2408,pi,6.2800,0.0000,1.0000,1.0129
13.2458,pi,6.2800,0.0000,1.0000,1.0129
13.2507,pi,6.2800,0.0000,1.0000,1.0129
13.2557,pi,6.2800,0.0000,1.0000,1.0129
13.2607,pi,6.2800,0.0000,1.0000,1.0129
13.2657,pi,6.2800,0.0000,1.0000,1.0129
13.2707,pi,6.2800,0.0000,1.0000,1.0129
13.2757,pi,6.2800,0.0000,1.0000,1.0129
13.2807,pi,6.2800,0.0000,1.0000,1.0129
13.2857,pi,6.2800,0.0000,1.0000,1.0129
13.2907,pi,6.2800,0.0000,1.0000,1.0129
13.2957,pi,6.2800,0.0000,1.0000,1.0129
13.3007,pi,6.2800,0.0000,1.0000,1.0129
13.3057,pi,6.2800,0.0000,1.0000,1.0129
13.3108,pi,6.2800,0.0000,1.0000,1.0129
13.3157,pi,6.2800,0.0000,1.0000,1.0129
13.3208,pi,6.2800,0.0000,1.0000,1.0129
13.3257,pi,6.2800,0.0000,1.0000,1.0129
13.3307,pi,6.2800,0.0000,1.0000,1.0129
13.3357,pi,6.2800,0.0000,1.0000,1.0129
13.3408,pi,6.2800,0.0000,1.0000,1.0129
13.3458,pi,6.2800,0.0000,1.0000,1.0129
13.3507,pi,6.2800,0.0000,1.0000,1.0129
13.3557,pi,6.2800,0.0000,1.0000,1.0129
13.3607,pi,6.2800,0.0000,1.0000,1.0129
13.3657,pi,6.2800,0.0000,1.0000,1.0129
13.3707,pi,6.2800,0.0000,1.0000,1.0129
13.3758,pi,6.2800,0.0000,1.0000,1.0129
13.3807,pi,6.2800,0.0000,1.0000,1.0129
13.3857,pi,6.2800,0.0000,1.0000,1.0129
13.3907,pi,6.2800,0.0000,1.0000,1.0129
13.3956,pi,6.2800,0.0000,1.0000,1.0129
13.4007,pi,6.2800,0.0000,1.0000,1.0129
13.4057,pi,6.2800,0.0000,1.0000,1.0129
13.4107,pi,6.2800,0.0000,1.0000,1.0129
13.4157,pi,6.2800,0.0000,1.0000,1.0129
13.4207,pi,6.2800,0.0457,1.0000,1.0120
13.4258,pi,6.2800,0.0868,1.0000,1.0111
13.4307,pi,6.2800,0.1198,1.0000,1.0105
13.4357,pi,6.2800,0.2327,1.0000,1.0082
13.4407,pi,6.2800,0.3689,1.0000,1.0055
13.4457,pi,6.2800,0.5695,1.0000,1.0015
13.4507,pi,6.2800,0.8665,0.9955,0.9955
13.4558,pi,6.2800,1.2876,0.9885,0.9885
13.4608,pi,6.2800,1.8982,0.9775,0.9775
13.4658,pi,6.2800,2.7070,0.9624,0.9624
13.4707,pi,6.2800,3.7656,0.9421,0.9421
13.4758,pi,6.2800,4.9326,0.9194,0.9194
13.4808,pi,6.2800,6.3230,0.8920,0.8920
13.4858,pi,6.2800,8.1331,0.8557,0.8557
13.4907,pi,6.2800,9.7386,0.8232,0.8232
13.4958,pi,6.2800,11.7697,0.7817,0.7817
13.5008,pi,6.2800,13.8848,0.7380,0.7380
13.5057,pi,6.2800,15.9299,0.6952,0.6952
13.5107,pi,6.2800,17.8691,0.6540,0.6540
13.5157,pi,6.2800,19.6729,0.6150,0.6150
13.5207,pi,6.2800,21.1748,0.5817,0.5817
13.5258,pi,6.2800,22.5153,0.5511,0.5511
13.5307,pi,6.2800,23.7700,0.5220,0.5220
13.5357,pi,6.2800,24.8197,0.4966,0.4966
13.5408,pi,6.2800,25.7870,0.4726,0.4726
13.5458,pi,6.2800,26.5238,0.4530,0.4530
13.5508,pi,6.2800,27.1166,0.4361,0.4361
13.5557,pi,6.2800,27.4986,0.4233,0.4233
13.5607,pi,6.2800,27.7576,0.4128,0.4128
13.5657,pi,6.2800,27.8730,0.4051,0.4051
13.5707,pi,6.2800,27.8286,0.4006,0.4006
13.5758,pi,6.2800,27.6398,0.3990,0.3990
13.5808,pi,6.2800,27.3385,0.3996,0.3996
13.5857,pi,6.2800,27.0355,0.4004,0.4004
13.5908,pi,6.2800,26.5537,0.4049,0.4049
13.5957,pi,6.2800,26.0677,0.4095,0.4095
13.6008,pi,6.2800,25.5290,0.4154,0.4154
13.6058,pi,6.2800,24.9316,0.4225,0.4225
13.6108,pi,6.2800,24.4170,0.4281,0.4281
13.6157,pi,6.2800,23.9099,0.4337,0.4337
13.6207,pi,6.2800,23.4504,0.4385,0.4385
13.6257,pi,6.2800,23.0552,0.4421,0.4421
13.6308,pi,6.2800,22.6483,0.4461,0.4461
13.6358,pi,6.2800,22.2402,0.4501,0.4501
13.6407,pi,6.2800,21.9634,0.4517,0.4517
13.6457,pi,6.2800,21.7295,0.4524,0.4524
13.6507,pi,6.2800,21.4966,0.4532,0.4532
13.6558,pi,6.2800,21.3097,0.4532,0.4532
13.6607,pi,6.2800,21.2108,0.4514,0.4514
13.6658,pi,6.2800,21.0853,0.4502,0.4502
13.6708,pi,6.2800,21.0376,0.4474,0.4474
13.6757,pi,6.2800,20.9888,0.4447,0.4447
13.6808,pi,6.2800,20.9495,0.4418,0.4418
13.6857,pi,6.2800,20.9187,0.4388,0.4388
13.6907,pi,6.2800,20.8936,0.4356,0.4356
13.6957,pi,6.2800,20.8288,0.4333,0.4333
13.7007,pi,6.2800,20.7763,0.4307,0.4307
13.7057,pi,6.2800,20.7339,0.4279,0.4279
13.7107,pi,6.2800,20.7002,0.4250,0.4250
13.7157,pi,6.2800,20.6288,0.4228,0.4228
13.7207,pi,6.2800,20.5705,0.4204,0.4204
13.7257,pi,6.2800,20.4802,0.4186,0.4186
13.7307,pi,6.2800,20.4054,0.4165,0.4165
13.7358,pi,6.2800,20.3424,0.4143,0.4143
13.7408,pi,6.2800,20.2453,0.4127,0.4127
13.7458,pi,6.2800,20.1663,0.4108,0.4108
13.7508,pi,6.2800,20.1022,0.4086,0.4086
13.7557,pi,6.2800,20.0527,0.4061,0.4061
13.7608,pi,6.2800,19.9628,0.4045,0.4045
13.7656,pi,6.2800,19.9006,0.4023,0.4023
13.7708,pi,6.2800,19.8406,0.4001,0.4001
13.7757,pi,6.2800,19.7927,0.3977,0.3977
13.7808,pi,6.2800,19.7043,0.3961,0.3961
13.7860,pi,6.2800,19.6457,0.3939,0.3939
13.7913,pi,6.2800,19.5844,0.3917,0.3917
13.7961,pi,6.2800,19.5322,0.3895,0.3895
13.8013,pi,6.2800,19.4951,0.3869,0.3869
13.8064,pi,6.2800,19.4105,0.3853,0.3853
13.8115,pi,6.2800,19.3946,0.3823,0.3823
13.8162,pi,6.2800,19.3283,0.3803,0.3803
13.8213,pi,6.2800,19.2786,0.3781,0.3781
13.8265,pi,6.2800,19.1884,0.3766,0.3766
13.8316,pi,6.2800,19.1116,0.3749,0.3749
13.8361,pi,6.2800,19.0555,0.3728,0.3728
13.8413,pi,6.2800,19.0125,0.3705,0.3705
13.8458,pi,6.2800,18.9281,0.3690,0.3690
13.8508,pi,6.2800,18.8490,0.3674,0.3674
13.8557,pi,6.2800,18.7365,0.3666,0.3666
13.8608,pi,6.2800,18.6489,0.3652,0.3652
13.8659,pi,6.2800,18.5310,0.3645,0.3645
13.8708,pi,6.2800,18.4402,0.3632,0.3632
13.8757,pi,6.2800,18.3209,0.3626,0.3626
13.8806,pi,6.2800,18.2261,0.3615,0.3615
13.8857,pi,6.2800,18.1500,0.3600,0.3600
13.8907,pi,6.2800,18.0450,0.3591,0.3591
13.8957,pi,6.2800,17.9590,0.3579,0.3579
13.9008,pi,6.2800,17.8905,0.3564,0.3564
13.9058,pi,6.2800,17.8308,0.3547,0.3547
13.9108,pi,6.2800,17.7323,0.3537,0.3537
13.9156,pi,6.2800,17.6594,0.3523,0.3523
13.9208,pi,6.2800,17.5922,0.3508,0.3508
13.9258,pi,6.2800,17.5381,0.3491,0.3491
13.9308,pi,6.2800,17.4476,0.3481,0.3481
13.9357,pi,6.2800,17.3840,0.3466,0.3466
13.9408,pi,6.2800,17.3242,0.3450,0.3450
13.9458,pi,6.2800,17.2250,0.3442,0.3442
13.9507,pi,6.2800,17.1604,0.3428,0.3428
13.9558,pi,6.2800,17.0648,0.3420,0.3420
13.9607,pi,6.2800,16.9881,0.3408,0.3408
13.9658,pi,6.2800,16.9581,0.3387,0.3387
13.9707,pi,6.2800,16.9020,0.3372,0.3372
13.9758,pi,6.2800,16.8571,0.3354,0.3354
13.9808,pi,6.2800,16.7791,0.3343,0.3343
13.9857,pi,6.2800,16.7592,0.3321,0.3321
13.9907,pi,6.2800,16.6979,0.3307,0.3307
13.9958,pi,6.2800,16.6016,0.3300,0.3300
14.0008,pi,6.2800,16.5486,0.3285,0.3285
14.0057,pi,6.2800,16.5058,0.3268,0.3268
14.0108,pi,6.2800,16.4679,0.3250,0.3250
14.0157,pi,6.2800,16.4198,0.3234,0.3234
14.0207,pi,6.2800,16.3352,0.3226,0.3226
14.0257,pi,6.2800,16.2680,0.3214,0.3214
14.0307,pi,6.2800,16.1708,0.3209,0.3209
14.0358,pi,6.2800,16.0901,0.3200,0.3200
14.0408,pi,6.2800,16.0365,0.3186,0.3186
14.0457,pi,6.2800,15.9831,0.3172,0.3172
14.0508,pi,6.2800,15.9400,0.3157,0.3157
14.0557,pi,6.2800,15.8599,0.3149,0.3149
14.0607,pi,6.2800,15.7957,0.3137,0.3137
14.0658,pi,6.2800,15.7008,0.3133,0.3133
14.0713,pi,6.2800,15.5910,0.3131,0.3131
14.0760,pi,6.2800,15.5417,0.3116,0.3116
14.0807,pi,6.2800,15.4986,0.3103,0.3103
14.0856,pi,6.2800,15.4603,0.3088,0.3088
14.0907,pi,6.2800,15.4301,0.3071,0.3071
14.0960,pi,6.2800,15.3588,0.3062,0.3062
14.1010,pi,6.2800,15.2988,0.3051,0.3051
14.1063,pi,6.2800,15.2543,0.3038,0.3038
14.1106,pi,6.2800,15.2192,0.3022,0.3022
14.1157,pi,6.2800,15.1910,0.3006,0.3006
14.1207,pi,6.2800,15.1705,0.2988,0.2988
14.1257,pi,6.2800,15.1780,0.2964,0.2964
14.1309,pi,6.2800,15.1569,0.2946,0.2946
14.1361,pi,6.2800,15.0901,0.2937,0.2937
14.1412,pi,6.2800,15.0338,0.2926,0.2926
14.1460,pi,6.2800,14.9925,0.2912,0.2912
14.1510,pi,6.2800,14.9635,0.2897,0.2897
14.1563,pi,6.2800,14.9343,0.2881,0.2881
14.1608,pi,6.2800,14.8626,0.2873,0.2873
14.1657,pi,6.2800,14.8053,0.2863,0.2863
14.1707,pi,6.2800,14.7085,0.2861,0.2861
14.1756,pi,6.2800,14.6453,0.2853,0.2853
14.1808,pi,6.2800,14.5941,0.2842,0.2842
14.1859,pi,6.2800,14.5094,0.2838,0.2838
14.1908,pi,6.2800,14.4403,0.2832,0.2832
14.1958,pi,6.2800,14.3875,0.2822,0.2822
14.2010,pi,6.2800,14.2985,0.2819,0.2819
14.2057,pi,6.2800,14.2271,0.2814,0.2814
14.2108,pi,6.2800,14.1252,0.2814,0.2814
14.2160,pi,6.2800,14.0647,0.2807,0.2807
14.2213,pi,6.2800,14.0156,0.2797,0.2797
14.2259,pi,6.2800,13.9257,0.2796,0.2796
14.2307,pi,6.2800,13.8819,0.2785,0.2785
14.2357,pi,6.2800,13.8022,0.2782,0.2782
14.2408,pi,6.2800,13.7383,0.2776,0.2776
14.2459,pi,6.2800,13.7329,0.2759,0.2759
14.2508,pi,6.2800,13.7001,0.2747,0.2747
14.2559,pi,6.2800,13.6235,0.2743,0.2743
14.2607,pi,6.2800,13.5948,0.2731,0.2731
14.2659,pi,6.2800,13.5722,0.2717,0.2717
14.2707,pi,6.2800,13.5083,0.2712,0.2712
14.2757,pi,6.2800,13.4577,0.2704,0.2704
14.2808,pi,6.2800,13.3798,0.2701,0.2701
14.2857,pi,6.2800,13.3679,0.2686,0.2686
14.2908,pi,6.2800,13.3581,0.2670,0.2670
14.2958,pi,6.2800,13.3001,0.2664,0.2664
14.3007,pi,6.2800,13.2451,0.2657,0.2657
14.3058,pi,6.2800,13.2009,0.2649,0.2649
14.3107,pi,6.2800,13.2117,0.2629,0.2629
14.3157,pi,6.2800,13.1743,0.2620,0.2620
14.3208,pi,6.2800,13.1532,0.2607,0.2607
14.3258,pi,6.2800,13.0857,0.2603,0.2603
14.3308,pi,6.2800,13.0315,0.2597,0.2597
14.3356,pi,6.2800,12.9848,0.2589,0.2589
14.3406,pi,6.2800,12.9021,0.2589,0.2589
14.3458,pi,6.2800,12.8347,0.2586,0.2586
14.3509,pi,6.2800,12.7807,0.2580,0.2580
14.3558,pi,6.2800,12.7375,0.2573,0.2573
14.3609,pi,6.2800,12.6499,0.2574,0.2574
14.3660,pi,6.2800,12.5825,0.2571,0.2571
14.3715,pi,6.2800,12.5280,0.2567,0.2567
14.3763,pi,6.2800,12.4901,0.2559,0.2559
14.3810,pi,6.2800,12.5055,0.2540,0.2540
14.3857,pi,6.2800,12.5188,0.2522,0.2522
14.3908,pi,6.2800,12.5281,0.2504,0.2504
14.3957,pi,6.2800,12.5357,0.2487,0.2487
14.4009,pi,6.2800,12.5426,0.2470,0.2470
14.4060,pi,6.2800,12.5476,0.2454,0.2454
14.4110,pi,6.2800,12.5058,0.2446,0.2446
14.4158,pi,6.2800,12.5197,0.2428,0.2428
14.4207,pi,6.2800,12.4839,0.2419,0.2419
14.4257,pi,6.2800,12.4558,0.2410,0.2410
14.4309,pi,6.2800,12.4323,0.2399,0.2399
14.4358,pi,6.2800,12.4082,0.2388,0.2388
14.4407,pi,6.2800,12.3883,0.2377,0.2377
14.4458,pi,6.2800,12.3223,0.2375,0.2375
14.4507,pi,6.2800,12.2700,0.2370,0.2370
14.4557,pi,6.2800,12.2285,0.2364,0.2364
14.4607,pi,6.2800,12.1589,0.2363,0.2363
14.4658,pi,6.2800,12.1489,0.2350,0.2350
14.4708,pi,6.2800,12.1313,0.2339,0.2339
14.4758,pi,6.2800,12.0667,0.2337,0.2337
14.4808,pi,6.2800,12.0154,0.2333,0.2333
14.4857,pi,6.2800,11.9244,0.2337,0.2337
14.4907,pi,6.2800,11.8700,0.2333,0.2333
14.4957,pi,6.2800,11.7812,0.2337,0.2337
14.5008,pi,6.2800,11.7558,0.2329,0.2329
14.5058,pi,6.2800,11.6662,0.2333,0.2333
14.5107,pi,6.2800,11.6186,0.2329,0.2329
14.5157,pi,6.2800,11.5802,0.2323,0.2323
14.5207,pi,6.2800,11.5498,0.2316,0.2316
14.5257,pi,6.2800,11.4799,0.2317,0.2317
14.5308,pi,6.2800,11.4691,0.2306,0.2306
14.5365,pi,6.2800,11.4363,0.2300,0.2300
14.5420,pi,6.2800,11.3600,0.2302,0.2302
14.5466,pi,6.2800,11.3496,0.2291,0.2291
14.5512,pi,6.2800,11.2907,0.2290,0.2290
14.5558,pi,6.2800,11.2714,0.2282,0.2282
14.5608,pi,6.2800,11.2283,0.2278,0.2278
14.5657,pi,6.2800,11.1937,0.2272,0.2272
14.5708,pi,6.2800,11.1662,0.2266,0.2266
14.5758,pi,6.2800,11.1436,0.2258,0.2258
14.5808,pi,6.2800,11.1265,0.2249,0.2249
14.5857,pi,6.2800,11.0951,0.2243,0.2243
14.5908,pi,6.2800,11.1160,0.2227,0.2227
14.5958,pi,6.2800,11.1326,0.2212,0.2212
14.6008,pi,6.2800,11.0997,0.2206,0.2206
14.6059,pi,6.2800,11.0914,0.2196,0.2196
14.6107,pi,6.2800,11.0847,0.2185,0.2185
14.6157,pi,6.2800,11.0613,0.2178,0.2178
14.6207,pi,6.2800,11.0103,0.2176,0.2176
14.6258,pi,6.2800,11.0014,0.2166,0.2166
14.6308,pi,6.2800,10.9947,0.2156,0.2156
14.6358,pi,6.2800,10.9566,0.2151,0.2151
14.6407,pi,6.2800,10.9266,0.2146,0.2146
14.6457,pi,6.2800,10.8893,0.2142,0.2142
14.6507,pi,6.2800,10.8594,0.2136,0.2136
14.6560,pi,6.2800,10.7985,0.2137,0.2137
14.6608,pi,6.2800,10.7985,0.2125,0.2125
14.6657,pi,6.2800,10.7872,0.2116,0.2116
14.6707,pi,6.2800,10.7781,0.2107,0.2107
14.6759,pi,6.2800,10.7305,0.2105,0.2105
14.6806,pi,6.2800,10.6872,0.2103,0.2103
14.6858,pi,6.2800,10.6980,0.2090,0.2090
14.6908,pi,6.2800,10.7068,0.2077,0.2077
14.6959,pi,6.2800,10.6682,0.2073,0.2073
14.7009,pi,6.2800,10.6449,0.2067,0.2067
14.7058,pi,6.2800,10.6178,0.2062,0.2062
14.7107,pi,6.2800,10.5963,0.2055,0.2055
14.7157,pi,6.2800,10.5357,0.2056,0.2056
14.7207,pi,6.2800,10.4886,0.2055,0.2055
14.7257,pi,6.2800,10.4471,0.2053,0.2053
14.7307,pi,6.2800,10.4166,0.2049,0.2049
14.7358,pi,6.2800,10.3436,0.2053,0.2053
14.7406,pi,6.2800,10.2857,0.2054,0.2054
14.7458,pi,6.2800,10.2384,0.2054,0.2054
14.7508,pi,6.2800,10.2013,0.2051,0.2051
14.7558,pi,6.2800,10.1711,0.2048,0.2048
14.7617,pi,6.2800,10.1448,0.2043,0.2043
14.7671,pi,6.2800,10.1252,0.2037,0.2037
14.7711,pi,6.2800,10.1108,0.2031,0.2031
14.7757,pi,6.2800,10.0985,0.2023,0.2023
14.7807,pi,6.2800,10.0890,0.2016,0.2016
14.7856,pi,6.2800,10.0817,0.2008,0.2008
14.7908,pi,6.2800,10.0755,0.2000,0.2000
14.7957,pi,6.2800,10.0705,0.1991,0.1991
14.8007,pi,6.2800,10.0672,0.1982,0.1982
14.8057,pi,6.2800,10.0649,0.1973,0.1973
14.8107,pi,6.2800,10.0631,0.1964,0.1964
14.8157,pi,6.2800,10.0637,0.1955,0.1955
14.8207,pi,6.2800,10.0625,0.1945,0.1945
14.8258,pi,6.2800,10.0604,0.1936,0.1936
14.8307,pi,6.2800,10.0085,0.1937,0.1937
14.8356,pi,6.2800,9.9720,0.1935,0.1935
14.8407,pi,6.2800,9.9424,0.1932,0.1932
14.8458,pi,6.2800,9.8638,0.1938,0.1938
14.8508,pi,6.2800,9.8008,0.1942,0.1942
14.8557,pi,6.2800,9.7508,0.1943,0.1943
14.8607,pi,6.2800,9.7106,0.1943,0.1943
14.8657,pi,6.2800,9.6783,0.1941,0.1941
14.8707,pi,6.2800,9.6619,0.1935,0.1935
14.8758,pi,6.2800,9.6395,0.1931,0.1931
14.8808,pi,6.2800,9.6214,0.1927,0.1927
14.8857,pi,6.2800,9.6072,0.1921,0.1921
14.8908,pi,6.2800,9.6049,0.1913,0.1913
14.8957,pi,6.2800,9.6032,0.1905,0.1905
14.9007,pi,6.2800,9.6018,0.1897,0.1897
14.9058,pi,6.2800,9.5914,0.1891,0.1891
14.9107,pi,6.2800,9.5831,0.1884,0.1884
14.9157,pi,6.2800,9.5858,0.1876,0.1876
14.9208,pi,6.2800,9.5787,0.1869,0.1869
14.9257,pi,6.2800,9.5365,0.1869,0.1869
14.9307,pi,6.2800,9.5029,0.1867,0.1867
14.9358,pi,6.2800,9.5123,0.1858,0.1858
14.9407,pi,6.2800,9.4695,0.1858,0.1858
14.9457,pi,6.2800,9.4354,0.1857,0.1857
14.9507,pi,6.2800,9.4220,0.1852,0.1852
14.9558,pi,6.2800,9.4475,0.1839,0.1839
14.9608,pi,6.2800,9.4139,0.1837,0.1837
14.9657,pi,6.2800,9.3912,0.1834,0.1834
14.9708,pi,6.2800,9.3691,0.1831,0.1831
14.9757,pi,6.2800,9.3549,0.1826,0.1826
14.9807,pi,6.2800,9.3576,0.1818,0.1818
14.9856,pi,6.2800,9.3144,0.1819,0.1819
14.9907,pi,6.2800,9.2799,0.1818,0.1818
14.9957,pi,6.2800,9.2977,0.1807,0.1807
15.0008,pi,6.2800,9.2663,0.1806,0.1806
15.0057,pi,6.2800,9.2410,0.1803,0.1803
15.0107,pi,6.2800,9.1754,0.1809,0.1809
15.0157,pi,6.2800,9.1717,0.1802,0.1802
15.0208,pi,6.2800,9.1655,0.1796,0.1796
15.0258,pi,6.2800,9.1416,0.1794,0.1794
15.0308,pi,6.2800,9.1222,0.1791,0.1791
15.0357,pi,6.2800,9.1072,0.1787,0.1787
15.0407,pi,6.2800,9.0944,0.1782,0.1782
15.0458,pi,6.2800,9.0343,0.1787,0.1787
15.0508,pi,6.2800,9.0361,0.1780,0.1780
15.0557,pi,6.2800,8.9876,0.1783,0.1783
15.0607,pi,6.2800,8.9993,0.1774,0.1774
15.0657,pi,6.2800,8.9583,0.1775,0.1775
15.0707,pi,6.2800,8.9255,0.1775,0.1775
15.0758,pi,6.2800,8.8762,0.1778,0.1778
15.0809,pi,6.2800,8.8603,0.1775,0.1775
15.0857,pi,6.2800,8.8469,0.1771,0.1771
15.0906,pi,6.2800,8.8599,0.1762,0.1762
15.0958,pi,6.2800,8.8249,0.1763,0.1763
15.1011,pi,6.2800,8.8191,0.1757,0.1757
15.1062,pi,6.2800,8.8143,0.1752,0.1752
15.1109,pi,6.2800,8.8105,0.1746,0.1746
15.1162,pi,6.2800,8.8059,0.1741,0.1741
15.1207,pi,6.2800,8.8033,0.1735,0.1735
15.1256,pi,6.2800,8.7797,0.1734,0.1734
15.1306,pi,6.2800,8.8068,0.1722,0.1722
15.1360,pi,6.2800,8.8043,0.1716,0.1716
15.1415,pi,6.2800,8.7513,0.1720,0.1720
15.1459,pi,6.2800,8.7592,0.1713,0.1713
15.1507,pi,6.2800,8.7891,0.1700,0.1700
15.1557,pi,6.2800,8.7686,0.1698,0.1698
15.1608,pi,6.2800,8.7518,0.1695,0.1695
15.1657,pi,6.2800,8.7384,0.1692,0.1692
15.1708,pi,6.2800,8.7291,0.1688,0.1688
15.1758,pi,6.2800,8.7418,0.1679,0.1679
15.1807,pi,6.2800,8.7022,0.1681,0.1681
15.1857,pi,6.2800,8.6513,0.1685,0.1685
15.1907,pi,6.2800,8.6587,0.1677,0.1677
15.1957,pi,6.2800,8.6645,0.1670,0.1670
15.2007,pi,6.2800,8.6233,0.1673,0.1673
15.2058,pi,6.2800,8.5897,0.1674,0.1674
15.2107,pi,6.2800,8.5627,0.1673,0.1673
15.2157,pi,6.2800,8.5872,0.1663,0.1663
15.2207,pi,6.2800,8.5606,0.1662,0.1662
15.2257,pi,6.2800,8.5394,0.1661,0.1661
15.2307,pi,6.2800,8.5232,0.1658,0.1658
15.2357,pi,6.2800,8.5096,0.1655,0.1655
15.2408,pi,6.2800,8.4663,0.1658,0.1658
15.2458,pi,6.2800,8.4818,0.1650,0.1650
15.2507,pi,6.2800,8.4944,0.1642,0.1642
15.2558,pi,6.2800,8.4536,0.1644,0.1644
15.2607,pi,6.2800,8.4719,0.1635,0.1635
15.2658,pi,6.2800,8.4360,0.1637,0.1637
15.2707,pi,6.2800,8.4072,0.1637,0.1637
15.2756,pi,6.2800,8.4167,0.1630,0.1630
15.2807,pi,6.2800,8.4243,0.1623,0.1623
15.2858,pi,6.2800,8.3980,0.1623,0.1623
15.2907,pi,6.2800,8.3771,0.1622,0.1622
15.2957,pi,6.2800,8.3467,0.1623,0.1623
15.3007,pi,6.2800,8.3227,0.1623,0.1623
15.3057,pi,6.2800,8.3033,0.1621,0.1621
15.3107,pi,6.2800,8.2883,0.1619,0.1619
15.3158,pi,6.2800,8.2380,0.1624,0.1624
15.3207,pi,6.2800,8.1988,0.1627,0.1627
15.3257,pi,6.2800,8.1673,0.1629,0.1629
15.3308,pi,6.2800,8.1413,0.1629,0.1629
15.3357,pi,6.2800,8.1211,0.1629,0.1629
15.3407,pi,6.2800,8.1555,0.1617,0.1617
15.3457,pi,6.2800,8.1830,0.1607,0.1607
15.3507,pi,6.2800,8.1548,0.1608,0.1608
15.3557,pi,6.2800,8.1321,0.1608,0.1608
15.3607,pi,6.2800,8.1138,0.1607,0.1607
15.3656,pi,6.2800,8.1360,0.1598,0.1598
15.3707,pi,6.2800,8.1547,0.1589,0.1589
15.3757,pi,6.2800,8.1692,0.1582,0.1582
15.3807,pi,6.2800,8.1349,0.1584,0.1584
15.3857,pi,6.2800,8.1079,0.1585,0.1585
15.3907,pi,6.2800,8.1318,0.1575,0.1575
15.3957,pi,6.2800,8.1050,0.1576,0.1576
15.4007,pi,6.2800,8.0835,0.1576,0.1576
15.4057,pi,6.2800,8.0662,0.1575,0.1575
15.4107,pi,6.2800,8.0526,0.1573,0.1573
15.4157,pi,6.2800,8.0002,0.1579,0.1579
15.4207,pi,6.2800,7.9583,0.1583,0.1583
15.4257,pi,6.2800,7.9747,0.1576,0.1576
15.4308,pi,6.2800,7.9866,0.1569,0.1569
15.4358,pi,6.2800,7.9973,0.1563,0.1563
15.4408,pi,6.2800,7.9550,0.1567,0.1567
15.4458,pi,6.2800,7.9214,0.1569,0.1569
15.4508,pi,6.2800,7.9428,0.1561,0.1561
15.4557,pi,6.2800,7.9619,0.1553,0.1553
15.4607,pi,6.2800,7.9776,0.1546,0.1546
15.4658,pi,6.2800,7.9900,0.1539,0.1539
15.4708,pi,6.2800,8.0000,0.1533,0.1533
15.4758,pi,6.2800,7.9582,0.1537,0.1537
15.4807,pi,6.2800,7.9200,0.1540,0.1540
15.4857,pi,6.2800,7.9366,0.1533,0.1533
15.4907,pi,6.2800,7.9489,0.1526,0.1526
15.4957,pi,6.2800,7.9589,0.1520,0.1520
15.5008,pi,6.2800,7.9667,0.1514,0.1514
15.5058,pi,6.2800,7.9313,0.1517,0.1517
15.5108,pi,6.2800,7.9033,0.1518,0.1518
15.5158,pi,6.2800,7.8806,0.1519,0.1519
15.5208,pi,6.2800,7.8626,0.1519,0.1519
15.5258,pi,6.2800,7.8480,0.1518,0.1518
15.5307,pi,6.2800,7.8778,0.1508,0.1508
15.5361,pi,6.2800,7.8603,0.1507,0.1507
15.5413,pi,6.2800,7.8455,0.1506,0.1506
15.5459,pi,6.2800,7.8341,0.1505,0.1505
15.5506,pi,6.2800,7.8212,0.1503,0.1503
15.5557,pi,6.2800,7.8110,0.1501,0.1501
15.5606,pi,6.2800,7.8032,0.1499,0.1499
15.5657,pi,6.2800,7.7966,0.1497,0.1497
15.5707,pi,6.2800,7.7914,0.1494,0.1494
15.5757,pi,6.2800,7.7873,0.1491,0.1491
15.5807,pi,6.2800,7.7841,0.1488,0.1488
15.5858,pi,6.2800,7.7355,0.1494,0.1494
15.5907,pi,6.2800,7.6961,0.1498,0.1498
15.5957,pi,6.2800,7.6655,0.1501,0.1501
15.6007,pi,6.2800,7.6412,0.1502,0.1502
15.6058,pi,6.2800,7.6205,0.1503,0.1503
15.6107,pi,6.2800,7.6039,0.1503,0.1503
15.6157,pi,6.2800,7.5908,0.1502,0.1502
15.6207,pi,6.2800,7.5804,0.1501,0.1501
15.6257,pi,6.2800,7.5721,0.1499,0.1499
15.6307,pi,6.2800,7.5652,0.1497,0.1497
15.6357,pi,6.2800,7.5600,0.1495,0.1495
15.6407,pi,6.2800,7.5558,0.1493,0.1493
15.6458,pi,6.2800,7.5526,0.1490,0.1490
15.6508,pi,6.2800,7.5497,0.1488,0.1488
15.6557,pi,6.2800,7.5477,0.1485,0.1485
15.6607,pi,6.2800,7.5462,0.1482,0.1482
15.6657,pi,6.2800,7.5450,0.1479,0.1479
15.6707,pi,6.2800,7.5440,0.1476,0.1476
15.6758,pi,6.2800,7.5423,0.1473,0.1473
15.6807,pi,6.2800,7.5416,0.1470,0.1470
15.6857,pi,6.2800,7.5416,0.1467,0.1467
15.6908,pi,6.2800,7.5412,0.1464,0.1464
15.6957,pi,6.2800,7.5410,0.1461,0.1461
15.7007,pi,6.2800,7.5408,0.1458,0.1458
15.7058,pi,6.2800,7.5405,0.1455,0.1455
15.7107,pi,6.2800,7.5404,0.1452,0.1452
15.7157,pi,6.2800,7.5404,0.1449,0.1449
15.7207,pi,6.2800,7.5404,0.1445,0.1445
15.7257,pi,6.2800,7.4944,0.1451,0.1451
15.7307,pi,6.2800,7.5043,0.1446,0.1446
15.7357,pi,6.2800,7.4661,0.1451,0.1451
15.7407,pi,6.2800,7.4350,0.1454,0.1454
15.7459,pi,6.2800,7.4054,0.1457,0.1457
15.7507,pi,6.2800,7.3819,0.1459,0.1459
15.7558,pi,6.2800,7.3631,0.1460,0.1460
15.7607,pi,6.2800,7.3482,0.1460,0.1460
15.7657,pi,6.2800,7.3409,0.1459,0.1459
15.7708,pi,6.2800,7.3303,0.1459,0.1459
15.7757,pi,6.2800,7.3264,0.1457,0.1457
15.7808,pi,6.2800,7.3189,0.1456,0.1456
15.7857,pi,6.2800,7.3630,0.1444,0.1444
15.7907,pi,6.2800,7.3983,0.1435,0.1435
15.7958,pi,6.2800,7.4267,0.1426,0.1426
15.8007,pi,6.2800,7.4497,0.1419,0.1419
15.8058,pi,6.2800,7.4680,0.1412,0.1412
15.8107,pi,6.2800,7.4826,0.1406,0.1406
15.8158,pi,6.2800,7.4942,0.1401,0.1401
15.8208,pi,6.2800,7.4527,0.1406,0.1406
15.8258,pi,6.2800,7.4199,0.1410,0.1410
15.8307,pi,6.2800,7.3933,0.1412,0.1412
15.8357,pi,6.2800,7.3723,0.1414,0.1414
15.8408,pi,6.2800,7.3555,0.1414,0.1414
15.8457,pi,6.2800,7.3420,0.1414,0.1414
15.8507,pi,6.2800,7.3313,0.1414,0.1414
15.8557,pi,6.2800,7.3273,0.1412,0.1412
15.8608,pi,6.2800,7.3195,0.1411,0.1411
15.8657,pi,6.2800,7.2627,0.1420,0.1420
15.8707,pi,6.2800,7.2264,0.1424,0.1424
15.8758,pi,6.2800,7.2380,0.1420,0.1420
15.8807,pi,6.2800,7.2525,0.1414,0.1414
15.8857,pi,6.2800,7.2645,0.1410,0.1410
15.8908,pi,6.2800,7.2693,0.1406,0.1406
15.8957,pi,6.2800,7.2778,0.1402,0.1402
15.9007,pi,6.2800,7.2846,0.1398,0.1398
15.9057,pi,6.2800,7.2853,0.1395,0.1395
15.9107,pi,6.2800,7.2858,0.1393,0.1393
15.9157,pi,6.2800,7.2451,0.1398,0.1398
15.9207,pi,6.2800,7.2585,0.1393,0.1393
15.9257,pi,6.2800,7.2693,0.1389,0.1389
15.9307,pi,6.2800,7.2785,0.1384,0.1384
15.9357,pi,6.2800,7.2855,0.1381,0.1381
15.9407,pi,6.2800,7.2908,0.1377,0.1377
15.9460,pi,6.2800,7.2396,0.1385,0.1385
15.9508,pi,6.2800,7.1983,0.1391,0.1391
15.9562,pi,6.2800,7.1656,0.1395,0.1395
15.9610,pi,6.2800,7.1398,0.1398,0.1398
15.9657,pi,6.2800,7.1694,0.1390,0.1390
15.9706,pi,6.2800,7.1525,0.1391,0.1391
15.9756,pi,6.2800,7.1389,0.1391,0.1391
15.9806,pi,6.2800,7.1279,0.1391,0.1391
15.9857,pi,6.2800,7.1193,0.1391,0.1391
15.9907,pi,6.2800,7.1121,0.1390,0.1390
15.9957,pi,6.2800,7.0604,0.1399,0.1399
16.0007,pi,6.2800,7.0647,0.1396,0.1396
16.0057,pi,6.2800,7.0692,0.1393,0.1393
16.0107,pi,6.2800,7.0724,0.1390,0.1390
16.0157,pi,6.2800,7.0750,0.1388,0.1388
16.0208,pi,6.2800,7.0668,0.1388,0.1388
16.0258,pi,6.2800,7.1103,0.1377,0.1377
16.0307,pi,6.2800,7.0949,0.1378,0.1378
16.0357,pi,6.2800,7.0830,0.1378,0.1378
16.0407,pi,6.2800,7.0735,0.1378,0.1378
16.0457,pi,6.2800,7.1164,0.1368,0.1368
16.0507,pi,6.2800,7.1552,0.1358,0.1358
16.0558,pi,6.2800,7.1803,0.1350,0.1350
16.0607,pi,6.2800,7.1609,0.1352,0.1352
16.0657,pi,6.2800,7.1361,0.1355,0.1355
16.0707,pi,6.2800,7.1251,0.1355,0.1355
16.0757,pi,6.2800,7.1628,0.1345,0.1345
16.0808,pi,6.2800,7.1376,0.1348,0.1348
16.0858,pi,6.2800,7.1174,0.1350,0.1350
16.0907,pi,6.2800,7.1105,0.1349,0.1349
16.0957,pi,6.2800,7.1050,0.1348,0.1348
16.1008,pi,6.2800,7.0394,0.1359,0.1359
16.1057,pi,6.2800,7.0027,0.1365,0.1365
16.1107,pi,6.2800,6.9747,0.1369,0.1369
16.1158,pi,6.2800,6.9872,0.1364,0.1364
16.1207,pi,6.2800,7.0062,0.1359,0.1359
16.1257,pi,6.2800,7.0219,0.1354,0.1354
16.1307,pi,6.2800,6.9884,0.1359,0.1359
16.1359,pi,6.2800,6.9968,0.1355,0.1355
16.1410,pi,6.2800,7.0140,0.1350,0.1350
16.1464,pi,6.2800,6.9653,0.1358,0.1358
16.1512,pi,6.2800,6.9427,0.1361,0.1361
16.1564,pi,6.2800,6.9600,0.1356,0.1356
16.1607,pi,6.2800,6.9744,0.1351,0.1351
16.1657,pi,6.2800,6.9865,0.1347,0.1347
16.1707,pi,6.2800,6.9461,0.1353,0.1353
16.1758,pi,6.2800,6.9136,0.1358,0.1358
16.1807,pi,6.2800,6.9379,0.1352,0.1352
16.1857,pi,6.2800,6.9666,0.1344,0.1344
16.1908,pi,6.2800,6.9805,0.1340,0.1340
16.1957,pi,6.2800,6.9548,0.1343,0.1343
16.2007,pi,6.2800,6.9824,0.1336,0.1336
16.2057,pi,6.2800,7.0030,0.1330,0.1330
16.2107,pi,6.2800,6.9747,0.1334,0.1334
16.2159,pi,6.2800,6.9365,0.1340,0.1340
16.2208,pi,6.2800,6.9563,0.1334,0.1334
16.2257,pi,6.2800,6.9724,0.1329,0.1329
16.2306,pi,6.2800,6.9946,0.1323,0.1323
16.2357,pi,6.2800,6.9669,0.1327,0.1327
16.2407,pi,6.2800,6.9445,0.1330,0.1330
16.2458,pi,6.2800,6.9261,0.1332,0.1332
16.2508,pi,6.2800,6.8963,0.1336,0.1336
16.2559,pi,6.2800,6.8739,0.1339,0.1339
16.2608,pi,6.2800,6.9062,0.1331,0.1331
16.2657,pi,6.2800,6.9412,0.1322,0.1322
16.2708,pi,6.2800,6.9596,0.1317,0.1317
16.2756,pi,6.2800,6.9394,0.1319,0.1319
16.2807,pi,6.2800,6.9227,0.1321,0.1321
16.2858,pi,6.2800,6.8634,0.1331,0.1331
16.2907,pi,6.2800,6.8616,0.1330,0.1330
16.2957,pi,6.2800,6.8605,0.1329,0.1329
16.3007,pi,6.2800,6.8601,0.1328,0.1328
16.3057,pi,6.2800,6.8608,0.1326,0.1326
16.3107,pi,6.2800,6.8603,0.1325,0.1325
16.3157,pi,6.2800,6.8600,0.1323,0.1323
16.3208,pi,6.2800,6.8135,0.1331,0.1331
16.3257,pi,6.2800,6.7775,0.1337,0.1337
16.3307,pi,6.2800,6.7930,0.1333,0.1333
16.3357,pi,6.2800,6.8053,0.1329,0.1329
16.3407,pi,6.2800,6.8609,0.1316,0.1316
16.3458,pi,6.2800,6.8458,0.1318,0.1318
16.3507,pi,6.2800,6.8337,0.1319,0.1319
16.3557,pi,6.2800,6.8241,0.1320,0.1320
16.3607,pi,6.2800,6.8162,0.1320,0.1320
16.3657,pi,6.2800,6.8101,0.1320,0.1320
16.3707,pi,6.2800,6.8189,0.1317,0.1317
16.3757,pi,6.2800,6.8262,0.1314,0.1314
16.3807,pi,6.2800,6.8182,0.1314,0.1314
16.3858,pi,6.2800,6.7605,0.1324,0.1324
16.3914,pi,6.2800,6.6628,0.1343,0.1343
16.3961,pi,6.2800,6.5837,0.1357,0.1357
16.4015,pi,6.2800,6.5199,0.1369,0.1369
16.4065,pi,6.2800,6.4195,0.1389,0.1389
16.4114,pi,6.2800,6.3880,0.1395,0.1395
16.4164,pi,6.2800,6.3624,0.1400,0.1400
16.4214,pi,6.2800,6.3415,0.1404,0.1404
16.4279,pi,6.2800,6.3277,0.1406,0.1406
16.4328,pi,6.2800,6.3156,0.1409,0.1409
16.4376,pi,6.2800,6.3076,0.1410,0.1410
16.4431,pi,6.2800,6.4028,0.1391,0.1391
16.4485,pi,6.2800,6.4796,0.1375,0.1375
16.4536,pi,6.2800,6.5545,0.1360,0.1360
16.4589,pi,6.2800,6.7016,0.1330,0.1330
16.4641,pi,6.2800,6.7584,0.1317,0.1317
16.4690,pi,6.2800,6.7775,0.1312,0.1312
16.4740,pi,6.2800,6.7949,0.1308,0.1308
16.4781,pi,6.2800,6.8107,0.1303,0.1303
16.4820,pi,6.2800,6.8673,0.1290,0.1290
16.4858,pi,6.2800,6.8678,0.1289,0.1289
16.4906,pi,6.2800,6.9130,0.1278,0.1278
16.4957,pi,6.2800,6.9033,0.1279,0.1279
16.5006,pi,6.2800,6.9425,0.1269,0.1269
16.5059,pi,6.2800,6.9265,0.1271,0.1271
16.5111,pi,6.2800,6.9152,0.1272,0.1272
16.5160,pi,6.2800,6.9190,0.1269,0.1269
16.5209,pi,6.2800,6.8917,0.1273,0.1273
16.5256,pi,6.2800,6.8865,0.1273,0.1273
16.5307,pi,6.2800,6.8660,0.1275,0.1275
16.5358,pi,6.2800,6.8496,0.1277,0.1277
16.5408,pi,6.2800,6.8359,0.1278,0.1278
16.5464,pi,6.2800,6.7746,0.1289,0.1289
16.5515,pi,6.2800,6.7257,0.1298,0.1298
16.5557,pi,6.2800,6.7376,0.1294,0.1294
16.5607,pi,6.2800,6.7613,0.1288,0.1288
16.5658,pi,6.2800,6.7347,0.1292,0.1292
16.5712,pi,6.2800,6.7127,0.1296,0.1296
16.5764,pi,6.2800,6.6746,0.1302,0.1302
16.5815,pi,6.2800,6.6448,0.1307,0.1307
16.5858,pi,6.2800,6.6714,0.1301,0.1301
16.5907,pi,6.2800,6.6622,0.1302,0.1302
16.5958,pi,6.2800,6.6555,0.1302,0.1302
16.6007,pi,6.2800,6.6959,0.1293,0.1293
16.6057,pi,6.2800,6.6821,0.1295,0.1295
16.6108,pi,6.2800,6.6525,0.1300,0.1300
16.6156,pi,6.2800,6.6473,0.1300,0.1300
16.6207,pi,6.2800,6.6431,0.1300,0.1300
16.6258,pi,6.2800,6.6408,0.1299,0.1299
16.6307,pi,6.2800,6.6855,0.1290,0.1290
16.6358,pi,6.2800,6.7208,0.1282,0.1282
16.6408,pi,6.2800,6.7338,0.1278,0.1278
16.6457,pi,6.2800,6.7440,0.1275,0.1275
16.6507,pi,6.2800,6.7019,0.1282,0.1282
16.6558,pi,6.2800,6.6867,0.1284,0.1284
16.6607,pi,6.2800,6.7203,0.1276,0.1276
16.6658,pi,6.2800,6.6827,0.1283,0.1283
16.6708,pi,6.2800,6.6715,0.1284,0.1284
16.6757,pi,6.2800,6.7081,0.1276,0.1276
16.6807,pi,6.2800,6.6917,0.1278,0.1278
16.6857,pi,6.2800,6.6786,0.1279,0.1279
16.6907,pi,6.2800,6.6226,0.1290,0.1290
16.6957,pi,6.2800,6.6236,0.1288,0.1288
16.7007,pi,6.2800,6.6057,0.1291,0.1291
16.7057,pi,6.2800,6.5911,0.1293,0.1293
16.7108,pi,6.2800,6.5792,0.1295,0.1295
16.7156,pi,6.2800,6.5885,0.1292,0.1292
16.7207,pi,6.2800,6.5964,0.1290,0.1290
16.7257,pi,6.2800,6.6024,0.1288,0.1288
16.7309,pi,6.2800,6.5885,0.1290,0.1290
16.7357,pi,6.2800,6.5776,0.1291,0.1291
16.7407,pi,6.2800,6.6190,0.1282,0.1282
16.7459,pi,6.2800,6.5989,0.1285,0.1285
16.7508,pi,6.2800,6.6041,0.1284,0.1284
16.7558,pi,6.2800,6.5880,0.1286,0.1286
16.7608,pi,6.2800,6.5955,0.1284,0.1284
16.7658,pi,6.2800,6.5831,0.1285,0.1285
16.7708,pi,6.2800,6.5732,0.1287,0.1287
16.7759,pi,6.2800,6.5650,0.1288,0.1288
16.7807,pi,6.2800,6.5589,0.1288,0.1288
16.7858,pi,6.2800,6.5726,0.1285,0.1285
16.7907,pi,6.2800,6.5832,0.1282,0.1282
16.7959,pi,6.2800,6.5459,0.1289,0.1289
16.8008,pi,6.2800,6.5435,0.1288,0.1288
16.8056,pi,6.2800,6.5600,0.1284,0.1284
16.8107,pi,6.2800,6.5753,0.1281,0.1281
16.8158,pi,6.2800,6.5854,0.1278,0.1278
16.8208,pi,6.2800,6.6255,0.1269,0.1269
16.8258,pi,6.2800,6.6072,0.1272,0.1272
16.8307,pi,6.2800,6.6112,0.1270,0.1270
16.8358,pi,6.2800,6.5956,0.1273,0.1273
16.8406,pi,6.2800,6.6016,0.1271,0.1271
16.8457,pi,6.2800,6.5609,0.1278,0.1278
16.8509,pi,6.2800,6.5742,0.1275,0.1275
16.8560,pi,6.2800,6.5660,0.1275,0.1275
16.8612,pi,6.2800,6.5590,0.1276,0.1276
16.8658,pi,6.2800,6.5539,0.1276,0.1276
16.8710,pi,6.2800,6.5685,0.1273,0.1273
16.8764,pi,6.2800,6.5614,0.1274,0.1274
16.8809,pi,6.2800,6.5556,0.1274,0.1274
16.8856,pi,6.2800,6.5698,0.1270,0.1270
16.8907,pi,6.2800,6.5813,0.1267,0.1267
16.8956,pi,6.2800,6.5906,0.1265,0.1265
16.9007,pi,6.2800,6.6436,0.1253,0.1253
16.9057,pi,6.2800,6.6402,0.1253,0.1253
16.9107,pi,6.2800,6.6375,0.1253,0.1253
16.9161,pi,6.2800,6.6154,0.1256,0.1256
16.9207,pi,6.2800,6.5991,0.1259,0.1259
16.9258,pi,6.2800,6.6359,0.1251,0.1251
16.9308,pi,6.2800,6.6139,0.1254,0.1254
16.9357,pi,6.2800,6.5981,0.1256,0.1256
16.9408,pi,6.2800,6.5832,0.1259,0.1259
16.9457,pi,6.2800,6.5735,0.1260,0.1260
16.9508,pi,6.2800,6.5654,0.1261,0.1261
16.9557,pi,6.2800,6.5590,0.1261,0.1261
16.9607,pi,6.2800,6.5724,0.1258,0.1258
16.9657,pi,6.2800,6.5372,0.1264,0.1264
16.9707,pi,6.2800,6.5563,0.1260,0.1260
16.9757,pi,6.2800,6.5706,0.1256,0.1256
16.9808,pi,6.2800,6.5372,0.1262,0.1262
16.9857,pi,6.2800,6.5571,0.1258,0.1258
16.9907,pi,6.2800,6.5253,0.1263,0.1263
16.9957,pi,6.2800,6.5473,0.1258,0.1258
17.0007,pi,6.2800,6.5632,0.1254,0.1254
17.0057,pi,6.2800,6.5299,0.1260,0.1260
17.0107,pi,6.2800,6.5494,0.1256,0.1256
17.0157,pi,6.2800,6.5648,0.1252,0.1252
17.0208,pi,6.2800,6.5772,0.1249,0.1249
17.0263,pi,6.2800,6.5663,0.1250,0.1250
17.0310,pi,6.2800,6.5582,0.1251,0.1251
17.0360,pi,6.2800,6.5512,0.1252,0.1252
17.0411,pi,6.2800,6.5458,0.1252,0.1252
17.0463,pi,6.2800,6.5412,0.1253,0.1253
17.0508,pi,6.2800,6.5391,0.1252,0.1252
17.0556,pi,6.2800,6.5106,0.1257,0.1257
17.0606,pi,6.2800,6.5341,0.1252,0.1252
17.0658,pi,6.2800,6.4837,0.1262,0.1262
17.0707,pi,6.2800,6.4937,0.1259,0.1259
17.0760,pi,6.2800,6.4741,0.1262,0.1262
17.0810,pi,6.2800,6.4602,0.1265,0.1265
17.0861,pi,6.2800,6.4949,0.1257,0.1257
17.0908,pi,6.2800,6.4769,0.1260,0.1260
17.0957,pi,6.2800,6.5087,0.1254,0.1254
17.1007,pi,6.2800,6.5341,0.1248,0.1248
17.1059,pi,6.2800,6.5340,0.1247,0.1247
17.1107,pi,6.2800,6.5339,0.1247,0.1247
17.1161,pi,6.2800,6.5339,0.1246,0.1246
17.1210,pi,6.2800,6.5337,0.1245,0.1245
17.1257,pi,6.2800,6.5065,0.1250,0.1250
17.1307,pi,6.2800,6.5309,0.1245,0.1245
17.1362,pi,6.2800,6.5311,0.1244,0.1244
17.1412,pi,6.2800,6.5314,0.1243,0.1243
17.1459,pi,6.2800,6.5314,0.1243,0.1243
17.1512,pi,6.2800,6.4810,0.1252,0.1252
17.1557,pi,6.2800,6.4916,0.1250,0.1250
17.1608,pi,6.2800,6.4497,0.1257,0.1257
17.1657,pi,6.2800,6.4392,0.1259,0.1259
17.1707,pi,6.2800,6.4768,0.1251,0.1251
17.1758,pi,6.2800,6.4614,0.1254,0.1254
17.1808,pi,6.2800,6.4758,0.1250,0.1250
17.1858,pi,6.2800,6.4598,0.1253,0.1253
17.1907,pi,6.2800,6.4478,0.1255,0.1255
17.1958,pi,6.2800,6.4382,0.1257,0.1257
17.2008,pi,6.2800,6.4303,0.1258,0.1258
17.2058,pi,6.2800,6.4700,0.1249,0.1249
17.2112,pi,6.2800,6.4820,0.1247,0.1247
17.2160,pi,6.2800,6.4918,0.1244,0.1244
17.2208,pi,6.2800,6.4497,0.1252,0.1252
17.2258,pi,6.2800,6.4665,0.1248,0.1248
17.2308,pi,6.2800,6.4296,0.1255,0.1255
17.2358,pi,6.2800,6.4231,0.1256,0.1256
17.2407,pi,6.2800,6.4454,0.1251,0.1251
17.2458,pi,6.2800,6.4629,0.1247,0.1247
17.2508,pi,6.2800,6.4771,0.1244,0.1244
17.2557,pi,6.2800,6.5068,0.1238,0.1238
17.2608,pi,6.2800,6.4850,0.1241,0.1241
17.2660,pi,6.2800,6.5139,0.1235,0.1235
17.2710,pi,6.2800,6.5177,0.1234,0.1234
17.2758,pi,6.2800,6.5205,0.1233,0.1233
17.2808,pi,6.2800,6.5232,0.1231,0.1231
17.2856,pi,6.2800,6.5443,0.1227,0.1227
17.2909,pi,6.2800,6.5609,0.1223,0.1223
17.2960,pi,6.2800,6.5280,0.1229,0.1229
17.3011,pi,6.2800,6.5293,0.1228,0.1228
17.3057,pi,6.2800,6.4799,0.1237,0.1237
17.3107,pi,6.2800,6.4637,0.1240,0.1240
17.3157,pi,6.2800,6.4505,0.1242,0.1242
17.3209,pi,6.2800,6.4404,0.1243,0.1243
17.3257,pi,6.2800,6.4783,0.1235,0.1235
17.3307,pi,6.2800,6.4626,0.1238,0.1238
17.3358,pi,6.2800,6.4767,0.1235,0.1235
17.3407,pi,6.2800,6.4378,0.1242,0.1242
17.3457,pi,6.2800,6.4297,0.1243,0.1243
17.3508,pi,6.2800,6.4234,0.1244,0.1244
17.3557,pi,6.2800,6.4186,0.1245,0.1245
17.3607,pi,6.2800,6.4605,0.1236,0.1236
17.3657,pi,6.2800,6.4478,0.1238,0.1238
17.3707,pi,6.2800,6.4837,0.1231,0.1231
17.3757,pi,6.2800,6.4663,0.1234,0.1234
17.3807,pi,6.2800,6.4526,0.1236,0.1236
17.3858,pi,6.2800,6.4187,0.1242,0.1242
17.3907,pi,6.2800,6.4418,0.1237,0.1237
17.3957,pi,6.2800,6.4604,0.1233,0.1233
17.4008,pi,6.2800,6.4750,0.1230,0.1230
17.4057,pi,6.2800,6.5052,0.1223,0.1223
17.4108,pi,6.2800,6.5102,0.1222,0.1222
17.4157,pi,6.2800,6.4877,0.1226,0.1226
17.4208,pi,6.2800,6.4461,0.1233,0.1233
17.4257,pi,6.2800,6.4362,0.1235,0.1235
17.4308,pi,6.2800,6.4557,0.1231,0.1231
17.4357,pi,6.2800,6.4714,0.1227,0.1227
17.4408,pi,6.2800,6.4336,0.1234,0.1234
17.4458,pi,6.2800,6.4034,0.1240,0.1240
17.4506,pi,6.2800,6.4021,0.1240,0.1240
17.4558,pi,6.2800,6.3782,0.1244,0.1244
17.4606,pi,6.2800,6.3820,0.1243,0.1243
17.4658,pi,6.2800,6.3621,0.1247,0.1247
17.4707,pi,6.2800,6.3690,0.1245,0.1245
17.4760,pi,6.2800,6.3513,0.1249,0.1249
17.4808,pi,6.2800,6.3364,0.1251,0.1251
17.4859,pi,6.2800,6.3751,0.1244,0.1244
17.4913,pi,6.2800,6.4058,0.1237,0.1237
17.4958,pi,6.2800,6.4310,0.1232,0.1232
17.5007,pi,6.2800,6.4013,0.1237,0.1237
17.5056,pi,6.2800,6.4006,0.1237,0.1237
17.5107,pi,6.2800,6.3769,0.1242,0.1242
17.5157,pi,6.2800,6.3808,0.1241,0.1241
17.5208,pi,6.2800,6.3612,0.1244,0.1244
17.5260,pi,6.2800,6.3683,0.1243,0.1243
17.5314,pi,6.2800,6.3497,0.1246,0.1246
17.5360,pi,6.2800,6.3598,0.1244,0.1244
17.5407,pi,6.2800,6.3676,0.1242,0.1242
17.5457,pi,6.2800,6.3748,0.1241,0.1241
17.5507,pi,6.2800,6.3797,0.1239,0.1239
17.5559,pi,6.2800,6.3602,0.1243,0.1243
17.5607,pi,6.2800,6.3950,0.1236,0.1236
17.5657,pi,6.2800,6.4228,0.1230,0.1230
17.5707,pi,6.2800,6.4176,0.1231,0.1231
17.5757,pi,6.2800,6.4593,0.1222,0.1222
17.5807,pi,6.2800,6.4469,0.1224,0.1224
17.5857,pi,6.2800,6.4852,0.1216,0.1216
17.5908,pi,6.2800,6.4939,0.1214,0.1214
17.5957,pi,6.2800,6.5019,0.1212,0.1212
17.6008,pi,6.2800,6.4565,0.1220,0.1220
17.6057,pi,6.2800,6.4447,0.1222,0.1222
17.6107,pi,6.2800,6.4810,0.1214,0.1214
17.6157,pi,6.2800,6.4414,0.1222,0.1222
17.6208,pi,6.2800,6.4097,0.1228,0.1228
17.6258,pi,6.2800,6.3823,0.1233,0.1233
17.6310,pi,6.2800,6.4116,0.1227,0.1227
17.6369,pi,6.2800,6.3823,0.1232,0.1232
17.6416,pi,6.2800,6.3841,0.1232,0.1232
17.6463,pi,6.2800,6.4106,0.1226,0.1226
17.6510,pi,6.2800,6.4342,0.1221,0.1221
17.6563,pi,6.2800,6.4001,0.1228,0.1228
17.6610,pi,6.2800,6.3752,0.1232,0.1232
17.6662,pi,6.2800,6.3546,0.1236,0.1236
17.6712,pi,6.2800,6.3889,0.1229,0.1229
17.6758,pi,6.2800,6.3895,0.1229,0.1229
17.6808,pi,6.2800,6.3921,0.1228,0.1228
17.6859,pi,6.2800,6.3936,0.1227,0.1227
17.6908,pi,6.2800,6.3969,0.1226,0.1226
17.6958,pi,6.2800,6.3979,0.1226,0.1226
17.7008,pi,6.2800,6.3550,0.1234,0.1234
17.7059,pi,6.2800,6.3651,0.1232,0.1232
17.7108,pi,6.2800,6.3743,0.1230,0.1230
17.7159,pi,6.2800,6.3800,0.1228,0.1228
17.7213,pi,6.2800,6.4307,0.1218,0.1218
17.7264,pi,6.2800,6.4500,0.1214,0.1214
17.7311,pi,6.2800,6.4650,0.1210,0.1210
17.7363,pi,6.2800,6.4272,0.1218,0.1218
17.7414,pi,6.2800,6.4477,0.1213,0.1213
17.7464,pi,6.2800,6.4117,0.1220,0.1220
17.7509,pi,6.2800,6.4351,0.1215,0.1215
17.7560,pi,6.2800,6.4507,0.1211,0.1211
17.7612,pi,6.2800,6.4662,0.1208,0.1208
17.7663,pi,6.2800,6.4287,0.1215,0.1215
17.7714,pi,6.2800,6.3981,0.1221,0.1221
17.7764,pi,6.2800,6.3968,0.1221,0.1221
17.7815,pi,6.2800,6.3981,0.1220,0.1220
17.7866,pi,6.2800,6.3722,0.1225,0.1225
17.7908,pi,6.2800,6.3784,0.1223,0.1223
17.7957,pi,6.2800,6.3834,0.1222,0.1222
17.8007,pi,6.2800,6.3889,0.1221,0.1221
17.8057,pi,6.2800,6.3920,0.1220,0.1220
17.8107,pi,6.2800,6.3517,0.1228,0.1228
17.8158,pi,6.2800,6.3620,0.1225,0.1225
17.8207,pi,6.2800,6.3702,0.1224,0.1224
17.8257,pi,6.2800,6.3775,0.1222,0.1222
17.8307,pi,6.2800,6.3372,0.1230,0.1230
17.8358,pi,6.2800,6.3496,0.1227,0.1227
17.8407,pi,6.2800,6.3632,0.1224,0.1224
17.8457,pi,6.2800,6.3708,0.1222,0.1222
17.8508,pi,6.2800,6.3307,0.1230,0.1230
17.8557,pi,6.2800,6.3445,0.1227,0.1227
17.8608,pi,6.2800,6.3095,0.1234,0.1234
17.8657,pi,6.2800,6.3275,0.1231,0.1231
17.8707,pi,6.2800,6.3422,0.1227,0.1227
17.8757,pi,6.2800,6.3539,0.1225,0.1225
17.8807,pi,6.2800,6.3630,0.1223,0.1223
17.8858,pi,6.2800,6.3699,0.1221,0.1221
17.8908,pi,6.2800,6.4029,0.1215,0.1215
17.8957,pi,6.2800,6.3787,0.1219,0.1219
17.9007,pi,6.2800,6.4097,0.1213,0.1213
17.9057,pi,6.2800,6.3840,0.1218,0.1218
17.9107,pi,6.2800,6.4139,0.1211,0.1211
17.9157,pi,6.2800,6.3873,0.1216,0.1216
17.9207,pi,6.2800,6.3659,0.1220,0.1220
17.9257,pi,6.2800,6.3489,0.1223,0.1223
17.9307,pi,6.2800,6.3353,0.1226,0.1226
17.9357,pi,6.2800,6.3249,0.1228,0.1228
17.9407,pi,6.2800,6.3395,0.1225,0.1225
17.9457,pi,6.2800,6.3512,0.1222,0.1222
17.9508,pi,6.2800,6.3374,0.1225,0.1225
17.9558,pi,6.2800,6.3766,0.1217,0.1217
17.9608,pi,6.2800,6.3577,0.1221,0.1221
17.9657,pi,6.2800,6.3656,0.1219,0.1219
17.9708,pi,6.2800,6.3484,0.1222,0.1222
17.9758,pi,6.2800,6.3353,0.1224,0.1224
17.9807,pi,6.2800,6.3247,0.1226,0.1226
17.9857,pi,6.2800,6.3393,0.1223,0.1223
17.9908,pi,6.2800,6.3273,0.1226,0.1226
17.9956,pi,6.2800,6.3413,0.1223,0.1223
18.0007,pi,6.2800,6.3067,0.1229,0.1229
18.0057,pi,6.2800,6.3250,0.1226,0.1226
18.0107,pi,6.2800,6.2938,0.1232,0.1232
18.0158,pi,6.2800,6.2916,0.1232,0.1232
18.0207,pi,6.2800,6.3127,0.1228,0.1228
18.0257,pi,6.2800,6.3302,0.1224,0.1224
18.0308,pi,6.2800,6.3895,0.1212,0.1212
18.0358,pi,6.2800,6.4171,0.1207,0.1207
18.0407,pi,6.2800,6.4131,0.1207,0.1207
18.0458,pi,6.2800,6.3869,0.1212,0.1212
18.0507,pi,6.2800,6.4164,0.1206,0.1206
18.0557,pi,6.2800,6.3896,0.1211,0.1211
18.0607,pi,6.2800,6.3911,0.1210,0.1210
18.0658,pi,6.2800,6.3695,0.1214,0.1214
18.0707,pi,6.2800,6.3522,0.1218,0.1218
18.0757,pi,6.2800,6.3612,0.1216,0.1216
18.0808,pi,6.2800,6.3456,0.1219,0.1219
18.0857,pi,6.2800,6.3560,0.1216,0.1216
18.0907,pi,6.2800,6.3199,0.1223,0.1223
18.0957,pi,6.2800,6.3355,0.1220,0.1220
18.1008,pi,6.2800,6.3249,0.1222,0.1222
18.1057,pi,6.2800,6.3668,0.1214,0.1214
18.1107,pi,6.2800,6.4187,0.1203,0.1203
18.1157,pi,6.2800,6.4145,0.1204,0.1204
18.1208,pi,6.2800,6.4385,0.1198,0.1198
18.1257,pi,6.2800,6.4074,0.1204,0.1204
18.1307,pi,6.2800,6.4054,0.1204,0.1204
18.1358,pi,6.2800,6.4039,0.1204,0.1204
18.1409,pi,6.2800,6.4288,0.1199,0.1199
18.1460,pi,6.2800,6.3978,0.1205,0.1205
18.1507,pi,6.2800,6.4247,0.1199,0.1199
18.1557,pi,6.2800,6.4194,0.1200,0.1200
18.1607,pi,6.2800,6.4154,0.1200,0.1200
18.1657,pi,6.2800,6.3661,0.1210,0.1210
18.1707,pi,6.2800,6.3725,0.1208,0.1208
18.1759,pi,6.2800,6.3539,0.1212,0.1212
18.1808,pi,6.2800,6.3393,0.1215,0.1215
18.1857,pi,6.2800,6.3512,0.1212,0.1212
18.1907,pi,6.2800,6.3602,0.1210,0.1210
18.1958,pi,6.2800,6.3686,0.1208,0.1208
18.2007,pi,6.2800,6.3761,0.1206,0.1206
18.2057,pi,6.2800,6.3807,0.1205,0.1205
18.2107,pi,6.2800,6.3610,0.1209,0.1209
18.2158,pi,6.2800,6.3452,0.1212,0.1212
18.2207,pi,6.2800,6.3325,0.1214,0.1214
18.2256,pi,6.2800,6.3458,0.1211,0.1211
18.2307,pi,6.2800,6.3571,0.1209,0.1209
18.2359,pi,6.2800,6.2919,0.1222,0.1222
18.2407,pi,6.2800,6.2672,0.1227,0.1227
18.2458,pi,6.2800,6.2938,0.1222,0.1222
18.2507,pi,6.2800,6.2695,0.1226,0.1226
18.2558,pi,6.2800,6.2952,0.1221,0.1221
18.2607,pi,6.2800,6.2700,0.1226,0.1226
18.2658,pi,6.2800,6.3227,0.1216,0.1216
18.2706,pi,6.2800,6.3376,0.1213,0.1213
18.2757,pi,6.2800,6.3267,0.1215,0.1215
18.2808,pi,6.2800,6.3176,0.1216,0.1216
18.2858,pi,6.2800,6.3606,0.1208,0.1208
18.2910,pi,6.2800,6.3428,0.1211,0.1211
18.2958,pi,6.2800,6.3303,0.1213,0.1213
18.3010,pi,6.2800,6.3204,0.1215,0.1215
18.3057,pi,6.2800,6.3122,0.1217,0.1217
18.3110,pi,6.2800,6.3055,0.1218,0.1218
18.3161,pi,6.2800,6.3001,0.1219,0.1219
18.3211,pi,6.2800,6.2965,0.1220,0.1220
18.3257,pi,6.2800,6.2933,0.1220,0.1220
18.3307,pi,6.2800,6.2912,0.1221,0.1221
18.3356,pi,6.2800,6.3125,0.1216,0.1216
18.3408,pi,6.2800,6.3296,0.1213,0.1213
18.3458,pi,6.2800,6.3202,0.1215,0.1215
18.3507,pi,6.2800,6.3630,0.1206,0.1206
18.3557,pi,6.2800,6.3698,0.1204,0.1204
18.3607,pi,6.2800,6.3758,0.1203,0.1203
18.3657,pi,6.2800,6.3808,0.1202,0.1202
18.3707,pi,6.2800,6.3854,0.1201,0.1201
18.3758,pi,6.2800,6.3880,0.1200,0.1200
18.3807,pi,6.2800,6.3899,0.1199,0.1199
18.3858,pi,6.2800,6.3684,0.1203,0.1203
18.3907,pi,6.2800,6.3742,0.1202,0.1202
18.3957,pi,6.2800,6.3331,0.1210,0.1210
18.4007,pi,6.2800,6.3464,0.1207,0.1207
18.4057,pi,6.2800,6.3110,0.1214,0.1214
18.4108,pi,6.2800,6.2533,0.1225,0.1225
18.4157,pi,6.2800,6.2591,0.1224,0.1224
18.4207,pi,6.2800,6.2639,0.1223,0.1223
18.4257,pi,6.2800,6.2677,0.1223,0.1223
18.4307,pi,6.2800,6.2935,0.1218,0.1218
18.4358,pi,6.2800,6.2915,0.1218,0.1218
18.4407,pi,6.2800,6.2898,0.1218,0.1218
18.4458,pi,6.2800,6.2884,0.1218,0.1218
18.4507,pi,6.2800,6.3103,0.1214,0.1214
18.4558,pi,6.2800,6.3048,0.1215,0.1215
18.4608,pi,6.2800,6.3510,0.1206,0.1206
18.4658,pi,6.2800,6.3375,0.1208,0.1208
18.4707,pi,6.2800,6.3496,0.1206,0.1206
18.4760,pi,6.2800,6.3863,0.1198,0.1198
18.4808,pi,6.2800,6.3645,0.1202,0.1202
18.4858,pi,6.2800,6.3482,0.1205,0.1205
18.4906,pi,6.2800,6.3582,0.1203,0.1203
18.4957,pi,6.2800,6.3661,0.1201,0.1201
18.5008,pi,6.2800,6.3493,0.1205,0.1205
18.5057,pi,6.2800,6.3589,0.1202,0.1202
18.5108,pi,6.2800,6.3666,0.1201,0.1201
18.5157,pi,6.2800,6.3743,0.1199,0.1199
18.5208,pi,6.2800,6.3559,0.1202,0.1202
18.5257,pi,6.2800,6.3643,0.1201,0.1201
18.5307,pi,6.2800,6.3255,0.1208,0.1208
18.5357,pi,6.2800,6.3410,0.1205,0.1205
18.5408,pi,6.2800,6.3292,0.1207,0.1207
18.5457,pi,6.2800,6.3429,0.1204,0.1204
18.5509,pi,6.2800,6.3307,0.1207,0.1207
18.5557,pi,6.2800,6.3210,0.1208,0.1208
18.5607,pi,6.2800,6.2904,0.1214,0.1214
18.5657,pi,6.2800,6.3119,0.1210,0.1210
18.5708,pi,6.2800,6.2834,0.1216,0.1216
18.5757,pi,6.2800,6.2833,0.1216,0.1216
18.5808,pi,6.2800,6.2832,0.1216,0.1216
18.5857,pi,6.2800,6.2830,0.1216,0.1216
18.5907,pi,6.2800,6.3059,0.1211,0.1211
18.5958,pi,6.2800,6.3012,0.1212,0.1212
18.6007,pi,6.2800,6.2747,0.1217,0.1217
18.6057,pi,6.2800,6.2995,0.1212,0.1212
18.6108,pi,6.2800,6.3456,0.1203,0.1203
18.6157,pi,6.2800,6.3331,0.1205,0.1205
18.6208,pi,6.2800,6.3230,0.1207,0.1207
18.6257,pi,6.2800,6.3150,0.1209,0.1209
18.6306,pi,6.2800,6.3315,0.1205,0.1205
18.6357,pi,6.2800,6.3448,0.1203,0.1203
18.6407,pi,6.2800,6.3325,0.1205,0.1205
18.6457,pi,6.2800,6.2998,0.1211,0.1211
18.6507,pi,6.2800,6.3195,0.1207,0.1207
18.6558,pi,6.2800,6.3122,0.1209,0.1209
18.6606,pi,6.2800,6.3293,0.1205,0.1205
18.6658,pi,6.2800,6.2984,0.1211,0.1211
18.6707,pi,6.2800,6.3183,0.1207,0.1207
18.6758,pi,6.2800,6.3111,0.1209,0.1209
18.6807,pi,6.2800,6.3054,0.1210,0.1210
18.6858,pi,6.2800,6.3008,0.1210,0.1210
18.6907,pi,6.2800,6.2972,0.1211,0.1211
18.6957,pi,6.2800,6.2942,0.1212,0.1212
18.7007,pi,6.2800,6.2919,0.1212,0.1212
18.7057,pi,6.2800,6.2902,0.1212,0.1212
18.7107,pi,6.2800,6.2887,0.1213,0.1213
18.7157,pi,6.2800,6.2875,0.1213,0.1213
18.7207,pi,6.2800,6.3096,0.1208,0.1208
18.7257,pi,6.2800,6.2814,0.1214,0.1214
18.7307,pi,6.2800,6.3047,0.1209,0.1209
18.7357,pi,6.2800,6.2776,0.1215,0.1215
18.7408,pi,6.2800,6.2786,0.1215,0.1215
18.7457,pi,6.2800,6.2566,0.1219,0.1219
18.7508,pi,6.2800,6.2616,0.1218,0.1218
18.7558,pi,6.2800,6.2657,0.1217,0.1217
18.7608,pi,6.2800,6.2690,0.1217,0.1217
18.7658,pi,6.2800,6.2718,0.1216,0.1216
18.7707,pi,6.2800,6.2739,0.1216,0.1216
18.7757,pi,6.2800,6.2757,0.1215,0.1215
18.7807,pi,6.2800,6.2771,0.1215,0.1215
18.7857,pi,6.2800,6.3012,0.1210,0.1210
18.7910,pi,6.2800,6.2974,0.1211,0.1211
18.7963,pi,6.2800,6.3425,0.1202,0.1202
18.8015,pi,6.2800,6.3292,0.1204,0.1204
18.8060,pi,6.2800,6.3691,0.1196,0.1196
18.8111,pi,6.2800,6.3504,0.1200,0.1200
18.8162,pi,6.2800,6.3867,0.1192,0.1192
18.8214,pi,6.2800,6.3641,0.1197,0.1197
18.8264,pi,6.2800,6.3961,0.1190,0.1190
18.8315,pi,6.2800,6.3721,0.1195,0.1195
18.8361,pi,6.2800,6.3521,0.1198,0.1198
18.8411,pi,6.2800,6.3369,0.1201,0.1201
18.8462,pi,6.2800,6.3475,0.1199,0.1199
18.8512,pi,6.2800,6.3345,0.1201,0.1201
18.8556,pi,6.2800,6.3483,0.1198,0.1198
18.8608,pi,6.2800,6.3593,0.1196,0.1196
18.8657,pi,6.2800,6.3682,0.1194,0.1194
18.8708,pi,6.2800,6.3287,0.1202,0.1202
18.8757,pi,6.2800,6.3441,0.1199,0.1199
18.8807,pi,6.2800,6.3568,0.1196,0.1196
18.8857,pi,6.2800,6.3663,0.1194,0.1194
18.8908,pi,6.2800,6.3288,0.1201,0.1201
18.8959,pi,6.2800,6.3441,0.1198,0.1198
18.9010,pi,6.2800,6.3563,0.1195,0.1195
18.9059,pi,6.2800,6.3664,0.1193,0.1193
18.9106,pi,6.2800,6.3730,0.1192,0.1192
18.9156,pi,6.2800,6.3325,0.1199,0.1199
18.9206,pi,6.2800,6.3460,0.1197,0.1197
18.9257,pi,6.2800,6.3565,0.1194,0.1194
18.9308,pi,6.2800,6.3415,0.1197,0.1197
18.9357,pi,6.2800,6.3297,0.1199,0.1199
18.9406,pi,6.2800,6.3434,0.1196,0.1196
18.9457,pi,6.2800,6.3542,0.1194,0.1194
18.9507,pi,6.2800,6.3629,0.1192,0.1192
18.9557,pi,6.2800,6.3242,0.1200,0.1200
18.9607,pi,6.2800,6.3390,0.1197,0.1197
18.9657,pi,6.2800,6.3276,0.1199,0.1199
18.9707,pi,6.2800,6.3187,0.1200,0.1200
18.9757,pi,6.2800,6.3115,0.1202,0.1202
18.9806,pi,6.2800,6.3286,0.1198,0.1198
18.9858,pi,6.2800,6.2970,0.1204,0.1204
18.9910,pi,6.2800,6.2939,0.1205,0.1205
18.9960,pi,6.2800,6.2911,0.1206,0.1206
19.0006,pi,6.2800,6.2893,0.1206,0.1206
19.0056,pi,6.2800,6.2654,0.1211,0.1211
19.0106,pi,6.2800,6.2920,0.1205,0.1205
19.0157,pi,6.2800,6.2674,0.1210,0.1210
19.0208,pi,6.2800,6.2703,0.1210,0.1210
19.0258,pi,6.2800,6.2727,0.1209,0.1209
19.0308,pi,6.2800,6.2742,0.1209,0.1209
19.0358,pi,6.2800,6.2759,0.1209,0.1209
19.0407,pi,6.2800,6.3002,0.1204,0.1204
19.0457,pi,6.2800,6.2742,0.1209,0.1209
19.0507,pi,6.2800,6.2995,0.1204,0.1204
19.0558,pi,6.2800,6.3462,0.1195,0.1195
19.0607,pi,6.2800,6.3329,0.1197,0.1197
19.0658,pi,6.2800,6.3719,0.1189,0.1189
19.0706,pi,6.2800,6.3769,0.1188,0.1188
19.0757,pi,6.2800,6.3814,0.1187,0.1187
19.0807,pi,6.2800,6.3846,0.1186,0.1186
19.0858,pi,6.2800,6.3419,0.1194,0.1194
19.0908,pi,6.2800,6.3300,0.1196,0.1196
19.0957,pi,6.2800,6.3435,0.1194,0.1194
19.1007,pi,6.2800,6.3312,0.1196,0.1196
19.1057,pi,6.2800,6.2987,0.1202,0.1202
19.1108,pi,6.2800,6.2731,0.1207,0.1207
19.1157,pi,6.2800,6.2985,0.1202,0.1202
19.1208,pi,6.2800,6.2954,0.1203,0.1203
19.1258,pi,6.2800,6.2422,0.1213,0.1213
19.1308,pi,6.2800,6.2502,0.1212,0.1212
19.1357,pi,6.2800,6.2799,0.1206,0.1206
19.1409,pi,6.2800,6.2791,0.1206,0.1206
19.1461,pi,6.2800,6.3027,0.1201,0.1201
19.1512,pi,6.2800,6.2973,0.1202,0.1202
19.1557,pi,6.2800,6.3440,0.1193,0.1193
19.1608,pi,6.2800,6.3314,0.1195,0.1195
19.1657,pi,6.2800,6.3217,0.1197,0.1197
19.1708,pi,6.2800,6.3139,0.1199,0.1199
19.1757,pi,6.2800,6.3305,0.1195,0.1195
19.1808,pi,6.2800,6.3208,0.1197,0.1197
19.1857,pi,6.2800,6.3129,0.1199,0.1199
19.1907,pi,6.2800,6.2837,0.1204,0.1204
19.1957,pi,6.2800,6.2835,0.1204,0.1204
19.2008,pi,6.2800,6.2604,0.1209,0.1209
19.2057,pi,6.2800,6.2892,0.1203,0.1203
19.2108,pi,6.2800,6.2878,0.1204,0.1204
19.2157,pi,6.2800,6.2868,0.1204,0.1204
19.2207,pi,6.2800,6.2632,0.1208,0.1208
19.2258,pi,6.2800,6.2901,0.1203,0.1203
19.2311,pi,6.2800,6.3390,0.1193,0.1193
19.2361,pi,6.2800,6.3265,0.1196,0.1196
19.2410,pi,6.2800,6.2952,0.1202,0.1202
19.2459,pi,6.2800,6.2924,0.1202,0.1202
19.2507,pi,6.2800,6.3133,0.1198,0.1198
19.2558,pi,6.2800,6.3302,0.1195,0.1195
19.2608,pi,6.2800,6.3438,0.1192,0.1192
19.2658,pi,6.2800,6.3316,0.1194,0.1194
19.2706,pi,6.2800,6.3450,0.1191,0.1191
19.2758,pi,6.2800,6.3325,0.1194,0.1194
19.2807,pi,6.2800,6.3455,0.1191,0.1191
19.2857,pi,6.2800,6.3106,0.1198,0.1198
19.2910,pi,6.2800,6.3552,0.1189,0.1189
19.2959,pi,6.2800,6.3636,0.1187,0.1187
19.3008,pi,6.2800,6.3474,0.1190,0.1190
19.3056,pi,6.2800,6.3575,0.1188,0.1188
19.3108,pi,6.2800,6.3656,0.1186,0.1186
19.3157,pi,6.2800,6.3720,0.1184,0.1184
19.3211,pi,6.2800,6.3535,0.1188,0.1188
19.3258,pi,6.2800,6.3894,0.1180,0.1180
19.3308,pi,6.2800,6.3677,0.1185,0.1185
19.3357,pi,6.2800,6.3735,0.1183,0.1183
19.3407,pi,6.2800,6.3786,0.1182,0.1182
19.3457,pi,6.2800,6.3830,0.1181,0.1181
19.3508,pi,6.2800,6.3863,0.1180,0.1180
19.3558,pi,6.2800,6.3657,0.1184,0.1184
19.3608,pi,6.2800,6.3479,0.1187,0.1187
19.3657,pi,6.2800,6.3349,0.1189,0.1189
19.3711,pi,6.2800,6.3011,0.1196,0.1196
19.3758,pi,6.2800,6.2975,0.1197,0.1197
19.3808,pi,6.2800,6.2928,0.1198,0.1198
19.3856,pi,6.2800,6.3137,0.1193,0.1193
19.3908,pi,6.2800,6.3074,0.1195,0.1195
19.3957,pi,6.2800,6.3024,0.1196,0.1196
19.4008,pi,6.2800,6.2983,0.1196,0.1196
19.4058,pi,6.2800,6.2951,0.1197,0.1197
19.4109,pi,6.2800,6.2694,0.1202,0.1202
19.4157,pi,6.2800,6.2720,0.1202,0.1202
19.4208,pi,6.2800,6.2515,0.1206,0.1206
19.4257,pi,6.2800,6.2812,0.1200,0.1200
19.4309,pi,6.2800,6.2590,0.1204,0.1204
19.4356,pi,6.2800,6.2887,0.1198,0.1198
19.4408,pi,6.2800,6.2650,0.1203,0.1203
19.4457,pi,6.2800,6.2686,0.1202,0.1202
19.4508,pi,6.2800,6.2714,0.1202,0.1202
19.4557,pi,6.2800,6.2967,0.1197,0.1197
19.4607,pi,6.2800,6.3170,0.1193,0.1193
19.4658,pi,6.2800,6.3334,0.1189,0.1189
19.4708,pi,6.2800,6.3231,0.1191,0.1191
19.4760,pi,6.2800,6.3149,0.1193,0.1193
19.4808,pi,6.2800,6.3084,0.1194,0.1194
19.4856,pi,6.2800,6.3264,0.1190,0.1190
19.4908,pi,6.2800,6.3178,0.1192,0.1192
19.4958,pi,6.2800,6.3336,0.1189,0.1189
19.5008,pi,6.2800,6.3004,0.1195,0.1195
19.5058,pi,6.2800,6.2968,0.1196,0.1196
19.5107,pi,6.2800,6.2438,0.1206,0.1206
19.5156,pi,6.2800,6.2290,0.1209,0.1209
19.5207,pi,6.2800,6.2172,0.1212,0.1212
19.5256,pi,6.2800,6.2535,0.1205,0.1205
19.5308,pi,6.2800,6.2367,0.1208,0.1208
19.5358,pi,6.2800,6.2458,0.1207,0.1207
19.5407,pi,6.2800,6.2529,0.1205,0.1205
19.5459,pi,6.2800,6.2570,0.1204,0.1204
19.5507,pi,6.2800,6.2394,0.1208,0.1208
19.5558,pi,6.2800,6.2712,0.1202,0.1202
19.5608,pi,6.2800,6.3238,0.1191,0.1191
19.5658,pi,6.2800,6.3155,0.1193,0.1193
19.5708,pi,6.2800,6.3088,0.1194,0.1194
19.5758,pi,6.2800,6.3032,0.1195,0.1195
19.5816,pi,6.2800,6.3484,0.1186,0.1186
19.5871,pi,6.2800,6.3350,0.1189,0.1189
19.5911,pi,6.2800,6.3017,0.1195,0.1195
19.5957,pi,6.2800,6.3208,0.1191,0.1191
19.6007,pi,6.2800,6.3382,0.1188,0.1188
19.6057,pi,6.2800,6.3503,0.1185,0.1185
19.6108,pi,6.2800,6.3366,0.1188,0.1188
19.6157,pi,6.2800,6.3256,0.1190,0.1190
19.6207,pi,6.2800,6.3400,0.1187,0.1187
19.6257,pi,6.2800,6.3514,0.1184,0.1184
19.6307,pi,6.2800,6.3608,0.1182,0.1182
19.6357,pi,6.2800,6.3237,0.1189,0.1189
19.6407,pi,6.2800,6.3391,0.1186,0.1186
19.6457,pi,6.2800,6.3511,0.1184,0.1184
19.6507,pi,6.2800,6.3609,0.1182,0.1182
19.6559,pi,6.2800,6.3436,0.1185,0.1185
19.6613,pi,6.2800,6.3312,0.1187,0.1187
19.6662,pi,6.2800,6.3213,0.1189,0.1189
19.6712,pi,6.2800,6.3134,0.1190,0.1190
19.6757,pi,6.2800,6.3072,0.1192,0.1192
19.6807,pi,6.2800,6.3024,0.1192,0.1192
19.6858,pi,6.2800,6.2984,0.1193,0.1193
19.6907,pi,6.2800,6.2951,0.1194,0.1194
19.6957,pi,6.2800,6.2923,0.1194,0.1194
19.7008,pi,6.2800,6.2901,0.1195,0.1195
19.7057,pi,6.2800,6.2655,0.1200,0.1200
19.7109,pi,6.2800,6.2930,0.1194,0.1194
19.7157,pi,6.2800,6.2686,0.1199,0.1199
19.7207,pi,6.2800,6.2949,0.1194,0.1194
19.7257,pi,6.2800,6.2698,0.1199,0.1199
19.7306,pi,6.2800,6.2958,0.1194,0.1194
19.7357,pi,6.2800,6.2705,0.1199,0.1199
19.7407,pi,6.2800,6.2962,0.1194,0.1194
19.7458,pi,6.2800,6.2935,0.1194,0.1194
19.7508,pi,6.2800,6.2908,0.1195,0.1195
19.7557,pi,6.2800,6.3392,0.1185,0.1185
19.7607,pi,6.2800,6.3278,0.1187,0.1187
19.7656,pi,6.2800,6.2963,0.1193,0.1193
19.7708,pi,6.2800,6.3169,0.1189,0.1189
19.7757,pi,6.2800,6.3331,0.1186,0.1186
19.7808,pi,6.2800,6.3228,0.1188,0.1188
19.7857,pi,6.2800,6.3651,0.1179,0.1179
19.7908,pi,6.2800,6.3486,0.1182,0.1182
19.7956,pi,6.2800,6.3583,0.1180,0.1180
19.8007,pi,6.2800,6.3665,0.1178,0.1178
19.8058,pi,6.2800,6.2993,0.1191,0.1191
19.8108,pi,6.2800,6.2734,0.1196,0.1196
19.8157,pi,6.2800,6.2986,0.1191,0.1191
19.8209,pi,6.2800,6.2952,0.1192,0.1192
19.8257,pi,6.2800,6.2424,0.1203,0.1203
19.8306,pi,6.2800,6.2278,0.1206,0.1206
19.8358,pi,6.2800,6.1884,0.1214,0.1214
19.8407,pi,6.2800,6.2072,0.1210,0.1210
19.8457,pi,6.2800,6.1721,0.1217,0.1217
19.8507,pi,6.2800,6.1716,0.1218,0.1218
19.8557,pi,6.2800,6.2167,0.1209,0.1209
19.8608,pi,6.2800,6.2530,0.1202,0.1202
19.8658,pi,6.2800,6.2588,0.1201,0.1201
19.8708,pi,6.2800,6.2409,0.1204,0.1204
19.8758,pi,6.2800,6.2265,0.1207,0.1207
19.8806,pi,6.2800,6.2609,0.1201,0.1201
19.8857,pi,6.2800,6.2425,0.1204,0.1204
19.8907,pi,6.2800,6.2738,0.1198,0.1198
19.8957,pi,6.2800,6.2987,0.1193,0.1193
19.9008,pi,6.2800,6.2954,0.1194,0.1194
19.9057,pi,6.2800,6.2424,0.1204,0.1204
19.9108,pi,6.2800,6.2505,0.1203,0.1203
19.9156,pi,6.2800,6.2798,0.1197,0.1197
19.9207,pi,6.2800,6.2581,0.1201,0.1201
19.9257,pi,6.2800,6.2862,0.1196,0.1196
19.9308,pi,6.2800,6.2854,0.1196,0.1196
19.9357,pi,6.2800,6.3077,0.1192,0.1192
19.9408,pi,6.2800,6.3023,0.1193,0.1193
19.9458,pi,6.2800,6.2983,0.1193,0.1193
19.9508,pi,6.2800,6.2947,0.1194,0.1194
19.9558,pi,6.2800,6.3424,0.1184,0.1184
19.9608,pi,6.2800,6.3306,0.1187,0.1187
19.9656,pi,6.2800,6.3441,0.1184,0.1184
19.9708,pi,6.2800,6.3317,0.1186,0.1186
19.9757,pi,6.2800,6.3219,0.1188,0.1188
19.9807,pi,6.2800,6.2912,0.1194,0.1194
19.9856,pi,6.2800,6.3127,0.1190,0.1190
19.9908,pi,6.2800,6.2838,0.1195,0.1195
19.9957,pi,6.2800,6.3067,0.1191,0.1191
20.0010,pi,6.2800,6.2787,0.1196,0.1196
20.0061,pi,6.2800,6.2793,0.1196,0.1196
20.0108,pi,6.2800,6.3301,0.1186,0.1186
20.0157,pi,6.2800,6.3205,0.1188,0.1188
20.0209,pi,6.2800,6.3130,0.1189,0.1189
20.0258,pi,6.2800,6.3068,0.1190,0.1190
20.0307,pi,6.2800,6.3522,0.1181,0.1181
20.0357,pi,6.2800,6.3382,0.1184,0.1184
20.0407,pi,6.2800,6.3271,0.1186,0.1186
20.0457,pi,6.2800,6.3183,0.1188,0.1188
20.0507,pi,6.2800,6.2884,0.1193,0.1193
20.0557,pi,6.2800,6.3106,0.1189,0.1189
20.0608,pi,6.2800,6.2548,0.1200,0.1200
20.0659,pi,6.2800,6.2603,0.1199,0.1199
20.0710,pi,6.2800,6.3149,0.1188,0.1188
20.0757,pi,6.2800,6.3085,0.1189,0.1189
20.0806,pi,6.2800,6.3265,0.1186,0.1186
20.0857,pi,6.2800,6.2952,0.1192,0.1192
20.0908,pi,6.2800,6.3418,0.1182,0.1182
20.0958,pi,6.2800,6.3300,0.1185,0.1185
20.1008,pi,6.2800,6.3699,0.1177,0.1177
20.1057,pi,6.2800,6.3522,0.1180,0.1180
20.1108,pi,6.2800,6.3883,0.1172,0.1172
20.1158,pi,6.2800,6.3672,0.1176,0.1176
20.1207,pi,6.2800,6.3735,0.1175,0.1175
20.1257,pi,6.2800,6.3330,0.1183,0.1183
20.1307,pi,6.2800,6.3462,0.1180,0.1180
20.1368,pi,6.2800,6.3328,0.1183,0.1183
20.1426,pi,6.2800,6.3452,0.1180,0.1180
20.1472,pi,6.2800,6.3318,0.1182,0.1182
20.1515,pi,6.2800,6.3445,0.1180,0.1180
20.1560,pi,6.2800,6.3320,0.1182,0.1182
20.1607,pi,6.2800,6.3453,0.1179,0.1179
20.1657,pi,6.2800,6.3104,0.1186,0.1186
20.1708,pi,6.2800,6.3049,0.1187,0.1187
20.1758,pi,6.2800,6.3000,0.1188,0.1188
20.1809,pi,6.2800,6.2962,0.1189,0.1189
20.1858,pi,6.2800,6.2932,0.1189,0.1189
20.1907,pi,6.2800,6.3145,0.1185,0.1185
20.1957,pi,6.2800,6.2856,0.1191,0.1191
20.2007,pi,6.2800,6.2630,0.1195,0.1195
20.2057,pi,6.2800,6.2447,0.1199,0.1199
20.2107,pi,6.2800,6.2757,0.1193,0.1193
20.2157,pi,6.2800,6.2771,0.1193,0.1193
20.2207,pi,6.2800,6.2782,0.1192,0.1192
20.2257,pi,6.2800,6.2562,0.1197,0.1197
20.2307,pi,6.2800,6.2847,0.1191,0.1191
20.2357,pi,6.2800,6.2616,0.1196,0.1196
20.2408,pi,6.2800,6.2659,0.1195,0.1195
20.2459,pi,6.2800,6.2690,0.1194,0.1194
20.2507,pi,6.2800,6.2947,0.1189,0.1189
20.2557,pi,6.2800,6.3157,0.1185,0.1185
20.2606,pi,6.2800,6.3326,0.1182,0.1182
20.2658,pi,6.2800,6.3001,0.1188,0.1188
20.2707,pi,6.2800,6.3201,0.1184,0.1184
20.2757,pi,6.2800,6.2900,0.1190,0.1190
20.2807,pi,6.2800,6.3118,0.1185,0.1185
20.2857,pi,6.2800,6.2836,0.1191,0.1191
20.2908,pi,6.2800,6.2834,0.1191,0.1191
20.2957,pi,6.2800,6.2603,0.1196,0.1196
20.3008,pi,6.2800,6.2646,0.1195,0.1195
20.3058,pi,6.2800,6.2678,0.1194,0.1194
20.3107,pi,6.2800,6.2704,0.1194,0.1194
20.3158,pi,6.2800,6.2724,0.1193,0.1193
20.3207,pi,6.2800,6.2239,0.1203,0.1203
20.3258,pi,6.2800,6.2354,0.1201,0.1201
20.3307,pi,6.2800,6.2446,0.1199,0.1199
20.3357,pi,6.2800,6.2519,0.1198,0.1198
20.3407,pi,6.2800,6.2807,0.1192,0.1192
20.3458,pi,6.2800,6.2584,0.1197,0.1197
20.3507,pi,6.2800,6.2863,0.1191,0.1191
20.3557,pi,6.2800,6.2628,0.1196,0.1196
20.3608,pi,6.2800,6.2668,0.1195,0.1195
20.3657,pi,6.2800,6.2474,0.1199,0.1199
20.3707,pi,6.2800,6.2780,0.1193,0.1193
20.3760,pi,6.2800,6.2779,0.1193,0.1193
20.3808,pi,6.2800,6.2787,0.1193,0.1193
20.3857,pi,6.2800,6.2569,0.1197,0.1197
20.3907,pi,6.2800,6.2853,0.1191,0.1191
20.3958,pi,6.2800,6.2831,0.1192,0.1192
20.4007,pi,6.2800,6.3059,0.1187,0.1187
20.4058,pi,6.2800,6.3005,0.1188,0.1188
20.4107,pi,6.2800,6.3200,0.1184,0.1184
20.4158,pi,6.2800,6.3125,0.1186,0.1186
20.4208,pi,6.2800,6.3064,0.1187,0.1187
20.4256,pi,6.2800,6.3245,0.1183,0.1183
20.4307,pi,6.2800,6.3404,0.1180,0.1180
20.4358,pi,6.2800,6.3064,0.1187,0.1187
20.4408,pi,6.2800,6.3017,0.1187,0.1187
20.4457,pi,6.2800,6.2750,0.1193,0.1193
20.4507,pi,6.2800,6.3012,0.1187,0.1187
20.4557,pi,6.2800,6.2746,0.1193,0.1193
20.4607,pi,6.2800,6.3003,0.1188,0.1188
20.4657,pi,6.2800,6.2740,0.1193,0.1193
20.4707,pi,6.2800,6.2987,0.1188,0.1188
20.4761,pi,6.2800,6.2442,0.1199,0.1199
20.4811,pi,6.2800,6.2506,0.1198,0.1198
20.4859,pi,6.2800,6.2555,0.1197,0.1197
20.4907,pi,6.2800,6.2607,0.1196,0.1196
20.4956,pi,6.2800,6.2423,0.1199,0.1199
20.5008,pi,6.2800,6.2505,0.1198,0.1198
20.5058,pi,6.2800,6.3073,0.1187,0.1187
20.5108,pi,6.2800,6.3020,0.1188,0.1188
20.5157,pi,6.2800,6.2982,0.1188,0.1188
20.5207,pi,6.2800,6.3181,0.1184,0.1184
20.5257,pi,6.2800,6.2882,0.1190,0.1190
20.5307,pi,6.2800,6.3108,0.1186,0.1186
20.5358,pi,6.2800,6.2836,0.1191,0.1191
20.5407,pi,6.2800,6.3079,0.1186,0.1186
20.5457,pi,6.2800,6.3261,0.1182,0.1182
20.5507,pi,6.2800,6.3405,0.1179,0.1179
20.5558,pi,6.2800,6.2783,0.1192,0.1192
20.5607,pi,6.2800,6.2563,0.1196,0.1196
20.5657,pi,6.2800,6.2849,0.1190,0.1190
20.5707,pi,6.2800,6.3076,0.1186,0.1186
20.5757,pi,6.2800,6.3256,0.1182,0.1182
20.5808,pi,6.2800,6.3170,0.1184,0.1184
20.5857,pi,6.2800,6.3330,0.1180,0.1180
20.5907,pi,6.2800,6.3459,0.1178,0.1178
20.5958,pi,6.2800,6.2829,0.1190,0.1190
20.6007,pi,6.2800,6.2602,0.1195,0.1195
20.6057,pi,6.2800,6.2877,0.1189,0.1189
20.6107,pi,6.2800,6.3101,0.1185,0.1185
20.6158,pi,6.2800,6.2542,0.1196,0.1196
20.6208,pi,6.2800,6.2594,0.1195,0.1195
20.6257,pi,6.2800,6.2869,0.1189,0.1189
20.6307,pi,6.2800,6.2633,0.1194,0.1194
20.6358,pi,6.2800,6.2169,0.1204,0.1204
20.6407,pi,6.2800,6.2074,0.1206,0.1206
20.6457,pi,6.2800,6.2455,0.1198,0.1198
20.6508,pi,6.2800,6.2529,0.1197,0.1197
20.6557,pi,6.2800,6.2084,0.1206,0.1206
20.6608,pi,6.2800,6.2233,0.1203,0.1203
20.6657,pi,6.2800,6.2582,0.1196,0.1196
20.6707,pi,6.2800,6.2863,0.1190,0.1190
20.6758,pi,6.2800,6.2351,0.1201,0.1201
20.6808,pi,6.2800,6.2442,0.1199,0.1199
20.6864,pi,6.2800,6.3011,0.1188,0.1188
20.6915,pi,6.2800,6.2969,0.1189,0.1189
20.6962,pi,6.2800,6.2433,0.1199,0.1199
20.7007,pi,6.2800,6.2511,0.1198,0.1198
20.7056,pi,6.2800,6.2805,0.1192,0.1192
20.7107,pi,6.2800,6.3043,0.1187,0.1187
20.7158,pi,6.2800,6.2497,0.1198,0.1198
20.7207,pi,6.2800,6.2338,0.1201,0.1201
20.7257,pi,6.2800,6.2666,0.1195,0.1195
20.7307,pi,6.2800,6.2930,0.1190,0.1190
20.7357,pi,6.2800,6.3147,0.1185,0.1185
20.7407,pi,6.2800,6.2867,0.1191,0.1191
20.7457,pi,6.2800,6.3096,0.1186,0.1186
20.7508,pi,6.2800,6.3042,0.1187,0.1187
20.7557,pi,6.2800,6.2997,0.1188,0.1188
20.7607,pi,6.2800,6.2963,0.1189,0.1189
20.7656,pi,6.2800,6.3164,0.1185,0.1185
20.7708,pi,6.2800,6.3091,0.1186,0.1186
20.7757,pi,6.2800,6.3035,0.1187,0.1187
20.7807,pi,6.2800,6.2993,0.1188,0.1188
20.7857,pi,6.2800,6.2961,0.1188,0.1188
20.7907,pi,6.2800,6.2704,0.1193,0.1193
20.7957,pi,6.2800,6.2961,0.1188,0.1188
20.8007,pi,6.2800,6.2707,0.1193,0.1193
20.8057,pi,6.2800,6.2964,0.1188,0.1188
20.8107,pi,6.2800,6.2711,0.1193,0.1193
20.8157,pi,6.2800,6.2965,0.1188,0.1188
20.8208,pi,6.2800,6.2937,0.1189,0.1189
20.8257,pi,6.2800,6.2912,0.1189,0.1189
20.8307,pi,6.2800,6.2893,0.1190,0.1190
20.8358,pi,6.2800,6.2877,0.1190,0.1190
20.8408,pi,6.2800,6.2867,0.1190,0.1190
20.8457,pi,6.2800,6.2859,0.1190,0.1190
20.8507,pi,6.2800,6.2851,0.1190,0.1190
20.8557,pi,6.2800,6.2846,0.1190,0.1190
20.8606,pi,6.2800,6.3072,0.1186,0.1186
20.8657,pi,6.2800,6.3023,0.1187,0.1187
20.8708,pi,6.2800,6.2984,0.1187,0.1187
20.8758,pi,6.2800,6.2945,0.1188,0.1188
20.8807,pi,6.2800,6.3155,0.1184,0.1184
20.8857,pi,6.2800,6.3323,0.1181,0.1181
20.8907,pi,6.2800,6.3456,0.1178,0.1178
20.8958,pi,6.2800,6.3330,0.1180,0.1180
20.9006,pi,6.2800,6.3458,0.1177,0.1177
20.9058,pi,6.2800,6.3331,0.1180,0.1180
20.9106,pi,6.2800,6.3461,0.1177,0.1177
20.9158,pi,6.2800,6.3331,0.1179,0.1179
20.9207,pi,6.2800,6.3454,0.1177,0.1177
20.9257,pi,6.2800,6.3563,0.1175,0.1175
20.9307,pi,6.2800,6.3660,0.1172,0.1172
20.9357,pi,6.2800,6.3494,0.1176,0.1176
20.9407,pi,6.2800,6.3361,0.1178,0.1178
20.9457,pi,6.2800,6.3027,0.1185,0.1185
20.9507,pi,6.2800,6.3217,0.1181,0.1181
20.9558,pi,6.2800,6.3137,0.1182,0.1182
20.9607,pi,6.2800,6.3076,0.1183,0.1183
20.9656,pi,6.2800,6.2796,0.1189,0.1189
20.9707,pi,6.2800,6.3036,0.1184,0.1184
20.9757,pi,6.2800,6.2773,0.1189,0.1189
20.9807,pi,6.2800,6.3016,0.1184,0.1184
20.9858,pi,6.2800,6.2978,0.1185,0.1185
20.9907,pi,6.2800,6.2948,0.1186,0.1186
20.9957,pi,6.2800,6.2925,0.1186,0.1186
21.0007,pi,6.2800,6.2906,0.1186,0.1186
21.0057,pi,6.2800,6.2662,0.1191,0.1191
21.0107,pi,6.2800,6.2696,0.1191,0.1191
21.0157,pi,6.2800,6.2494,0.1195,0.1195
21.0207,pi,6.2800,6.2560,0.1193,0.1193
21.0257,pi,6.2800,6.2611,0.1193,0.1193
21.0308,pi,6.2800,6.2650,0.1192,0.1192
21.0357,pi,6.2800,6.2685,0.1191,0.1191
21.0407,pi,6.2800,6.2943,0.1186,0.1186
21.0457,pi,6.2800,6.2693,0.1191,0.1191
21.0507,pi,6.2800,6.2950,0.1186,0.1186
21.0558,pi,6.2800,6.2924,0.1186,0.1186
21.0607,pi,6.2800,6.2903,0.1187,0.1187
21.0657,pi,6.2800,6.2885,0.1187,0.1187
21.0707,pi,6.2800,6.2872,0.1187,0.1187
21.0757,pi,6.2800,6.2864,0.1187,0.1187
21.0806,pi,6.2800,6.3086,0.1183,0.1183
21.0857,pi,6.2800,6.3034,0.1184,0.1184
21.0907,pi,6.2800,6.2490,0.1195,0.1195
21.0957,pi,6.2800,6.2557,0.1193,0.1193
21.1007,pi,6.2800,6.2602,0.1193,0.1193
21.1057,pi,6.2800,6.2417,0.1196,0.1196
21.1108,pi,6.2800,6.2496,0.1195,0.1195
21.1157,pi,6.2800,6.2335,0.1198,0.1198
21.1208,pi,6.2800,6.2434,0.1196,0.1196
21.1257,pi,6.2800,6.2513,0.1195,0.1195
21.1307,pi,6.2800,6.2073,0.1204,0.1204
21.1357,pi,6.2800,6.2224,0.1201,0.1201
21.1407,pi,6.2800,6.2848,0.1189,0.1189
21.1458,pi,6.2800,6.2832,0.1189,0.1189
21.1511,pi,6.2800,6.2832,0.1189,0.1189
21.1560,pi,6.2800,6.2824,0.1189,0.1189
21.1606,pi,6.2800,6.3051,0.1184,0.1184
21.1657,pi,6.2800,6.2784,0.1190,0.1190
21.1708,pi,6.2800,6.2286,0.1200,0.1200
21.1757,pi,6.2800,6.2394,0.1198,0.1198
21.1807,pi,6.2800,6.2983,0.1186,0.1186
21.1857,pi,6.2800,6.2952,0.1187,0.1187
21.1907,pi,6.2800,6.2421,0.1197,0.1197
21.1957,pi,6.2800,6.2273,0.1200,0.1200
21.2007,pi,6.2800,6.2624,0.1193,0.1193
21.2057,pi,6.2800,6.2440,0.1197,0.1197
21.2108,pi,6.2800,6.2752,0.1191,0.1191
21.2161,pi,6.2800,6.2763,0.1191,0.1191
21.2211,pi,6.2800,6.3277,0.1180,0.1180
21.2258,pi,6.2800,6.3183,0.1182,0.1182
21.2306,pi,6.2800,6.3342,0.1179,0.1179
21.2358,pi,6.2800,6.3012,0.1185,0.1185
21.2407,pi,6.2800,6.3205,0.1181,0.1181
21.2458,pi,6.2800,6.3362,0.1178,0.1178
21.2507,pi,6.2800,6.3485,0.1176,0.1176
21.2558,pi,6.2800,6.3124,0.1183,0.1183
21.2607,pi,6.2800,6.3064,0.1184,0.1184
21.2659,pi,6.2800,6.3016,0.1185,0.1185
21.2706,pi,6.2800,6.3208,0.1181,0.1181
21.2758,pi,6.2800,6.3126,0.1182,0.1182
21.2806,pi,6.2800,6.3068,0.1183,0.1183
21.2858,pi,6.2800,6.3020,0.1184,0.1184
21.2908,pi,6.2800,6.2981,0.1185,0.1185
21.2958,pi,6.2800,6.2947,0.1186,0.1186
21.3007,pi,6.2800,6.2922,0.1186,0.1186
21.3057,pi,6.2800,6.2675,0.1191,0.1191
21.3107,pi,6.2800,6.2935,0.1186,0.1186
21.3158,pi,6.2800,6.2685,0.1191,0.1191
21.3207,pi,6.2800,6.2947,0.1186,0.1186
21.3258,pi,6.2800,6.2697,0.1191,0.1191
21.3308,pi,6.2800,6.2723,0.1190,0.1190
21.3357,pi,6.2800,6.2741,0.1190,0.1190
21.3406,pi,6.2800,6.2987,0.1185,0.1185
21.3457,pi,6.2800,6.2727,0.1190,0.1190
21.3508,pi,6.2800,6.2979,0.1185,0.1185
21.3559,pi,6.2800,6.2943,0.1186,0.1186
21.3607,pi,6.2800,6.2919,0.1186,0.1186
21.3657,pi,6.2800,6.2673,0.1191,0.1191
21.3708,pi,6.2800,6.2937,0.1186,0.1186
21.3757,pi,6.2800,6.3145,0.1182,0.1182
21.3808,pi,6.2800,6.3081,0.1183,0.1183
21.3857,pi,6.2800,6.2801,0.1188,0.1188
21.3908,pi,6.2800,6.2806,0.1188,0.1188
21.3958,pi,6.2800,6.2809,0.1188,0.1188
21.4007,pi,6.2800,6.2813,0.1188,0.1188
21.4058,pi,6.2800,6.2586,0.1193,0.1193
21.4107,pi,6.2800,6.2870,0.1187,0.1187
21.4158,pi,6.2800,6.2862,0.1187,0.1187
21.4208,pi,6.2800,6.2854,0.1187,0.1187
21.4258,pi,6.2800,6.2346,0.1197,0.1197
21.4308,pi,6.2800,6.2440,0.1196,0.1196
21.4357,pi,6.2800,6.2290,0.1199,0.1199
21.4406,pi,6.2800,6.2633,0.1192,0.1192
21.4457,pi,6.2800,6.2451,0.1196,0.1196
21.4509,pi,6.2800,6.2763,0.1189,0.1189
21.4557,pi,6.2800,6.2549,0.1194,0.1194
21.4607,pi,6.2800,6.2838,0.1188,0.1188
21.4657,pi,6.2800,6.2612,0.1193,0.1193
21.4707,pi,6.2800,6.2890,0.1187,0.1187
21.4761,pi,6.2800,6.2872,0.1187,0.1187
21.4814,pi,6.2800,6.2855,0.1188,0.1188
21.4872,pi,6.2800,6.2826,0.1188,0.1188
21.4921,pi,6.2800,6.2292,0.1199,0.1199
21.4974,pi,6.2800,6.2378,0.1197,0.1197
21.5020,pi,6.2800,6.2443,0.1196,0.1196
21.5070,pi,6.2800,6.2504,0.1195,0.1195
21.5129,pi,6.2800,6.2083,0.1204,0.1204
21.5176,pi,6.2800,6.2178,0.1202,0.1202
21.5225,pi,6.2800,6.1784,0.1210,0.1210
21.5273,pi,6.2800,6.1757,0.1211,0.1211
21.5325,pi,6.2800,6.1466,0.1217,0.1217
21.5376,pi,6.2800,6.1510,0.1216,0.1216
21.5428,pi,6.2800,6.2018,0.1206,0.1206
21.5481,pi,6.2800,6.2431,0.1198,0.1198
21.5528,pi,6.2800,6.2750,0.1192,0.1192
21.5578,pi,6.2800,6.2765,0.1192,0.1192
21.5627,pi,6.2800,6.3009,0.1187,0.1187
21.5669,pi,6.2800,6.3117,0.1185,0.1185
21.5708,pi,6.2800,6.3297,0.1181,0.1181
21.5758,pi,6.2800,6.3203,0.1183,0.1183
21.5806,pi,6.2800,6.3361,0.1179,0.1179
21.5857,pi,6.2800,6.3500,0.1176,0.1176
21.5907,pi,6.2800,6.3611,0.1174,0.1174
21.5958,pi,6.2800,6.3224,0.1182,0.1182
21.6008,pi,6.2800,6.3379,0.1178,0.1178
21.6057,pi,6.2800,6.3045,0.1185,0.1185
21.6107,pi,6.2800,6.2787,0.1190,0.1190
21.6157,pi,6.2800,6.2578,0.1194,0.1194
21.6207,pi,6.2800,6.2870,0.1188,0.1188
21.6257,pi,6.2800,6.2637,0.1193,0.1193
21.6308,pi,6.2800,6.2673,0.1192,0.1192
21.6363,pi,6.2800,6.2700,0.1192,0.1192
21.6410,pi,6.2800,6.2718,0.1192,0.1192
21.6457,pi,6.2800,6.2510,0.1196,0.1196
21.6508,pi,6.2800,6.2072,0.1205,0.1205
21.6558,pi,6.2800,6.1997,0.1206,0.1206
21.6612,pi,6.2800,6.2660,0.1193,0.1193
21.6663,pi,6.2800,6.2659,0.1193,0.1193
21.6714,pi,6.2800,6.2679,0.1193,0.1193
21.6758,pi,6.2800,6.2706,0.1192,0.1192
21.6806,pi,6.2800,6.2959,0.1187,0.1187
21.6857,pi,6.2800,6.2708,0.1192,0.1192
21.6907,pi,6.2800,6.2967,0.1187,0.1187
21.6958,pi,6.2800,6.2718,0.1192,0.1192
21.7010,pi,6.2800,6.3239,0.1182,0.1182
21.7058,pi,6.2800,6.3152,0.1183,0.1183
21.7109,pi,6.2800,6.3311,0.1180,0.1180
21.7160,pi,6.2800,6.2994,0.1186,0.1186
21.7206,pi,6.2800,6.3221,0.1182,0.1182
21.7258,pi,6.2800,6.2926,0.1188,0.1188
21.7307,pi,6.2800,6.2905,0.1188,0.1188
21.7358,pi,6.2800,6.2868,0.1189,0.1189
21.7408,pi,6.2800,6.2855,0.1189,0.1189
21.7459,pi,6.2800,6.2826,0.1189,0.1189
21.7506,pi,6.2800,6.3052,0.1185,0.1185
21.7558,pi,6.2800,6.2784,0.1190,0.1190
21.7607,pi,6.2800,6.3024,0.1185,0.1185
21.7658,pi,6.2800,6.2759,0.1191,0.1191
21.7708,pi,6.2800,6.3005,0.1186,0.1186
21.7757,pi,6.2800,6.3472,0.1176,0.1176
21.7807,pi,6.2800,6.3573,0.1174,0.1174
21.7858,pi,6.2800,6.3196,0.1181,0.1181
21.7907,pi,6.2800,6.3371,0.1178,0.1178
21.7958,pi,6.2800,6.3036,0.1184,0.1184
21.8007,pi,6.2800,6.2995,0.1185,0.1185
21.8057,pi,6.2800,6.2735,0.1190,0.1190
21.8107,pi,6.2800,6.2983,0.1185,0.1185
21.8158,pi,6.2800,6.2953,0.1186,0.1186
21.8207,pi,6.2800,6.3158,0.1182,0.1182
21.8259,pi,6.2800,6.2588,0.1193,0.1193
21.8306,pi,6.2800,6.2410,0.1197,0.1197
21.8357,pi,6.2800,6.2267,0.1200,0.1200
21.8408,pi,6.2800,6.2378,0.1198,0.1198
21.8458,pi,6.2800,6.2468,0.1196,0.1196
21.8508,pi,6.2800,6.2540,0.1195,0.1195
21.8557,pi,6.2800,6.3099,0.1183,0.1183
21.8607,pi,6.2800,6.3043,0.1185,0.1185
21.8658,pi,6.2800,6.2771,0.1190,0.1190
21.8707,pi,6.2800,6.3014,0.1185,0.1185
21.8757,pi,6.2800,6.2749,0.1190,0.1190
21.8809,pi,6.2800,6.2764,0.1190,0.1190
21.8858,pi,6.2800,6.2775,0.1190,0.1190
21.8908,pi,6.2800,6.3014,0.1185,0.1185
21.8958,pi,6.2800,6.2749,0.1190,0.1190
21.9007,pi,6.2800,6.2996,0.1185,0.1185
21.9059,pi,6.2800,6.2459,0.1196,0.1196
21.9106,pi,6.2800,6.2307,0.1199,0.1199
21.9159,pi,6.2800,6.2188,0.1202,0.1202
21.9215,pi,6.2800,6.2296,0.1200,0.1200
21.9264,pi,6.2800,6.2383,0.1198,0.1198
21.9321,pi,6.2800,6.2458,0.1197,0.1197
21.9372,pi,6.2800,6.2522,0.1195,0.1195
21.9420,pi,6.2800,6.2545,0.1195,0.1195
21.9460,pi,6.2800,6.2591,0.1194,0.1194
21.9508,pi,6.2800,6.2633,0.1193,0.1193
21.9558,pi,6.2800,6.2447,0.1197,0.1197
21.9607,pi,6.2800,6.2756,0.1191,0.1191
21.9658,pi,6.2800,6.2770,0.1191,0.1191
21.9706,pi,6.2800,6.3012,0.1186,0.1186
21.9757,pi,6.2800,6.2767,0.1191,0.1191
21.9818,coast,6.2800,6.2767,0.0000,0.0000
