t_s,mode,target_rad_s,speed_rad_s,u,u_unsaturated
0.0888,coast,6.2800,0.0000,0.0000,0.0000
0.0906,pi,6.2800,0.0000,0.1256,0.1256
0.0953,pi,6.2800,0.0000,0.1272,0.1272
0.0992,pi,6.2800,0.0000,0.1288,0.1288
0.1034,pi,6.2800,0.0000,0.1303,0.1303
0.1071,pi,6.2800,0.0000,0.1319,0.1319
0.1109,pi,6.2800,0.0833,0.1318,0.1318
0.1146,pi,6.2800,0.2105,0.1308,0.1308
0.1184,pi,6.2800,0.3560,0.1294,0.1294
0.1220,pi,6.2800,0.5629,0.1268,0.1268
0.1257,pi,6.2800,0.7517,0.1244,0.1244
0.1295,pi,6.2800,0.9530,0.1218,0.1218
0.1335,pi,6.2800,1.1280,0.1196,0.1196
0.1376,pi,6.2800,1.4061,0.1153,0.1153
0.1414,pi,6.2800,1.7278,0.1101,0.1101
0.1451,pi,6.2800,1.9757,0.1063,0.1063
0.1489,pi,6.2800,2.2658,0.1016,0.1016
0.1534,pi,6.2800,2.5446,0.0970,0.0970
0.1584,pi,6.2800,2.8131,0.0926,0.0926
0.1635,pi,6.2800,3.0545,0.0886,0.0886
0.1684,pi,6.2800,3.2980,0.0845,0.0845
0.1734,pi,6.2800,3.5431,0.0804,0.0804
0.1784,pi,6.2800,3.7482,0.0770,0.0770
0.1834,pi,6.2800,3.9581,0.0734,0.0734
0.1885,pi,6.2800,4.1268,0.0706,0.0706
0.1936,pi,6.2800,4.3071,0.0675,0.0675
0.1985,pi,6.2800,4.4000,0.0662,0.0662
0.2035,pi,6.2800,4.4747,0.0651,0.0651
0.2084,pi,6.2800,4.5393,0.0643,0.0643
0.2135,pi,6.2800,4.5859,0.0638,0.0638
0.2184,pi,6.2800,4.6280,0.0634,0.0634
0.2235,pi,6.2800,4.6066,0.0642,0.0642
0.2285,pi,6.2800,4.5900,0.0650,0.0650
0.2335,pi,6.2800,4.5766,0.0657,0.0657
0.2385,pi,6.2800,4.5156,0.0673,0.0673
0.2434,pi,6.2800,4.4807,0.0684,0.0684
0.2484,pi,6.2800,4.4533,0.0694,0.0694
0.2534,pi,6.2800,4.4771,0.0694,0.0694
0.2585,pi,6.2800,4.4360,0.0707,0.0707
0.2635,pi,6.2800,4.4171,0.0715,0.0715
0.2685,pi,6.2800,4.3882,0.0726,0.0726
0.2734,pi,6.2800,4.3330,0.0742,0.0742
0.2784,pi,6.2800,4.3350,0.0746,0.0746
0.2835,pi,6.2800,4.3363,0.0751,0.0751
0.2884,pi,6.2800,4.3374,0.0755,0.0755
0.2935,pi,6.2800,4.3244,0.0763,0.0763
0.2984,pi,6.2800,4.3140,0.0770,0.0770
0.3034,pi,6.2800,4.3057,0.0776,0.0776
0.3084,pi,6.2800,4.2669,0.0789,0.0789
0.3135,pi,6.2800,4.2679,0.0794,0.0794
0.3184,pi,6.2800,4.2826,0.0796,0.0796
0.3235,pi,6.2800,4.2806,0.0801,0.0801
0.3285,pi,6.2800,4.2790,0.0807,0.0807
0.3334,pi,6.2800,4.2915,0.0809,0.0809
0.3385,pi,6.2800,4.2877,0.0815,0.0815
0.3435,pi,6.2800,4.2846,0.0820,0.0820
0.3484,pi,6.2800,4.2822,0.0826,0.0826
0.3535,pi,6.2800,4.2801,0.0831,0.0831
0.3585,pi,6.2800,4.3288,0.0827,0.0827
0.3634,pi,6.2800,4.3769,0.0822,0.0822
0.3685,pi,6.2800,4.3559,0.0831,0.0831
0.3734,pi,6.2800,4.3528,0.0836,0.0836
0.3784,pi,6.2800,4.3962,0.0832,0.0832
0.3835,pi,6.2800,4.4216,0.0832,0.0832
0.3885,pi,6.2800,4.3917,0.0843,0.0843
0.3935,pi,6.2800,4.4181,0.0842,0.0842
0.3984,pi,6.2800,4.4391,0.0843,0.0843
0.4034,pi,6.2800,4.4561,0.0844,0.0844
0.4084,pi,6.2800,4.4788,0.0844,0.0844
0.4135,pi,6.2800,4.4878,0.0846,0.0846
0.4184,pi,6.2800,4.5042,0.0848,0.0848
0.4235,pi,6.2800,4.5631,0.0840,0.0840
0.4284,pi,6.2800,4.6101,0.0835,0.0835
0.4334,pi,6.2800,4.6478,0.0832,0.0832
0.4385,pi,6.2800,4.6780,0.0830,0.0830
0.4434,pi,6.2800,4.7479,0.0820,0.0820
0.4485,pi,6.2800,4.7529,0.0823,0.0823
0.4535,pi,6.2800,4.7572,0.0826,0.0826
0.4585,pi,6.2800,4.7606,0.0829,0.0829
0.4635,pi,6.2800,4.7682,0.0831,0.0831
0.4685,pi,6.2800,4.7695,0.0835,0.0835
0.4734,pi,6.2800,4.7752,0.0837,0.0837
0.4785,pi,6.2800,4.7752,0.0841,0.0841
0.4835,pi,6.2800,4.7246,0.0855,0.0855
0.4885,pi,6.2800,4.6842,0.0867,0.0867
0.4935,pi,6.2800,4.6520,0.0877,0.0877
0.4985,pi,6.2800,4.6354,0.0885,0.0885
0.5035,pi,6.2800,4.6684,0.0882,0.0882
0.5085,pi,6.2800,4.6944,0.0881,0.0881
0.5135,pi,6.2800,4.7105,0.0882,0.0882
0.5185,pi,6.2800,4.7234,0.0883,0.0883
0.5235,pi,6.2800,4.7336,0.0885,0.0885
0.5284,pi,6.2800,4.7418,0.0887,0.0887
0.5334,pi,6.2800,4.7529,0.0889,0.0889
0.5385,pi,6.2800,4.8078,0.0882,0.0882
0.5434,pi,6.2800,4.8517,0.0877,0.0877
0.5484,pi,6.2800,4.8867,0.0873,0.0873
0.5534,pi,6.2800,4.9149,0.0871,0.0871
0.5585,pi,6.2800,4.9371,0.0870,0.0870
0.5634,pi,6.2800,4.9550,0.0870,0.0870
0.5684,pi,6.2800,4.9694,0.0870,0.0870
0.5734,pi,6.2800,4.9810,0.0871,0.0871
0.5784,pi,6.2800,4.9903,0.0872,0.0872
0.5834,pi,6.2800,4.9977,0.0874,0.0874
0.5885,pi,6.2800,5.0037,0.0876,0.0876
0.5935,pi,6.2800,5.0083,0.0879,0.0879
0.5984,pi,6.2800,5.0120,0.0881,0.0881
0.6034,pi,6.2800,5.0150,0.0884,0.0884
0.6084,pi,6.2800,5.0174,0.0886,0.0886
0.6135,pi,6.2800,5.0192,0.0889,0.0889
0.6186,pi,6.2800,5.0206,0.0892,0.0892
0.6236,pi,6.2800,5.0211,0.0895,0.0895
0.6288,pi,6.2800,5.0218,0.0898,0.0898
0.6340,pi,6.2800,5.0222,0.0901,0.0901
0.6384,pi,6.2800,5.0227,0.0904,0.0904
0.6434,pi,6.2800,5.0234,0.0907,0.0907
0.6484,pi,6.2800,5.0241,0.0910,0.0910
0.6534,pi,6.2800,5.0246,0.0913,0.0913
0.6585,pi,6.2800,5.0248,0.0916,0.0916
0.6634,pi,6.2800,5.0251,0.0919,0.0919
0.6685,pi,6.2800,5.0255,0.0922,0.0922
0.6735,pi,6.2800,5.0258,0.0925,0.0925
0.6784,pi,6.2800,5.0265,0.0928,0.0928
0.6835,pi,6.2800,5.0269,0.0931,0.0931
0.6885,pi,6.2800,5.0273,0.0934,0.0934
0.6935,pi,6.2800,5.0271,0.0938,0.0938
0.6984,pi,6.2800,5.0269,0.0941,0.0941
0.7035,pi,6.2800,5.0268,0.0944,0.0944
0.7084,pi,6.2800,5.0267,0.0947,0.0947
0.7135,pi,6.2800,5.0266,0.0950,0.0950
0.7184,pi,6.2800,5.0266,0.0953,0.0953
0.7234,pi,6.2800,5.0265,0.0957,0.0957
0.7284,pi,6.2800,5.0264,0.0960,0.0960
0.7335,pi,6.2800,5.0264,0.0963,0.0963
0.7385,pi,6.2800,5.0264,0.0966,0.0966
0.7434,pi,6.2800,5.0722,0.0960,0.0960
0.7485,pi,6.2800,5.1134,0.0955,0.0955
0.7534,pi,6.2800,5.1418,0.0952,0.0952
0.7585,pi,6.2800,5.1645,0.0950,0.0950
0.7635,pi,6.2800,5.1870,0.0949,0.0949
0.7685,pi,6.2800,5.2050,0.0948,0.0948
0.7735,pi,6.2800,5.2193,0.0948,0.0948
0.7785,pi,6.2800,5.2307,0.0948,0.0948
0.7834,pi,6.2800,5.2812,0.0940,0.0940
0.7884,pi,6.2800,5.3217,0.0935,0.0935
0.7935,pi,6.2800,5.3128,0.0939,0.0939
0.7984,pi,6.2800,5.3058,0.0943,0.0943
0.8034,pi,6.2800,5.3000,0.0946,0.0946
0.8084,pi,6.2800,5.2953,0.0950,0.0950
0.8134,pi,6.2800,5.2870,0.0954,0.0954
0.8185,pi,6.2800,5.2808,0.0958,0.0958
0.8235,pi,6.2800,5.2757,0.0961,0.0961
0.8285,pi,6.2800,5.3175,0.0955,0.0955
0.8335,pi,6.2800,5.3095,0.0959,0.0959
0.8388,pi,6.2800,5.3024,0.0963,0.0963
0.8442,pi,6.2800,5.2969,0.0967,0.0967
0.8493,pi,6.2800,5.2916,0.0970,0.0970
0.8540,pi,6.2800,5.3379,0.0964,0.0964
0.8593,pi,6.2800,5.3750,0.0958,0.0958
0.8643,pi,6.2800,5.3038,0.0975,0.0975
0.8689,pi,6.2800,5.2476,0.0989,0.0989
0.8735,pi,6.2800,5.2031,0.1000,0.1000
0.8786,pi,6.2800,5.1173,0.1020,0.1020
0.8835,pi,6.2800,5.0488,0.1037,0.1037
0.8886,pi,6.2800,4.9984,0.1050,0.1050
0.8936,pi,6.2800,5.0042,0.1052,0.1052
0.8986,pi,6.2800,5.0084,0.1054,0.1054
0.9036,pi,6.2800,5.0127,0.1056,0.1056
0.9086,pi,6.2800,4.9701,0.1068,0.1068
0.9135,pi,6.2800,4.9821,0.1069,0.1069
0.9185,pi,6.2800,5.0835,0.1052,0.1052
0.9243,pi,6.2800,5.1675,0.1038,0.1038
0.9290,pi,6.2800,5.2331,0.1028,0.1028
0.9337,pi,6.2800,5.2907,0.1019,0.1019
0.9391,pi,6.2800,5.3869,0.1002,0.1002
0.9445,pi,6.2800,5.4146,0.0999,0.0999
0.9489,pi,6.2800,5.4373,0.0996,0.0996
0.9539,pi,6.2800,5.4923,0.0988,0.0988
0.9593,pi,6.2800,5.5498,0.0978,0.0978
0.9637,pi,6.2800,5.5449,0.0981,0.0981
0.9687,pi,6.2800,5.5411,0.0983,0.0983
0.9735,pi,6.2800,5.5292,0.0988,0.0988
0.9786,pi,6.2800,5.5769,0.0980,0.0980
0.9834,pi,6.2800,5.6049,0.0976,0.0976
0.9885,pi,6.2800,5.6283,0.0973,0.0973
0.9935,pi,6.2800,5.6005,0.0980,0.0980
0.9985,pi,6.2800,5.6239,0.0977,0.0977
1.0034,pi,6.2800,5.6425,0.0975,0.0975
1.0084,pi,6.2800,5.6111,0.0983,0.0983
1.0135,pi,6.2800,5.5863,0.0990,0.0990
1.0185,pi,6.2800,5.5665,0.0995,0.0995
1.0234,pi,6.2800,5.5966,0.0991,0.0991
1.0284,pi,6.2800,5.6205,0.0988,0.0988
1.0335,pi,6.2800,5.6016,0.0994,0.0994
1.0385,pi,6.2800,5.5871,0.0998,0.0998
1.0435,pi,6.2800,5.5753,0.1002,0.1002
1.0484,pi,6.2800,5.6026,0.0999,0.0999
1.0535,pi,6.2800,5.5788,0.1005,0.1005
1.0584,pi,6.2800,5.5598,0.1011,0.1011
1.0635,pi,6.2800,5.5535,0.1014,0.1014
1.0690,pi,6.2800,5.5482,0.1017,0.1017
1.0739,pi,6.2800,5.4937,0.1029,0.1029
1.0786,pi,6.2800,5.5007,0.1030,0.1030
1.0834,pi,6.2800,5.4972,0.1032,0.1032
1.0884,pi,6.2800,5.4951,0.1035,0.1035
1.0936,pi,6.2800,5.4930,0.1037,0.1037
1.0987,pi,6.2800,5.4990,0.1038,0.1038
1.1036,pi,6.2800,5.5047,0.1039,0.1039
1.1086,pi,6.2800,5.5092,0.1040,0.1040
1.1134,pi,6.2800,5.5040,0.1043,0.1043
1.1185,pi,6.2800,5.5458,0.1036,0.1036
1.1235,pi,6.2800,5.5794,0.1032,0.1032
1.1285,pi,6.2800,5.6063,0.1028,0.1028
1.1335,pi,6.2800,5.5818,0.1034,0.1034
1.1391,pi,6.2800,5.6211,0.1028,0.1028
1.1440,pi,6.2800,5.6003,0.1034,0.1034
1.1490,pi,6.2800,5.5836,0.1039,0.1039
1.1549,pi,6.2800,5.5718,0.1043,0.1043
1.1594,pi,6.2800,5.5628,0.1047,0.1047
1.1649,pi,6.2800,5.5973,0.1042,0.1042
1.1704,pi,6.2800,5.5835,0.1046,0.1046
1.1753,pi,6.2800,5.5715,0.1050,0.1050
1.1800,pi,6.2800,5.6125,0.1044,0.1044
1.1844,pi,6.2800,5.6449,0.1039,0.1039
1.1894,pi,6.2800,5.6208,0.1046,0.1046
1.1961,pi,6.2800,5.6488,0.1042,0.1042
1.2012,pi,6.2800,5.6668,0.1040,0.1040
1.2063,pi,6.2800,5.6874,0.1037,0.1037
1.2113,pi,6.2800,5.7029,0.1035,0.1035
1.2163,pi,6.2800,5.7494,0.1028,0.1028
1.2215,pi,6.2800,5.7514,0.1028,0.1028
1.2257,pi,6.2800,5.7446,0.1031,0.1031
1.2296,pi,6.2800,5.7392,0.1034,0.1034
1.2336,pi,6.2800,5.6881,0.1045,0.1045
1.2384,pi,6.2800,5.6942,0.1045,0.1045
1.2434,pi,6.2800,5.6991,0.1046,0.1046
1.2485,pi,6.2800,5.7081,0.1046,0.1046
1.2535,pi,6.2800,5.7205,0.1044,0.1044
1.2584,pi,6.2800,5.7206,0.1046,0.1046
1.2634,pi,6.2800,5.7228,0.1047,0.1047
1.2684,pi,6.2800,5.6758,0.1058,0.1058
1.2736,pi,6.2800,5.6385,0.1067,0.1067
1.2786,pi,6.2800,5.6668,0.1063,0.1063
1.2839,pi,6.2800,5.6893,0.1060,0.1060
1.2895,pi,6.2800,5.6565,0.1068,0.1068
1.2939,pi,6.2800,5.6807,0.1064,0.1064
1.2984,pi,6.2800,5.7001,0.1062,0.1062
1.3034,pi,6.2800,5.7029,0.1063,0.1063
1.3084,pi,6.2800,5.6592,0.1073,0.1073
1.3134,pi,6.2800,5.6700,0.1072,0.1072
1.3190,pi,6.2800,5.6910,0.1070,0.1070
1.3239,pi,6.2800,5.7073,0.1068,0.1068
1.3302,pi,6.2800,5.7207,0.1067,0.1067
1.3349,pi,6.2800,5.7190,0.1068,0.1068
1.3393,pi,6.2800,5.7311,0.1067,0.1067
1.3440,pi,6.2800,5.7732,0.1060,0.1060
1.3485,pi,6.2800,5.7615,0.1064,0.1064
1.3535,pi,6.2800,5.7651,0.1065,0.1065
1.3584,pi,6.2800,5.8184,0.1055,0.1055
1.3634,pi,6.2800,5.8108,0.1058,0.1058
1.3685,pi,6.2800,5.7908,0.1063,0.1063
1.3734,pi,6.2800,5.8219,0.1058,0.1058
1.3786,pi,6.2800,5.8471,0.1054,0.1054
1.3835,pi,6.2800,5.8337,0.1058,0.1058
1.3885,pi,6.2800,5.8550,0.1055,0.1055
1.3935,pi,6.2800,5.8400,0.1059,0.1059
1.3984,pi,6.2800,5.8147,0.1065,0.1065
1.4035,pi,6.2800,5.8580,0.1057,0.1057
1.4084,pi,6.2800,5.8423,0.1062,0.1062
1.4135,pi,6.2800,5.8296,0.1065,0.1065
1.4184,pi,6.2800,5.8517,0.1062,0.1062
1.4235,pi,6.2800,5.8373,0.1066,0.1066
1.4285,pi,6.2800,5.8256,0.1069,0.1069
1.4334,pi,6.2800,5.8024,0.1075,0.1075
1.4385,pi,6.2800,5.8302,0.1071,0.1071
1.4435,pi,6.2800,5.8068,0.1077,0.1077
1.4485,pi,6.2800,5.8013,0.1079,0.1079
1.4534,pi,6.2800,5.8291,0.1075,0.1075
1.4586,pi,6.2800,5.8192,0.1078,0.1078
1.4634,pi,6.2800,5.7977,0.1083,0.1083
1.4684,pi,6.2800,5.8264,0.1079,0.1079
1.4734,pi,6.2800,5.8035,0.1084,0.1084
1.4784,pi,6.2800,5.8310,0.1080,0.1080
1.4835,pi,6.2800,5.8711,0.1073,0.1073
1.4886,pi,6.2800,5.8530,0.1078,0.1078
1.4935,pi,6.2800,5.8249,0.1084,0.1084
1.4984,pi,6.2800,5.8481,0.1081,0.1081
1.5036,pi,6.2800,5.8346,0.1085,0.1085
1.5084,pi,6.2800,5.8557,0.1082,0.1082
1.5135,pi,6.2800,5.8728,0.1079,0.1079
1.5185,pi,6.2800,5.8542,0.1084,0.1084
1.5235,pi,6.2800,5.8895,0.1078,0.1078
1.5285,pi,6.2800,5.8674,0.1083,0.1083
1.5334,pi,6.2800,5.8364,0.1091,0.1091
1.5385,pi,6.2800,5.8578,0.1087,0.1087
1.5435,pi,6.2800,5.8924,0.1082,0.1082
1.5487,pi,6.2800,5.8691,0.1087,0.1087
1.5540,pi,6.2800,5.9012,0.1082,0.1082
1.5590,pi,6.2800,5.8765,0.1088,0.1088
1.5645,pi,6.2800,5.9067,0.1083,0.1083
1.5689,pi,6.2800,5.9133,0.1082,0.1082
1.5734,pi,6.2800,5.9189,0.1082,0.1082
1.5785,pi,6.2800,5.8779,0.1091,0.1091
1.5834,pi,6.2800,5.8909,0.1090,0.1090
1.5885,pi,6.2800,5.9010,0.1088,0.1088
1.5935,pi,6.2800,5.8630,0.1097,0.1097
1.5984,pi,6.2800,5.8787,0.1095,0.1095
1.6037,pi,6.2800,5.8918,0.1093,0.1093
1.6089,pi,6.2800,5.9198,0.1089,0.1089
1.6138,pi,6.2800,5.9243,0.1089,0.1089
1.6185,pi,6.2800,5.8829,0.1098,0.1098
1.6234,pi,6.2800,5.8947,0.1097,0.1097
1.6293,pi,6.2800,5.9184,0.1093,0.1093
1.6341,pi,6.2800,5.8895,0.1099,0.1099
1.6395,pi,6.2800,5.9160,0.1095,0.1095
1.6445,pi,6.2800,5.9383,0.1092,0.1092
1.6491,pi,6.2800,5.9562,0.1089,0.1089
1.6535,pi,6.2800,5.9709,0.1087,0.1087
1.6585,pi,6.2800,5.9647,0.1089,0.1089
1.6634,pi,6.2800,5.9148,0.1099,0.1099
1.6685,pi,6.2800,5.9380,0.1096,0.1096
1.6739,pi,6.2800,5.9058,0.1103,0.1103
1.6786,pi,6.2800,5.9122,0.1103,0.1103
1.6835,pi,6.2800,5.9216,0.1102,0.1102
1.6885,pi,6.2800,5.9268,0.1102,0.1102
1.6934,pi,6.2800,5.9312,0.1102,0.1102
1.6985,pi,6.2800,5.9339,0.1102,0.1102
1.7035,pi,6.2800,5.9356,0.1102,0.1102
1.7085,pi,6.2800,5.9542,0.1100,0.1100
1.7135,pi,6.2800,5.9693,0.1097,0.1097
1.7184,pi,6.2800,5.9816,0.1096,0.1096
1.7235,pi,6.2800,5.9732,0.1098,0.1098
1.7285,pi,6.2800,6.0126,0.1091,0.1091
1.7334,pi,6.2800,5.9984,0.1095,0.1095
1.7386,pi,6.2800,6.0048,0.1094,0.1094
1.7435,pi,6.2800,6.0099,0.1094,0.1094
1.7485,pi,6.2800,6.0139,0.1093,0.1093
1.7537,pi,6.2800,5.9667,0.1104,0.1104
1.7590,pi,6.2800,5.9614,0.1105,0.1105
1.7639,pi,6.2800,5.9752,0.1103,0.1103
1.7692,pi,6.2800,5.9863,0.1102,0.1102
1.7735,pi,6.2800,5.9772,0.1105,0.1105
1.7786,pi,6.2800,5.9374,0.1113,0.1113
1.7836,pi,6.2800,5.9557,0.1110,0.1110
1.7886,pi,6.2800,5.9527,0.1112,0.1112
1.7937,pi,6.2800,5.9681,0.1110,0.1110
1.7984,pi,6.2800,5.9625,0.1112,0.1112
1.8034,pi,6.2800,6.0039,0.1104,0.1104
1.8084,pi,6.2800,6.0377,0.1098,0.1098
1.8135,pi,6.2800,6.0185,0.1102,0.1102
1.8185,pi,6.2800,6.0492,0.1097,0.1097
1.8235,pi,6.2800,6.0457,0.1098,0.1098
1.8285,pi,6.2800,6.0928,0.1089,0.1089
1.8334,pi,6.2800,6.1084,0.1087,0.1087
1.8385,pi,6.2800,6.0930,0.1090,0.1090
1.8435,pi,6.2800,6.1083,0.1088,0.1088
1.8485,pi,6.2800,6.0752,0.1095,0.1095
1.8534,pi,6.2800,6.0942,0.1091,0.1091
1.8585,pi,6.2800,6.0816,0.1094,0.1094
1.8634,pi,6.2800,6.0532,0.1101,0.1101
1.8684,pi,6.2800,6.0765,0.1096,0.1096
1.8735,pi,6.2800,6.0670,0.1099,0.1099
1.8784,pi,6.2800,6.0874,0.1095,0.1095
1.8834,pi,6.2800,6.0590,0.1101,0.1101
1.8885,pi,6.2800,6.0534,0.1103,0.1103
1.8934,pi,6.2800,6.0766,0.1099,0.1099
1.8985,pi,6.2800,6.0676,0.1101,0.1101
1.9034,pi,6.2800,6.0604,0.1103,0.1103
1.9084,pi,6.2800,6.0364,0.1109,0.1109
1.9135,pi,6.2800,6.0354,0.1110,0.1110
1.9184,pi,6.2800,6.0346,0.1110,0.1110
1.9234,pi,6.2800,6.0157,0.1115,0.1115
1.9285,pi,6.2800,6.0186,0.1115,0.1115
1.9335,pi,6.2800,6.0211,0.1115,0.1115
1.9384,pi,6.2800,6.0048,0.1119,0.1119
1.9435,pi,6.2800,6.0101,0.1118,0.1118
1.9485,pi,6.2800,6.0143,0.1118,0.1118
1.9535,pi,6.2800,5.9673,0.1128,0.1128
1.9585,pi,6.2800,5.9798,0.1127,0.1127
1.9635,pi,6.2800,5.9901,0.1125,0.1125
1.9684,pi,6.2800,5.9983,0.1124,0.1124
1.9734,pi,6.2800,6.0050,0.1124,0.1124
1.9785,pi,6.2800,6.0377,0.1118,0.1118
1.9839,pi,6.2800,6.0360,0.1119,0.1119
1.9894,pi,6.2800,6.0343,0.1120,0.1120
1.9940,pi,6.2800,6.0317,0.1121,0.1121
1.9989,pi,6.2800,6.0306,0.1122,0.1122
2.0040,pi,6.2800,6.0296,0.1123,0.1123
2.0090,pi,6.2800,6.0291,0.1123,0.1123
2.0140,pi,6.2800,6.0286,0.1124,0.1124
2.0191,pi,6.2800,6.0283,0.1125,0.1125
2.0241,pi,6.2800,6.0279,0.1125,0.1125
2.0292,pi,6.2800,6.0282,0.1126,0.1126
2.0337,pi,6.2800,6.0288,0.1127,0.1127
2.0385,pi,6.2800,6.0114,0.1131,0.1131
2.0435,pi,6.2800,6.0438,0.1125,0.1125
2.0484,pi,6.2800,6.0709,0.1120,0.1120
2.0541,pi,6.2800,6.0914,0.1116,0.1116
2.0590,pi,6.2800,6.1078,0.1114,0.1114
2.0635,pi,6.2800,6.1211,0.1111,0.1111
2.0685,pi,6.2800,6.1318,0.1110,0.1110
2.0734,pi,6.2800,6.1405,0.1108,0.1108
2.0784,pi,6.2800,6.1475,0.1107,0.1107
2.0835,pi,6.2800,6.1067,0.1116,0.1116
2.0884,pi,6.2800,6.1201,0.1113,0.1113
2.0935,pi,6.2800,6.1305,0.1112,0.1112
2.0984,pi,6.2800,6.1384,0.1111,0.1111
2.1036,pi,6.2800,6.1159,0.1115,0.1115
2.1089,pi,6.2800,6.0982,0.1119,0.1119
2.1136,pi,6.2800,6.0846,0.1123,0.1123
2.1184,pi,6.2800,6.0561,0.1129,0.1129
2.1235,pi,6.2800,6.0512,0.1130,0.1130
2.1285,pi,6.2800,6.0472,0.1132,0.1132
2.1334,pi,6.2800,6.0717,0.1127,0.1127
2.1386,pi,6.2800,6.0631,0.1130,0.1130
2.1435,pi,6.2800,6.1067,0.1121,0.1121
2.1485,pi,6.2800,6.0915,0.1125,0.1125
2.1534,pi,6.2800,6.0611,0.1131,0.1131
2.1585,pi,6.2800,6.0843,0.1127,0.1127
2.1644,pi,6.2800,6.0736,0.1130,0.1130
2.1697,pi,6.2800,6.1150,0.1122,0.1122
2.1739,pi,6.2800,6.0981,0.1126,0.1126
2.1784,pi,6.2800,6.1122,0.1124,0.1124
2.1834,pi,6.2800,6.1238,0.1122,0.1122
2.1884,pi,6.2800,6.1329,0.1120,0.1120
2.1935,pi,6.2800,6.1406,0.1119,0.1119
2.1985,pi,6.2800,6.1188,0.1124,0.1124
2.2038,pi,6.2800,6.1504,0.1118,0.1118
2.2089,pi,6.2800,6.1257,0.1123,0.1123
2.2134,pi,6.2800,6.1338,0.1122,0.1122
2.2184,pi,6.2800,6.1416,0.1121,0.1121
2.2235,pi,6.2800,6.1698,0.1115,0.1115
2.2285,pi,6.2800,6.1421,0.1121,0.1121
2.2335,pi,6.2800,6.1698,0.1116,0.1116
2.2385,pi,6.2800,6.1419,0.1122,0.1122
2.2435,pi,6.2800,6.1199,0.1127,0.1127
2.2484,pi,6.2800,6.1298,0.1125,0.1125
2.2536,pi,6.2800,6.1831,0.1115,0.1115
2.2592,pi,6.2800,6.2027,0.1111,0.1111
2.2641,pi,6.2800,6.1676,0.1118,0.1118
2.2686,pi,6.2800,6.1901,0.1114,0.1114
2.2734,pi,6.2800,6.1856,0.1115,0.1115
2.2784,pi,6.2800,6.1826,0.1116,0.1116
2.2834,pi,6.2800,6.1800,0.1117,0.1117
2.2886,pi,6.2800,6.1502,0.1123,0.1123
2.2935,pi,6.2800,6.1766,0.1118,0.1118
2.2986,pi,6.2800,6.1957,0.1115,0.1115
2.3034,pi,6.2800,6.1899,0.1116,0.1116
2.3085,pi,6.2800,6.1403,0.1126,0.1126
2.3135,pi,6.2800,6.1474,0.1125,0.1125
2.3184,pi,6.2800,6.1528,0.1124,0.1124
2.3236,pi,6.2800,6.1280,0.1130,0.1130
2.3284,pi,6.2800,6.1087,0.1134,0.1134
2.3335,pi,6.2800,6.0929,0.1137,0.1137
2.3384,pi,6.2800,6.1080,0.1135,0.1135
2.3435,pi,6.2800,6.1203,0.1133,0.1133
2.3484,pi,6.2800,6.1301,0.1131,0.1131
2.3535,pi,6.2800,6.0942,0.1139,0.1139
2.3585,pi,6.2800,6.1320,0.1132,0.1132
2.3635,pi,6.2800,6.1117,0.1136,0.1136
2.3684,pi,6.2800,6.1232,0.1134,0.1134
2.3734,pi,6.2800,6.1326,0.1133,0.1133
2.3785,pi,6.2800,6.1407,0.1132,0.1132
2.3835,pi,6.2800,6.1465,0.1131,0.1131
2.3888,pi,6.2800,6.1737,0.1126,0.1126
2.3936,pi,6.2800,6.1949,0.1122,0.1122
2.3986,pi,6.2800,6.1618,0.1128,0.1128
2.4041,pi,6.2800,6.1850,0.1124,0.1124
2.4088,pi,6.2800,6.1816,0.1125,0.1125
2.4135,pi,6.2800,6.1504,0.1132,0.1132
2.4184,pi,6.2800,6.1268,0.1137,0.1137
2.4234,pi,6.2800,6.1075,0.1141,0.1141
2.4285,pi,6.2800,6.1425,0.1134,0.1134
2.4335,pi,6.2800,6.1201,0.1139,0.1139
2.4384,pi,6.2800,6.1298,0.1138,0.1138
2.4435,pi,6.2800,6.0918,0.1145,0.1145
2.4484,pi,6.2800,6.0621,0.1152,0.1152
2.4534,pi,6.2800,6.0839,0.1148,0.1148
2.4584,pi,6.2800,6.1020,0.1145,0.1145
2.4634,pi,6.2800,6.1156,0.1143,0.1143
2.4685,pi,6.2800,6.1486,0.1136,0.1136
2.4735,pi,6.2800,6.1753,0.1131,0.1131
2.4784,pi,6.2800,6.1463,0.1138,0.1138
2.4834,pi,6.2800,6.1736,0.1132,0.1132
2.4885,pi,6.2800,6.1450,0.1138,0.1138
2.4934,pi,6.2800,6.1495,0.1138,0.1138
2.4985,pi,6.2800,6.1761,0.1133,0.1133
2.5034,pi,6.2800,6.1974,0.1129,0.1129
2.5085,pi,6.2800,6.1640,0.1136,0.1136
2.5135,pi,6.2800,6.1875,0.1131,0.1131
2.5184,pi,6.2800,6.1834,0.1132,0.1132
2.5235,pi,6.2800,6.2033,0.1129,0.1129
2.5285,pi,6.2800,6.2190,0.1126,0.1126
2.5334,pi,6.2800,6.2550,0.1119,0.1119
2.5384,pi,6.2800,6.2379,0.1122,0.1122
2.5435,pi,6.2800,6.2701,0.1116,0.1116
2.5484,pi,6.2800,6.2501,0.1120,0.1120
2.5534,pi,6.2800,6.2798,0.1114,0.1114
2.5584,pi,6.2800,6.2578,0.1118,0.1118
2.5636,pi,6.2800,6.2402,0.1122,0.1122
2.5685,pi,6.2800,6.2260,0.1125,0.1125
2.5734,pi,6.2800,6.2148,0.1127,0.1127
2.5785,pi,6.2800,6.1603,0.1138,0.1138
2.5835,pi,6.2800,6.1344,0.1144,0.1144
2.5885,pi,6.2800,6.1638,0.1138,0.1138
2.5934,pi,6.2800,6.1649,0.1138,0.1138
2.5985,pi,6.2800,6.1871,0.1134,0.1134
2.6034,pi,6.2800,6.1564,0.1141,0.1141
2.6084,pi,6.2800,6.1590,0.1140,0.1140
2.6134,pi,6.2800,6.1609,0.1140,0.1140
2.6185,pi,6.2800,6.1626,0.1140,0.1140
2.6234,pi,6.2800,6.1640,0.1140,0.1140
2.6285,pi,6.2800,6.2375,0.1126,0.1126
2.6334,pi,6.2800,6.2693,0.1120,0.1120
2.6385,pi,6.2800,6.2491,0.1124,0.1124
2.6435,pi,6.2800,6.2558,0.1122,0.1122
2.6484,pi,6.2800,6.2383,0.1126,0.1126
2.6535,pi,6.2800,6.2473,0.1124,0.1124
2.6584,pi,6.2800,6.2042,0.1133,0.1133
2.6635,pi,6.2800,6.1696,0.1140,0.1140
2.6684,pi,6.2800,6.1923,0.1136,0.1136
2.6735,pi,6.2800,6.2100,0.1132,0.1132
2.6784,pi,6.2800,6.2016,0.1134,0.1134
2.6835,pi,6.2800,6.1674,0.1141,0.1141
2.6884,pi,6.2800,6.1905,0.1137,0.1137
2.6935,pi,6.2800,6.1584,0.1144,0.1144
2.6985,pi,6.2800,6.1830,0.1139,0.1139
2.7034,pi,6.2800,6.1524,0.1145,0.1145
2.7084,pi,6.2800,6.1557,0.1145,0.1145
2.7134,pi,6.2800,6.1584,0.1145,0.1145
2.7184,pi,6.2800,6.2063,0.1136,0.1136
2.7234,pi,6.2800,6.1988,0.1137,0.1137
2.7284,pi,6.2800,6.1477,0.1148,0.1148
2.7334,pi,6.2800,6.1521,0.1147,0.1147
2.7385,pi,6.2800,6.1556,0.1147,0.1147
2.7434,pi,6.2800,6.1584,0.1146,0.1146
2.7485,pi,6.2800,6.1606,0.1146,0.1146
2.7534,pi,6.2800,6.1625,0.1146,0.1146
2.7585,pi,6.2800,6.1361,0.1152,0.1152
2.7635,pi,6.2800,6.1427,0.1151,0.1151
2.7685,pi,6.2800,6.1204,0.1156,0.1156
2.7734,pi,6.2800,6.1301,0.1154,0.1154
2.7784,pi,6.2800,6.1379,0.1153,0.1153
2.7835,pi,6.2800,6.1669,0.1148,0.1148
2.7884,pi,6.2800,6.1673,0.1148,0.1148
2.7934,pi,6.2800,6.2134,0.1139,0.1139
2.7984,pi,6.2800,6.2045,0.1141,0.1141
2.8034,pi,6.2800,6.2434,0.1133,0.1133
2.8084,pi,6.2800,6.2286,0.1136,0.1136
2.8135,pi,6.2800,6.1892,0.1144,0.1144
2.8184,pi,6.2800,6.1851,0.1145,0.1145
2.8235,pi,6.2800,6.2037,0.1142,0.1142
2.8284,pi,6.2800,6.2194,0.1139,0.1139
2.8335,pi,6.2800,6.1818,0.1146,0.1146
2.8384,pi,6.2800,6.1794,0.1147,0.1147
2.8435,pi,6.2800,6.1497,0.1153,0.1153
2.8484,pi,6.2800,6.1763,0.1148,0.1148
2.8535,pi,6.2800,6.1473,0.1154,0.1154
2.8584,pi,6.2800,6.1516,0.1154,0.1154
2.8635,pi,6.2800,6.1779,0.1149,0.1149
2.8684,pi,6.2800,6.1989,0.1145,0.1145
2.8734,pi,6.2800,6.1928,0.1146,0.1146
2.8784,pi,6.2800,6.1891,0.1147,0.1147
2.8835,pi,6.2800,6.1850,0.1148,0.1148
2.8885,pi,6.2800,6.2045,0.1145,0.1145
2.8935,pi,6.2800,6.2202,0.1142,0.1142
2.8984,pi,6.2800,6.2557,0.1135,0.1135
2.9034,pi,6.2800,6.2385,0.1138,0.1138
2.9084,pi,6.2800,6.2705,0.1132,0.1132
2.9135,pi,6.2800,6.2730,0.1132,0.1132
2.9184,pi,6.2800,6.2751,0.1131,0.1131
2.9235,pi,6.2800,6.2766,0.1131,0.1131
2.9285,pi,6.2800,6.2774,0.1131,0.1131
2.9335,pi,6.2800,6.2783,0.1131,0.1131
2.9385,pi,6.2800,6.2286,0.1141,0.1141
2.9434,pi,6.2800,6.2168,0.1143,0.1143
2.9485,pi,6.2800,6.1797,0.1151,0.1151
2.9534,pi,6.2800,6.2002,0.1147,0.1147
2.9584,pi,6.2800,6.1663,0.1154,0.1154
2.9634,pi,6.2800,6.1667,0.1154,0.1154
2.9685,pi,6.2800,6.1397,0.1160,0.1160
2.9734,pi,6.2800,6.1456,0.1159,0.1159
2.9784,pi,6.2800,6.1504,0.1158,0.1158
2.9835,pi,6.2800,6.1769,0.1153,0.1153
2.9888,pi,6.2800,6.1981,0.1149,0.1149
2.9935,pi,6.2800,6.2146,0.1146,0.1146
2.9984,pi,6.2800,6.2055,0.1148,0.1148
3.0034,pi,6.2800,6.2441,0.1141,0.1141
3.0084,pi,6.2800,6.2291,0.1144,0.1144
3.0134,pi,6.2800,6.2630,0.1137,0.1137
3.0184,pi,6.2800,6.2443,0.1141,0.1141
3.0234,pi,6.2800,6.2750,0.1135,0.1135
3.0284,pi,6.2800,6.2538,0.1139,0.1139
3.0334,pi,6.2800,6.2826,0.1133,0.1133
3.0385,pi,6.2800,6.2602,0.1138,0.1138
3.0435,pi,6.2800,6.2882,0.1132,0.1132
3.0485,pi,6.2800,6.2871,0.1132,0.1132
3.0534,pi,6.2800,6.2862,0.1133,0.1133
3.0584,pi,6.2800,6.2856,0.1133,0.1133
3.0635,pi,6.2800,6.2347,0.1143,0.1143
3.0684,pi,6.2800,6.2443,0.1141,0.1141
3.0735,pi,6.2800,6.2003,0.1150,0.1150
3.0784,pi,6.2800,6.1941,0.1151,0.1151
3.0835,pi,6.2800,6.1613,0.1158,0.1158
3.0884,pi,6.2800,6.1628,0.1158,0.1158
3.0935,pi,6.2800,6.1366,0.1164,0.1164
3.0984,pi,6.2800,6.1658,0.1158,0.1158
3.1035,pi,6.2800,6.1390,0.1164,0.1164
3.1085,pi,6.2800,6.1670,0.1159,0.1159
3.1138,pi,6.2800,6.1899,0.1154,0.1154
3.1194,pi,6.2800,6.2060,0.1151,0.1151
3.1256,pi,6.2800,6.2204,0.1149,0.1149
3.1316,pi,6.2800,6.2318,0.1147,0.1147
3.1363,pi,6.2800,6.2413,0.1145,0.1145
3.1414,pi,6.2800,6.2493,0.1143,0.1143
3.1461,pi,6.2800,6.2553,0.1142,0.1142
3.1501,pi,6.2800,6.2602,0.1141,0.1141
3.1540,pi,6.2800,6.2421,0.1145,0.1145
3.1584,pi,6.2800,6.2731,0.1139,0.1139
3.1634,pi,6.2800,6.2529,0.1143,0.1143
3.1684,pi,6.2800,6.2363,0.1146,0.1146
3.1736,pi,6.2800,6.2250,0.1149,0.1149
3.1786,pi,6.2800,6.2611,0.1141,0.1141
3.1833,pi,6.2800,6.2434,0.1145,0.1145
3.1884,pi,6.2800,6.2294,0.1148,0.1148
3.1935,pi,6.2800,6.2178,0.1150,0.1150
3.1985,pi,6.2800,6.2545,0.1143,0.1143
3.2035,pi,6.2800,6.2382,0.1147,0.1147
3.2085,pi,6.2800,6.2241,0.1149,0.1149
3.2135,pi,6.2800,6.2133,0.1152,0.1152
3.2185,pi,6.2800,6.2045,0.1154,0.1154
3.2235,pi,6.2800,6.2431,0.1146,0.1146
3.2285,pi,6.2800,6.2287,0.1149,0.1149
3.2335,pi,6.2800,6.2169,0.1152,0.1152
3.2385,pi,6.2800,6.2076,0.1154,0.1154
3.2435,pi,6.2800,6.2225,0.1151,0.1151
3.2485,pi,6.2800,6.1841,0.1159,0.1159
3.2535,pi,6.2800,6.1533,0.1165,0.1165
3.2585,pi,6.2800,6.1792,0.1160,0.1160
3.2636,pi,6.2800,6.1493,0.1166,0.1166
3.2685,pi,6.2800,6.1755,0.1162,0.1162
3.2736,pi,6.2800,6.1465,0.1168,0.1168
3.2785,pi,6.2800,6.1734,0.1163,0.1163
3.2835,pi,6.2800,6.1951,0.1158,0.1158
3.2885,pi,6.2800,6.2123,0.1155,0.1155
3.2935,pi,6.2800,6.1743,0.1163,0.1163
3.2985,pi,6.2800,6.1958,0.1159,0.1159
3.3035,pi,6.2800,6.2123,0.1156,0.1156
3.3084,pi,6.2800,6.2491,0.1149,0.1149
3.3135,pi,6.2800,6.2558,0.1147,0.1147
3.3184,pi,6.2800,6.2843,0.1142,0.1142
3.3235,pi,6.2800,6.2835,0.1142,0.1142
3.3284,pi,6.2800,6.3062,0.1137,0.1137
3.3335,pi,6.2800,6.2788,0.1143,0.1143
3.3386,pi,6.2800,6.2572,0.1147,0.1147
3.3435,pi,6.2800,6.2394,0.1151,0.1151
3.3485,pi,6.2800,6.2482,0.1149,0.1149
3.3535,pi,6.2800,6.2322,0.1152,0.1152
3.3585,pi,6.2800,6.2662,0.1146,0.1146
3.3635,pi,6.2800,6.2925,0.1140,0.1140
3.3685,pi,6.2800,6.2906,0.1141,0.1141
3.3734,pi,6.2800,6.2661,0.1146,0.1146
3.3787,pi,6.2800,6.2691,0.1145,0.1145
3.3836,pi,6.2800,6.2715,0.1145,0.1145
3.3884,pi,6.2800,6.2969,0.1140,0.1140
3.3934,pi,6.2800,6.2715,0.1145,0.1145
3.3984,pi,6.2800,6.2971,0.1140,0.1140
3.4035,pi,6.2800,6.2716,0.1145,0.1145
3.4084,pi,6.2800,6.2971,0.1140,0.1140
3.4135,pi,6.2800,6.2715,0.1145,0.1145
3.4185,pi,6.2800,6.2053,0.1158,0.1158
3.4234,pi,6.2800,6.1983,0.1159,0.1159
3.4285,pi,6.2800,6.2385,0.1152,0.1152
3.4334,pi,6.2800,6.2252,0.1154,0.1154
3.4385,pi,6.2800,6.2368,0.1152,0.1152
3.4435,pi,6.2800,6.2460,0.1150,0.1150
3.4485,pi,6.2800,6.2533,0.1149,0.1149
3.4534,pi,6.2800,6.2592,0.1148,0.1148
3.4585,pi,6.2800,6.2135,0.1157,0.1157
3.4635,pi,6.2800,6.2274,0.1155,0.1155
3.4685,pi,6.2800,6.2887,0.1142,0.1142
3.4735,pi,6.2800,6.2874,0.1143,0.1143
3.4784,pi,6.2800,6.2865,0.1143,0.1143
3.4834,pi,6.2800,6.2630,0.1147,0.1147
3.4885,pi,6.2800,6.2900,0.1142,0.1142
3.4934,pi,6.2800,6.2657,0.1147,0.1147
3.4985,pi,6.2800,6.2464,0.1151,0.1151
3.5035,pi,6.2800,6.2310,0.1154,0.1154
3.5085,pi,6.2800,6.2644,0.1147,0.1147
3.5138,pi,6.2800,6.2674,0.1147,0.1147
3.5186,pi,6.2800,6.2932,0.1142,0.1142
3.5234,pi,6.2800,6.2686,0.1147,0.1147
3.5284,pi,6.2800,6.2947,0.1141,0.1141
3.5334,pi,6.2800,6.2697,0.1146,0.1146
3.5386,pi,6.2800,6.2202,0.1156,0.1156
3.5435,pi,6.2800,6.2326,0.1154,0.1154
3.5485,pi,6.2800,6.2929,0.1142,0.1142
3.5534,pi,6.2800,6.2910,0.1142,0.1142
3.5585,pi,6.2800,6.2390,0.1153,0.1153
3.5634,pi,6.2800,6.2250,0.1156,0.1156
3.5686,pi,6.2800,6.2146,0.1158,0.1158
3.5735,pi,6.2800,6.2282,0.1155,0.1155
3.5785,pi,6.2800,6.1886,0.1163,0.1163
3.5835,pi,6.2800,6.2072,0.1160,0.1160
3.5885,pi,6.2800,6.1993,0.1162,0.1162
3.5935,pi,6.2800,6.2160,0.1159,0.1159
3.5985,pi,6.2800,6.1791,0.1166,0.1166
3.6035,pi,6.2800,6.1997,0.1162,0.1162
3.6085,pi,6.2800,6.2162,0.1159,0.1159
3.6134,pi,6.2800,6.1791,0.1167,0.1167
3.6185,pi,6.2800,6.0992,0.1183,0.1183
3.6234,pi,6.2800,5.8844,0.1226,0.1226
3.6284,pi,6.2800,5.6221,0.1280,0.1280
3.6335,pi,6.2800,5.2510,0.1356,0.1356
3.6385,pi,6.2800,4.8542,0.1438,0.1438
3.6434,pi,6.2800,4.3854,0.1535,0.1535
3.6484,pi,6.2800,3.9660,0.1624,0.1624
3.6535,pi,6.2800,3.5388,0.1715,0.1715
3.6584,pi,6.2800,3.0596,0.1817,0.1817
3.6635,pi,6.2800,2.5847,0.1920,0.1920
3.6684,pi,6.2800,2.1129,0.2024,0.2024
3.6735,pi,6.2800,1.6903,0.2119,0.2119
3.6784,pi,6.2800,1.3528,0.2198,0.2198
3.6834,pi,6.2800,1.0821,0.2264,0.2264
3.6884,pi,6.2800,0.8658,0.2321,0.2321
3.6934,pi,6.2800,0.6928,0.2369,0.2369
3.6984,pi,6.2800,0.5540,0.2411,0.2411
3.7034,pi,6.2800,0.4433,0.2447,0.2447
3.7084,pi,6.2800,0.3546,0.2479,0.2479
3.7134,pi,6.2800,0.2837,0.2508,0.2508
3.7184,pi,6.2800,0.2270,0.2535,0.2535
3.7234,pi,6.2800,0.1816,0.2559,0.2559
3.7284,pi,6.2800,0.1453,0.2581,0.2581
3.7334,pi,6.2800,0.1162,0.2603,0.2603
3.7385,pi,6.2800,0.0930,0.2623,0.2623
3.7434,pi,6.2800,0.0744,0.2642,0.2642
3.7485,pi,6.2800,0.0595,0.2660,0.2660
3.7534,pi,6.2800,0.0476,0.2678,0.2678
3.7585,pi,6.2800,0.0381,0.2696,0.2696
3.7634,pi,6.2800,0.0305,0.2713,0.2713
3.7685,pi,6.2800,0.0244,0.2730,0.2730
3.7734,pi,6.2800,0.0195,0.2746,0.2746
3.7785,pi,6.2800,0.0156,0.2763,0.2763
3.7835,pi,6.2800,0.0125,0.2779,0.2779
3.7884,pi,6.2800,0.0100,0.2795,0.2795
3.7935,pi,6.2800,0.0080,0.2811,0.2811
3.7984,pi,6.2800,0.0064,0.2827,0.2827
3.8035,pi,6.2800,0.0051,0.2843,0.2843
3.8084,pi,6.2800,0.0041,0.2859,0.2859
3.8135,pi,6.2800,0.0033,0.2875,0.2875
3.8184,pi,6.2800,0.0026,0.2891,0.2891
3.8235,pi,6.2800,0.0021,0.2907,0.2907
3.8284,pi,6.2800,0.0017,0.2922,0.2922
3.8334,pi,6.2800,0.0013,0.2938,0.2938
3.8384,pi,6.2800,0.0011,0.2954,0.2954
3.8435,pi,6.2800,0.0009,0.2970,0.2970
3.8484,pi,6.2800,0.0007,0.2985,0.2985
3.8535,pi,6.2800,0.0005,0.3001,0.3001
3.8584,pi,6.2800,0.0004,0.3017,0.3017
3.8634,pi,6.2800,0.0004,0.3032,0.3032
3.8685,pi,6.2800,0.0003,0.3048,0.3048
3.8734,pi,6.2800,0.0002,0.3064,0.3064
3.8784,pi,6.2800,0.0002,0.3080,0.3080
3.8835,pi,6.2800,0.0001,0.3095,0.3095
3.8884,pi,6.2800,0.0001,0.3111,0.3111
3.8934,pi,6.2800,0.0001,0.3127,0.3127
3.8985,pi,6.2800,0.0001,0.3142,0.3142
3.9034,pi,6.2800,0.0001,0.3158,0.3158
3.9084,pi,6.2800,0.0000,0.3174,0.3174
3.9134,pi,6.2800,0.0000,0.3190,0.3190
3.9184,pi,6.2800,0.0000,0.3205,0.3205
3.9234,pi,6.2800,0.0000,0.3221,0.3221
3.9285,pi,6.2800,0.0000,0.3237,0.3237
3.9334,pi,6.2800,0.0000,0.3252,0.3252
3.9384,pi,6.2800,0.0000,0.3268,0.3268
3.9435,pi,6.2800,0.0000,0.3284,0.3284
3.9484,pi,6.2800,0.0000,0.3299,0.3299
3.9535,pi,6.2800,0.0000,0.3315,0.3315
3.9584,pi,6.2800,0.0000,0.3331,0.3331
3.9635,pi,6.2800,0.0000,0.3347,0.3347
3.9684,pi,6.2800,0.0000,0.3362,0.3362
3.9734,pi,6.2800,0.0000,0.3378,0.3378
3.9784,pi,6.2800,0.0000,0.3394,0.3394
3.9834,pi,6.2800,0.0000,0.3409,0.3409
3.9887,pi,6.2800,0.0000,0.3425,0.3425
3.9936,pi,6.2800,0.0000,0.3441,0.3441
3.9985,pi,6.2800,0.0000,0.3457,0.3457
4.0035,pi,6.2800,0.0000,0.3472,0.3472
4.0085,pi,6.2800,0.0000,0.3488,0.3488
4.0135,pi,6.2800,0.0000,0.3504,0.3504
4.0186,pi,6.2800,0.0000,0.3519,0.3519
4.0234,pi,6.2800,0.0000,0.3535,0.3535
4.0284,pi,6.2800,0.0000,0.3551,0.3551
4.0335,pi,6.2800,0.0000,0.3566,0.3566
4.0384,pi,6.2800,0.0000,0.3582,0.3582
4.0435,pi,6.2800,0.0000,0.3598,0.3598
4.0490,pi,6.2800,0.0000,0.3613,0.3613
4.0534,pi,6.2800,0.0000,0.3629,0.3629
4.0584,pi,6.2800,0.0000,0.3645,0.3645
4.0635,pi,6.2800,0.0000,0.3661,0.3661
4.0684,pi,6.2800,0.0000,0.3676,0.3676
4.0735,pi,6.2800,0.0000,0.3692,0.3692
4.0786,pi,6.2800,0.0000,0.3708,0.3708
4.0836,pi,6.2800,0.0000,0.3723,0.3723
4.0886,pi,6.2800,0.0000,0.3739,0.3739
4.0937,pi,6.2800,0.0000,0.3755,0.3755
4.0984,pi,6.2800,0.0000,0.3771,0.3771
4.1034,pi,6.2800,0.0000,0.3786,0.3786
4.1084,pi,6.2800,0.0000,0.3802,0.3802
4.1136,pi,6.2800,0.0000,0.3818,0.3818
4.1190,pi,6.2800,0.0000,0.3833,0.3833
4.1236,pi,6.2800,0.0000,0.3849,0.3849
4.1285,pi,6.2800,0.0000,0.3865,0.3865
4.1334,pi,6.2800,0.0000,0.3880,0.3880
4.1384,pi,6.2800,0.0000,0.3896,0.3896
4.1435,pi,6.2800,0.0000,0.3912,0.3912
4.1484,pi,6.2800,0.0000,0.3928,0.3928
4.1535,pi,6.2800,0.0000,0.3943,0.3943
4.1584,pi,6.2800,0.0000,0.3959,0.3959
4.1634,pi,6.2800,0.0000,0.3975,0.3975
4.1685,pi,6.2800,0.0000,0.3990,0.3990
4.1735,pi,6.2800,0.0000,0.4006,0.4006
4.1784,pi,6.2800,0.0000,0.4022,0.4022
4.1835,pi,6.2800,0.0000,0.4037,0.4037
4.1885,pi,6.2800,0.0000,0.4053,0.4053
4.1934,pi,6.2800,0.0000,0.4069,0.4069
4.1985,pi,6.2800,0.0000,0.4084,0.4084
4.2035,pi,6.2800,0.0000,0.4100,0.4100
4.2085,pi,6.2800,0.0000,0.4116,0.4116
4.2134,pi,6.2800,0.0000,0.4132,0.4132
4.2184,pi,6.2800,0.0000,0.4147,0.4147
4.2234,pi,6.2800,0.0000,0.4163,0.4163
4.2285,pi,6.2800,0.0000,0.4179,0.4179
4.2334,pi,6.2800,0.0000,0.4194,0.4194
4.2385,pi,6.2800,0.0000,0.4210,0.4210
4.2435,pi,6.2800,0.0000,0.4226,0.4226
4.2485,pi,6.2800,0.0000,0.4242,0.4242
4.2534,pi,6.2800,0.0000,0.4257,0.4257
4.2584,pi,6.2800,0.0000,0.4273,0.4273
4.2635,pi,6.2800,0.0000,0.4289,0.4289
4.2685,pi,6.2800,0.0000,0.4304,0.4304
4.2734,pi,6.2800,0.0000,0.4320,0.4320
4.2784,pi,6.2800,0.0000,0.4336,0.4336
4.2836,pi,6.2800,0.0000,0.4351,0.4351
4.2885,pi,6.2800,0.0000,0.4367,0.4367
4.2934,pi,6.2800,0.0000,0.4383,0.4383
4.2985,pi,6.2800,0.0000,0.4398,0.4398
4.3034,pi,6.2800,0.0000,0.4414,0.4414
4.3085,pi,6.2800,0.0000,0.4430,0.4430
4.3134,pi,6.2800,0.0000,0.4446,0.4446
4.3185,pi,6.2800,0.0000,0.4461,0.4461
4.3234,pi,6.2800,0.0000,0.4477,0.4477
4.3285,pi,6.2800,0.0000,0.4493,0.4493
4.3334,pi,6.2800,0.0000,0.4508,0.4508
4.3385,pi,6.2800,0.0000,0.4524,0.4524
4.3435,pi,6.2800,0.0000,0.4540,0.4540
4.3484,pi,6.2800,0.0000,0.4555,0.4555
4.3535,pi,6.2800,0.0000,0.4571,0.4571
4.3584,pi,6.2800,0.0000,0.4587,0.4587
4.3634,pi,6.2800,0.0000,0.4603,0.4603
4.3685,pi,6.2800,0.0000,0.4618,0.4618
4.3734,pi,6.2800,0.0000,0.4634,0.4634
4.3785,pi,6.2800,0.0000,0.4650,0.4650
4.3835,pi,6.2800,0.0000,0.4665,0.4665
4.3885,pi,6.2800,0.0000,0.4681,0.4681
4.3934,pi,6.2800,0.0000,0.4697,0.4697
4.3985,pi,6.2800,0.0000,0.4712,0.4712
4.4035,pi,6.2800,0.0000,0.4728,0.4728
4.4084,pi,6.2800,0.0000,0.4744,0.4744
4.4135,pi,6.2800,0.0000,0.4760,0.4760
4.4184,pi,6.2800,0.0000,0.4775,0.4775
4.4235,pi,6.2800,0.0000,0.4791,0.4791
4.4284,pi,6.2800,0.0000,0.4807,0.4807
4.4334,pi,6.2800,0.0000,0.4822,0.4822
4.4385,pi,6.2800,0.0000,0.4838,0.4838
4.4434,pi,6.2800,0.0000,0.4854,0.4854
4.4485,pi,6.2800,0.0000,0.4869,0.4869
4.4535,pi,6.2800,0.0000,0.4885,0.4885
4.4586,pi,6.2800,0.0000,0.4901,0.4901
4.4635,pi,6.2800,0.0000,0.4917,0.4917
4.4684,pi,6.2800,0.0000,0.4932,0.4932
4.4734,pi,6.2800,0.0000,0.4948,0.4948
4.4785,pi,6.2800,0.0000,0.4964,0.4964
4.4835,pi,6.2800,0.0000,0.4979,0.4979
4.4886,pi,6.2800,0.0000,0.4995,0.4995
4.4935,pi,6.2800,0.0000,0.5011,0.5011
4.4984,pi,6.2800,0.0000,0.5027,0.5027
4.5034,pi,6.2800,0.0000,0.5042,0.5042
4.5084,pi,6.2800,0.0000,0.5058,0.5058
4.5135,pi,6.2800,0.0000,0.5074,0.5074
4.5184,pi,6.2800,0.0000,0.5089,0.5089
4.5235,pi,6.2800,0.0000,0.5105,0.5105
4.5285,pi,6.2800,0.0000,0.5121,0.5121
4.5335,pi,6.2800,0.0000,0.5136,0.5136
4.5385,pi,6.2800,0.0000,0.5152,0.5152
4.5435,pi,6.2800,0.0000,0.5168,0.5168
4.5484,pi,6.2800,0.0000,0.5184,0.5184
4.5535,pi,6.2800,0.0000,0.5199,0.5199
4.5585,pi,6.2800,0.0000,0.5215,0.5215
4.5636,pi,6.2800,0.0000,0.5231,0.5231
4.5685,pi,6.2800,0.0000,0.5246,0.5246
4.5734,pi,6.2800,0.0000,0.5262,0.5262
4.5785,pi,6.2800,0.0000,0.5278,0.5278
4.5835,pi,6.2800,0.0000,0.5293,0.5293
4.5885,pi,6.2800,0.0000,0.5309,0.5309
4.5934,pi,6.2800,0.0000,0.5325,0.5325
4.5985,pi,6.2800,0.0000,0.5340,0.5340
4.6035,pi,6.2800,0.0000,0.5356,0.5356
4.6084,pi,6.2800,0.0000,0.5372,0.5372
4.6135,pi,6.2800,0.0000,0.5388,0.5388
4.6185,pi,6.2800,0.0000,0.5403,0.5403
4.6235,pi,6.2800,0.0000,0.5419,0.5419
4.6286,pi,6.2800,0.0000,0.5435,0.5435
4.6335,pi,6.2800,0.0503,0.5440,0.5440
4.6385,pi,6.2800,0.0905,0.5448,0.5448
4.6434,pi,6.2800,0.1226,0.5457,0.5457
4.6484,pi,6.2800,0.1438,0.5468,0.5468
4.6535,pi,6.2800,0.1653,0.5479,0.5479
4.6584,pi,6.2800,0.1779,0.5492,0.5492
4.6635,pi,6.2800,0.1926,0.5504,0.5504
4.6685,pi,6.2800,0.2043,0.5517,0.5517
4.6734,pi,6.2800,0.2092,0.5531,0.5531
4.6785,pi,6.2800,0.2130,0.5546,0.5546
4.6835,pi,6.2800,0.2161,0.5560,0.5560
4.6885,pi,6.2800,0.1729,0.5584,0.5584
4.6934,pi,6.2800,0.1384,0.5606,0.5606
4.6985,pi,6.2800,0.1107,0.5627,0.5627
4.7035,pi,6.2800,0.0885,0.5647,0.5647
4.7085,pi,6.2800,0.0708,0.5666,0.5666
4.7134,pi,6.2800,0.0567,0.5684,0.5684
4.7184,pi,6.2800,0.0453,0.5702,0.5702
4.7235,pi,6.2800,0.0363,0.5720,0.5720
4.7284,pi,6.2800,0.0290,0.5737,0.5737
4.7334,pi,6.2800,0.0232,0.5753,0.5753
4.7384,pi,6.2800,0.0186,0.5770,0.5770
4.7435,pi,6.2800,0.0149,0.5786,0.5786
4.7485,pi,6.2800,0.0119,0.5803,0.5803
4.7535,pi,6.2800,0.0095,0.5819,0.5819
4.7585,pi,6.2800,0.0076,0.5835,0.5835
4.7634,pi,6.2800,0.0061,0.5851,0.5851
4.7685,pi,6.2800,0.0049,0.5867,0.5867
4.7735,pi,6.2800,0.0039,0.5883,0.5883
4.7784,pi,6.2800,0.0031,0.5898,0.5898
4.7834,pi,6.2800,0.0025,0.5914,0.5914
4.7885,pi,6.2800,0.0020,0.5930,0.5930
4.7934,pi,6.2800,0.0016,0.5946,0.5946
4.7985,pi,6.2800,0.0013,0.5962,0.5962
4.8034,pi,6.2800,0.0010,0.5977,0.5977
4.8084,pi,6.2800,0.0008,0.5993,0.5993
4.8135,pi,6.2800,0.0007,0.6009,0.6009
4.8184,pi,6.2800,0.0005,0.6025,0.6025
4.8234,pi,6.2800,0.0004,0.6040,0.6040
4.8285,pi,6.2800,0.0003,0.6056,0.6056
4.8335,pi,6.2800,0.0003,0.6072,0.6072
4.8385,pi,6.2800,0.0002,0.6087,0.6087
4.8434,pi,6.2800,0.0002,0.6103,0.6103
4.8484,pi,6.2800,0.0001,0.6119,0.6119
4.8534,pi,6.2800,0.0001,0.6135,0.6135
4.8584,pi,6.2800,0.0001,0.6150,0.6150
4.8634,pi,6.2800,0.0001,0.6166,0.6166
4.8685,pi,6.2800,0.0001,0.6182,0.6182
4.8734,pi,6.2800,0.0000,0.6197,0.6197
4.8784,pi,6.2800,0.0502,0.6203,0.6203
4.8834,pi,6.2800,0.0859,0.6211,0.6211
4.8885,pi,6.2800,0.1144,0.6221,0.6221
4.8934,pi,6.2800,0.1372,0.6232,0.6232
4.8984,pi,6.2800,0.1555,0.6244,0.6244
4.9034,pi,6.2800,0.1701,0.6256,0.6256
4.9085,pi,6.2800,0.1864,0.6268,0.6268
4.9134,pi,6.2800,0.1948,0.6282,0.6282
4.9185,pi,6.2800,0.2061,0.6295,0.6295
4.9235,pi,6.2800,0.2151,0.6308,0.6308
4.9284,pi,6.2800,0.1723,0.6332,0.6332
4.9335,pi,6.2800,0.1377,0.6354,0.6354
4.9385,pi,6.2800,0.1102,0.6375,0.6375
4.9435,pi,6.2800,0.0882,0.6395,0.6395
4.9484,pi,6.2800,0.0705,0.6414,0.6414
4.9535,pi,6.2800,0.0564,0.6432,0.6432
4.9584,pi,6.2800,0.0451,0.6450,0.6450
4.9635,pi,6.2800,0.0361,0.6467,0.6467
4.9685,pi,6.2800,0.0289,0.6484,0.6484
4.9735,pi,6.2800,0.0231,0.6501,0.6501
4.9784,pi,6.2800,0.0185,0.6518,0.6518
4.9835,pi,6.2800,0.0148,0.6534,0.6534
4.9886,pi,6.2800,0.0118,0.6550,0.6550
4.9935,pi,6.2800,0.0095,0.6566,0.6566
4.9988,pi,6.2800,0.0076,0.6582,0.6582
5.0037,pi,6.2800,0.0061,0.6599,0.6599
5.0089,pi,6.2800,0.0048,0.6614,0.6614
5.0140,pi,6.2800,0.0039,0.6630,0.6630
5.0187,pi,6.2800,0.0031,0.6646,0.6646
5.0234,pi,6.2800,0.0025,0.6662,0.6662
5.0284,pi,6.2800,0.0020,0.6678,0.6678
5.0334,pi,6.2800,0.0016,0.6693,0.6693
5.0384,pi,6.2800,0.0013,0.6709,0.6709
5.0436,pi,6.2800,0.0010,0.6725,0.6725
5.0486,pi,6.2800,0.0008,0.6741,0.6741
5.0536,pi,6.2800,0.0007,0.6757,0.6757
5.0586,pi,6.2800,0.0005,0.6772,0.6772
5.0634,pi,6.2800,0.0004,0.6788,0.6788
5.0684,pi,6.2800,0.0003,0.6804,0.6804
5.0734,pi,6.2800,0.0003,0.6819,0.6819
5.0784,pi,6.2800,0.0002,0.6835,0.6835
5.0835,pi,6.2800,0.0002,0.6851,0.6851
5.0886,pi,6.2800,0.0001,0.6866,0.6866
5.0934,pi,6.2800,0.0001,0.6882,0.6882
5.0985,pi,6.2800,0.0001,0.6898,0.6898
5.1035,pi,6.2800,0.0001,0.6914,0.6914
5.1085,pi,6.2800,0.0001,0.6929,0.6929
5.1136,pi,6.2800,0.0000,0.6945,0.6945
5.1189,pi,6.2800,0.0000,0.6961,0.6961
5.1242,pi,6.2800,0.0000,0.6976,0.6976
5.1286,pi,6.2800,0.0000,0.6992,0.6992
5.1334,pi,6.2800,0.0000,0.7008,0.7008
5.1385,pi,6.2800,0.0000,0.7023,0.7023
5.1435,pi,6.2800,0.0000,0.7039,0.7039
5.1485,pi,6.2800,0.0000,0.7055,0.7055
5.1534,pi,6.2800,0.0000,0.7071,0.7071
5.1587,pi,6.2800,0.0000,0.7086,0.7086
5.1634,pi,6.2800,0.0000,0.7102,0.7102
5.1685,pi,6.2800,0.0000,0.7118,0.7118
5.1735,pi,6.2800,0.0000,0.7133,0.7133
5.1785,pi,6.2800,0.0000,0.7149,0.7149
5.1835,pi,6.2800,0.0000,0.7165,0.7165
5.1885,pi,6.2800,0.0000,0.7180,0.7180
5.1934,pi,6.2800,0.0000,0.7196,0.7196
5.1985,pi,6.2800,0.0000,0.7212,0.7212
5.2034,pi,6.2800,0.0000,0.7228,0.7228
5.2086,pi,6.2800,0.0000,0.7243,0.7243
5.2134,pi,6.2800,0.0000,0.7259,0.7259
5.2184,pi,6.2800,0.0000,0.7275,0.7275
5.2234,pi,6.2800,0.0000,0.7290,0.7290
5.2285,pi,6.2800,0.0000,0.7306,0.7306
5.2335,pi,6.2800,0.0000,0.7322,0.7322
5.2384,pi,6.2800,0.0000,0.7338,0.7338
5.2435,pi,6.2800,0.0000,0.7353,0.7353
5.2484,pi,6.2800,0.0000,0.7369,0.7369
5.2534,pi,6.2800,0.0000,0.7385,0.7385
5.2584,pi,6.2800,0.0000,0.7400,0.7400
5.2634,pi,6.2800,0.0000,0.7416,0.7416
5.2685,pi,6.2800,0.0000,0.7432,0.7432
5.2734,pi,6.2800,0.0000,0.7447,0.7447
5.2784,pi,6.2800,0.0000,0.7463,0.7463
5.2834,pi,6.2800,0.0000,0.7479,0.7479
5.2885,pi,6.2800,0.0000,0.7494,0.7494
5.2935,pi,6.2800,0.0000,0.7510,0.7510
5.2984,pi,6.2800,0.0000,0.7526,0.7526
5.3034,pi,6.2800,0.0000,0.7542,0.7542
5.3084,pi,6.2800,0.0000,0.7557,0.7557
5.3134,pi,6.2800,0.0000,0.7573,0.7573
5.3184,pi,6.2800,0.0000,0.7589,0.7589
5.3234,pi,6.2800,0.0000,0.7604,0.7604
5.3284,pi,6.2800,0.0000,0.7620,0.7620
5.3335,pi,6.2800,0.0000,0.7636,0.7636
5.3385,pi,6.2800,0.0000,0.7652,0.7652
5.3434,pi,6.2800,0.0000,0.7667,0.7667
5.3484,pi,6.2800,0.0000,0.7683,0.7683
5.3534,pi,6.2800,0.0000,0.7699,0.7699
5.3584,pi,6.2800,0.0000,0.7714,0.7714
5.3634,pi,6.2800,0.0000,0.7730,0.7730
5.3685,pi,6.2800,0.0000,0.7746,0.7746
5.3735,pi,6.2800,0.0000,0.7761,0.7761
5.3784,pi,6.2800,0.0000,0.7777,0.7777
5.3835,pi,6.2800,0.0000,0.7793,0.7793
5.3885,pi,6.2800,0.0000,0.7808,0.7808
5.3935,pi,6.2800,0.0000,0.7824,0.7824
5.3984,pi,6.2800,0.0000,0.7840,0.7840
5.4035,pi,6.2800,0.0000,0.7856,0.7856
5.4084,pi,6.2800,0.0000,0.7871,0.7871
5.4134,pi,6.2800,0.0000,0.7887,0.7887
5.4184,pi,6.2800,0.0000,0.7903,0.7903
5.4235,pi,6.2800,0.0000,0.7918,0.7918
5.4285,pi,6.2800,0.0000,0.7934,0.7934
5.4334,pi,6.2800,0.0000,0.7950,0.7950
5.4384,pi,6.2800,0.0000,0.7966,0.7966
5.4435,pi,6.2800,0.0000,0.7981,0.7981
5.4484,pi,6.2800,0.0000,0.7997,0.7997
5.4534,pi,6.2800,0.0000,0.8013,0.8013
5.4584,pi,6.2800,0.0000,0.8028,0.8028
5.4635,pi,6.2800,0.0000,0.8044,0.8044
5.4684,pi,6.2800,0.0000,0.8060,0.8060
5.4735,pi,6.2800,0.0000,0.8075,0.8075
5.4784,pi,6.2800,0.0000,0.8091,0.8091
5.4834,pi,6.2800,0.0000,0.8107,0.8107
5.4884,pi,6.2800,0.0000,0.8122,0.8122
5.4934,pi,6.2800,0.0000,0.8138,0.8138
5.4984,pi,6.2800,0.0000,0.8154,0.8154
5.5034,pi,6.2800,0.0000,0.8170,0.8170
5.5084,pi,6.2800,0.0000,0.8185,0.8185
5.5134,pi,6.2800,0.0000,0.8201,0.8201
5.5184,pi,6.2800,0.0000,0.8217,0.8217
5.5234,pi,6.2800,0.0000,0.8232,0.8232
5.5284,pi,6.2800,0.0000,0.8248,0.8248
5.5334,pi,6.2800,0.0000,0.8264,0.8264
5.5385,pi,6.2800,0.0000,0.8279,0.8279
5.5435,pi,6.2800,0.0000,0.8295,0.8295
5.5484,pi,6.2800,0.0000,0.8311,0.8311
5.5535,pi,6.2800,0.0000,0.8327,0.8327
5.5587,pi,6.2800,0.0000,0.8342,0.8342
5.5636,pi,6.2800,0.0000,0.8358,0.8358
5.5685,pi,6.2800,0.0000,0.8374,0.8374
5.5734,pi,6.2800,0.0000,0.8389,0.8389
5.5785,pi,6.2800,0.0000,0.8405,0.8405
5.5834,pi,6.2800,0.0000,0.8421,0.8421
5.5885,pi,6.2800,0.0000,0.8437,0.8437
5.5935,pi,6.2800,0.0000,0.8452,0.8452
5.5985,pi,6.2800,0.0000,0.8468,0.8468
5.6035,pi,6.2800,0.0000,0.8484,0.8484
5.6084,pi,6.2800,0.0000,0.8499,0.8499
5.6135,pi,6.2800,0.0000,0.8515,0.8515
5.6185,pi,6.2800,0.0000,0.8531,0.8531
5.6235,pi,6.2800,0.0000,0.8546,0.8546
5.6287,pi,6.2800,0.0000,0.8562,0.8562
5.6335,pi,6.2800,0.0000,0.8578,0.8578
5.6384,pi,6.2800,0.0000,0.8594,0.8594
5.6434,pi,6.2800,0.0000,0.8609,0.8609
5.6484,pi,6.2800,0.0000,0.8625,0.8625
5.6534,pi,6.2800,0.0000,0.8641,0.8641
5.6584,pi,6.2800,0.0000,0.8656,0.8656
5.6634,pi,6.2800,0.0000,0.8672,0.8672
5.6684,pi,6.2800,0.0000,0.8688,0.8688
5.6734,pi,6.2800,0.0000,0.8703,0.8703
5.6784,pi,6.2800,0.0000,0.8719,0.8719
5.6834,pi,6.2800,0.0000,0.8735,0.8735
5.6884,pi,6.2800,0.0000,0.8750,0.8750
5.6934,pi,6.2800,0.0000,0.8766,0.8766
5.6985,pi,6.2800,0.0000,0.8782,0.8782
5.7034,pi,6.2800,0.0000,0.8798,0.8798
5.7084,pi,6.2800,0.0000,0.8813,0.8813
5.7134,pi,6.2800,0.0000,0.8829,0.8829
5.7184,pi,6.2800,0.0000,0.8845,0.8845
5.7234,pi,6.2800,0.0000,0.8860,0.8860
5.7285,pi,6.2800,0.0000,0.8876,0.8876
5.7334,pi,6.2800,0.0000,0.8892,0.8892
5.7385,pi,6.2800,0.0000,0.8907,0.8907
5.7435,pi,6.2800,0.0000,0.8923,0.8923
5.7485,pi,6.2800,0.0000,0.8939,0.8939
5.7534,pi,6.2800,0.0000,0.8955,0.8955
5.7584,pi,6.2800,0.0000,0.8970,0.8970
5.7634,pi,6.2800,0.0000,0.8986,0.8986
5.7684,pi,6.2800,0.0000,0.9002,0.9002
5.7735,pi,6.2800,0.0000,0.9017,0.9017
5.7784,pi,6.2800,0.0000,0.9033,0.9033
5.7835,pi,6.2800,0.0000,0.9049,0.9049
5.7884,pi,6.2800,0.0000,0.9064,0.9064
5.7934,pi,6.2800,0.0000,0.9080,0.9080
5.7984,pi,6.2800,0.0000,0.9096,0.9096
5.8034,pi,6.2800,0.0000,0.9112,0.9112
5.8085,pi,6.2800,0.0000,0.9127,0.9127
5.8134,pi,6.2800,0.0000,0.9143,0.9143
5.8185,pi,6.2800,0.0000,0.9159,0.9159
5.8234,pi,6.2800,0.0000,0.9174,0.9174
5.8285,pi,6.2800,0.0000,0.9190,0.9190
5.8334,pi,6.2800,0.0000,0.9206,0.9206
5.8388,pi,6.2800,0.0000,0.9221,0.9221
5.8444,pi,6.2800,0.0000,0.9237,0.9237
5.8499,pi,6.2800,0.0000,0.9253,0.9253
5.8556,pi,6.2800,0.0000,0.9269,0.9269
5.8604,pi,6.2800,0.0000,0.9284,0.9284
5.8649,pi,6.2800,0.0000,0.9300,0.9300
5.8694,pi,6.2800,0.0000,0.9316,0.9316
5.8741,pi,6.2800,0.0000,0.9332,0.9332
5.8787,pi,6.2800,0.0000,0.9347,0.9347
5.8835,pi,6.2800,0.0000,0.9363,0.9363
5.8885,pi,6.2800,0.0000,0.9379,0.9379
5.8935,pi,6.2800,0.0000,0.9394,0.9394
5.8985,pi,6.2800,0.0000,0.9410,0.9410
5.9035,pi,6.2800,0.0000,0.9426,0.9426
5.9085,pi,6.2800,0.0000,0.9441,0.9441
5.9135,pi,6.2800,0.0000,0.9457,0.9457
5.9186,pi,6.2800,0.0000,0.9473,0.9473
5.9236,pi,6.2800,0.0000,0.9488,0.9488
5.9292,pi,6.2800,0.0000,0.9504,0.9504
5.9337,pi,6.2800,0.0000,0.9520,0.9520
5.9389,pi,6.2800,0.0000,0.9536,0.9536
5.9439,pi,6.2800,0.0000,0.9551,0.9551
5.9488,pi,6.2800,0.0000,0.9567,0.9567
5.9537,pi,6.2800,0.0000,0.9583,0.9583
5.9586,pi,6.2800,0.0000,0.9598,0.9598
5.9636,pi,6.2800,0.0000,0.9614,0.9614
5.9686,pi,6.2800,0.0000,0.9630,0.9630
5.9736,pi,6.2800,0.0000,0.9645,0.9645
5.9789,pi,6.2800,0.0000,0.9661,0.9661
5.9839,pi,6.2800,0.0000,0.9677,0.9677
5.9893,pi,6.2800,0.0000,0.9693,0.9693
5.9935,pi,6.2800,0.0000,0.9708,0.9708
5.9985,pi,6.2800,0.0000,0.9724,0.9724
6.0034,pi,6.2800,0.0000,0.9740,0.9740
6.0085,pi,6.2800,0.0000,0.9755,0.9755
6.0135,pi,6.2800,0.0000,0.9771,0.9771
6.0185,pi,6.2800,0.0000,0.9787,0.9787
6.0235,pi,6.2800,0.0000,0.9802,0.9802
6.0285,pi,6.2800,0.0000,0.9818,0.9818
6.0334,pi,6.2800,0.0000,0.9834,0.9834
6.0385,pi,6.2800,0.0000,0.9850,0.9850
6.0435,pi,6.2800,0.0000,0.9865,0.9865
6.0485,pi,6.2800,0.0000,0.9881,0.9881
6.0535,pi,6.2800,0.0000,0.9897,0.9897
6.0585,pi,6.2800,0.0000,0.9912,0.9912
6.0634,pi,6.2800,0.0000,0.9928,0.9928
6.0685,pi,6.2800,0.0000,0.9944,0.9944
6.0734,pi,6.2800,0.0000,0.9959,0.9959
6.0785,pi,6.2800,0.0000,0.9975,0.9975
6.0835,pi,6.2800,0.0000,0.9991,0.9991
6.0885,pi,6.2800,0.0000,0.1256,0.1256
6.0934,pi,6.2800,0.0000,0.1256,0.1256
6.0984,pi,6.2800,0.0000,0.1256,0.1256
6.1035,pi,6.2800,-0.0457,0.1265,0.1265
6.1085,pi,6.2800,-0.1371,0.1283,0.1283
6.1135,pi,6.2800,-0.2606,0.1308,0.1308
6.1186,pi,6.2800,-0.3593,0.1328,0.1328
6.1237,pi,6.2800,-0.4698,0.1350,0.1350
6.1286,pi,6.2800,-0.5773,0.1371,0.1371
6.1334,pi,6.2800,-0.6899,0.1394,0.1394
6.1384,pi,6.2800,-0.7805,0.1412,0.1412
6.1434,pi,6.2800,-0.8530,0.1427,0.1427
6.1484,pi,6.2800,-0.9110,0.1438,0.1438
6.1534,pi,6.2800,-1.0029,0.1457,0.1457
6.1584,pi,6.2800,-1.0309,0.1462,0.1462
6.1634,pi,6.2800,-1.0075,0.1458,0.1458
6.1684,pi,6.2800,-0.9431,0.1445,0.1445
6.1735,pi,6.2800,-0.8549,0.1427,0.1427
6.1784,pi,6.2800,-0.7754,0.1411,0.1411
6.1835,pi,6.2800,-0.6706,0.1390,0.1390
6.1884,pi,6.2800,-0.5867,0.1373,0.1373
6.1934,pi,6.2800,-0.5151,0.1359,0.1359
6.1985,pi,6.2800,-0.4623,0.1348,0.1348
6.2034,pi,6.2800,-0.3699,0.1330,0.1330
6.2085,pi,6.2800,-0.2959,0.1315,0.1315
6.2135,pi,6.2800,-0.2365,0.1303,0.1303
6.2184,pi,6.2800,-0.1894,0.1294,0.1294
6.2239,pi,6.2800,-0.1511,0.1286,0.1286
6.2291,pi,6.2800,-0.1208,0.1280,0.1280
6.2346,pi,6.2800,-0.0968,0.1275,0.1275
6.2400,pi,6.2800,-0.0774,0.1271,0.1271
6.2452,pi,6.2800,-0.0614,0.1268,0.1268
6.2496,pi,6.2800,-0.0495,0.1266,0.1266
6.2547,pi,6.2800,-0.0395,0.1264,0.1264
6.2596,pi,6.2800,-0.0317,0.1262,0.1262
6.2641,pi,6.2800,-0.0254,0.1261,0.1261
6.2688,pi,6.2800,-0.0203,0.1260,0.1260
6.2754,pi,6.2800,-0.0162,0.1259,0.1259
6.2812,pi,6.2800,-0.0130,0.1259,0.1259
6.2861,pi,6.2800,-0.0104,0.1258,0.1258
6.2911,pi,6.2800,-0.0083,0.1258,0.1258
6.2965,pi,6.2800,-0.0066,0.1257,0.1257
6.3014,pi,6.2800,-0.0051,0.1257,0.1257
6.3062,pi,6.2800,-0.0043,0.1257,0.1257
6.3108,pi,6.2800,-0.0034,0.1257,0.1257
6.3147,pi,6.2800,-0.0027,0.1257,0.1257
6.3186,pi,6.2800,-0.0022,0.1256,0.1256
6.3234,pi,6.2800,-0.0018,0.1256,0.1256
6.3285,pi,6.2800,-0.0014,0.1256,0.1256
6.3335,pi,6.2800,-0.0011,0.1256,0.1256
6.3385,pi,6.2800,-0.0009,0.1256,0.1256
6.3435,pi,6.2800,-0.0007,0.1256,0.1256
6.3485,pi,6.2800,-0.0006,0.1256,0.1256
6.3534,pi,6.2800,-0.0005,0.1256,0.1256
6.3584,pi,6.2800,-0.0004,0.1256,0.1256
6.3635,pi,6.2800,-0.0003,0.1256,0.1256
6.3685,pi,6.2800,-0.0002,0.1256,0.1256
6.3734,pi,6.2800,-0.0002,0.1256,0.1256
6.3789,pi,6.2800,-0.0002,0.1256,0.1256
6.3850,pi,6.2800,-0.0001,0.1256,0.1256
6.3892,pi,6.2800,-0.0001,0.1256,0.1256
6.3935,pi,6.2800,-0.0001,0.1256,0.1256
6.3985,pi,6.2800,-0.0001,0.1256,0.1256
6.4035,pi,6.2800,-0.0000,0.1256,0.1256
6.4087,pi,6.2800,-0.0000,0.1256,0.1256
6.4143,pi,6.2800,-0.0000,0.1256,0.1256
6.4188,pi,6.2800,-0.0000,0.1256,0.1256
6.4234,pi,6.2800,-0.0000,0.1256,0.1256
6.4284,pi,6.2800,-0.0000,0.1256,0.1256
6.4335,pi,6.2800,-0.0000,0.1256,0.1256
6.4385,pi,6.2800,-0.0000,0.1256,0.1256
6.4434,pi,6.2800,-0.0000,0.1256,0.1256
6.4484,pi,6.2800,-0.0000,0.1256,0.1256
6.4534,pi,6.2800,-0.0000,0.1256,0.1256
6.4584,pi,6.2800,-0.0000,0.1256,0.1256
6.4634,pi,6.2800,-0.0000,0.1256,0.1256
6.4684,pi,6.2800,-0.0000,0.1256,0.1256
6.4735,pi,6.2800,-0.0000,0.1256,0.1256
6.4788,pi,6.2800,-0.0000,0.1256,0.1256
6.4834,pi,6.2800,-0.0000,0.1256,0.1256
6.4884,pi,6.2800,-0.0000,0.1256,0.1256
6.4934,pi,6.2800,-0.0000,0.1256,0.1256
6.4985,pi,6.2800,-0.0000,0.1256,0.1256
6.5034,pi,6.2800,-0.0000,0.1256,0.1256
6.5084,pi,6.2800,-0.0000,0.1256,0.1256
6.5134,pi,6.2800,-0.0000,0.1256,0.1256
6.5184,pi,6.2800,-0.0000,0.1256,0.1256
6.5235,pi,6.2800,-0.0000,0.1256,0.1256
6.5285,pi,6.2800,-0.0000,0.1256,0.1256
6.5335,pi,6.2800,-0.0000,0.1256,0.1256
6.5385,pi,6.2800,-0.0000,0.1256,0.1256
6.5435,pi,6.2800,-0.0000,0.1256,0.1256
6.5484,pi,6.2800,-0.0000,0.1256,0.1256
6.5535,pi,6.2800,-0.0000,0.1256,0.1256
6.5584,pi,6.2800,-0.0000,0.1256,0.1256
6.5635,pi,6.2800,-0.0000,0.1256,0.1256
6.5685,pi,6.2800,-0.0000,0.1256,0.1256
6.5735,pi,6.2800,-0.0000,0.1256,0.1256
6.5784,pi,6.2800,-0.0000,0.1256,0.1256
6.5834,pi,6.2800,-0.0000,0.1256,0.1256
6.5885,pi,6.2800,-0.0000,0.1256,0.1256
6.5935,pi,6.2800,-0.0000,0.1256,0.1256
6.5989,pi,6.2800,-0.0000,0.1256,0.1256
6.6039,pi,6.2800,-0.0000,0.1256,0.1256
6.6085,pi,6.2800,-0.0000,0.1256,0.1256
6.6135,pi,6.2800,-0.0000,0.1256,0.1256
6.6184,pi,6.2800,-0.0000,0.1256,0.1256
6.6234,pi,6.2800,-0.0000,0.1256,0.1256
6.6284,pi,6.2800,-0.0000,0.1256,0.1256
6.6334,pi,6.2800,-0.0000,0.1256,0.1256
6.6385,pi,6.2800,-0.0000,0.1256,0.1256
6.6434,pi,6.2800,-0.0000,0.1256,0.1256
6.6484,pi,6.2800,-0.0000,0.1256,0.1256
6.6534,pi,6.2800,-0.0000,0.1256,0.1256
6.6584,pi,6.2800,-0.0000,0.1256,0.1256
6.6634,pi,6.2800,-0.0000,0.1256,0.1256
6.6684,pi,6.2800,-0.0000,0.1256,0.1256
6.6735,pi,6.2800,-0.0000,0.1256,0.1256
6.6785,pi,6.2800,-0.0000,0.1256,0.1256
6.6835,pi,6.2800,-0.0000,0.1256,0.1256
6.6887,pi,6.2800,-0.0000,0.1256,0.1256
6.6935,pi,6.2800,-0.0000,0.1256,0.1256
6.6989,pi,6.2800,-0.0000,0.1256,0.1256
6.7043,pi,6.2800,-0.0000,0.1256,0.1256
6.7090,pi,6.2800,-0.0000,0.1256,0.1256
6.7137,pi,6.2800,-0.0000,0.1256,0.1256
6.7189,pi,6.2800,-0.0000,0.1256,0.1256
6.7240,pi,6.2800,-0.0000,0.1256,0.1256
6.7309,pi,6.2800,-0.0000,0.1256,0.1256
6.7353,pi,6.2800,-0.0000,0.1256,0.1256
6.7397,pi,6.2800,-0.0000,0.1256,0.1256
6.7441,pi,6.2800,-0.0000,0.1256,0.1256
6.7487,pi,6.2800,-0.0000,0.1256,0.1256
6.7535,pi,6.2800,-0.0000,0.1256,0.1256
6.7584,pi,6.2800,-0.0000,0.1256,0.1256
6.7634,pi,6.2800,-0.0000,0.1256,0.1256
6.7685,pi,6.2800,-0.0000,0.1256,0.1256
6.7734,pi,6.2800,-0.0000,0.1256,0.1256
6.7786,pi,6.2800,-0.0000,0.1256,0.1256
6.7834,pi,6.2800,-0.0000,0.1256,0.1256
6.7885,pi,6.2800,-0.0000,0.1256,0.1256
6.7934,pi,6.2800,-0.0000,0.1256,0.1256
6.7987,pi,6.2800,-0.0000,0.1256,0.1256
6.8035,pi,6.2800,-0.0000,0.1256,0.1256
6.8084,pi,6.2800,-0.0000,0.1256,0.1256
6.8134,pi,6.2800,-0.0000,0.1256,0.1256
6.8184,pi,6.2800,-0.0000,0.1256,0.1256
6.8234,pi,6.2800,-0.0000,0.1256,0.1256
6.8284,pi,6.2800,-0.0000,0.1256,0.1256
6.8334,pi,6.2800,-0.0000,0.1256,0.1256
6.8385,pi,6.2800,-0.0000,0.1256,0.1256
6.8435,pi,6.2800,-0.0000,0.1256,0.1256
6.8484,pi,6.2800,-0.0000,0.1256,0.1256
6.8534,pi,6.2800,-0.0000,0.1256,0.1256
6.8584,pi,6.2800,-0.0000,0.1256,0.1256
6.8634,pi,6.2800,-0.0000,0.1256,0.1256
6.8684,pi,6.2800,-0.0000,0.1256,0.1256
6.8734,pi,6.2800,-0.0000,0.1256,0.1256
6.8784,pi,6.2800,-0.0000,0.1256,0.1256
6.8834,pi,6.2800,-0.0000,0.1256,0.1256
6.8884,pi,6.2800,-0.0000,0.1256,0.1256
6.8934,pi,6.2800,-0.0000,0.1256,0.1256
6.8984,pi,6.2800,-0.0000,0.1256,0.1256
6.9034,pi,6.2800,-0.0000,0.1256,0.1256
6.9084,pi,6.2800,-0.0000,0.1256,0.1256
6.9134,pi,6.2800,-0.0000,0.1256,0.1256
6.9184,pi,6.2800,-0.0000,0.1256,0.1256
6.9234,pi,6.2800,-0.0000,0.1256,0.1256
6.9284,pi,6.2800,-0.0000,0.1256,0.1256
6.9334,pi,6.2800,-0.0000,0.1256,0.1256
6.9384,pi,6.2800,-0.0000,0.1256,0.1256
6.9435,pi,6.2800,-0.0000,0.1256,0.1256
6.9485,pi,6.2800,-0.0000,0.1256,0.1256
6.9535,pi,6.2800,-0.0000,0.1256,0.1256
6.9585,pi,6.2800,-0.0000,0.1256,0.1256
6.9634,pi,6.2800,-0.0000,0.1256,0.1256
6.9685,pi,6.2800,-0.0000,0.1256,0.1256
6.9734,pi,6.2800,-0.0000,0.1256,0.1256
6.9785,pi,6.2800,-0.0000,0.1256,0.1256
6.9835,pi,6.2800,-0.0000,0.1256,0.1256
6.9887,pi,6.2800,-0.0000,0.1256,0.1256
6.9939,pi,6.2800,-0.0000,0.1256,0.1256
6.9991,pi,6.2800,-0.0000,0.1256,0.1256
7.0044,pi,6.2800,-0.0000,0.1256,0.1256
7.0089,pi,6.2800,-0.0000,0.1256,0.1256
7.0140,pi,6.2800,-0.0000,0.1256,0.1256
7.0190,pi,6.2800,-0.0000,0.1256,0.1256
7.0240,pi,6.2800,-0.0000,0.1256,0.1256
7.0291,pi,6.2800,-0.0000,0.1256,0.1256
7.0341,pi,6.2800,-0.0000,0.1256,0.1256
7.0391,pi,6.2800,-0.0000,0.1256,0.1256
7.0440,pi,6.2800,-0.0000,0.1256,0.1256
7.0491,pi,6.2800,-0.0000,0.1256,0.1256
7.0539,pi,6.2800,-0.0000,0.1256,0.1256
7.0584,pi,6.2800,-0.0000,0.1256,0.1256
7.0634,pi,6.2800,-0.0000,0.1256,0.1256
7.0684,pi,6.2800,-0.0000,0.1256,0.1256
7.0734,pi,6.2800,-0.0000,0.1256,0.1256
7.0784,pi,6.2800,-0.0000,0.1256,0.1256
7.0835,pi,6.2800,-0.0000,0.1256,0.1256
7.0884,pi,6.2800,-0.0000,0.1256,0.1256
7.0935,pi,6.2800,-0.0000,0.1256,0.1256
7.0984,pi,6.2800,-0.0000,0.1256,0.1256
7.1034,pi,6.2800,-0.0000,0.1256,0.1256
7.1084,pi,6.2800,-0.0000,0.1256,0.1256
7.1134,pi,6.2800,-0.0000,0.1256,0.1256
7.1184,pi,6.2800,-0.0000,0.1256,0.1256
7.1235,pi,6.2800,-0.0000,0.1256,0.1256
7.1287,pi,6.2800,-0.0000,0.1256,0.1256
7.1335,pi,6.2800,-0.0000,0.1256,0.1256
7.1385,pi,6.2800,-0.0000,0.1256,0.1256
7.1434,pi,6.2800,-0.0000,0.1256,0.1256
7.1485,pi,6.2800,-0.0000,0.1256,0.1256
7.1535,pi,6.2800,-0.0000,0.1256,0.1256
7.1585,pi,6.2800,-0.0000,0.1256,0.1256
7.1635,pi,6.2800,-0.0000,0.1256,0.1256
7.1685,pi,6.2800,-0.0000,0.1256,0.1256
7.1735,pi,6.2800,-0.0000,0.1256,0.1256
7.1785,pi,6.2800,-0.0000,0.1256,0.1256
7.1834,pi,6.2800,-0.0000,0.1256,0.1256
7.1885,pi,6.2800,-0.0000,0.1256,0.1256
7.1935,pi,6.2800,-0.0000,0.1256,0.1256
7.1985,pi,6.2800,-0.0000,0.1256,0.1256
7.2035,pi,6.2800,-0.0000,0.1256,0.1256
7.2084,pi,6.2800,-0.0000,0.1256,0.1256
7.2136,pi,6.2800,-0.0000,0.1256,0.1256
7.2185,pi,6.2800,-0.0000,0.1256,0.1256
7.2235,pi,6.2800,-0.0000,0.1256,0.1256
7.2285,pi,6.2800,-0.0000,0.1256,0.1256
7.2334,pi,6.2800,-0.0000,0.1256,0.1256
7.2385,pi,6.2800,-0.0000,0.1256,0.1256
7.2434,pi,6.2800,-0.0000,0.1256,0.1256
7.2484,pi,6.2800,-0.0000,0.1256,0.1256
7.2534,pi,6.2800,-0.0000,0.1256,0.1256
7.2586,pi,6.2800,-0.0000,0.1256,0.1256
7.2635,pi,6.2800,-0.0000,0.1256,0.1256
7.2685,pi,6.2800,-0.0000,0.1256,0.1256
7.2734,pi,6.2800,-0.0000,0.1256,0.1256
7.2785,pi,6.2800,-0.0000,0.1256,0.1256
7.2835,pi,6.2800,-0.0000,0.1256,0.1256
7.2885,pi,6.2800,-0.0000,0.1256,0.1256
7.2934,pi,6.2800,-0.0000,0.1256,0.1256
7.2985,pi,6.2800,-0.0000,0.1256,0.1256
7.3035,pi,6.2800,-0.0000,0.1256,0.1256
7.3085,pi,6.2800,-0.0000,0.1256,0.1256
7.3134,pi,6.2800,-0.0000,0.1256,0.1256
7.3184,pi,6.2800,-0.0000,0.1256,0.1256
7.3234,pi,6.2800,-0.0000,0.1256,0.1256
7.3284,pi,6.2800,-0.0000,0.1256,0.1256
7.3335,pi,6.2800,-0.0000,0.1256,0.1256
7.3385,pi,6.2800,-0.0000,0.1256,0.1256
7.3434,pi,6.2800,-0.0000,0.1256,0.1256
7.3484,pi,6.2800,-0.0000,0.1256,0.1256
7.3534,pi,6.2800,-0.0000,0.1256,0.1256
7.3584,pi,6.2800,-0.0000,0.1256,0.1256
7.3634,pi,6.2800,-0.0000,0.1256,0.1256
7.3685,pi,6.2800,-0.0000,0.1256,0.1256
7.3735,pi,6.2800,-0.0000,0.1256,0.1256
7.3785,pi,6.2800,-0.0000,0.1256,0.1256
7.3834,pi,6.2800,-0.0000,0.1256,0.1256
7.3886,pi,6.2800,-0.0000,0.1256,0.1256
7.3935,pi,6.2800,-0.0000,0.1256,0.1256
7.3984,pi,6.2800,-0.0000,0.1256,0.1256
7.4035,pi,6.2800,-0.0000,0.1256,0.1256
7.4084,pi,6.2800,-0.0000,0.1256,0.1256
7.4134,pi,6.2800,-0.0000,0.1256,0.1256
7.4184,pi,6.2800,-0.0000,0.1256,0.1256
7.4235,pi,6.2800,-0.0000,0.1256,0.1256
7.4284,pi,6.2800,-0.0000,0.1256,0.1256
7.4335,pi,6.2800,-0.0000,0.1256,0.1256
7.4384,pi,6.2800,-0.0000,0.1256,0.1256
7.4434,pi,6.2800,-0.0000,0.1256,0.1256
7.4484,pi,6.2800,-0.0000,0.1256,0.1256
7.4535,pi,6.2800,-0.0000,0.1256,0.1256
7.4584,pi,6.2800,-0.0000,0.1256,0.1256
7.4634,pi,6.2800,-0.0000,0.1256,0.1256
7.4685,pi,6.2800,-0.0000,0.1256,0.1256
7.4734,pi,6.2800,-0.0000,0.1256,0.1256
7.4784,pi,6.2800,-0.0000,0.1256,0.1256
7.4834,pi,6.2800,-0.0000,0.1256,0.1256
7.4884,pi,6.2800,-0.0000,0.1256,0.1256
7.4935,pi,6.2800,-0.0000,0.1256,0.1256
7.4984,pi,6.2800,-0.0000,0.1256,0.1256
7.5034,pi,6.2800,-0.0000,0.1256,0.1256
7.5084,pi,6.2800,-0.0000,0.1256,0.1256
7.5134,pi,6.2800,-0.0000,0.1256,0.1256
7.5184,pi,6.2800,-0.0000,0.1256,0.1256
7.5234,pi,6.2800,-0.0000,0.1256,0.1256
7.5284,pi,6.2800,-0.0000,0.1256,0.1256
7.5334,pi,6.2800,-0.0000,0.1256,0.1256
7.5385,pi,6.2800,-0.0000,0.1256,0.1256
7.5435,pi,6.2800,-0.0000,0.1256,0.1256
7.5484,pi,6.2800,-0.0000,0.1256,0.1256
7.5534,pi,6.2800,-0.0000,0.1256,0.1256
7.5584,pi,6.2800,-0.0000,0.1256,0.1256
7.5635,pi,6.2800,-0.0000,0.1256,0.1256
7.5684,pi,6.2800,-0.0000,0.1256,0.1256
7.5735,pi,6.2800,-0.0000,0.1256,0.1256
7.5784,pi,6.2800,-0.0000,0.1256,0.1256
7.5835,pi,6.2800,-0.0000,0.1256,0.1256
7.5885,pi,6.2800,-0.0000,0.1256,0.1256
7.5935,pi,6.2800,-0.0000,0.1256,0.1256
7.5984,pi,6.2800,-0.0000,0.1256,0.1256
7.6034,pi,6.2800,-0.0000,0.1256,0.1256
7.6084,pi,6.2800,-0.0000,0.1256,0.1256
7.6135,pi,6.2800,-0.0000,0.1256,0.1256
7.6184,pi,6.2800,-0.0000,0.1256,0.1256
7.6234,pi,6.2800,-0.0000,0.1256,0.1256
7.6284,pi,6.2800,-0.0000,0.1256,0.1256
7.6334,pi,6.2800,-0.0000,0.1256,0.1256
7.6385,pi,6.2800,-0.0000,0.1256,0.1256
7.6434,pi,6.2800,-0.0000,0.1256,0.1256
7.6485,pi,6.2800,-0.0000,0.1256,0.1256
7.6534,pi,6.2800,-0.0000,0.1256,0.1256
7.6585,pi,6.2800,-0.0000,0.1256,0.1256
7.6636,pi,6.2800,-0.0000,0.1256,0.1256
7.6686,pi,6.2800,-0.0000,0.1256,0.1256
7.6734,pi,6.2800,-0.0000,0.1256,0.1256
7.6785,pi,6.2800,-0.0000,0.1256,0.1256
7.6835,pi,6.2800,-0.0000,0.1256,0.1256
7.6886,pi,6.2800,-0.0000,0.1256,0.1256
7.6934,pi,6.2800,-0.0000,0.1256,0.1256
7.6985,pi,6.2800,-0.0000,0.1256,0.1256
7.7034,pi,6.2800,-0.0000,0.1256,0.1256
7.7087,pi,6.2800,-0.0000,0.1256,0.1256
7.7136,pi,6.2800,-0.0000,0.1256,0.1256
7.7186,pi,6.2800,-0.0000,0.1256,0.1256
7.7234,pi,6.2800,-0.0000,0.1256,0.1256
7.7284,pi,6.2800,-0.0000,0.1256,0.1256
7.7334,pi,6.2800,-0.0000,0.1256,0.1256
7.7385,pi,6.2800,-0.0000,0.1256,0.1256
7.7435,pi,6.2800,-0.0000,0.1256,0.1256
7.7485,pi,6.2800,-0.0000,0.1256,0.1256
7.7534,pi,6.2800,-0.0000,0.1256,0.1256
7.7584,pi,6.2800,-0.0000,0.1256,0.1256
7.7634,pi,6.2800,-0.0000,0.1256,0.1256
7.7684,pi,6.2800,-0.0000,0.1256,0.1256
7.7735,pi,6.2800,-0.0000,0.1256,0.1256
7.7784,pi,6.2800,-0.0000,0.1256,0.1256
7.7835,pi,6.2800,-0.0000,0.1256,0.1256
7.7884,pi,6.2800,-0.0000,0.1256,0.1256
7.7934,pi,6.2800,-0.0000,0.1256,0.1256
7.7984,pi,6.2800,-0.0000,0.1256,0.1256
7.8035,pi,6.2800,-0.0000,0.1256,0.1256
7.8084,pi,6.2800,-0.0000,0.1256,0.1256
7.8134,pi,6.2800,-0.0000,0.1256,0.1256
7.8184,pi,6.2800,-0.0000,0.1256,0.1256
7.8234,pi,6.2800,-0.0000,0.1256,0.1256
7.8284,pi,6.2800,-0.0000,0.1256,0.1256
7.8334,pi,6.2800,-0.0000,0.1256,0.1256
7.8385,pi,6.2800,-0.0000,0.1256,0.1256
7.8434,pi,6.2800,-0.0000,0.1256,0.1256
7.8485,pi,6.2800,-0.0000,0.1256,0.1256
7.8534,pi,6.2800,-0.0000,0.1256,0.1256
7.8584,pi,6.2800,-0.0000,0.1256,0.1256
7.8635,pi,6.2800,-0.0000,0.1256,0.1256
7.8684,pi,6.2800,-0.0000,0.1256,0.1256
7.8734,pi,6.2800,-0.0000,0.1256,0.1256
7.8784,pi,6.2800,-0.0000,0.1256,0.1256
7.8835,pi,6.2800,-0.0000,0.1256,0.1256
7.8885,pi,6.2800,-0.0000,0.1256,0.1256
7.8935,pi,6.2800,-0.0000,0.1256,0.1256
7.8985,pi,6.2800,-0.0000,0.1256,0.1256
7.9034,pi,6.2800,-0.0000,0.1256,0.1256
7.9085,pi,6.2800,-0.0000,0.1256,0.1256
7.9134,pi,6.2800,-0.0000,0.1256,0.1256
7.9185,pi,6.2800,-0.0000,0.1256,0.1256
7.9235,pi,6.2800,-0.0000,0.1256,0.1256
7.9285,pi,6.2800,-0.0000,0.1256,0.1256
7.9335,pi,6.2800,-0.0000,0.1256,0.1256
7.9385,pi,6.2800,-0.0000,0.1256,0.1256
7.9435,pi,6.2800,-0.0000,0.1256,0.1256
7.9484,pi,6.2800,-0.0000,0.1256,0.1256
7.9535,pi,6.2800,-0.0000,0.1256,0.1256
7.9584,pi,6.2800,-0.0000,0.1256,0.1256
7.9635,pi,6.2800,-0.0000,0.1256,0.1256
7.9685,pi,6.2800,-0.0000,0.1256,0.1256
7.9734,pi,6.2800,-0.0000,0.1256,0.1256
7.9785,pi,6.2800,-0.0000,0.1256,0.1256
7.9835,pi,6.2800,0.0503,0.9996,0.9996
7.9887,pi,6.2800,0.0905,0.1238,0.1238
7.9935,pi,6.2800,0.1228,0.9998,0.9998
7.9985,pi,6.2800,0.1984,0.9998,0.9998
8.0039,pi,6.2800,0.3094,0.9991,0.9991
8.0084,pi,6.2800,0.4486,0.9978,0.9978
8.0134,pi,6.2800,0.5598,0.9970,0.9970
8.0184,pi,6.2800,0.6762,0.9961,0.9961
8.0234,pi,6.2800,0.7695,0.9957,0.9957
8.0284,pi,6.2800,0.8898,0.9946,0.9946
8.0335,pi,6.2800,0.9861,0.9940,0.9940
8.0385,pi,6.2800,1.0631,0.9938,0.9938
8.0434,pi,6.2800,1.1247,0.9939,0.9939
8.0484,pi,6.2800,1.1741,0.9942,0.9942
8.0534,pi,6.2800,1.1678,0.9956,0.9956
8.0584,pi,6.2800,1.1171,0.9979,0.9979
8.0634,pi,6.2800,1.0309,0.1050,0.1050
8.0684,pi,6.2800,0.9252,0.1071,0.1071
8.0734,pi,6.2800,0.8406,0.1088,0.1088
8.0784,pi,6.2800,0.7640,0.1103,0.1103
8.0835,pi,6.2800,0.6568,0.1125,0.1125
8.0885,pi,6.2800,0.5256,0.1151,0.1151
8.0934,pi,6.2800,0.3746,0.1181,0.1181
8.0985,pi,6.2800,0.2490,0.1206,0.1206
8.1035,pi,6.2800,0.1491,0.1226,0.1226
8.1085,pi,6.2800,0.0689,0.1242,0.1242
8.1135,pi,6.2800,-0.0451,0.1265,0.1265
8.1185,pi,6.2800,-0.1365,0.1283,0.1283
8.1235,pi,6.2800,-0.2098,0.1298,0.1298
8.1290,pi,6.2800,-0.2683,0.1310,0.1310
8.1335,pi,6.2800,-0.3658,0.1329,0.1329
8.1386,pi,6.2800,-0.3930,0.1335,0.1335
8.1434,pi,6.2800,-0.4149,0.1339,0.1339
8.1484,pi,6.2800,-0.4233,0.1341,0.1341
8.1535,pi,6.2800,-0.4301,0.1342,0.1342
8.1585,pi,6.2800,-0.4355,0.1343,0.1343
8.1634,pi,6.2800,-0.4398,0.1344,0.1344
8.1685,pi,6.2800,-0.4021,0.1336,0.1336
8.1735,pi,6.2800,-0.3719,0.1330,0.1330
8.1784,pi,6.2800,-0.3478,0.1326,0.1326
8.1834,pi,6.2800,-0.3239,0.1321,0.1321
8.1885,pi,6.2800,-0.2592,0.1308,0.1308
8.1935,pi,6.2800,-0.2073,0.1297,0.1297
8.1984,pi,6.2800,-0.1659,0.1289,0.1289
8.2034,pi,6.2800,-0.1327,0.1283,0.1283
8.2084,pi,6.2800,-0.1062,0.1277,0.1277
8.2134,pi,6.2800,-0.0850,0.1273,0.1273
8.2184,pi,6.2800,-0.0680,0.1270,0.1270
8.2235,pi,6.2800,-0.0544,0.1267,0.1267
8.2285,pi,6.2800,-0.0435,0.1265,0.1265
8.2334,pi,6.2800,-0.0348,0.1263,0.1263
8.2385,pi,6.2800,-0.0278,0.1262,0.1262
8.2434,pi,6.2800,-0.0223,0.1260,0.1260
8.2484,pi,6.2800,-0.0178,0.1260,0.1260
8.2534,pi,6.2800,-0.0142,0.1259,0.1259
8.2585,pi,6.2800,-0.0114,0.1258,0.1258
8.2634,pi,6.2800,-0.0091,0.1258,0.1258
8.2684,pi,6.2800,-0.0073,0.1257,0.1257
8.2734,pi,6.2800,-0.0058,0.1257,0.1257
8.2784,pi,6.2800,-0.0047,0.1257,0.1257
8.2836,pi,6.2800,-0.0037,0.1257,0.1257
8.2885,pi,6.2800,-0.0030,0.1257,0.1257
8.2934,pi,6.2800,-0.0024,0.1256,0.1256
8.2984,pi,6.2800,-0.0019,0.1256,0.1256
8.3035,pi,6.2800,-0.0015,0.1256,0.1256
8.3085,pi,6.2800,-0.0012,0.1256,0.1256
8.3135,pi,6.2800,-0.0010,0.1256,0.1256
8.3185,pi,6.2800,-0.0008,0.1256,0.1256
8.3235,pi,6.2800,-0.0006,0.1256,0.1256
8.3284,pi,6.2800,-0.0005,0.1256,0.1256
8.3335,pi,6.2800,-0.0004,0.1256,0.1256
8.3385,pi,6.2800,-0.0003,0.1256,0.1256
8.3435,pi,6.2800,-0.0003,0.1256,0.1256
8.3485,pi,6.2800,-0.0002,0.1256,0.1256
8.3535,pi,6.2800,-0.0002,0.1256,0.1256
8.3584,pi,6.2800,-0.0001,0.1256,0.1256
8.3635,pi,6.2800,-0.0001,0.1256,0.1256
8.3685,pi,6.2800,-0.0001,0.1256,0.1256
8.3735,pi,6.2800,-0.0001,0.1256,0.1256
8.3784,pi,6.2800,-0.0001,0.1256,0.1256
8.3835,pi,6.2800,-0.0000,0.1256,0.1256
8.3885,pi,6.2800,-0.0000,0.1256,0.1256
8.3935,pi,6.2800,-0.0000,0.1256,0.1256
8.3985,pi,6.2800,-0.0000,0.1256,0.1256
8.4034,pi,6.2800,-0.0000,0.1256,0.1256
8.4085,pi,6.2800,-0.0000,0.1256,0.1256
8.4134,pi,6.2800,-0.0000,0.1256,0.1256
8.4185,pi,6.2800,-0.0000,0.1256,0.1256
8.4235,pi,6.2800,-0.0000,0.1256,0.1256
8.4285,pi,6.2800,-0.0000,0.1256,0.1256
8.4334,pi,6.2800,-0.0000,0.1256,0.1256
8.4385,pi,6.2800,-0.0000,0.1256,0.1256
8.4435,pi,6.2800,-0.0000,0.1256,0.1256
8.4485,pi,6.2800,-0.0000,0.1256,0.1256
8.4534,pi,6.2800,-0.0000,0.1256,0.1256
8.4584,pi,6.2800,-0.0000,0.1256,0.1256
8.4635,pi,6.2800,-0.0000,0.1256,0.1256
8.4685,pi,6.2800,-0.0000,0.1256,0.1256
8.4734,pi,6.2800,-0.0000,0.1256,0.1256
8.4784,pi,6.2800,-0.0000,0.1256,0.1256
8.4835,pi,6.2800,-0.0000,0.1256,0.1256
8.4885,pi,6.2800,-0.0000,0.1256,0.1256
8.4934,pi,6.2800,-0.0000,0.1256,0.1256
8.4985,pi,6.2800,-0.0000,0.1256,0.1256
8.5034,pi,6.2800,-0.0000,0.1256,0.1256
8.5085,pi,6.2800,-0.0000,0.1256,0.1256
8.5135,pi,6.2800,-0.0000,0.1256,0.1256
8.5185,pi,6.2800,-0.0000,0.1256,0.1256
8.5243,pi,6.2800,-0.0000,0.1256,0.1256
8.5296,pi,6.2800,-0.0000,0.1256,0.1256
8.5337,pi,6.2800,-0.0000,0.1256,0.1256
8.5384,pi,6.2800,-0.0000,0.1256,0.1256
8.5434,pi,6.2800,-0.0000,0.1256,0.1256
8.5485,pi,6.2800,-0.0000,0.1256,0.1256
8.5535,pi,6.2800,-0.0000,0.1256,0.1256
8.5586,pi,6.2800,-0.0000,0.1256,0.1256
8.5634,pi,6.2800,-0.0000,0.1256,0.1256
8.5684,pi,6.2800,-0.0000,0.1256,0.1256
8.5735,pi,6.2800,-0.0000,0.1256,0.1256
8.5784,pi,6.2800,-0.0000,0.1256,0.1256
8.5835,pi,6.2800,-0.0000,0.1256,0.1256
8.5885,pi,6.2800,-0.0000,0.1256,0.1256
8.5935,pi,6.2800,-0.0000,0.1256,0.1256
8.5985,pi,6.2800,-0.0000,0.1256,0.1256
8.6034,pi,6.2800,-0.0000,0.1256,0.1256
8.6084,pi,6.2800,-0.0000,0.1256,0.1256
8.6135,pi,6.2800,-0.0000,0.1256,0.1256
8.6185,pi,6.2800,-0.0000,0.1256,0.1256
8.6236,pi,6.2800,-0.0000,0.1256,0.1256
8.6290,pi,6.2800,-0.0000,0.1256,0.1256
8.6334,pi,6.2800,-0.0000,0.1256,0.1256
8.6384,pi,6.2800,-0.0000,0.1256,0.1256
8.6435,pi,6.2800,-0.0000,0.1256,0.1256
8.6484,pi,6.2800,-0.0000,0.1256,0.1256
8.6534,pi,6.2800,-0.0000,0.1256,0.1256
8.6584,pi,6.2800,-0.0000,0.1256,0.1256
8.6635,pi,6.2800,-0.0000,0.1256,0.1256
8.6684,pi,6.2800,-0.0000,0.1256,0.1256
8.6734,pi,6.2800,-0.0000,0.1256,0.1256
8.6784,pi,6.2800,-0.0000,0.1256,0.1256
8.6835,pi,6.2800,-0.0000,0.1256,0.1256
8.6885,pi,6.2800,-0.0000,0.1256,0.1256
8.6934,pi,6.2800,-0.0000,0.1256,0.1256
8.6985,pi,6.2800,-0.0000,0.1256,0.1256
8.7034,pi,6.2800,-0.0000,0.1256,0.1256
8.7084,pi,6.2800,-0.0000,0.1256,0.1256
8.7134,pi,6.2800,-0.0000,0.1256,0.1256
8.7185,pi,6.2800,-0.0000,0.1256,0.1256
8.7235,pi,6.2800,-0.0000,0.1256,0.1256
8.7284,pi,6.2800,-0.0000,0.1256,0.1256
8.7335,pi,6.2800,-0.0000,0.1256,0.1256
8.7385,pi,6.2800,-0.0000,0.1256,0.1256
8.7436,pi,6.2800,-0.0000,0.1256,0.1256
8.7485,pi,6.2800,-0.0000,0.1256,0.1256
8.7535,pi,6.2800,-0.0000,0.1256,0.1256
8.7584,pi,6.2800,-0.0000,0.1256,0.1256
8.7635,pi,6.2800,-0.0000,0.1256,0.1256
8.7684,pi,6.2800,-0.0000,0.1256,0.1256
8.7735,pi,6.2800,-0.0000,0.1256,0.1256
8.7785,pi,6.2800,-0.0000,0.1256,0.1256
8.7834,pi,6.2800,-0.0000,0.1256,0.1256
8.7887,pi,6.2800,-0.0000,0.1256,0.1256
8.7940,pi,6.2800,-0.0000,0.1256,0.1256
8.7987,pi,6.2800,-0.0000,0.1256,0.1256
8.8034,pi,6.2800,-0.0000,0.1256,0.1256
8.8083,pi,6.2800,-0.0000,0.1256,0.1256
8.8134,pi,6.2800,-0.0000,0.1256,0.1256
8.8185,pi,6.2800,-0.0000,0.1256,0.1256
8.8235,pi,6.2800,-0.0000,0.1256,0.1256
8.8285,pi,6.2800,-0.0000,0.1256,0.1256
8.8335,pi,6.2800,-0.0000,0.1256,0.1256
8.8386,pi,6.2800,-0.0000,0.1256,0.1256
8.8434,pi,6.2800,-0.0000,0.1256,0.1256
8.8484,pi,6.2800,-0.0000,0.1256,0.1256
8.8534,pi,6.2800,-0.0000,0.1256,0.1256
8.8585,pi,6.2800,-0.0000,0.1256,0.1256
8.8635,pi,6.2800,-0.0000,0.1256,0.1256
8.8684,pi,6.2800,-0.0000,0.1256,0.1256
8.8734,pi,6.2800,-0.0000,0.1256,0.1256
8.8784,pi,6.2800,-0.0000,0.1256,0.1256
8.8835,pi,6.2800,-0.0000,0.1256,0.1256
8.8885,pi,6.2800,-0.0000,0.1256,0.1256
8.8934,pi,6.2800,-0.0000,0.1256,0.1256
8.8985,pi,6.2800,-0.0000,0.1256,0.1256
8.9034,pi,6.2800,-0.0000,0.1256,0.1256
8.9084,pi,6.2800,-0.0000,0.1256,0.1256
8.9135,pi,6.2800,-0.0000,0.1256,0.1256
8.9185,pi,6.2800,-0.0000,0.1256,0.1256
8.9235,pi,6.2800,-0.0000,0.1256,0.1256
8.9285,pi,6.2800,-0.0000,0.1256,0.1256
8.9334,pi,6.2800,-0.0000,0.1256,0.1256
8.9384,pi,6.2800,-0.0000,0.1256,0.1256
8.9434,pi,6.2800,-0.0000,0.1256,0.1256
8.9484,pi,6.2800,-0.0000,0.1256,0.1256
8.9535,pi,6.2800,-0.0000,0.1256,0.1256
8.9585,pi,6.2800,-0.0000,0.1256,0.1256
8.9635,pi,6.2800,-0.0000,0.1256,0.1256
8.9685,pi,6.2800,-0.0000,0.1256,0.1256
8.9734,pi,6.2800,-0.0000,0.1256,0.1256
8.9785,pi,6.2800,-0.0000,0.1256,0.1256
8.9834,pi,6.2800,-0.0000,0.1256,0.1256
8.9887,pi,6.2800,-0.0000,0.1256,0.1256
8.9936,pi,6.2800,-0.0000,0.1256,0.1256
8.9986,pi,6.2800,-0.0000,0.1256,0.1256
9.0034,pi,6.2800,-0.0000,0.1256,0.1256
9.0085,pi,6.2800,-0.0000,0.1256,0.1256
9.0135,pi,6.2800,-0.0000,0.1256,0.1256
9.0186,pi,6.2800,-0.0000,0.1256,0.1256
9.0234,pi,6.2800,-0.0000,0.1256,0.1256
9.0284,pi,6.2800,-0.0000,0.1256,0.1256
9.0335,pi,6.2800,-0.0000,0.1256,0.1256
9.0385,pi,6.2800,-0.0000,0.1256,0.1256
9.0434,pi,6.2800,-0.0000,0.1256,0.1256
9.0484,pi,6.2800,-0.0000,0.1256,0.1256
9.0535,pi,6.2800,-0.0000,0.1256,0.1256
9.0584,pi,6.2800,-0.0000,0.1256,0.1256
9.0634,pi,6.2800,-0.0000,0.1256,0.1256
9.0684,pi,6.2800,-0.0000,0.1256,0.1256
9.0735,pi,6.2800,-0.0000,0.1256,0.1256
9.0784,pi,6.2800,-0.0000,0.1256,0.1256
9.0834,pi,6.2800,-0.0000,0.1256,0.1256
9.0884,pi,6.2800,-0.0000,0.1256,0.1256
9.0935,pi,6.2800,-0.0000,0.1256,0.1256
9.0984,pi,6.2800,-0.0000,0.1256,0.1256
9.1036,pi,6.2800,-0.0000,0.1256,0.1256
9.1089,pi,6.2800,-0.0000,0.1256,0.1256
9.1142,pi,6.2800,-0.0000,0.1256,0.1256
9.1186,pi,6.2800,-0.0000,0.1256,0.1256
9.1234,pi,6.2800,-0.0000,0.1256,0.1256
9.1285,pi,6.2800,-0.0000,0.1256,0.1256
9.1336,pi,6.2800,-0.0000,0.1256,0.1256
9.1386,pi,6.2800,-0.0000,0.1256,0.1256
9.1435,pi,6.2800,-0.0000,0.1256,0.1256
9.1484,pi,6.2800,-0.0000,0.1256,0.1256
9.1535,pi,6.2800,-0.0000,0.1256,0.1256
9.1584,pi,6.2800,-0.0000,0.1256,0.1256
9.1634,pi,6.2800,-0.0000,0.1256,0.1256
9.1685,pi,6.2800,-0.0000,0.1256,0.1256
9.1735,pi,6.2800,-0.0000,0.1256,0.1256
9.1784,pi,6.2800,-0.0000,0.1256,0.1256
9.1834,pi,6.2800,-0.0000,0.1256,0.1256
9.1884,pi,6.2800,-0.0000,0.1256,0.1256
9.1934,pi,6.2800,-0.0000,0.1256,0.1256
9.1984,pi,6.2800,-0.0000,0.1256,0.1256
9.2035,pi,6.2800,-0.0000,0.1256,0.1256
9.2084,pi,6.2800,-0.0000,0.1256,0.1256
9.2135,pi,6.2800,-0.0000,0.1256,0.1256
9.2184,pi,6.2800,-0.0000,0.1256,0.1256
9.2234,pi,6.2800,-0.0000,0.1256,0.1256
9.2284,pi,6.2800,-0.0000,0.1256,0.1256
9.2334,pi,6.2800,-0.0000,0.1256,0.1256
9.2385,pi,6.2800,-0.0000,0.1256,0.1256
9.2435,pi,6.2800,-0.0000,0.1256,0.1256
9.2484,pi,6.2800,-0.0000,0.1256,0.1256
9.2534,pi,6.2800,-0.0000,0.1256,0.1256
9.2585,pi,6.2800,-0.0000,0.1256,0.1256
9.2634,pi,6.2800,-0.0000,0.1256,0.1256
9.2685,pi,6.2800,-0.0000,0.1256,0.1256
9.2734,pi,6.2800,-0.0000,0.1256,0.1256
9.2784,pi,6.2800,-0.0000,0.1256,0.1256
9.2834,pi,6.2800,-0.0000,0.1256,0.1256
9.2884,pi,6.2800,-0.0000,0.1256,0.1256
9.2935,pi,6.2800,-0.0000,0.1256,0.1256
9.2986,pi,6.2800,-0.0000,0.1256,0.1256
9.3041,pi,6.2800,-0.0000,0.1256,0.1256
9.3096,pi,6.2800,-0.0000,0.1256,0.1256
9.3136,pi,6.2800,-0.0000,0.1256,0.1256
9.3184,pi,6.2800,-0.0000,0.1256,0.1256
9.3234,pi,6.2800,-0.0000,0.1256,0.1256
9.3284,pi,6.2800,-0.0000,0.1256,0.1256
9.3335,pi,6.2800,-0.0000,0.1256,0.1256
9.3386,pi,6.2800,-0.0000,0.1256,0.1256
9.3434,pi,6.2800,-0.0000,0.1256,0.1256
9.3484,pi,6.2800,-0.0000,0.1256,0.1256
9.3534,pi,6.2800,-0.0000,0.1256,0.1256
9.3585,pi,6.2800,-0.0000,0.1256,0.1256
9.3635,pi,6.2800,-0.0000,0.1256,0.1256
9.3685,pi,6.2800,-0.0000,0.1256,0.1256
9.3734,pi,6.2800,-0.0000,0.1256,0.1256
9.3785,pi,6.2800,-0.0000,0.1256,0.1256
9.3834,pi,6.2800,-0.0000,0.1256,0.1256
9.3885,pi,6.2800,-0.0000,0.1256,0.1256
9.3934,pi,6.2800,-0.0000,0.1256,0.1256
9.3985,pi,6.2800,-0.0000,0.1256,0.1256
9.4034,pi,6.2800,-0.0000,0.1256,0.1256
9.4084,pi,6.2800,-0.0000,0.1256,0.1256
9.4134,pi,6.2800,-0.0000,0.1256,0.1256
9.4184,pi,6.2800,-0.0000,0.1256,0.1256
9.4235,pi,6.2800,-0.0000,0.1256,0.1256
9.4284,pi,6.2800,-0.0000,0.1256,0.1256
9.4334,pi,6.2800,-0.0000,0.1256,0.1256
9.4385,pi,6.2800,-0.0000,0.1256,0.1256
9.4434,pi,6.2800,-0.0000,0.1256,0.1256
9.4485,pi,6.2800,-0.0000,0.1256,0.1256
9.4534,pi,6.2800,-0.0000,0.1256,0.1256
9.4584,pi,6.2800,-0.0000,0.1256,0.1256
9.4634,pi,6.2800,-0.0000,0.1256,0.1256
9.4685,pi,6.2800,-0.0000,0.1256,0.1256
9.4734,pi,6.2800,-0.0000,0.1256,0.1256
9.4784,pi,6.2800,-0.0000,0.1256,0.1256
9.4835,pi,6.2800,-0.0000,0.1256,0.1256
9.4885,pi,6.2800,-0.0000,0.1256,0.1256
9.4934,pi,6.2800,-0.0000,0.1256,0.1256
9.4984,pi,6.2800,-0.0000,0.1256,0.1256
9.5035,pi,6.2800,-0.0000,0.1256,0.1256
9.5084,pi,6.2800,-0.0000,0.1256,0.1256
9.5134,pi,6.2800,-0.0000,0.1256,0.1256
9.5184,pi,6.2800,-0.0000,0.1256,0.1256
9.5234,pi,6.2800,-0.0000,0.1256,0.1256
9.5285,pi,6.2800,-0.0000,0.1256,0.1256
9.5335,pi,6.2800,-0.0000,0.1256,0.1256
9.5385,pi,6.2800,-0.0000,0.1256,0.1256
9.5436,pi,6.2800,-0.0000,0.1256,0.1256
9.5484,pi,6.2800,-0.0000,0.1256,0.1256
9.5535,pi,6.2800,-0.0000,0.1256,0.1256
9.5584,pi,6.2800,-0.0000,0.1256,0.1256
9.5635,pi,6.2800,-0.0000,0.1256,0.1256
9.5684,pi,6.2800,-0.0000,0.1256,0.1256
9.5735,pi,6.2800,-0.0000,0.1256,0.1256
9.5784,pi,6.2800,-0.0000,0.1256,0.1256
9.5835,pi,6.2800,-0.0000,0.1256,0.1256
9.5885,pi,6.2800,-0.0000,0.1256,0.1256
9.5935,pi,6.2800,-0.0000,0.1256,0.1256
9.5985,pi,6.2800,-0.0000,0.1256,0.1256
9.6034,pi,6.2800,-0.0000,0.1256,0.1256
9.6084,pi,6.2800,-0.0000,0.1256,0.1256
9.6134,pi,6.2800,-0.0000,0.1256,0.1256
9.6184,pi,6.2800,-0.0000,0.1256,0.1256
9.6235,pi,6.2800,-0.0000,0.1256,0.1256
9.6285,pi,6.2800,-0.0000,0.1256,0.1256
9.6335,pi,6.2800,-0.0000,0.1256,0.1256
9.6385,pi,6.2800,-0.0000,0.1256,0.1256
9.6434,pi,6.2800,-0.0000,0.1256,0.1256
9.6484,pi,6.2800,-0.0000,0.1256,0.1256
9.6534,pi,6.2800,-0.0000,0.1256,0.1256
9.6584,pi,6.2800,-0.0000,0.1256,0.1256
9.6635,pi,6.2800,-0.0000,0.1256,0.1256
9.6684,pi,6.2800,-0.0000,0.1256,0.1256
9.6734,pi,6.2800,-0.0000,0.1256,0.1256
9.6784,pi,6.2800,-0.0000,0.1256,0.1256
9.6835,pi,6.2800,-0.0000,0.1256,0.1256
9.6884,pi,6.2800,-0.0000,0.1256,0.1256
9.6935,pi,6.2800,-0.0000,0.1256,0.1256
9.6985,pi,6.2800,-0.0000,0.1256,0.1256
9.7035,pi,6.2800,-0.0000,0.1256,0.1256
9.7085,pi,6.2800,-0.0000,0.1256,0.1256
9.7134,pi,6.2800,-0.0000,0.1256,0.1256
9.7185,pi,6.2800,-0.0000,0.1256,0.1256
9.7234,pi,6.2800,-0.0000,0.1256,0.1256
9.7285,pi,6.2800,-0.0000,0.1256,0.1256
9.7334,pi,6.2800,-0.0000,0.1256,0.1256
9.7385,pi,6.2800,-0.0000,0.1256,0.1256
9.7434,pi,6.2800,-0.0000,0.1256,0.1256
9.7485,pi,6.2800,-0.0000,0.1256,0.1256
9.7534,pi,6.2800,-0.0000,0.1256,0.1256
9.7584,pi,6.2800,-0.0000,0.1256,0.1256
9.7635,pi,6.2800,-0.0000,0.1256,0.1256
9.7684,pi,6.2800,-0.0000,0.1256,0.1256
9.7736,pi,6.2800,-0.0000,0.1256,0.1256
9.7785,pi,6.2800,-0.0000,0.1256,0.1256
9.7834,pi,6.2800,-0.0000,0.1256,0.1256
9.7884,pi,6.2800,-0.0000,0.1256,0.1256
9.7934,pi,6.2800,-0.0000,0.1256,0.1256
9.7984,pi,6.2800,-0.0000,0.1256,0.1256
9.8034,pi,6.2800,-0.0000,0.1256,0.1256
9.8084,pi,6.2800,-0.0000,0.1256,0.1256
9.8134,pi,6.2800,-0.0000,0.1256,0.1256
9.8184,pi,6.2800,-0.0000,0.1256,0.1256
9.8234,pi,6.2800,-0.0000,0.1256,0.1256
9.8284,pi,6.2800,-0.0000,0.1256,0.1256
9.8334,pi,6.2800,-0.0000,0.1256,0.1256
9.8385,pi,6.2800,-0.0000,0.1256,0.1256
9.8435,pi,6.2800,-0.0000,0.1256,0.1256
9.8484,pi,6.2800,-0.0000,0.1256,0.1256
9.8535,pi,6.2800,-0.0000,0.1256,0.1256
9.8584,pi,6.2800,-0.0000,0.1256,0.1256
9.8635,pi,6.2800,-0.0000,0.1256,0.1256
9.8685,pi,6.2800,-0.0000,0.1256,0.1256
9.8734,pi,6.2800,-0.0000,0.1256,0.1256
9.8784,pi,6.2800,-0.0000,0.1256,0.1256
9.8835,pi,6.2800,-0.0000,0.1256,0.1256
9.8884,pi,6.2800,-0.0000,0.1256,0.1256
9.8934,pi,6.2800,-0.0000,0.1256,0.1256
9.8984,pi,6.2800,-0.0000,0.1256,0.1256
9.9034,pi,6.2800,-0.0000,0.1256,0.1256
9.9084,pi,6.2800,-0.0000,0.1256,0.1256
9.9134,pi,6.2800,-0.0000,0.1256,0.1256
9.9184,pi,6.2800,-0.0000,0.1256,0.1256
9.9235,pi,6.2800,-0.0000,0.1256,0.1256
9.9284,pi,6.2800,-0.0000,0.1256,0.1256
9.9335,pi,6.2800,-0.0000,0.1256,0.1256
9.9384,pi,6.2800,-0.0000,0.1256,0.1256
9.9434,pi,6.2800,-0.0000,0.1256,0.1256
9.9484,pi,6.2800,-0.0000,0.1256,0.1256
9.9535,pi,6.2800,-0.0000,0.1256,0.1256
9.9584,pi,6.2800,-0.0000,0.1256,0.1256
9.9634,pi,6.2800,-0.0000,0.1256,0.1256
9.9684,pi,6.2800,-0.0000,0.1256,0.1256
9.9734,pi,6.2800,-0.0000,0.1256,0.1256
9.9784,pi,6.2800,-0.0000,0.1256,0.1256
9.9834,pi,6.2800,-0.0000,0.1256,0.1256
9.9886,pi,6.2800,-0.0000,0.1256,0.1256
9.9935,pi,6.2800,-0.0000,0.1256,0.1256
9.9985,pi,6.2800,-0.0000,0.1256,0.1256
10.0035,pi,6.2800,-0.0000,0.1256,0.1256
10.0084,pi,6.2800,-0.0000,0.1256,0.1256
10.0134,pi,6.2800,-0.0000,0.1256,0.1256
10.0184,pi,6.2800,-0.0000,0.1256,0.1256
10.0234,pi,6.2800,-0.0000,0.1256,0.1256
10.0284,pi,6.2800,-0.0000,0.1256,0.1256
10.0335,pi,6.2800,-0.0000,0.1256,0.1256
10.0385,pi,6.2800,-0.0000,0.1256,0.1256
10.0435,pi,6.2800,-0.0000,0.1256,0.1256
10.0484,pi,6.2800,-0.0000,0.1256,0.1256
10.0535,pi,6.2800,-0.0000,0.1256,0.1256
10.0584,pi,6.2800,-0.0000,0.1256,0.1256
10.0635,pi,6.2800,-0.0000,0.1256,0.1256
10.0684,pi,6.2800,-0.0000,0.1256,0.1256
10.0735,pi,6.2800,-0.0000,0.1256,0.1256
10.0784,pi,6.2800,-0.0000,0.1256,0.1256
10.0835,pi,6.2800,-0.0000,0.1256,0.1256
10.0884,pi,6.2800,-0.0000,0.1256,0.1256
10.0934,pi,6.2800,-0.0000,0.1256,0.1256
10.0985,pi,6.2800,-0.0000,0.1256,0.1256
10.1034,pi,6.2800,-0.0000,0.1256,0.1256
10.1084,pi,6.2800,-0.0000,0.1256,0.1256
10.1134,pi,6.2800,-0.0000,0.1256,0.1256
10.1185,pi,6.2800,-0.0000,0.1256,0.1256
10.1234,pi,6.2800,-0.0000,0.1256,0.1256
10.1285,pi,6.2800,-0.0000,0.1256,0.1256
10.1337,pi,6.2800,-0.0000,0.1256,0.1256
10.1386,pi,6.2800,-0.0000,0.1256,0.1256
10.1435,pi,6.2800,-0.0000,0.1256,0.1256
10.1484,pi,6.2800,-0.0000,0.1256,0.1256
10.1534,pi,6.2800,-0.0000,0.1256,0.1256
10.1584,pi,6.2800,-0.0000,0.1256,0.1256
10.1635,pi,6.2800,-0.0000,0.1256,0.1256
10.1685,pi,6.2800,-0.0000,0.1256,0.1256
10.1735,pi,6.2800,-0.0000,0.1256,0.1256
10.1784,pi,6.2800,-0.0000,0.1256,0.1256
10.1834,pi,6.2800,-0.0000,0.1256,0.1256
10.1885,pi,6.2800,-0.0000,0.1256,0.1256
10.1934,pi,6.2800,-0.0000,0.1256,0.1256
10.1985,pi,6.2800,-0.0000,0.1256,0.1256
10.2034,pi,6.2800,-0.0000,0.1256,0.1256
10.2084,pi,6.2800,-0.0000,0.1256,0.1256
10.2135,pi,6.2800,-0.0000,0.1256,0.1256
10.2186,pi,6.2800,-0.0000,0.1256,0.1256
10.2235,pi,6.2800,-0.0000,0.1256,0.1256
10.2284,pi,6.2800,-0.0000,0.1256,0.1256
10.2335,pi,6.2800,-0.0000,0.1256,0.1256
10.2385,pi,6.2800,-0.0000,0.1256,0.1256
10.2434,pi,6.2800,-0.0000,0.1256,0.1256
10.2485,pi,6.2800,-0.0000,0.1256,0.1256
10.2534,pi,6.2800,-0.0000,0.1256,0.1256
10.2585,pi,6.2800,-0.0000,0.1256,0.1256
10.2634,pi,6.2800,-0.0000,0.1256,0.1256
10.2684,pi,6.2800,-0.0000,0.1256,0.1256
10.2734,pi,6.2800,-0.0000,0.1256,0.1256
10.2785,pi,6.2800,-0.0000,0.1256,0.1256
10.2834,pi,6.2800,-0.0000,0.1256,0.1256
10.2885,pi,6.2800,-0.0000,0.1256,0.1256
10.2935,pi,6.2800,-0.0000,0.1256,0.1256
10.2984,pi,6.2800,-0.0000,0.1256,0.1256
10.3034,pi,6.2800,-0.0000,0.1256,0.1256
10.3084,pi,6.2800,-0.0000,0.1256,0.1256
10.3134,pi,6.2800,-0.0000,0.1256,0.1256
10.3184,pi,6.2800,-0.0000,0.1256,0.1256
10.3235,pi,6.2800,-0.0000,0.1256,0.1256
10.3284,pi,6.2800,-0.0000,0.1256,0.1256
10.3334,pi,6.2800,-0.0000,0.1256,0.1256
10.3385,pi,6.2800,-0.0000,0.1256,0.1256
10.3434,pi,6.2800,-0.0000,0.1256,0.1256
10.3484,pi,6.2800,-0.0000,0.1256,0.1256
10.3534,pi,6.2800,-0.0000,0.1256,0.1256
10.3584,pi,6.2800,-0.0000,0.1256,0.1256
10.3634,pi,6.2800,-0.0000,0.1256,0.1256
10.3684,pi,6.2800,-0.0000,0.1256,0.1256
10.3734,pi,6.2800,-0.0000,0.1256,0.1256
10.3784,pi,6.2800,-0.0000,0.1256,0.1256
10.3834,pi,6.2800,-0.0000,0.1256,0.1256
10.3884,pi,6.2800,-0.0000,0.1256,0.1256
10.3934,pi,6.2800,-0.0000,0.1256,0.1256
10.3984,pi,6.2800,-0.0000,0.1256,0.1256
10.4035,pi,6.2800,-0.0000,0.1256,0.1256
10.4084,pi,6.2800,-0.0000,0.1256,0.1256
10.4135,pi,6.2800,-0.0000,0.1256,0.1256
10.4184,pi,6.2800,-0.0000,0.1256,0.1256
10.4235,pi,6.2800,-0.0000,0.1256,0.1256
10.4284,pi,6.2800,-0.0000,0.1256,0.1256
10.4334,pi,6.2800,-0.0000,0.1256,0.1256
10.4385,pi,6.2800,-0.0000,0.1256,0.1256
10.4435,pi,6.2800,-0.0000,0.1256,0.1256
10.4484,pi,6.2800,-0.0000,0.1256,0.1256
10.4534,pi,6.2800,-0.0000,0.1256,0.1256
10.4584,pi,6.2800,-0.0000,0.1256,0.1256
10.4634,pi,6.2800,-0.0000,0.1256,0.1256
10.4684,pi,6.2800,-0.0000,0.1256,0.1256
10.4734,pi,6.2800,-0.0000,0.1256,0.1256
10.4785,pi,6.2800,-0.0000,0.1256,0.1256
10.4834,pi,6.2800,-0.0000,0.1256,0.1256
10.4884,pi,6.2800,-0.0000,0.1256,0.1256
10.4934,pi,6.2800,-0.0000,0.1256,0.1256
10.4985,pi,6.2800,-0.0000,0.1256,0.1256
10.5034,pi,6.2800,-0.0000,0.1256,0.1256
10.5084,pi,6.2800,-0.0000,0.1256,0.1256
10.5134,pi,6.2800,-0.0000,0.1256,0.1256
10.5184,pi,6.2800,-0.0000,0.1256,0.1256
10.5235,pi,6.2800,-0.0000,0.1256,0.1256
10.5284,pi,6.2800,-0.0000,0.1256,0.1256
10.5334,pi,6.2800,-0.0000,0.1256,0.1256
10.5384,pi,6.2800,-0.0000,0.1256,0.1256
10.5435,pi,6.2800,-0.0000,0.1256,0.1256
10.5484,pi,6.2800,-0.0000,0.1256,0.1256
10.5534,pi,6.2800,-0.0000,0.1256,0.1256
10.5584,pi,6.2800,-0.0000,0.1256,0.1256
10.5634,pi,6.2800,-0.0000,0.1256,0.1256
10.5684,pi,6.2800,-0.0000,0.1256,0.1256
10.5735,pi,6.2800,-0.0000,0.1256,0.1256
10.5784,pi,6.2800,-0.0000,0.1256,0.1256
10.5834,pi,6.2800,-0.0000,0.1256,0.1256
10.5885,pi,6.2800,-0.0000,0.1256,0.1256
10.5935,pi,6.2800,-0.0000,0.1256,0.1256
10.5984,pi,6.2800,-0.0000,0.1256,0.1256
10.6035,pi,6.2800,-0.0000,0.1256,0.1256
10.6084,pi,6.2800,-0.0000,0.1256,0.1256
10.6134,pi,6.2800,-0.0000,0.1256,0.1256
10.6185,pi,6.2800,-0.0000,0.1256,0.1256
10.6234,pi,6.2800,-0.0000,0.1256,0.1256
10.6284,pi,6.2800,-0.0000,0.1256,0.1256
10.6336,pi,6.2800,-0.0000,0.1256,0.1256
10.6387,pi,6.2800,-0.0000,0.1256,0.1256
10.6437,pi,6.2800,-0.0000,0.1256,0.1256
10.6486,pi,6.2800,-0.0000,0.1256,0.1256
10.6536,pi,6.2800,-0.0000,0.1256,0.1256
10.6584,pi,6.2800,-0.0000,0.1256,0.1256
10.6634,pi,6.2800,-0.0000,0.1256,0.1256
10.6685,pi,6.2800,-0.0000,0.1256,0.1256
10.6735,pi,6.2800,-0.0000,0.1256,0.1256
10.6786,pi,6.2800,-0.0000,0.1256,0.1256
10.6836,pi,6.2800,-0.0000,0.1256,0.1256
10.6884,pi,6.2800,-0.0000,0.1256,0.1256
10.6934,pi,6.2800,-0.0000,0.1256,0.1256
10.6984,pi,6.2800,-0.0000,0.1256,0.1256
10.7034,pi,6.2800,-0.0000,0.1256,0.1256
10.7085,pi,6.2800,-0.0000,0.1256,0.1256
10.7134,pi,6.2800,-0.0000,0.1256,0.1256
10.7184,pi,6.2800,-0.0000,0.1256,0.1256
10.7234,pi,6.2800,-0.0000,0.1256,0.1256
10.7284,pi,6.2800,-0.0000,0.1256,0.1256
10.7335,pi,6.2800,-0.0000,0.1256,0.1256
10.7385,pi,6.2800,-0.0000,0.1256,0.1256
10.7434,pi,6.2800,-0.0000,0.1256,0.1256
10.7485,pi,6.2800,-0.0000,0.1256,0.1256
10.7534,pi,6.2800,-0.0000,0.1256,0.1256
10.7585,pi,6.2800,-0.0000,0.1256,0.1256
10.7634,pi,6.2800,-0.0000,0.1256,0.1256
10.7685,pi,6.2800,-0.0000,0.1256,0.1256
10.7734,pi,6.2800,-0.0000,0.1256,0.1256
10.7785,pi,6.2800,-0.0000,0.1256,0.1256
10.7834,pi,6.2800,-0.0000,0.1256,0.1256
10.7884,pi,6.2800,-0.0000,0.1256,0.1256
10.7934,pi,6.2800,-0.0000,0.1256,0.1256
10.7984,pi,6.2800,-0.0000,0.1256,0.1256
10.8034,pi,6.2800,-0.0000,0.1256,0.1256
10.8086,pi,6.2800,-0.0000,0.1256,0.1256
10.8135,pi,6.2800,-0.0000,0.1256,0.1256
10.8185,pi,6.2800,-0.0000,0.1256,0.1256
10.8235,pi,6.2800,-0.0000,0.1256,0.1256
10.8284,pi,6.2800,-0.0000,0.1256,0.1256
10.8335,pi,6.2800,-0.0000,0.1256,0.1256
10.8389,pi,6.2800,-0.0000,0.1256,0.1256
10.8443,pi,6.2800,-0.0000,0.1256,0.1256
10.8494,pi,6.2800,-0.0000,0.1256,0.1256
10.8549,pi,6.2800,-0.0000,0.1256,0.1256
10.8596,pi,6.2800,-0.0000,0.1256,0.1256
10.8642,pi,6.2800,-0.0000,0.1256,0.1256
10.8692,pi,6.2800,-0.0000,0.1256,0.1256
10.8738,pi,6.2800,-0.0000,0.1256,0.1256
10.8786,pi,6.2800,-0.0000,0.1256,0.1256
10.8840,pi,6.2800,-0.0000,0.1256,0.1256
10.8888,pi,6.2800,-0.0000,0.1256,0.1256
10.8936,pi,6.2800,-0.0000,0.1256,0.1256
10.8985,pi,6.2800,-0.0000,0.1256,0.1256
10.9036,pi,6.2800,-0.0000,0.1256,0.1256
10.9085,pi,6.2800,-0.0000,0.1256,0.1256
10.9136,pi,6.2800,-0.0000,0.1256,0.1256
10.9186,pi,6.2800,-0.0000,0.1256,0.1256
10.9241,pi,6.2800,-0.0000,0.1256,0.1256
10.9293,pi,6.2800,-0.0000,0.1256,0.1256
10.9337,pi,6.2800,-0.0000,0.1256,0.1256
10.9390,pi,6.2800,-0.0000,0.1256,0.1256
10.9439,pi,6.2800,-0.0000,0.1256,0.1256
10.9487,pi,6.2800,-0.0000,0.1256,0.1256
10.9536,pi,6.2800,-0.0000,0.1256,0.1256
10.9586,pi,6.2800,-0.0000,0.1256,0.1256
10.9637,pi,6.2800,-0.0000,0.1256,0.1256
10.9687,pi,6.2800,-0.0000,0.1256,0.1256
10.9736,pi,6.2800,-0.0000,0.1256,0.1256
10.9787,pi,6.2800,-0.0000,0.1256,0.1256
10.9836,pi,6.2800,-0.0000,0.1256,0.1256
10.9885,pi,6.2800,-0.0000,0.1256,0.1256
10.9934,pi,6.2800,-0.0000,0.1256,0.1256
10.9985,pi,6.2800,-0.0000,0.1256,0.1256
11.0034,pi,6.2800,-0.0000,0.1256,0.1256
11.0085,pi,6.2800,-0.0000,0.1256,0.1256
11.0134,pi,6.2800,-0.0000,0.1256,0.1256
11.0185,pi,6.2800,-0.0000,0.1256,0.1256
11.0234,pi,6.2800,-0.0000,0.1256,0.1256
11.0285,pi,6.2800,-0.0000,0.1256,0.1256
11.0334,pi,6.2800,-0.0000,0.1256,0.1256
11.0385,pi,6.2800,-0.0000,0.1256,0.1256
11.0434,pi,6.2800,-0.0000,0.1256,0.1256
11.0484,pi,6.2800,-0.0000,0.1256,0.1256
11.0534,pi,6.2800,-0.0000,0.1256,0.1256
11.0584,pi,6.2800,-0.0000,0.1256,0.1256
11.0634,pi,6.2800,-0.0000,0.1256,0.1256
11.0685,pi,6.2800,-0.0000,0.1256,0.1256
11.0734,pi,6.2800,-0.0000,0.1256,0.1256
11.0784,pi,6.2800,-0.0000,0.1256,0.1256
11.0834,pi,6.2800,-0.0000,0.1256,0.1256
11.0884,pi,6.2800,-0.0000,0.1256,0.1256
11.0935,pi,6.2800,-0.0000,0.1256,0.1256
11.0984,pi,6.2800,-0.0000,0.1256,0.1256
11.1035,pi,6.2800,-0.0000,0.1256,0.1256
11.1084,pi,6.2800,-0.0000,0.1256,0.1256
11.1135,pi,6.2800,-0.0000,0.1256,0.1256
11.1185,pi,6.2800,-0.0000,0.1256,0.1256
11.1234,pi,6.2800,-0.0000,0.1256,0.1256
11.1284,pi,6.2800,-0.0000,0.1256,0.1256
11.1335,pi,6.2800,-0.0000,0.1256,0.1256
11.1388,pi,6.2800,-0.0000,0.1256,0.1256
11.1438,pi,6.2800,-0.0000,0.1256,0.1256
11.1489,pi,6.2800,-0.0000,0.1256,0.1256
11.1540,pi,6.2800,-0.0000,0.1256,0.1256
11.1586,pi,6.2800,-0.0000,0.1256,0.1256
11.1634,pi,6.2800,-0.0000,0.1256,0.1256
11.1684,pi,6.2800,-0.0000,0.1256,0.1256
11.1734,pi,6.2800,-0.0000,0.1256,0.1256
11.1784,pi,6.2800,-0.0000,0.1256,0.1256
11.1834,pi,6.2800,-0.0000,0.1256,0.1256
11.1885,pi,6.2800,-0.0000,0.1256,0.1256
11.1934,pi,6.2800,-0.0000,0.1256,0.1256
11.1984,pi,6.2800,-0.0000,0.1256,0.1256
11.2034,pi,6.2800,-0.0000,0.1256,0.1256
11.2084,pi,6.2800,-0.0000,0.1256,0.1256
11.2135,pi,6.2800,-0.0000,0.1256,0.1256
11.2184,pi,6.2800,-0.0000,0.1256,0.1256
11.2235,pi,6.2800,-0.0000,0.1256,0.1256
11.2284,pi,6.2800,-0.0000,0.1256,0.1256
11.2335,pi,6.2800,-0.0000,0.1256,0.1256
11.2384,pi,6.2800,-0.0000,0.1256,0.1256
11.2435,pi,6.2800,-0.0000,0.1256,0.1256
11.2487,pi,6.2800,-0.0000,0.1256,0.1256
11.2535,pi,6.2800,-0.0000,0.1256,0.1256
11.2585,pi,6.2800,-0.0000,0.1256,0.1256
11.2637,pi,6.2800,-0.0000,0.1256,0.1256
11.2684,pi,6.2800,-0.0000,0.1256,0.1256
11.2735,pi,6.2800,-0.0000,0.1256,0.1256
11.2784,pi,6.2800,-0.0000,0.1256,0.1256
11.2835,pi,6.2800,-0.0000,0.1256,0.1256
11.2884,pi,6.2800,-0.0000,0.1256,0.1256
11.2934,pi,6.2800,-0.0000,0.1256,0.1256
11.2984,pi,6.2800,-0.0000,0.1256,0.1256
11.3034,pi,6.2800,-0.0000,0.1256,0.1256
11.3084,pi,6.2800,-0.0000,0.1256,0.1256
11.3137,pi,6.2800,-0.0000,0.1256,0.1256
11.3191,pi,6.2800,-0.0000,0.1256,0.1256
11.3248,pi,6.2800,-0.0000,0.1256,0.1256
11.3300,pi,6.2800,-0.0000,0.1256,0.1256
11.3350,pi,6.2800,-0.0000,0.1256,0.1256
11.3411,pi,6.2800,-0.0000,0.1256,0.1256
11.3459,pi,6.2800,-0.0000,0.1256,0.1256
11.3506,pi,6.2800,-0.0000,0.1256,0.1256
11.3554,pi,6.2800,-0.0000,0.1256,0.1256
11.3599,pi,6.2800,-0.0000,0.1256,0.1256
11.3649,pi,6.2800,-0.0000,0.1256,0.1256
11.3700,pi,6.2800,-0.0000,0.1256,0.1256
11.3747,pi,6.2800,-0.0000,0.1256,0.1256
11.3797,pi,6.2800,-0.0000,0.1256,0.1256
11.3855,pi,6.2800,-0.0000,0.1256,0.1256
11.3902,pi,6.2800,-0.0000,0.1256,0.1256
11.3965,pi,6.2800,-0.0000,0.1256,0.1256
11.4062,pi,6.2800,-0.0000,0.1256,0.1256
11.4120,pi,6.2800,-0.0000,0.1256,0.1256
11.4170,pi,6.2800,-0.0000,0.1256,0.1256
11.4208,pi,6.2800,-0.0000,0.1256,0.1256
11.4246,pi,6.2800,-0.0000,0.1256,0.1256
11.4284,pi,6.2800,-0.0000,0.1256,0.1256
11.4334,pi,6.2800,-0.0000,0.1256,0.1256
11.4384,pi,6.2800,-0.0000,0.1256,0.1256
11.4440,pi,6.2800,-0.0000,0.1256,0.1256
11.4496,pi,6.2800,-0.0000,0.1256,0.1256
11.4549,pi,6.2800,-0.0000,0.1256,0.1256
11.4608,pi,6.2800,-0.0000,0.1256,0.1256
11.4647,pi,6.2800,0.0457,0.1247,0.1247
11.4685,pi,6.2800,0.1279,0.1230,0.1230
11.4734,pi,6.2800,0.2029,0.1215,0.1215
11.4785,pi,6.2800,0.3131,0.1193,0.1193
11.4835,pi,6.2800,0.5018,0.1156,0.1156
11.4885,pi,6.2800,0.7029,0.1115,0.1115
11.4937,pi,6.2800,0.9284,0.1070,0.1070
11.4993,pi,6.2800,1.1549,0.9984,0.9984
11.5059,pi,6.2800,1.5302,0.9922,0.9922
11.5105,pi,6.2800,1.8629,0.9871,0.9871
11.5150,pi,6.2800,2.3929,0.9773,0.9773
11.5189,pi,6.2800,3.1175,0.9638,0.9638
11.5234,pi,6.2800,4.0530,0.9458,0.9458
11.5285,pi,6.2800,5.2010,0.9234,0.9234
11.5335,pi,6.2800,6.4736,0.8982,0.8982
11.5385,pi,6.2800,7.9425,0.8688,0.8688
11.5434,pi,6.2800,9.3699,0.8399,0.8399
11.5485,pi,6.2800,10.9683,0.8071,0.8071
11.5535,pi,6.2800,12.7541,0.7702,0.7702
11.5585,pi,6.2800,14.7627,0.7284,0.7284
11.5635,pi,6.2800,16.6579,0.6884,0.6884
11.5685,pi,6.2800,18.5368,0.6482,0.6482
11.5735,pi,6.2800,20.3132,0.6097,0.6097
11.5785,pi,6.2800,21.9648,0.5731,0.5731
11.5835,pi,6.2800,23.4225,0.5400,0.5400
11.5886,pi,6.2800,24.7236,0.5097,0.5097
11.5937,pi,6.2800,25.8588,0.4824,0.4824
11.5990,pi,6.2800,26.7690,0.4593,0.4593
11.6038,pi,6.2800,27.4467,0.4406,0.4406
11.6089,pi,6.2800,27.8883,0.4265,0.4265
11.6137,pi,6.2800,28.1409,0.4160,0.4160
11.6185,pi,6.2800,28.2924,0.4076,0.4076
11.6235,pi,6.2800,28.2626,0.4027,0.4027
11.6284,pi,6.2800,28.0884,0.4006,0.4006
11.6335,pi,6.2800,27.7969,0.4010,0.4010
11.6386,pi,6.2800,27.4141,0.4033,0.4033
11.6435,pi,6.2800,26.9576,0.4071,0.4071
11.6485,pi,6.2800,26.4919,0.4113,0.4113
11.6534,pi,6.2800,26.0846,0.4144,0.4144
11.6585,pi,6.2800,25.6204,0.4187,0.4187
11.6636,pi,6.2800,25.1180,0.4239,0.4239
11.6686,pi,6.2800,24.5645,0.4303,0.4303
11.6736,pi,6.2800,24.0743,0.4355,0.4355
11.6784,pi,6.2800,23.6335,0.4399,0.4399
11.6834,pi,6.2800,23.2490,0.4432,0.4432
11.6885,pi,6.2800,22.8962,0.4461,0.4461
11.6942,pi,6.2800,22.5854,0.4481,0.4481
11.7004,pi,6.2800,22.2903,0.4499,0.4499
11.7058,pi,6.2800,22.0019,0.4517,0.4517
11.7104,pi,6.2800,21.8240,0.4513,0.4513
11.7146,pi,6.2800,21.6633,0.4507,0.4507
11.7188,pi,6.2800,21.4900,0.4503,0.4503
11.7235,pi,6.2800,21.3526,0.4492,0.4492
11.7287,pi,6.2800,21.2034,0.4484,0.4484
11.7335,pi,6.2800,21.1317,0.4461,0.4461
11.7392,pi,6.2800,21.0753,0.4435,0.4435
11.7441,pi,6.2800,21.0157,0.4410,0.4410
11.7485,pi,6.2800,20.9265,0.4391,0.4391
11.7534,pi,6.2800,20.9010,0.4360,0.4360
11.7584,pi,6.2800,20.8810,0.4327,0.4327
11.7634,pi,6.2800,20.8178,0.4304,0.4304
11.7686,pi,6.2800,20.7751,0.4276,0.4276
11.7738,pi,6.2800,20.7409,0.4246,0.4246
11.7796,pi,6.2800,20.7627,0.4206,0.4206
11.7857,pi,6.2800,20.7670,0.4169,0.4169
11.7899,pi,6.2800,20.7284,0.4140,0.4140
11.7941,pi,6.2800,20.6975,0.4110,0.4110
11.7987,pi,6.2800,20.6731,0.4079,0.4079
11.8035,pi,6.2800,20.6523,0.4047,0.4047
11.8085,pi,6.2800,20.5932,0.4023,0.4023
11.8135,pi,6.2800,20.5455,0.3997,0.3997
11.8190,pi,6.2800,20.5073,0.3969,0.3969
11.8236,pi,6.2800,20.4730,0.3940,0.3940
11.8285,pi,6.2800,20.4460,0.3910,0.3910
11.8335,pi,6.2800,20.3805,0.3888,0.3888
11.8385,pi,6.2800,20.2819,0.3872,0.3872
11.8438,pi,6.2800,20.1944,0.3855,0.3855
11.8485,pi,6.2800,20.1258,0.3834,0.3834
11.8534,pi,6.2800,20.0304,0.3818,0.3818
11.8586,pi,6.2800,19.9449,0.3801,0.3801
11.8635,pi,6.2800,19.8397,0.3788,0.3788
11.8685,pi,6.2800,19.7561,0.3771,0.3771
11.8736,pi,6.2800,19.6448,0.3759,0.3759
11.8785,pi,6.2800,19.4850,0.3758,0.3758
11.8837,pi,6.2800,19.3565,0.3750,0.3750
11.8887,pi,6.2800,19.2549,0.3738,0.3738
11.8935,pi,6.2800,19.1501,0.3727,0.3727
11.8985,pi,6.2800,19.0686,0.3711,0.3711
11.9035,pi,6.2800,18.9570,0.3701,0.3701
11.9088,pi,6.2800,18.8669,0.3688,0.3688
11.9157,pi,6.2800,18.7577,0.3678,0.3678
11.9216,pi,6.2800,18.6748,0.3663,0.3663
11.9280,pi,6.2800,18.6078,0.3646,0.3646
11.9337,pi,6.2800,18.5534,0.3626,0.3626
11.9381,pi,6.2800,18.4590,0.3614,0.3614
11.9424,pi,6.2800,18.2855,0.3618,0.3618
11.9467,pi,6.2800,18.1451,0.3616,0.3616
11.9509,pi,6.2800,17.9845,0.3618,0.3618
11.9551,pi,6.2800,17.8612,0.3614,0.3614
11.9593,pi,6.2800,17.7623,0.3605,0.3605
11.9640,pi,6.2800,17.6824,0.3592,0.3592
11.9687,pi,6.2800,17.6231,0.3576,0.3576
11.9735,pi,6.2800,17.5268,0.3566,0.3566
11.9786,pi,6.2800,17.4488,0.3554,0.3554
11.9836,pi,6.2800,17.3870,0.3538,0.3538
11.9890,pi,6.2800,17.4267,0.3503,0.3503
11.9941,pi,6.2800,17.4588,0.3468,0.3468
11.9990,pi,6.2800,17.4833,0.3435,0.3435
12.0040,pi,6.2800,17.3004,0.3444,0.3444
12.0092,pi,6.2800,16.8997,0.3496,0.3496
12.0137,pi,6.2800,16.5846,0.3533,0.3533
12.0191,pi,6.2800,16.2816,0.3568,0.3568
12.0241,pi,6.2800,16.0384,0.3591,0.3591
12.0293,pi,6.2800,15.7950,0.3616,0.3616
12.0337,pi,6.2800,15.5005,0.3651,0.3651
12.0389,pi,6.2800,15.3241,0.3663,0.3663
12.0439,pi,6.2800,15.0939,0.3686,0.3686
12.0491,pi,6.2800,14.8180,0.3720,0.3720
12.0537,pi,6.2800,14.5521,0.3751,0.3751
12.0585,pi,6.2800,14.5675,0.3728,0.3728
12.0634,pi,6.2800,14.7647,0.3668,0.3668
12.0684,pi,6.2800,14.9674,0.3606,0.3606
12.0735,pi,6.2800,15.1289,0.3552,0.3552
12.0785,pi,6.2800,15.2583,0.3504,0.3504
12.0835,pi,6.2800,15.4075,0.3452,0.3452
12.0885,pi,6.2800,15.6180,0.3387,0.3387
12.0935,pi,6.2800,15.7864,0.3330,0.3330
12.0985,pi,6.2800,15.9660,0.3270,0.3270
12.1035,pi,6.2800,16.2016,0.3199,0.3199
12.1085,pi,6.2800,16.4352,0.3127,0.3127
12.1135,pi,6.2800,16.5661,0.3076,0.3076
12.1185,pi,6.2800,16.5704,0.3049,0.3049
12.1235,pi,6.2800,16.5917,0.3019,0.3019
12.1285,pi,6.2800,16.5908,0.2993,0.2993
12.1339,pi,6.2800,16.5369,0.2978,0.2978
12.1390,pi,6.2800,16.4335,0.2973,0.2973
12.1439,pi,6.2800,16.3154,0.2971,0.2971
12.1485,pi,6.2800,16.2671,0.2956,0.2956
12.1535,pi,6.2800,16.1807,0.2948,0.2948
12.1585,pi,6.2800,16.0976,0.2940,0.2940
12.1635,pi,6.2800,15.9853,0.2938,0.2938
12.1685,pi,6.2800,15.8962,0.2932,0.2932
12.1735,pi,6.2800,15.7826,0.2931,0.2931
12.1785,pi,6.2800,15.6893,0.2925,0.2925
12.1835,pi,6.2800,15.5680,0.2926,0.2926
12.1885,pi,6.2800,15.4728,0.2922,0.2922
12.1935,pi,6.2800,15.4037,0.2913,0.2913
12.1985,pi,6.2800,15.3404,0.2903,0.2903
12.2035,pi,6.2800,15.2364,0.2901,0.2901
12.2085,pi,6.2800,15.1047,0.2905,0.2905
12.2135,pi,6.2800,14.9987,0.2904,0.2904
12.2185,pi,6.2800,14.9144,0.2899,0.2899
12.2234,pi,6.2800,14.8560,0.2889,0.2889
12.2285,pi,6.2800,14.7640,0.2886,0.2886
12.2335,pi,6.2800,14.6922,0.2879,0.2879
12.2385,pi,6.2800,14.6787,0.2861,0.2861
12.2435,pi,6.2800,14.6056,0.2855,0.2855
12.2485,pi,6.2800,14.5495,0.2845,0.2845
12.2534,pi,6.2800,14.5183,0.2830,0.2830
12.2586,pi,6.2800,14.5246,0.2809,0.2809
12.2636,pi,6.2800,14.4847,0.2796,0.2796
12.2686,pi,6.2800,14.4020,0.2792,0.2792
12.2737,pi,6.2800,14.3352,0.2785,0.2785
12.2784,pi,6.2800,14.3015,0.2772,0.2772
12.2834,pi,6.2800,14.2751,0.2757,0.2757
12.2885,pi,6.2800,14.2078,0.2750,0.2750
12.2935,pi,6.2800,14.1055,0.2751,0.2751
12.2985,pi,6.2800,14.0738,0.2738,0.2738
12.3037,pi,6.2800,13.9713,0.2739,0.2739
12.3085,pi,6.2800,13.8725,0.2739,0.2739
12.3135,pi,6.2800,13.7987,0.2735,0.2735
12.3185,pi,6.2800,13.7359,0.2729,0.2729
12.3235,pi,6.2800,13.6516,0.2727,0.2727
12.3285,pi,6.2800,13.5855,0.2722,0.2722
12.3335,pi,6.2800,13.5314,0.2714,0.2714
12.3385,pi,6.2800,13.5373,0.2695,0.2695
12.3434,pi,6.2800,13.5255,0.2679,0.2679
12.3485,pi,6.2800,13.4844,0.2669,0.2669
12.3534,pi,6.2800,13.4835,0.2652,0.2652
12.3585,pi,6.2800,13.4842,0.2633,0.2633
12.3635,pi,6.2800,13.4512,0.2622,0.2622
12.3685,pi,6.2800,13.4244,0.2609,0.2609
12.3735,pi,6.2800,13.3890,0.2599,0.2599
12.3794,pi,6.2800,13.3729,0.2584,0.2584
12.3844,pi,6.2800,13.3617,0.2569,0.2569
12.3889,pi,6.2800,13.3394,0.2555,0.2555
12.3935,pi,6.2800,13.2841,0.2549,0.2549
12.3984,pi,6.2800,13.2327,0.2542,0.2542
12.4035,pi,6.2800,13.1914,0.2533,0.2533
12.4085,pi,6.2800,13.1121,0.2531,0.2531
12.4136,pi,6.2800,13.0945,0.2517,0.2517
12.4185,pi,6.2800,13.0385,0.2512,0.2512
12.4234,pi,6.2800,13.0363,0.2495,0.2495
12.4288,pi,6.2800,12.9879,0.2488,0.2488
12.4343,pi,6.2800,12.9505,0.2479,0.2479
12.4396,pi,6.2800,12.9228,0.2468,0.2468
12.4447,pi,6.2800,12.9016,0.2455,0.2455
12.4491,pi,6.2800,12.8344,0.2452,0.2452
12.4538,pi,6.2800,12.8305,0.2436,0.2436
12.4585,pi,6.2800,12.7776,0.2431,0.2431
12.4634,pi,6.2800,12.7356,0.2423,0.2423
12.4685,pi,6.2800,12.6557,0.2423,0.2423
12.4735,pi,6.2800,12.6392,0.2410,0.2410
12.4785,pi,6.2800,12.5790,0.2406,0.2406
12.4835,pi,6.2800,12.5775,0.2391,0.2391
12.4885,pi,6.2800,12.5303,0.2384,0.2384
12.4934,pi,6.2800,12.4476,0.2385,0.2385
12.4985,pi,6.2800,12.4211,0.2375,0.2375
12.5035,pi,6.2800,12.4047,0.2363,0.2363
12.5084,pi,6.2800,12.2998,0.2369,0.2369
12.5134,pi,6.2800,12.2623,0.2361,0.2361
12.5188,pi,6.2800,12.2221,0.2354,0.2354
12.5239,pi,6.2800,12.1380,0.2356,0.2356
12.5285,pi,6.2800,12.0712,0.2355,0.2355
12.5334,pi,6.2800,12.0191,0.2351,0.2351
12.5386,pi,6.2800,11.9757,0.2345,0.2345
12.5434,pi,6.2800,11.9116,0.2344,0.2344
12.5485,pi,6.2800,11.9059,0.2331,0.2331
12.5535,pi,6.2800,11.8854,0.2321,0.2321
12.5585,pi,6.2800,11.8392,0.2316,0.2316
12.5635,pi,6.2800,11.8332,0.2304,0.2304
12.5685,pi,6.2800,11.8420,0.2288,0.2288
12.5735,pi,6.2800,11.8046,0.2281,0.2281
12.5785,pi,6.2800,11.8210,0.2264,0.2264
12.5835,pi,6.2800,11.7888,0.2257,0.2257
12.5885,pi,6.2800,11.7615,0.2249,0.2249
12.5935,pi,6.2800,11.7716,0.2233,0.2233
12.5985,pi,6.2800,11.7290,0.2228,0.2228
12.6034,pi,6.2800,11.7134,0.2217,0.2217
12.6085,pi,6.2800,11.6826,0.2210,0.2210
12.6134,pi,6.2800,11.6766,0.2197,0.2197
12.6185,pi,6.2800,11.6264,0.2194,0.2194
12.6235,pi,6.2800,11.5863,0.2189,0.2189
12.6285,pi,6.2800,11.5540,0.2182,0.2182
12.6335,pi,6.2800,11.5551,0.2168,0.2168
12.6385,pi,6.2800,11.5060,0.2165,0.2165
12.6435,pi,6.2800,11.4164,0.2170,0.2170
12.6484,pi,6.2800,11.3723,0.2166,0.2166
12.6535,pi,6.2800,11.3094,0.2166,0.2166
12.6584,pi,6.2800,11.2867,0.2158,0.2158
12.6635,pi,6.2800,11.2688,0.2149,0.2149
12.6685,pi,6.2800,11.2086,0.2148,0.2148
12.6735,pi,6.2800,11.1603,0.2146,0.2146
12.6784,pi,6.2800,11.1221,0.2141,0.2141
12.6835,pi,6.2800,11.0911,0.2135,0.2135
12.6886,pi,6.2800,11.0332,0.2135,0.2135
12.6934,pi,6.2800,11.0204,0.2125,0.2125
12.6985,pi,6.2800,11.0098,0.2116,0.2116
12.7034,pi,6.2800,10.9559,0.2115,0.2115
12.7085,pi,6.2800,10.8746,0.2119,0.2119
12.7135,pi,6.2800,10.8110,0.2120,0.2120
12.7184,pi,6.2800,10.7968,0.2112,0.2112
12.7234,pi,6.2800,10.7853,0.2103,0.2103
12.7285,pi,6.2800,10.7393,0.2101,0.2101
12.7334,pi,6.2800,10.7392,0.2090,0.2090
12.7385,pi,6.2800,10.7395,0.2079,0.2079
12.7435,pi,6.2800,10.7406,0.2067,0.2067
12.7485,pi,6.2800,10.6944,0.2065,0.2065
12.7536,pi,6.2800,10.6666,0.2060,0.2060
12.7585,pi,6.2800,10.6343,0.2055,0.2055
12.7640,pi,6.2800,10.6678,0.2038,0.2038
12.7693,pi,6.2800,10.6438,0.2032,0.2032
12.7741,pi,6.2800,10.6256,0.2024,0.2024
12.7787,pi,6.2800,10.6109,0.2016,0.2016
12.7835,pi,6.2800,10.5491,0.2018,0.2018
12.7885,pi,6.2800,10.4998,0.2017,0.2017
12.7935,pi,6.2800,10.4600,0.2015,0.2015
12.7984,pi,6.2800,10.4791,0.2000,0.2000
12.8034,pi,6.2800,10.4943,0.1987,0.1987
12.8084,pi,6.2800,10.4974,0.1976,0.1976
12.8135,pi,6.2800,10.5005,0.1964,0.1964
12.8185,pi,6.2800,10.4573,0.1963,0.1963
12.8235,pi,6.2800,10.4267,0.1958,0.1958
12.8285,pi,6.2800,10.3977,0.1954,0.1954
12.8335,pi,6.2800,10.3747,0.1948,0.1948
12.8385,pi,6.2800,10.3563,0.1941,0.1941
12.8435,pi,6.2800,10.3415,0.1934,0.1934
12.8485,pi,6.2800,10.3301,0.1926,0.1926
12.8535,pi,6.2800,10.2745,0.1927,0.1927
12.8585,pi,6.2800,10.2300,0.1926,0.1926
12.8636,pi,6.2800,10.1945,0.1923,0.1923
12.8687,pi,6.2800,10.1652,0.1919,0.1919
12.8735,pi,6.2800,10.1429,0.1914,0.1914
12.8784,pi,6.2800,10.1254,0.1908,0.1908
12.8834,pi,6.2800,10.1115,0.1901,0.1901
12.8885,pi,6.2800,10.0997,0.1894,0.1894
12.8935,pi,6.2800,10.0395,0.1896,0.1896
12.8985,pi,6.2800,9.9912,0.1897,0.1897
12.9035,pi,6.2800,9.9530,0.1895,0.1895
12.9085,pi,6.2800,9.9225,0.1892,0.1892
12.9135,pi,6.2800,9.9031,0.1887,0.1887
12.9184,pi,6.2800,9.8418,0.1890,0.1890
12.9236,pi,6.2800,9.7832,0.1893,0.1893
12.9286,pi,6.2800,9.7359,0.1894,0.1894
12.9342,pi,6.2800,9.6969,0.1893,0.1893
12.9388,pi,6.2800,9.6671,0.1890,0.1890
12.9435,pi,6.2800,9.6935,0.1876,0.1876
12.9484,pi,6.2800,9.6745,0.1872,0.1872
12.9535,pi,6.2800,9.6596,0.1866,0.1866
12.9585,pi,6.2800,9.6475,0.1860,0.1860
12.9636,pi,6.2800,9.6377,0.1854,0.1854
12.9684,pi,6.2800,9.5840,0.1856,0.1856
12.9735,pi,6.2800,9.5861,0.1847,0.1847
12.9795,pi,6.2800,9.5776,0.1841,0.1841
12.9849,pi,6.2800,9.5810,0.1832,0.1832
12.9891,pi,6.2800,9.5854,0.1823,0.1823
12.9936,pi,6.2800,9.5278,0.1826,0.1826
12.9984,pi,6.2800,9.4967,0.1824,0.1824
13.0034,pi,6.2800,9.5169,0.1812,0.1812
13.0085,pi,6.2800,9.4732,0.1813,0.1813
13.0136,pi,6.2800,9.4382,0.1812,0.1812
13.0191,pi,6.2800,9.4600,0.1799,0.1799
13.0241,pi,6.2800,9.4770,0.1788,0.1788
13.0286,pi,6.2800,9.4549,0.1784,0.1784
13.0335,pi,6.2800,9.4389,0.1780,0.1780
13.0385,pi,6.2800,9.3605,0.1787,0.1787
13.0434,pi,6.2800,9.3164,0.1789,0.1789
13.0485,pi,6.2800,9.3276,0.1779,0.1779
13.0535,pi,6.2800,9.3216,0.1772,0.1772
13.0585,pi,6.2800,9.3164,0.1766,0.1766
13.0635,pi,6.2800,9.3125,0.1759,0.1759
13.0686,pi,6.2800,9.3095,0.1752,0.1752
13.0734,pi,6.2800,9.2756,0.1751,0.1751
13.0785,pi,6.2800,9.2500,0.1749,0.1749
13.0834,pi,6.2800,9.2745,0.1737,0.1737
13.0885,pi,6.2800,9.2477,0.1734,0.1734
13.0935,pi,6.2800,9.2578,0.1725,0.1725
13.0985,pi,6.2800,9.2153,0.1726,0.1726
13.1035,pi,6.2800,9.1818,0.1725,0.1725
13.1086,pi,6.2800,9.1732,0.1720,0.1720
13.1139,pi,6.2800,9.1667,0.1714,0.1714
13.1185,pi,6.2800,9.1155,0.1717,0.1717
13.1234,pi,6.2800,9.0749,0.1718,0.1718
13.1285,pi,6.2800,9.0693,0.1712,0.1712
13.1336,pi,6.2800,9.0132,0.1716,0.1716
13.1388,pi,6.2800,9.0199,0.1708,0.1708
13.1437,pi,6.2800,8.9734,0.1711,0.1711
13.1485,pi,6.2800,8.9881,0.1701,0.1701
13.1534,pi,6.2800,8.9730,0.1697,0.1697
13.1584,pi,6.2800,8.9608,0.1693,0.1693
13.1635,pi,6.2800,8.9052,0.1697,0.1697
13.1685,pi,6.2800,8.9066,0.1690,0.1690
13.1735,pi,6.2800,8.9078,0.1684,0.1684
13.1785,pi,6.2800,8.8854,0.1682,0.1682
13.1834,pi,6.2800,8.8448,0.1683,0.1683
13.1885,pi,6.2800,8.8591,0.1674,0.1674
13.1935,pi,6.2800,8.8240,0.1674,0.1674
13.1985,pi,6.2800,8.7970,0.1674,0.1674
13.2035,pi,6.2800,8.7968,0.1667,0.1667
13.2085,pi,6.2800,8.7463,0.1671,0.1671
13.2134,pi,6.2800,8.7334,0.1667,0.1667
13.2185,pi,6.2800,8.6955,0.1669,0.1669
13.2234,pi,6.2800,8.6929,0.1663,0.1663
13.2285,pi,6.2800,8.6910,0.1658,0.1658
13.2335,pi,6.2800,8.6613,0.1658,0.1658
13.2385,pi,6.2800,8.6373,0.1657,0.1657
13.2435,pi,6.2800,8.6179,0.1655,0.1655
13.2485,pi,6.2800,8.6532,0.1642,0.1642
13.2535,pi,6.2800,8.6311,0.1640,0.1640
13.2585,pi,6.2800,8.6641,0.1628,0.1628
13.2635,pi,6.2800,8.6403,0.1626,0.1626
13.2685,pi,6.2800,8.6029,0.1628,0.1628
13.2735,pi,6.2800,8.5913,0.1625,0.1625
13.2785,pi,6.2800,8.5821,0.1621,0.1621
13.2834,pi,6.2800,8.5562,0.1620,0.1620
13.2885,pi,6.2800,8.5819,0.1609,0.1609
13.2934,pi,6.2800,8.5569,0.1608,0.1608
13.2985,pi,6.2800,8.5369,0.1607,0.1607
13.3035,pi,6.2800,8.5209,0.1604,0.1604
13.3085,pi,6.2800,8.4748,0.1608,0.1608
13.3134,pi,6.2800,8.4386,0.1610,0.1610
13.3184,pi,6.2800,8.4418,0.1604,0.1604
13.3235,pi,6.2800,8.4121,0.1604,0.1604
13.3285,pi,6.2800,8.3882,0.1604,0.1604
13.3334,pi,6.2800,8.4012,0.1596,0.1596
13.3385,pi,6.2800,8.3797,0.1595,0.1595
13.3435,pi,6.2800,8.3623,0.1593,0.1593
13.3485,pi,6.2800,8.3984,0.1581,0.1581
13.3535,pi,6.2800,8.3769,0.1580,0.1580
13.3584,pi,6.2800,8.3461,0.1580,0.1580
13.3635,pi,6.2800,8.3352,0.1577,0.1577
13.3685,pi,6.2800,8.3262,0.1574,0.1574
13.3735,pi,6.2800,8.3192,0.1570,0.1570
13.3785,pi,6.2800,8.3136,0.1566,0.1566
13.3835,pi,6.2800,8.2593,0.1572,0.1572
13.3884,pi,6.2800,8.2526,0.1569,0.1569
13.3935,pi,6.2800,8.2607,0.1562,0.1562
13.3984,pi,6.2800,8.2536,0.1559,0.1559
13.4035,pi,6.2800,8.2486,0.1555,0.1555
13.4085,pi,6.2800,8.2445,0.1550,0.1550
13.4135,pi,6.2800,8.2411,0.1546,0.1546
13.4185,pi,6.2800,8.2385,0.1542,0.1542
13.4235,pi,6.2800,8.1903,0.1547,0.1547
13.4285,pi,6.2800,8.1974,0.1540,0.1540
13.4335,pi,6.2800,8.2164,0.1532,0.1532
13.4385,pi,6.2800,8.1811,0.1534,0.1534
13.4435,pi,6.2800,8.1530,0.1535,0.1535
13.4485,pi,6.2800,8.1304,0.1535,0.1535
13.4535,pi,6.2800,8.1124,0.1534,0.1534
13.4585,pi,6.2800,8.0978,0.1532,0.1532
13.4635,pi,6.2800,8.0864,0.1530,0.1530
13.4685,pi,6.2800,8.0767,0.1527,0.1527
13.4734,pi,6.2800,8.0606,0.1526,0.1526
13.4784,pi,6.2800,8.0937,0.1515,0.1515
13.4835,pi,6.2800,8.0323,0.1523,0.1523
13.4885,pi,6.2800,8.0254,0.1520,0.1520
13.4935,pi,6.2800,8.0197,0.1516,0.1516
13.4985,pi,6.2800,8.0154,0.1513,0.1513
13.5035,pi,6.2800,8.0119,0.1509,0.1509
13.5085,pi,6.2800,7.9669,0.1514,0.1514
13.5135,pi,6.2800,7.9817,0.1507,0.1507
13.5194,pi,6.2800,7.9937,0.1500,0.1500
13.5248,pi,6.2800,8.0027,0.1494,0.1494
13.5289,pi,6.2800,8.0015,0.1490,0.1490
13.5334,pi,6.2800,7.9550,0.1495,0.1495
13.5384,pi,6.2800,7.9643,0.1489,0.1489
13.5435,pi,6.2800,7.9254,0.1492,0.1492
13.5484,pi,6.2800,7.8942,0.1495,0.1495
13.5535,pi,6.2800,7.8692,0.1496,0.1496
13.5585,pi,6.2800,7.8493,0.1496,0.1496
13.5635,pi,6.2800,7.7872,0.1504,0.1504
13.5687,pi,6.2800,7.7851,0.1501,0.1501
13.5738,pi,6.2800,7.7367,0.1507,0.1507
13.5784,pi,6.2800,7.7473,0.1501,0.1501
13.5834,pi,6.2800,7.7517,0.1496,0.1496
13.5885,pi,6.2800,7.7595,0.1491,0.1491
13.5935,pi,6.2800,7.7651,0.1486,0.1486
13.5985,pi,6.2800,7.7699,0.1482,0.1482
13.6035,pi,6.2800,7.7738,0.1477,0.1477
13.6085,pi,6.2800,7.7768,0.1473,0.1473
13.6134,pi,6.2800,7.7747,0.1469,0.1469
13.6185,pi,6.2800,7.7737,0.1466,0.1466
13.6235,pi,6.2800,7.7297,0.1471,0.1471
13.6286,pi,6.2800,7.6911,0.1475,0.1475
13.6335,pi,6.2800,7.7105,0.1468,0.1468
13.6385,pi,6.2800,7.6756,0.1471,0.1471
13.6434,pi,6.2800,7.6936,0.1464,0.1464
13.6485,pi,6.2800,7.7088,0.1457,0.1457
13.6535,pi,6.2800,7.7207,0.1451,0.1451
13.6585,pi,6.2800,7.7303,0.1446,0.1446
13.6635,pi,6.2800,7.7380,0.1441,0.1441
13.6685,pi,6.2800,7.7440,0.1436,0.1436
13.6735,pi,6.2800,7.7534,0.1430,0.1430
13.6784,pi,6.2800,7.7563,0.1426,0.1426
13.6835,pi,6.2800,7.7130,0.1431,0.1431
13.6885,pi,6.2800,7.6783,0.1434,0.1434
13.6935,pi,6.2800,7.6965,0.1427,0.1427
13.6985,pi,6.2800,7.6652,0.1430,0.1430
13.7035,pi,6.2800,7.6401,0.1432,0.1432
13.7085,pi,6.2800,7.6191,0.1432,0.1432
13.7134,pi,6.2800,7.6032,0.1432,0.1432
13.7185,pi,6.2800,7.5898,0.1432,0.1432
13.7234,pi,6.2800,7.5798,0.1430,0.1430
13.7285,pi,6.2800,7.5711,0.1429,0.1429
13.7334,pi,6.2800,7.5649,0.1427,0.1427
13.7385,pi,6.2800,7.5592,0.1425,0.1425
13.7435,pi,6.2800,7.5553,0.1422,0.1422
13.7485,pi,6.2800,7.5519,0.1420,0.1420
13.7535,pi,6.2800,7.5493,0.1417,0.1417
13.7585,pi,6.2800,7.5473,0.1414,0.1414
13.7635,pi,6.2800,7.5465,0.1411,0.1411
13.7685,pi,6.2800,7.5452,0.1408,0.1408
13.7734,pi,6.2800,7.5449,0.1405,0.1405
13.7785,pi,6.2800,7.5437,0.1402,0.1402
13.7835,pi,6.2800,7.5428,0.1399,0.1399
13.7885,pi,6.2800,7.5423,0.1396,0.1396
13.7935,pi,6.2800,7.5424,0.1393,0.1393
13.7985,pi,6.2800,7.4962,0.1399,0.1399
13.8036,pi,6.2800,7.5043,0.1395,0.1395
13.8085,pi,6.2800,7.4609,0.1400,0.1400
13.8135,pi,6.2800,7.4259,0.1404,0.1404
13.8184,pi,6.2800,7.3984,0.1407,0.1407
13.8235,pi,6.2800,7.3763,0.1409,0.1409
13.8284,pi,6.2800,7.3633,0.1408,0.1408
13.8335,pi,6.2800,7.3532,0.1408,0.1408
13.8385,pi,6.2800,7.3402,0.1408,0.1408
13.8435,pi,6.2800,7.3297,0.1407,0.1407
13.8484,pi,6.2800,7.3260,0.1405,0.1405
13.8534,pi,6.2800,7.3688,0.1394,0.1394
13.8584,pi,6.2800,7.3582,0.1393,0.1393
13.8635,pi,6.2800,7.3492,0.1393,0.1393
13.8685,pi,6.2800,7.3421,0.1391,0.1391
13.8735,pi,6.2800,7.3313,0.1391,0.1391
13.8784,pi,6.2800,7.3274,0.1389,0.1389
13.8835,pi,6.2800,7.3196,0.1388,0.1388
13.8884,pi,6.2800,7.3179,0.1386,0.1386
13.8935,pi,6.2800,7.3166,0.1383,0.1383
13.8985,pi,6.2800,7.3109,0.1382,0.1382
13.9034,pi,6.2800,7.3112,0.1379,0.1379
13.9085,pi,6.2800,7.2560,0.1388,0.1388
13.9135,pi,6.2800,7.3126,0.1374,0.1374
13.9196,pi,6.2800,7.3058,0.1373,0.1373
13.9247,pi,6.2800,7.3487,0.1362,0.1362
13.9286,pi,6.2800,7.3367,0.1361,0.1361
13.9335,pi,6.2800,7.3270,0.1361,0.1361
13.9384,pi,6.2800,7.3241,0.1359,0.1359
13.9435,pi,6.2800,7.2761,0.1366,0.1366
13.9486,pi,6.2800,7.2783,0.1363,0.1363
13.9536,pi,6.2800,7.2295,0.1370,0.1370
13.9589,pi,6.2800,7.2409,0.1365,0.1365
13.9634,pi,6.2800,7.2551,0.1360,0.1360
13.9684,pi,6.2800,7.2213,0.1364,0.1364
13.9735,pi,6.2800,7.2414,0.1358,0.1358
13.9785,pi,6.2800,7.2140,0.1361,0.1361
13.9835,pi,6.2800,7.2340,0.1355,0.1355
13.9886,pi,6.2800,7.1932,0.1360,0.1360
13.9935,pi,6.2800,7.2102,0.1355,0.1355
13.9985,pi,6.2800,7.2296,0.1349,0.1349
14.0034,pi,6.2800,7.2009,0.1352,0.1352
14.0085,pi,6.2800,7.2235,0.1345,0.1345
14.0135,pi,6.2800,7.1862,0.1350,0.1350
14.0185,pi,6.2800,7.1561,0.1354,0.1354
14.0235,pi,6.2800,7.1322,0.1357,0.1357
14.0285,pi,6.2800,7.1131,0.1358,0.1358
14.0334,pi,6.2800,7.1070,0.1357,0.1357
14.0385,pi,6.2800,7.1022,0.1356,0.1356
14.0435,pi,6.2800,7.1450,0.1346,0.1346
14.0485,pi,6.2800,7.1799,0.1336,0.1336
14.0535,pi,6.2800,7.2015,0.1330,0.1330
14.0585,pi,6.2800,7.1670,0.1335,0.1335
14.0635,pi,6.2800,7.1910,0.1327,0.1327
14.0685,pi,6.2800,7.2103,0.1321,0.1321
14.0735,pi,6.2800,7.2257,0.1316,0.1316
14.0785,pi,6.2800,7.2379,0.1311,0.1311
14.0835,pi,6.2800,7.1973,0.1317,0.1317
14.0885,pi,6.2800,7.1651,0.1321,0.1321
14.0935,pi,6.2800,7.1390,0.1324,0.1324
14.0984,pi,6.2800,7.1279,0.1324,0.1324
14.1035,pi,6.2800,7.1097,0.1326,0.1326
14.1086,pi,6.2800,7.0576,0.1334,0.1334
14.1136,pi,6.2800,7.0530,0.1333,0.1333
14.1187,pi,6.2800,7.0479,0.1332,0.1332
14.1234,pi,6.2800,7.0550,0.1329,0.1329
14.1284,pi,6.2800,7.0610,0.1326,0.1326
14.1335,pi,6.2800,7.0198,0.1332,0.1332
14.1388,pi,6.2800,7.0221,0.1330,0.1330
14.1440,pi,6.2800,7.0338,0.1325,0.1325
14.1494,pi,6.2800,6.9321,0.1344,0.1344
14.1536,pi,6.2800,6.8022,0.1368,0.1368
14.1587,pi,6.2800,6.7220,0.1383,0.1383
14.1641,pi,6.2800,6.7032,0.1386,0.1386
14.1686,pi,6.2800,6.6882,0.1387,0.1387
14.1739,pi,6.2800,6.6055,0.1403,0.1403
14.1789,pi,6.2800,6.5393,0.1415,0.1415
14.1835,pi,6.2800,6.5377,0.1415,0.1415
14.1885,pi,6.2800,6.5550,0.1411,0.1411
14.1937,pi,6.2800,6.5702,0.1407,0.1407
14.1990,pi,6.2800,6.5812,0.1404,0.1404
14.2035,pi,6.2800,6.6824,0.1383,0.1383
14.2085,pi,6.2800,6.8034,0.1358,0.1358
14.2134,pi,6.2800,6.9049,0.1337,0.1337
14.2189,pi,6.2800,6.9311,0.1330,0.1330
14.2235,pi,6.2800,6.9613,0.1322,0.1322
14.2284,pi,6.2800,7.0326,0.1306,0.1306
14.2337,pi,6.2800,7.0899,0.1293,0.1293
14.2385,pi,6.2800,7.1294,0.1283,0.1283
14.2434,pi,6.2800,7.1202,0.1283,0.1283
14.2485,pi,6.2800,7.1132,0.1282,0.1282
14.2534,pi,6.2800,7.1078,0.1281,0.1281
14.2585,pi,6.2800,7.1031,0.1280,0.1280
14.2635,pi,6.2800,7.0883,0.1281,0.1281
14.2684,pi,6.2800,7.0419,0.1288,0.1288
14.2735,pi,6.2800,7.0508,0.1284,0.1284
14.2785,pi,6.2800,7.0479,0.1283,0.1283
14.2834,pi,6.2800,7.0549,0.1280,0.1280
14.2885,pi,6.2800,7.0146,0.1286,0.1286
14.2935,pi,6.2800,7.0191,0.1283,0.1283
14.2985,pi,6.2800,7.0222,0.1280,0.1280
14.3035,pi,6.2800,7.0251,0.1278,0.1278
14.3085,pi,6.2800,6.9767,0.1286,0.1286
14.3135,pi,6.2800,6.9519,0.1289,0.1289
14.3185,pi,6.2800,6.9688,0.1284,0.1284
14.3236,pi,6.2800,6.9318,0.1290,0.1290
14.3285,pi,6.2800,6.9022,0.1294,0.1294
14.3335,pi,6.2800,6.8785,0.1297,0.1297
14.3385,pi,6.2800,6.8598,0.1299,0.1299
14.3434,pi,6.2800,6.8449,0.1301,0.1301
14.3485,pi,6.2800,6.8468,0.1299,0.1299
14.3536,pi,6.2800,6.8346,0.1300,0.1300
14.3584,pi,6.2800,6.8385,0.1298,0.1298
14.3636,pi,6.2800,6.8278,0.1299,0.1299
14.3686,pi,6.2800,6.8192,0.1299,0.1299
14.3735,pi,6.2800,6.8628,0.1289,0.1289
14.3785,pi,6.2800,6.8611,0.1288,0.1288
14.3835,pi,6.2800,6.8598,0.1287,0.1287
14.3885,pi,6.2800,6.8589,0.1285,0.1285
14.3935,pi,6.2800,6.8945,0.1277,0.1277
14.3985,pi,6.2800,6.8726,0.1280,0.1280
14.4036,pi,6.2800,6.8552,0.1282,0.1282
14.4085,pi,6.2800,6.8413,0.1283,0.1283
14.4134,pi,6.2800,6.8438,0.1281,0.1281
14.4185,pi,6.2800,6.8321,0.1282,0.1282
14.4235,pi,6.2800,6.8368,0.1280,0.1280
14.4285,pi,6.2800,6.8405,0.1278,0.1278
14.4336,pi,6.2800,6.8293,0.1278,0.1278
14.4393,pi,6.2800,6.8197,0.1279,0.1279
14.4438,pi,6.2800,6.8128,0.1279,0.1279
14.4489,pi,6.2800,6.8073,0.1279,0.1279
14.4539,pi,6.2800,6.7518,0.1289,0.1289
14.4585,pi,6.2800,6.6576,0.1306,0.1306
14.4634,pi,6.2800,6.5830,0.1320,0.1320
14.4685,pi,6.2800,6.5725,0.1322,0.1322
14.4735,pi,6.2800,6.5147,0.1332,0.1332
14.4785,pi,6.2800,6.4683,0.1341,0.1341
14.4834,pi,6.2800,6.4541,0.1343,0.1343
14.4885,pi,6.2800,6.4429,0.1345,0.1345
14.4935,pi,6.2800,6.4345,0.1347,0.1347
14.4985,pi,6.2800,6.4272,0.1348,0.1348
14.5035,pi,6.2800,6.4673,0.1339,0.1339
14.5085,pi,6.2800,6.4998,0.1332,0.1332
14.5135,pi,6.2800,6.5570,0.1320,0.1320
14.5184,pi,6.2800,6.6165,0.1308,0.1308
14.5235,pi,6.2800,6.6651,0.1297,0.1297
14.5286,pi,6.2800,6.7388,0.1281,0.1281
14.5335,pi,6.2800,6.7480,0.1278,0.1278
14.5385,pi,6.2800,6.8055,0.1266,0.1266
14.5434,pi,6.2800,6.8608,0.1253,0.1253
14.5485,pi,6.2800,6.8953,0.1245,0.1245
14.5534,pi,6.2800,6.8875,0.1245,0.1245
14.5585,pi,6.2800,6.8813,0.1245,0.1245
14.5634,pi,6.2800,6.9220,0.1235,0.1235
14.5685,pi,6.2800,6.9088,0.1236,0.1236
14.5735,pi,6.2800,6.8981,0.1237,0.1237
14.5786,pi,6.2800,6.8895,0.1237,0.1237
14.5835,pi,6.2800,6.8380,0.1246,0.1246
14.5885,pi,6.2800,6.8418,0.1244,0.1244
14.5934,pi,6.2800,6.8452,0.1241,0.1241
14.5986,pi,6.2800,6.8014,0.1249,0.1249
14.6036,pi,6.2800,6.7980,0.1248,0.1248
14.6084,pi,6.2800,6.7953,0.1247,0.1247
14.6135,pi,6.2800,6.7429,0.1257,0.1257
14.6185,pi,6.2800,6.7514,0.1254,0.1254
14.6234,pi,6.2800,6.7719,0.1248,0.1248
14.6285,pi,6.2800,6.7244,0.1257,0.1257
14.6335,pi,6.2800,6.7366,0.1253,0.1253
14.6385,pi,6.2800,6.7459,0.1250,0.1250
14.6434,pi,6.2800,6.7033,0.1258,0.1258
14.6484,pi,6.2800,6.6878,0.1260,0.1260
14.6535,pi,6.2800,6.7074,0.1255,0.1255
14.6585,pi,6.2800,6.6726,0.1261,0.1261
14.6635,pi,6.2800,6.6952,0.1255,0.1255
14.6685,pi,6.2800,6.7131,0.1250,0.1250
14.6735,pi,6.2800,6.6771,0.1257,0.1257
14.6784,pi,6.2800,6.6669,0.1258,0.1258
14.6835,pi,6.2800,6.7045,0.1249,0.1249
14.6885,pi,6.2800,6.6886,0.1251,0.1251
14.6934,pi,6.2800,6.6763,0.1253,0.1253
14.6985,pi,6.2800,6.6477,0.1257,0.1257
14.7035,pi,6.2800,6.6432,0.1257,0.1257
14.7084,pi,6.2800,6.6400,0.1257,0.1257
14.7134,pi,6.2800,6.6831,0.1248,0.1248
14.7186,pi,6.2800,6.6532,0.1253,0.1253
14.7234,pi,6.2800,6.6478,0.1253,0.1253
14.7285,pi,6.2800,6.6754,0.1246,0.1246
14.7336,pi,6.2800,6.6469,0.1251,0.1251
14.7384,pi,6.2800,6.6427,0.1251,0.1251
14.7434,pi,6.2800,6.6853,0.1241,0.1241
14.7485,pi,6.2800,6.6733,0.1243,0.1243
14.7536,pi,6.2800,6.6945,0.1238,0.1238
14.7584,pi,6.2800,6.7124,0.1233,0.1233
14.7635,pi,6.2800,6.6767,0.1239,0.1239
14.7684,pi,6.2800,6.6666,0.1240,0.1240
14.7735,pi,6.2800,6.6400,0.1244,0.1244
14.7785,pi,6.2800,6.6188,0.1248,0.1248
14.7836,pi,6.2800,6.6202,0.1247,0.1247
14.7884,pi,6.2800,6.6672,0.1236,0.1236
14.7935,pi,6.2800,6.6406,0.1241,0.1241
14.7984,pi,6.2800,6.6374,0.1240,0.1240
14.8035,pi,6.2800,6.6809,0.1231,0.1231
14.8085,pi,6.2800,6.6516,0.1236,0.1236
14.8134,pi,6.2800,6.6784,0.1229,0.1229
14.8185,pi,6.2800,6.6493,0.1234,0.1234
14.8235,pi,6.2800,6.6446,0.1234,0.1234
14.8285,pi,6.2800,6.6728,0.1228,0.1228
14.8335,pi,6.2800,6.6449,0.1232,0.1232
14.8384,pi,6.2800,6.6227,0.1236,0.1236
14.8434,pi,6.2800,6.6050,0.1239,0.1239
14.8485,pi,6.2800,6.6092,0.1237,0.1237
14.8535,pi,6.2800,6.5942,0.1239,0.1239
14.8585,pi,6.2800,6.5822,0.1241,0.1241
14.8635,pi,6.2800,6.5909,0.1238,0.1238
14.8685,pi,6.2800,6.5979,0.1236,0.1236
14.8735,pi,6.2800,6.5849,0.1238,0.1238
14.8785,pi,6.2800,6.5748,0.1239,0.1239
14.8834,pi,6.2800,6.5851,0.1236,0.1236
14.8886,pi,6.2800,6.5749,0.1238,0.1238
14.8935,pi,6.2800,6.6171,0.1228,0.1228
14.8985,pi,6.2800,6.6505,0.1221,0.1221
14.9035,pi,6.2800,6.6270,0.1225,0.1225
14.9085,pi,6.2800,6.6587,0.1217,0.1217
14.9134,pi,6.2800,6.6980,0.1209,0.1209
14.9185,pi,6.2800,6.6837,0.1210,0.1210
14.9234,pi,6.2800,6.6724,0.1212,0.1212
14.9284,pi,6.2800,6.6634,0.1212,0.1212
14.9336,pi,6.2800,6.6375,0.1217,0.1217
14.9385,pi,6.2800,6.6353,0.1216,0.1216
14.9435,pi,6.2800,6.6150,0.1219,0.1219
14.9486,pi,6.2800,6.5967,0.1222,0.1222
14.9535,pi,6.2800,6.6340,0.1214,0.1214
14.9585,pi,6.2800,6.6123,0.1217,0.1217
14.9643,pi,6.2800,6.5959,0.1220,0.1220
14.9697,pi,6.2800,6.5808,0.1222,0.1222
14.9747,pi,6.2800,6.5707,0.1223,0.1223
14.9785,pi,6.2800,6.6128,0.1214,0.1214
14.9834,pi,6.2800,6.6154,0.1213,0.1213
14.9886,pi,6.2800,6.6179,0.1212,0.1212
14.9935,pi,6.2800,6.6007,0.1214,0.1214
14.9985,pi,6.2800,6.6060,0.1212,0.1212
15.0035,pi,6.2800,6.5665,0.1219,0.1219
15.0085,pi,6.2800,6.5330,0.1225,0.1225
15.0134,pi,6.2800,6.5534,0.1221,0.1221
15.0185,pi,6.2800,6.5231,0.1226,0.1226
15.0235,pi,6.2800,6.5462,0.1221,0.1221
15.0285,pi,6.2800,6.5171,0.1226,0.1226
15.0334,pi,6.2800,6.4941,0.1230,0.1230
15.0386,pi,6.2800,6.4516,0.1238,0.1238
15.0435,pi,6.2800,6.4402,0.1240,0.1240
15.0485,pi,6.2800,6.4586,0.1236,0.1236
15.0535,pi,6.2800,6.4736,0.1232,0.1232
15.0586,pi,6.2800,6.4855,0.1229,0.1229
15.0635,pi,6.2800,6.4948,0.1227,0.1227
15.0686,pi,6.2800,6.5023,0.1225,0.1225
15.0734,pi,6.2800,6.5084,0.1223,0.1223
15.0786,pi,6.2800,6.5636,0.1212,0.1212
15.0838,pi,6.2800,6.5564,0.1212,0.1212
15.0886,pi,6.2800,6.6016,0.1203,0.1203
15.0934,pi,6.2800,6.6518,0.1192,0.1192
15.0985,pi,6.2800,6.6469,0.1192,0.1192
15.1035,pi,6.2800,6.6747,0.1185,0.1185
15.1085,pi,6.2800,6.6466,0.1190,0.1190
15.1135,pi,6.2800,6.6241,0.1194,0.1194
15.1185,pi,6.2800,6.6061,0.1196,0.1196
15.1235,pi,6.2800,6.6101,0.1195,0.1195
15.1285,pi,6.2800,6.6132,0.1193,0.1193
15.1335,pi,6.2800,6.5703,0.1201,0.1201
15.1385,pi,6.2800,6.5824,0.1198,0.1198
15.1435,pi,6.2800,6.5216,0.1209,0.1209
15.1489,pi,6.2800,6.5235,0.1208,0.1208
15.1539,pi,6.2800,6.4747,0.1217,0.1217
15.1565,coast,6.2800,6.4747,0.0000,0.0000
