t_s,mode,target_rad_s,speed_rad_s,u,u_unsaturated
0.0922,coast,6.2800,0.0000,0.0000,0.0000
0.0946,pi,6.2800,0.0000,0.1256,0.1256
0.0997,pi,6.2800,0.0000,0.1272,0.1272
0.1036,pi,6.2800,0.0000,0.1288,0.1288
0.1079,pi,6.2800,0.0000,0.1303,0.1303
0.1117,pi,6.2800,0.0000,0.1319,0.1319
0.1154,pi,6.2800,0.0000,0.1335,0.1335
0.1192,pi,6.2800,0.0000,0.1350,0.1350
0.1229,pi,6.2800,0.0629,0.1353,0.1353
0.1267,pi,6.2800,0.1616,0.1349,0.1349
0.1304,pi,6.2800,0.2800,0.1341,0.1341
0.1342,pi,6.2800,0.4244,0.1327,0.1327
0.1381,pi,6.2800,0.5918,0.1308,0.1308
0.1420,pi,6.2800,0.7471,0.1291,0.1291
0.1457,pi,6.2800,0.9629,0.1262,0.1262
0.1496,pi,6.2800,1.1827,0.1231,0.1231
0.1534,pi,6.2800,1.4037,0.1200,0.1200
0.1572,pi,6.2800,1.6704,0.1159,0.1159
0.1609,pi,6.2800,1.9763,0.1109,0.1109
0.1648,pi,6.2800,2.2355,0.1068,0.1068
0.1686,pi,6.2800,2.4738,0.1030,0.1030
0.1726,pi,6.2800,2.7094,0.0993,0.0993
0.1772,pi,6.2800,2.9449,0.0955,0.0955
0.1823,pi,6.2800,3.1788,0.0916,0.0916
0.1873,pi,6.2800,3.3471,0.0890,0.0890
0.1922,pi,6.2800,3.4996,0.0867,0.0867
0.1972,pi,6.2800,3.6677,0.0840,0.0840
0.2022,pi,6.2800,3.8488,0.0811,0.0811
0.2073,pi,6.2800,3.9839,0.0790,0.0790
0.2122,pi,6.2800,4.1009,0.0772,0.0772
0.2172,pi,6.2800,4.1954,0.0759,0.0759
0.2222,pi,6.2800,4.2708,0.0749,0.0749
0.2272,pi,6.2800,4.3306,0.0742,0.0742
0.2322,pi,6.2800,4.3330,0.0746,0.0746
0.2372,pi,6.2800,4.3349,0.0751,0.0751
0.2423,pi,6.2800,4.3822,0.0746,0.0746
0.2475,pi,6.2800,4.3598,0.0755,0.0755
0.2522,pi,6.2800,4.3423,0.0764,0.0764
0.2572,pi,6.2800,4.2963,0.0778,0.0778
0.2622,pi,6.2800,4.2601,0.0790,0.0790
0.2672,pi,6.2800,4.1845,0.0810,0.0810
0.2723,pi,6.2800,4.1703,0.0818,0.0818
0.2773,pi,6.2800,4.0899,0.0840,0.0840
0.2823,pi,6.2800,4.0759,0.0848,0.0848
0.2872,pi,6.2800,4.0833,0.0852,0.0852
0.2923,pi,6.2800,4.0434,0.0865,0.0865
0.2972,pi,6.2800,4.0119,0.0877,0.0877
0.3023,pi,6.2800,3.9866,0.0888,0.0888
0.3072,pi,6.2800,3.9664,0.0898,0.0898
0.3123,pi,6.2800,3.9265,0.0912,0.0912
0.3172,pi,6.2800,3.9179,0.0919,0.0919
0.3223,pi,6.2800,3.8879,0.0931,0.0931
0.3273,pi,6.2800,3.9144,0.0932,0.0932
0.3322,pi,6.2800,3.9541,0.0930,0.0930
0.3373,pi,6.2800,3.9172,0.0943,0.0943
0.3422,pi,6.2800,3.9106,0.0950,0.0950
0.3472,pi,6.2800,3.8824,0.0962,0.0962
0.3522,pi,6.2800,3.8827,0.0968,0.0968
0.3572,pi,6.2800,3.9104,0.0968,0.0968
0.3623,pi,6.2800,3.9052,0.0975,0.0975
0.3673,pi,6.2800,3.9284,0.0976,0.0976
0.3722,pi,6.2800,3.9195,0.0984,0.0984
0.3772,pi,6.2800,3.9582,0.0982,0.0982
0.3822,pi,6.2800,3.9708,0.0985,0.0985
0.3872,pi,6.2800,3.9991,0.0986,0.0986
0.3923,pi,6.2800,4.0035,0.0990,0.0990
0.3972,pi,6.2800,4.0253,0.0992,0.0992
0.4022,pi,6.2800,4.0885,0.0985,0.0985
0.4073,pi,6.2800,4.0749,0.0993,0.0993
0.4123,pi,6.2800,4.1143,0.0991,0.0991
0.4172,pi,6.2800,4.1459,0.0990,0.0990
0.4222,pi,6.2800,4.1849,0.0987,0.0987
0.4272,pi,6.2800,4.2620,0.0977,0.0977
0.4322,pi,6.2800,4.3238,0.0970,0.0970
0.4373,pi,6.2800,4.3134,0.0977,0.0977
0.4422,pi,6.2800,4.3555,0.0973,0.0973
0.4472,pi,6.2800,4.3890,0.0971,0.0971
0.4522,pi,6.2800,4.4159,0.0971,0.0971
0.4572,pi,6.2800,4.4466,0.0969,0.0969
0.4623,pi,6.2800,4.5122,0.0961,0.0961
0.4673,pi,6.2800,4.5141,0.0965,0.0965
0.4723,pi,6.2800,4.5153,0.0969,0.0969
0.4773,pi,6.2800,4.5159,0.0973,0.0973
0.4822,pi,6.2800,4.5172,0.0977,0.0977
0.4873,pi,6.2800,4.5686,0.0971,0.0971
0.4922,pi,6.2800,4.6099,0.0967,0.0967
0.4973,pi,6.2800,4.6428,0.0965,0.0965
0.5076,pi,6.2800,4.6196,0.0974,0.0974
0.5120,pi,6.2800,4.6070,0.0982,0.0982
0.5159,pi,6.2800,4.5901,0.0988,0.0988
0.5199,pi,6.2800,4.6271,0.0985,0.0985
0.5236,pi,6.2800,4.6612,0.0982,0.0982
0.5274,pi,6.2800,4.6891,0.0981,0.0981
0.5322,pi,6.2800,4.7119,0.0980,0.0980
0.5372,pi,6.2800,4.7294,0.0980,0.0980
0.5422,pi,6.2800,4.7434,0.0981,0.0981
0.5472,pi,6.2800,4.7546,0.0983,0.0983
0.5522,pi,6.2800,4.7635,0.0985,0.0985
0.5572,pi,6.2800,4.8142,0.0979,0.0979
0.5622,pi,6.2800,4.8587,0.0973,0.0973
0.5672,pi,6.2800,4.8473,0.0979,0.0979
0.5722,pi,6.2800,4.8838,0.0976,0.0976
0.5772,pi,6.2800,4.9130,0.0973,0.0973
0.5822,pi,6.2800,4.9358,0.0972,0.0972
0.5873,pi,6.2800,4.9538,0.0972,0.0972
0.5923,pi,6.2800,4.9176,0.0982,0.0982
0.5973,pi,6.2800,4.8887,0.0992,0.0992
0.6023,pi,6.2800,4.8656,0.1000,0.1000
0.6073,pi,6.2800,4.8469,0.1007,0.1007
0.6123,pi,6.2800,4.8321,0.1014,0.1014
0.6173,pi,6.2800,4.8705,0.1009,0.1009
0.6222,pi,6.2800,4.8513,0.1017,0.1017
0.6272,pi,6.2800,4.8359,0.1023,0.1023
0.6323,pi,6.2800,4.8236,0.1030,0.1030
0.6373,pi,6.2800,4.8641,0.1025,0.1025
0.6423,pi,6.2800,4.8965,0.1022,0.1022
0.6476,pi,6.2800,4.9223,0.1020,0.1020
0.6526,pi,6.2800,4.9932,0.1010,0.1010
0.6572,pi,6.2800,5.0501,0.1002,0.1002
0.6622,pi,6.2800,5.0953,0.0996,0.0996
0.6672,pi,6.2800,5.1273,0.0992,0.0992
0.6722,pi,6.2800,5.1532,0.0990,0.0990
0.6773,pi,6.2800,5.1780,0.0988,0.0988
0.6823,pi,6.2800,5.1975,0.0986,0.0986
0.6881,pi,6.2800,5.1629,0.0996,0.0996
0.6932,pi,6.2800,5.1857,0.0994,0.0994
0.6976,pi,6.2800,5.1995,0.0994,0.0994
0.7023,pi,6.2800,5.1646,0.1004,0.1004
0.7072,pi,6.2800,5.1370,0.1012,0.1012
0.7123,pi,6.2800,5.1158,0.1019,0.1019
0.7173,pi,6.2800,5.0978,0.1026,0.1026
0.7223,pi,6.2800,5.0835,0.1032,0.1032
0.7273,pi,6.2800,5.0721,0.1037,0.1037
0.7323,pi,6.2800,5.0630,0.1042,0.1042
0.7373,pi,6.2800,5.0559,0.1046,0.1046
0.7423,pi,6.2800,5.0505,0.1050,0.1050
0.7473,pi,6.2800,5.0461,0.1054,0.1054
0.7523,pi,6.2800,5.0880,0.1049,0.1049
0.7572,pi,6.2800,5.1218,0.1045,0.1045
0.7623,pi,6.2800,5.1528,0.1042,0.1042
0.7672,pi,6.2800,5.1778,0.1040,0.1040
0.7721,pi,6.2800,5.1933,0.1040,0.1040
0.7772,pi,6.2800,5.2057,0.1040,0.1040
0.7822,pi,6.2800,5.2156,0.1040,0.1040
0.7873,pi,6.2800,5.2235,0.1042,0.1042
0.7922,pi,6.2800,5.2343,0.1042,0.1042
0.7973,pi,6.2800,5.2428,0.1043,0.1043
0.8024,pi,6.2800,5.1993,0.1054,0.1054
0.8074,pi,6.2800,5.1642,0.1064,0.1064
0.8125,pi,6.2800,5.1866,0.1062,0.1062
0.8173,pi,6.2800,5.2044,0.1061,0.1061
0.8222,pi,6.2800,5.2187,0.1061,0.1061
0.8273,pi,6.2800,5.2259,0.1062,0.1062
0.8323,pi,6.2800,5.2361,0.1063,0.1063
0.8373,pi,6.2800,5.2445,0.1064,0.1064
0.8422,pi,6.2800,5.2924,0.1057,0.1057
0.8473,pi,6.2800,5.3307,0.1052,0.1052
0.8522,pi,6.2800,5.3614,0.1048,0.1048
0.8572,pi,6.2800,5.3861,0.1045,0.1045
0.8623,pi,6.2800,5.4062,0.1044,0.1044
0.8673,pi,6.2800,5.3759,0.1052,0.1052
0.8722,pi,6.2800,5.3979,0.1050,0.1050
0.8773,pi,6.2800,5.4241,0.1047,0.1047
0.8824,pi,6.2800,5.4449,0.1045,0.1045
0.8877,pi,6.2800,5.4614,0.1043,0.1043
0.8927,pi,6.2800,5.4233,0.1053,0.1053
0.8979,pi,6.2800,5.3916,0.1062,0.1062
0.9030,pi,6.2800,5.3683,0.1069,0.1069
0.9081,pi,6.2800,5.3995,0.1065,0.1065
0.9126,pi,6.2800,5.4242,0.1062,0.1062
0.9177,pi,6.2800,5.4440,0.1060,0.1060
0.9227,pi,6.2800,5.4099,0.1069,0.1069
0.9280,pi,6.2800,5.3825,0.1077,0.1077
0.9330,pi,6.2800,5.3443,0.1086,0.1086
0.9373,pi,6.2800,5.3290,0.1092,0.1092
0.9422,pi,6.2800,5.3147,0.1097,0.1097
0.9472,pi,6.2800,5.3496,0.1092,0.1092
0.9523,pi,6.2800,5.3785,0.1089,0.1089
0.9573,pi,6.2800,5.4003,0.1087,0.1087
0.9622,pi,6.2800,5.4180,0.1086,0.1086
0.9672,pi,6.2800,5.4320,0.1085,0.1085
0.9722,pi,6.2800,5.4435,0.1085,0.1085
0.9772,pi,6.2800,5.4523,0.1085,0.1085
0.9823,pi,6.2800,5.4595,0.1086,0.1086
0.9873,pi,6.2800,5.4733,0.1085,0.1085
0.9922,pi,6.2800,5.5210,0.1077,0.1077
0.9973,pi,6.2800,5.5594,0.1072,0.1072
1.0023,pi,6.2800,5.5441,0.1077,0.1077
1.0073,pi,6.2800,5.5411,0.1079,0.1079
1.0122,pi,6.2800,5.5755,0.1074,0.1074
1.0172,pi,6.2800,5.5573,0.1079,0.1079
1.0222,pi,6.2800,5.5428,0.1084,0.1084
1.0273,pi,6.2800,5.5311,0.1088,0.1088
1.0323,pi,6.2800,5.5307,0.1090,0.1090
1.0374,pi,6.2800,5.5671,0.1085,0.1085
1.0423,pi,6.2800,5.5593,0.1088,0.1088
1.0472,pi,6.2800,5.6035,0.1081,0.1081
1.0522,pi,6.2800,5.6252,0.1078,0.1078
1.0572,pi,6.2800,5.6427,0.1077,0.1077
1.0623,pi,6.2800,5.6200,0.1083,0.1083
1.0673,pi,6.2800,5.6016,0.1088,0.1088
1.0722,pi,6.2800,5.5870,0.1093,0.1093
1.0772,pi,6.2800,5.6120,0.1089,0.1089
1.0822,pi,6.2800,5.6321,0.1087,0.1087
1.0873,pi,6.2800,5.6115,0.1093,0.1093
1.0922,pi,6.2800,5.6317,0.1090,0.1090
1.0972,pi,6.2800,5.6479,0.1089,0.1089
1.1024,pi,6.2800,5.6230,0.1095,0.1095
1.1076,pi,6.2800,5.6042,0.1101,0.1101
1.1125,pi,6.2800,5.5880,0.1106,0.1106
1.1172,pi,6.2800,5.6261,0.1100,0.1100
1.1222,pi,6.2800,5.6567,0.1095,0.1095
1.1272,pi,6.2800,5.6310,0.1102,0.1102
1.1322,pi,6.2800,5.6607,0.1098,0.1098
1.1372,pi,6.2800,5.6844,0.1095,0.1095
1.1423,pi,6.2800,5.6518,0.1103,0.1103
1.1473,pi,6.2800,5.6269,0.1109,0.1109
1.1523,pi,6.2800,5.6065,0.1115,0.1115
1.1572,pi,6.2800,5.6409,0.1110,0.1110
1.1623,pi,6.2800,5.6552,0.1108,0.1108
1.1673,pi,6.2800,5.6798,0.1105,0.1105
1.1722,pi,6.2800,5.6998,0.1102,0.1102
1.1772,pi,6.2800,5.7159,0.1101,0.1101
1.1826,pi,6.2800,5.6779,0.1110,0.1110
1.1877,pi,6.2800,5.6467,0.1117,0.1117
1.1928,pi,6.2800,5.6734,0.1114,0.1114
1.1981,pi,6.2800,5.6938,0.1111,0.1111
1.2036,pi,6.2800,5.6964,0.1112,0.1112
1.2081,pi,6.2800,5.7119,0.1110,0.1110
1.2131,pi,6.2800,5.7241,0.1109,0.1109
1.2188,pi,6.2800,5.6845,0.1119,0.1119
1.2237,pi,6.2800,5.7029,0.1117,0.1117
1.2284,pi,6.2800,5.7175,0.1115,0.1115
1.2329,pi,6.2800,5.7289,0.1114,0.1114
1.2379,pi,6.2800,5.7880,0.1104,0.1104
1.2431,pi,6.2800,5.7856,0.1105,0.1105
1.2481,pi,6.2800,5.7836,0.1107,0.1107
1.2534,pi,6.2800,5.6794,0.1129,0.1129
1.2591,pi,6.2800,5.5945,0.1148,0.1148
1.2652,pi,6.2800,5.4651,0.1175,0.1175
1.2706,pi,6.2800,5.4278,0.1185,0.1185
1.2753,pi,6.2800,5.4395,0.1185,0.1185
1.2802,pi,6.2800,5.4061,0.1193,0.1193
1.2842,pi,6.2800,5.3764,0.1201,0.1201
1.2880,pi,6.2800,5.3537,0.1208,0.1208
1.2923,pi,6.2800,5.3368,0.1214,0.1214
1.2972,pi,6.2800,5.3222,0.1219,0.1219
1.3022,pi,6.2800,5.3566,0.1215,0.1215
1.3073,pi,6.2800,5.4744,0.1193,0.1193
1.3123,pi,6.2800,5.5689,0.1177,0.1177
1.3173,pi,6.2800,5.6993,0.1152,0.1152
1.3224,pi,6.2800,5.7507,0.1143,0.1143
1.3275,pi,6.2800,5.7567,0.1144,0.1144
1.3322,pi,6.2800,5.7946,0.1137,0.1137
1.3373,pi,6.2800,5.8244,0.1133,0.1133
1.3427,pi,6.2800,5.8151,0.1136,0.1136
1.3481,pi,6.2800,5.8477,0.1130,0.1130
1.3529,pi,6.2800,5.8339,0.1134,0.1134
1.3576,pi,6.2800,5.8727,0.1127,0.1127
1.3622,pi,6.2800,5.9041,0.1122,0.1122
1.3672,pi,6.2800,5.9114,0.1122,0.1122
1.3727,pi,6.2800,5.9349,0.1118,0.1118
1.3778,pi,6.2800,5.9544,0.1115,0.1115
1.3824,pi,6.2800,5.9685,0.1113,0.1113
1.3874,pi,6.2800,5.9805,0.1111,0.1111
1.3922,pi,6.2800,5.9721,0.1114,0.1114
1.3972,pi,6.2800,6.0120,0.1106,0.1106
1.4022,pi,6.2800,6.0096,0.1108,0.1108
1.4073,pi,6.2800,5.9968,0.1111,0.1111
1.4123,pi,6.2800,5.9861,0.1114,0.1114
1.4173,pi,6.2800,5.9951,0.1113,0.1113
1.4222,pi,6.2800,5.9840,0.1115,0.1115
1.4273,pi,6.2800,5.9301,0.1127,0.1127
1.4322,pi,6.2800,5.9341,0.1127,0.1127
1.4373,pi,6.2800,5.8907,0.1137,0.1137
1.4423,pi,6.2800,5.8554,0.1145,0.1145
1.4473,pi,6.2800,5.8403,0.1149,0.1149
1.4522,pi,6.2800,5.8145,0.1155,0.1155
1.4573,pi,6.2800,5.7939,0.1160,0.1160
1.4623,pi,6.2800,5.7912,0.1162,0.1162
1.4672,pi,6.2800,5.7753,0.1166,0.1166
1.4722,pi,6.2800,5.7628,0.1170,0.1170
1.4772,pi,6.2800,5.7987,0.1164,0.1164
1.4823,pi,6.2800,5.7950,0.1166,0.1166
1.4872,pi,6.2800,5.7785,0.1171,0.1171
1.4926,pi,6.2800,5.8292,0.1162,0.1162
1.4980,pi,6.2800,5.8190,0.1165,0.1165
1.5030,pi,6.2800,5.8608,0.1158,0.1158
1.5074,pi,6.2800,5.8944,0.1152,0.1152
1.5123,pi,6.2800,5.8715,0.1158,0.1158
1.5172,pi,6.2800,5.8853,0.1156,0.1156
1.5223,pi,6.2800,5.9144,0.1151,0.1151
1.5272,pi,6.2800,5.9377,0.1147,0.1147
1.5322,pi,6.2800,5.9381,0.1148,0.1148
1.5373,pi,6.2800,5.9387,0.1149,0.1149
1.5422,pi,6.2800,5.9848,0.1141,0.1141
1.5473,pi,6.2800,5.9764,0.1143,0.1143
1.5522,pi,6.2800,6.0152,0.1136,0.1136
1.5572,pi,6.2800,6.0013,0.1139,0.1139
1.5623,pi,6.2800,5.9903,0.1142,0.1142
1.5673,pi,6.2800,5.9984,0.1141,0.1141
1.5723,pi,6.2800,6.0051,0.1141,0.1141
1.5773,pi,6.2800,6.0101,0.1140,0.1140
1.5823,pi,6.2800,6.0140,0.1140,0.1140
1.5875,pi,6.2800,6.0162,0.1141,0.1141
1.5926,pi,6.2800,5.9681,0.1151,0.1151
1.5977,pi,6.2800,5.9797,0.1149,0.1149
1.6028,pi,6.2800,5.9392,0.1158,0.1158
1.6077,pi,6.2800,5.9567,0.1156,0.1156
1.6125,pi,6.2800,5.9708,0.1154,0.1154
1.6173,pi,6.2800,5.9821,0.1152,0.1152
1.6223,pi,6.2800,5.9738,0.1154,0.1154
1.6273,pi,6.2800,5.9349,0.1163,0.1163
1.6323,pi,6.2800,5.9541,0.1160,0.1160
1.6373,pi,6.2800,5.9509,0.1161,0.1161
1.6423,pi,6.2800,5.9497,0.1162,0.1162
1.6473,pi,6.2800,5.9943,0.1154,0.1154
1.6523,pi,6.2800,5.9841,0.1157,0.1157
1.6573,pi,6.2800,6.0219,0.1150,0.1150
1.6622,pi,6.2800,6.0065,0.1154,0.1154
1.6673,pi,6.2800,5.9936,0.1157,0.1157
1.6722,pi,6.2800,5.9839,0.1160,0.1160
1.6773,pi,6.2800,5.9753,0.1162,0.1162
1.6822,pi,6.2800,5.9687,0.1165,0.1165
1.6872,pi,6.2800,5.9636,0.1166,0.1166
1.6922,pi,6.2800,5.9598,0.1168,0.1168
1.6973,pi,6.2800,5.9240,0.1176,0.1176
1.7022,pi,6.2800,5.9273,0.1176,0.1176
1.7073,pi,6.2800,5.9300,0.1176,0.1176
1.7122,pi,6.2800,5.9324,0.1177,0.1177
1.7176,pi,6.2800,5.9520,0.1174,0.1174
1.7233,pi,6.2800,5.9668,0.1172,0.1172
1.7280,pi,6.2800,5.9794,0.1170,0.1170
1.7324,pi,6.2800,6.0172,0.1163,0.1163
1.7372,pi,6.2800,6.0201,0.1163,0.1163
1.7426,pi,6.2800,6.0217,0.1163,0.1163
1.7477,pi,6.2800,6.0729,0.1154,0.1154
1.7529,pi,6.2800,6.0635,0.1156,0.1156
1.7579,pi,6.2800,6.0564,0.1158,0.1158
1.7627,pi,6.2800,6.0506,0.1160,0.1160
1.7672,pi,6.2800,6.0281,0.1165,0.1165
1.7723,pi,6.2800,6.0102,0.1169,0.1169
1.7773,pi,6.2800,5.9977,0.1172,0.1172
1.7823,pi,6.2800,5.9540,0.1182,0.1182
1.7872,pi,6.2800,5.9515,0.1183,0.1183
1.7922,pi,6.2800,5.9494,0.1184,0.1184
1.7974,pi,6.2800,5.9484,0.1185,0.1185
1.8022,pi,6.2800,5.9479,0.1186,0.1186
1.8074,pi,6.2800,5.9469,0.1187,0.1187
1.8123,pi,6.2800,5.9919,0.1179,0.1179
1.8174,pi,6.2800,5.9819,0.1182,0.1182
1.8225,pi,6.2800,6.0194,0.1175,0.1175
1.8274,pi,6.2800,6.0205,0.1176,0.1176
1.8330,pi,6.2800,6.0221,0.1176,0.1176
1.8380,pi,6.2800,6.0231,0.1176,0.1176
1.8426,pi,6.2800,6.0242,0.1177,0.1177
1.8473,pi,6.2800,6.0251,0.1177,0.1177
1.8523,pi,6.2800,6.0259,0.1178,0.1178
1.8572,pi,6.2800,6.0087,0.1182,0.1182
1.8622,pi,6.2800,6.0413,0.1176,0.1176
1.8673,pi,6.2800,6.0211,0.1181,0.1181
1.8722,pi,6.2800,6.0053,0.1184,0.1184
1.8772,pi,6.2800,5.9928,0.1188,0.1188
1.8823,pi,6.2800,5.9832,0.1190,0.1190
1.8873,pi,6.2800,6.0212,0.1183,0.1183
1.8923,pi,6.2800,6.0054,0.1187,0.1187
1.8973,pi,6.2800,6.0382,0.1181,0.1181
1.9023,pi,6.2800,6.0647,0.1177,0.1177
1.9072,pi,6.2800,6.0861,0.1173,0.1173
1.9123,pi,6.2800,6.1030,0.1170,0.1170
1.9173,pi,6.2800,6.0703,0.1177,0.1177
1.9222,pi,6.2800,6.0903,0.1174,0.1174
1.9273,pi,6.2800,6.0785,0.1176,0.1176
1.9322,pi,6.2800,6.0965,0.1173,0.1173
1.9372,pi,6.2800,6.1113,0.1171,0.1171
1.9423,pi,6.2800,6.0768,0.1178,0.1178
1.9473,pi,6.2800,6.0952,0.1175,0.1175
1.9523,pi,6.2800,6.0820,0.1178,0.1178
1.9573,pi,6.2800,6.0713,0.1181,0.1181
1.9624,pi,6.2800,6.0629,0.1183,0.1183
1.9673,pi,6.2800,6.0563,0.1185,0.1185
1.9723,pi,6.2800,6.0511,0.1186,0.1186
1.9773,pi,6.2800,6.0467,0.1188,0.1188
1.9822,pi,6.2800,6.0435,0.1189,0.1189
1.9873,pi,6.2800,6.0407,0.1190,0.1190
1.9922,pi,6.2800,6.0892,0.1181,0.1181
1.9973,pi,6.2800,6.1051,0.1178,0.1178
2.0023,pi,6.2800,6.0723,0.1185,0.1185
2.0073,pi,6.2800,6.0920,0.1182,0.1182
2.0123,pi,6.2800,6.0623,0.1188,0.1188
2.0173,pi,6.2800,6.0838,0.1185,0.1185
2.0223,pi,6.2800,6.1010,0.1182,0.1182
2.0273,pi,6.2800,6.1147,0.1179,0.1179
2.0323,pi,6.2800,6.1257,0.1178,0.1178
2.0373,pi,6.2800,6.0886,0.1185,0.1185
2.0423,pi,6.2800,6.1048,0.1183,0.1183
2.0473,pi,6.2800,6.0720,0.1190,0.1190
2.0522,pi,6.2800,6.0914,0.1186,0.1186
2.0573,pi,6.2800,6.0794,0.1189,0.1189
2.0622,pi,6.2800,6.1201,0.1181,0.1181
2.0673,pi,6.2800,6.1297,0.1180,0.1180
2.0723,pi,6.2800,6.1603,0.1174,0.1174
2.0773,pi,6.2800,6.1345,0.1180,0.1180
2.0824,pi,6.2800,6.1128,0.1184,0.1184
2.0872,pi,6.2800,6.1242,0.1182,0.1182
2.0922,pi,6.2800,6.1337,0.1181,0.1181
2.0973,pi,6.2800,6.1409,0.1180,0.1180
2.1024,pi,6.2800,6.1181,0.1185,0.1185
2.1077,pi,6.2800,6.1005,0.1189,0.1189
2.1125,pi,6.2800,6.0867,0.1192,0.1192
2.1173,pi,6.2800,6.0757,0.1195,0.1195
2.1222,pi,6.2800,6.0945,0.1191,0.1191
2.1274,pi,6.2800,6.0639,0.1198,0.1198
2.1323,pi,6.2800,6.0392,0.1203,0.1203
2.1373,pi,6.2800,6.0376,0.1204,0.1204
2.1423,pi,6.2800,6.0863,0.1195,0.1195
2.1472,pi,6.2800,6.1025,0.1192,0.1192
2.1523,pi,6.2800,6.0699,0.1199,0.1199
2.1572,pi,6.2800,6.0905,0.1196,0.1196
2.1623,pi,6.2800,6.1069,0.1193,0.1193
2.1673,pi,6.2800,6.0736,0.1200,0.1200
2.1723,pi,6.2800,6.0652,0.1202,0.1202
2.1773,pi,6.2800,6.0583,0.1204,0.1204
2.1822,pi,6.2800,6.0805,0.1200,0.1200
2.1873,pi,6.2800,6.0701,0.1203,0.1203
2.1922,pi,6.2800,6.0624,0.1205,0.1205
2.1973,pi,6.2800,6.0563,0.1207,0.1207
2.2026,pi,6.2800,6.0983,0.1199,0.1199
2.2073,pi,6.2800,6.0847,0.1202,0.1202
2.2122,pi,6.2800,6.1240,0.1195,0.1195
2.2173,pi,6.2800,6.1329,0.1193,0.1193
2.2223,pi,6.2800,6.1120,0.1198,0.1198
2.2274,pi,6.2800,6.1461,0.1191,0.1191
2.2322,pi,6.2800,6.1733,0.1186,0.1186
2.2372,pi,6.2800,6.1725,0.1187,0.1187
2.2424,pi,6.2800,6.1442,0.1193,0.1193
2.2473,pi,6.2800,6.1716,0.1188,0.1188
2.2523,pi,6.2800,6.1696,0.1188,0.1188
2.2573,pi,6.2800,6.1734,0.1188,0.1188
2.2623,pi,6.2800,6.1451,0.1194,0.1194
2.2675,pi,6.2800,6.1216,0.1199,0.1199
2.2723,pi,6.2800,6.1305,0.1197,0.1197
2.2772,pi,6.2800,6.1104,0.1202,0.1202
2.2823,pi,6.2800,6.0946,0.1205,0.1205
2.2873,pi,6.2800,6.0818,0.1208,0.1208
2.2922,pi,6.2800,6.0991,0.1205,0.1205
2.2974,pi,6.2800,6.1129,0.1203,0.1203
2.3022,pi,6.2800,6.1242,0.1201,0.1201
2.3073,pi,6.2800,6.1346,0.1200,0.1200
2.3123,pi,6.2800,6.1643,0.1194,0.1194
2.3173,pi,6.2800,6.1652,0.1194,0.1194
2.3222,pi,6.2800,6.2124,0.1185,0.1185
2.3273,pi,6.2800,6.2040,0.1187,0.1187
2.3325,pi,6.2800,6.1690,0.1194,0.1194
2.3375,pi,6.2800,6.1916,0.1190,0.1190
2.3424,pi,6.2800,6.1572,0.1197,0.1197
2.3472,pi,6.2800,6.1596,0.1197,0.1197
2.3527,pi,6.2800,6.1619,0.1196,0.1196
2.3582,pi,6.2800,6.1858,0.1192,0.1192
2.3635,pi,6.2800,6.1545,0.1199,0.1199
2.3675,pi,6.2800,6.1791,0.1194,0.1194
2.3723,pi,6.2800,6.1494,0.1200,0.1200
2.3772,pi,6.2800,6.1758,0.1195,0.1195
2.3822,pi,6.2800,6.1746,0.1196,0.1196
2.3872,pi,6.2800,6.2198,0.1187,0.1187
2.3923,pi,6.2800,6.2098,0.1189,0.1189
2.3973,pi,6.2800,6.2243,0.1186,0.1186
2.4023,pi,6.2800,6.2359,0.1184,0.1184
2.4072,pi,6.2800,6.2680,0.1178,0.1178
2.4123,pi,6.2800,6.2487,0.1182,0.1182
2.4173,pi,6.2800,6.2330,0.1185,0.1185
2.4223,pi,6.2800,6.2212,0.1187,0.1187
2.4272,pi,6.2800,6.2111,0.1190,0.1190
2.4323,pi,6.2800,6.2032,0.1191,0.1191
2.4373,pi,6.2800,6.1689,0.1198,0.1198
2.4422,pi,6.2800,6.1689,0.1199,0.1199
2.4473,pi,6.2800,6.1691,0.1199,0.1199
2.4522,pi,6.2800,6.1692,0.1199,0.1199
2.4572,pi,6.2800,6.1693,0.1199,0.1199
2.4623,pi,6.2800,6.1239,0.1209,0.1209
2.4673,pi,6.2800,6.1327,0.1207,0.1207
2.4722,pi,6.2800,6.1858,0.1197,0.1197
2.4772,pi,6.2800,6.1826,0.1198,0.1198
2.4823,pi,6.2800,6.1524,0.1204,0.1204
2.4872,pi,6.2800,6.1557,0.1204,0.1204
2.4923,pi,6.2800,6.1309,0.1209,0.1209
2.4973,pi,6.2800,6.1613,0.1203,0.1203
2.5027,pi,6.2800,6.1353,0.1209,0.1209
2.5073,pi,6.2800,6.1636,0.1204,0.1204
2.5123,pi,6.2800,6.1870,0.1199,0.1199
2.5172,pi,6.2800,6.2289,0.1191,0.1191
2.5222,pi,6.2800,6.2173,0.1194,0.1194
2.5274,pi,6.2800,6.1619,0.1205,0.1205
2.5322,pi,6.2800,6.1633,0.1205,0.1205
2.5372,pi,6.2800,6.2103,0.1196,0.1196
2.5422,pi,6.2800,6.2022,0.1198,0.1198
2.5473,pi,6.2800,6.1679,0.1205,0.1205
2.5523,pi,6.2800,6.1904,0.1200,0.1200
2.5573,pi,6.2800,6.2312,0.1192,0.1192
2.5623,pi,6.2800,6.2411,0.1191,0.1191
2.5673,pi,6.2800,6.1991,0.1199,0.1199
2.5723,pi,6.2800,6.2154,0.1196,0.1196
2.5773,pi,6.2800,6.2287,0.1194,0.1194
2.5823,pi,6.2800,6.2393,0.1192,0.1192
2.5873,pi,6.2800,6.1976,0.1200,0.1200
2.5926,pi,6.2800,6.2140,0.1197,0.1197
2.5980,pi,6.2800,6.2268,0.1195,0.1195
2.6023,pi,6.2800,6.2607,0.1188,0.1188
2.6072,pi,6.2800,6.2432,0.1191,0.1191
2.6123,pi,6.2800,6.1834,0.1203,0.1203
2.6172,pi,6.2800,6.1811,0.1204,0.1204
2.6222,pi,6.2800,6.2246,0.1196,0.1196
2.6272,pi,6.2800,6.2136,0.1198,0.1198
2.6323,pi,6.2800,6.2050,0.1200,0.1200
2.6372,pi,6.2800,6.1981,0.1202,0.1202
2.6422,pi,6.2800,6.1921,0.1203,0.1203
2.6472,pi,6.2800,6.1882,0.1204,0.1204
2.6522,pi,6.2800,6.1855,0.1205,0.1205
2.6573,pi,6.2800,6.1827,0.1205,0.1205
2.6623,pi,6.2800,6.1799,0.1206,0.1206
2.6672,pi,6.2800,6.2235,0.1198,0.1198
2.6722,pi,6.2800,6.2126,0.1200,0.1200
2.6772,pi,6.2800,6.2040,0.1202,0.1202
2.6822,pi,6.2800,6.1972,0.1204,0.1204
2.6872,pi,6.2800,6.2374,0.1196,0.1196
2.6922,pi,6.2800,6.2237,0.1199,0.1199
2.6973,pi,6.2800,6.2351,0.1196,0.1196
2.7023,pi,6.2800,6.2442,0.1195,0.1195
2.7072,pi,6.2800,6.2520,0.1193,0.1193
2.7122,pi,6.2800,6.2355,0.1197,0.1197
2.7173,pi,6.2800,6.2450,0.1195,0.1195
2.7222,pi,6.2800,6.2299,0.1198,0.1198
2.7272,pi,6.2800,6.2635,0.1191,0.1191
2.7323,pi,6.2800,6.2674,0.1191,0.1191
2.7372,pi,6.2800,6.2201,0.1200,0.1200
2.7422,pi,6.2800,6.2099,0.1202,0.1202
2.7473,pi,6.2800,6.2014,0.1204,0.1204
2.7523,pi,6.2800,6.1950,0.1206,0.1206
2.7573,pi,6.2800,6.1617,0.1213,0.1213
2.7624,pi,6.2800,6.1841,0.1208,0.1208
2.7672,pi,6.2800,6.1536,0.1215,0.1215
2.7722,pi,6.2800,6.1568,0.1214,0.1214
2.7773,pi,6.2800,6.1316,0.1220,0.1220
2.7822,pi,6.2800,6.1390,0.1219,0.1219
2.7872,pi,6.2800,6.1450,0.1218,0.1218
2.7923,pi,6.2800,6.1726,0.1213,0.1213
2.7973,pi,6.2800,6.1946,0.1208,0.1208
2.8023,pi,6.2800,6.2122,0.1205,0.1205
2.8072,pi,6.2800,6.2034,0.1207,0.1207
2.8123,pi,6.2800,6.2425,0.1199,0.1199
2.8173,pi,6.2800,6.2506,0.1198,0.1198
2.8223,pi,6.2800,6.2564,0.1197,0.1197
2.8272,pi,6.2800,6.2614,0.1196,0.1196
2.8322,pi,6.2800,6.2654,0.1195,0.1195
2.8373,pi,6.2800,6.2686,0.1195,0.1195
2.8423,pi,6.2800,6.2710,0.1194,0.1194
2.8472,pi,6.2800,6.2503,0.1198,0.1198
2.8522,pi,6.2800,6.2799,0.1192,0.1192
2.8573,pi,6.2800,6.2577,0.1197,0.1197
2.8623,pi,6.2800,6.2628,0.1196,0.1196
2.8673,pi,6.2800,6.2437,0.1200,0.1200
2.8723,pi,6.2800,6.2512,0.1198,0.1198
2.8774,pi,6.2800,6.2573,0.1197,0.1197
2.8822,pi,6.2800,6.2855,0.1192,0.1192
2.8873,pi,6.2800,6.2622,0.1196,0.1196
2.8922,pi,6.2800,6.2895,0.1191,0.1191
2.8973,pi,6.2800,6.2881,0.1191,0.1191
2.9023,pi,6.2800,6.2366,0.1201,0.1201
2.9073,pi,6.2800,6.2456,0.1200,0.1200
2.9122,pi,6.2800,6.2529,0.1198,0.1198
2.9172,pi,6.2800,6.2362,0.1202,0.1202
2.9223,pi,6.2800,6.2228,0.1204,0.1204
2.9272,pi,6.2800,6.2128,0.1207,0.1207
2.9323,pi,6.2800,6.1765,0.1214,0.1214
2.9372,pi,6.2800,6.1750,0.1215,0.1215
2.9423,pi,6.2800,6.1464,0.1221,0.1221
2.9472,pi,6.2800,6.1510,0.1220,0.1220
2.9522,pi,6.2800,6.1548,0.1220,0.1220
2.9572,pi,6.2800,6.2036,0.1210,0.1210
2.9622,pi,6.2800,6.1973,0.1212,0.1212
2.9673,pi,6.2800,6.2144,0.1208,0.1208
2.9722,pi,6.2800,6.2054,0.1210,0.1210
2.9772,pi,6.2800,6.2442,0.1203,0.1203
2.9822,pi,6.2800,6.2293,0.1206,0.1206
2.9873,pi,6.2800,6.2399,0.1204,0.1204
2.9922,pi,6.2800,6.2257,0.1207,0.1207
2.9972,pi,6.2800,6.2604,0.1200,0.1200
3.0022,pi,6.2800,6.2420,0.1204,0.1204
3.0073,pi,6.2800,6.2733,0.1198,0.1198
3.0122,pi,6.2800,6.2528,0.1202,0.1202
3.0172,pi,6.2800,6.2818,0.1196,0.1196
3.0222,pi,6.2800,6.2594,0.1200,0.1200
3.0272,pi,6.2800,6.2871,0.1195,0.1195
3.0322,pi,6.2800,6.2634,0.1200,0.1200
3.0372,pi,6.2800,6.2903,0.1194,0.1194
3.0422,pi,6.2800,6.2663,0.1199,0.1199
3.0472,pi,6.2800,6.2927,0.1194,0.1194
3.0522,pi,6.2800,6.2679,0.1199,0.1199
3.0572,pi,6.2800,6.2940,0.1194,0.1194
3.0622,pi,6.2800,6.2693,0.1198,0.1198
3.0673,pi,6.2800,6.2212,0.1208,0.1208
3.0722,pi,6.2800,6.2108,0.1210,0.1210
3.0773,pi,6.2800,6.2253,0.1208,0.1208
3.0822,pi,6.2800,6.2140,0.1210,0.1210
3.0873,pi,6.2800,6.1773,0.1218,0.1218
3.0922,pi,6.2800,6.1756,0.1218,0.1218
3.0973,pi,6.2800,6.1467,0.1224,0.1224
3.1023,pi,6.2800,6.1735,0.1219,0.1219
3.1076,pi,6.2800,6.1444,0.1225,0.1225
3.1127,pi,6.2800,6.1714,0.1220,0.1220
3.1172,pi,6.2800,6.2160,0.1211,0.1211
3.1222,pi,6.2800,6.2292,0.1209,0.1209
3.1272,pi,6.2800,6.1895,0.1217,0.1217
3.1326,pi,6.2800,6.2081,0.1214,0.1214
3.1377,pi,6.2800,6.2225,0.1211,0.1211
3.1429,pi,6.2800,6.2338,0.1209,0.1209
3.1474,pi,6.2800,6.2432,0.1207,0.1207
3.1522,pi,6.2800,6.2739,0.1201,0.1201
3.1572,pi,6.2800,6.2992,0.1196,0.1196
3.1623,pi,6.2800,6.3196,0.1192,0.1192
3.1673,pi,6.2800,6.3121,0.1193,0.1193
3.1723,pi,6.2800,6.3058,0.1194,0.1194
3.1772,pi,6.2800,6.3242,0.1191,0.1191
3.1823,pi,6.2800,6.3390,0.1188,0.1188
3.1872,pi,6.2800,6.3049,0.1194,0.1194
3.1923,pi,6.2800,6.3242,0.1190,0.1190
3.1972,pi,6.2800,6.3396,0.1187,0.1187
3.2023,pi,6.2800,6.3515,0.1185,0.1185
3.2072,pi,6.2800,6.3609,0.1183,0.1183
3.2123,pi,6.2800,6.3229,0.1190,0.1190
3.2172,pi,6.2800,6.3377,0.1187,0.1187
3.2222,pi,6.2800,6.3045,0.1193,0.1193
3.2273,pi,6.2800,6.2499,0.1204,0.1204
3.2322,pi,6.2800,6.2338,0.1207,0.1207
3.2372,pi,6.2800,6.2666,0.1201,0.1201
3.2424,pi,6.2800,6.2694,0.1201,0.1201
3.2473,pi,6.2800,6.2207,0.1210,0.1210
3.2523,pi,6.2800,6.2327,0.1208,0.1208
3.2572,pi,6.2800,6.1924,0.1216,0.1216
3.2622,pi,6.2800,6.2105,0.1213,0.1213
3.2673,pi,6.2800,6.1745,0.1220,0.1220
3.2722,pi,6.2800,6.1961,0.1216,0.1216
3.2773,pi,6.2800,6.2635,0.1203,0.1203
3.2822,pi,6.2800,6.2669,0.1202,0.1202
3.2873,pi,6.2800,6.2192,0.1212,0.1212
3.2923,pi,6.2800,6.2310,0.1210,0.1210
3.2973,pi,6.2800,6.2185,0.1212,0.1212
3.3023,pi,6.2800,6.2313,0.1210,0.1210
3.3077,pi,6.2800,6.2406,0.1208,0.1208
3.3127,pi,6.2800,6.2479,0.1207,0.1207
3.3177,pi,6.2800,6.2547,0.1205,0.1205
3.3223,pi,6.2800,6.2601,0.1204,0.1204
3.3275,pi,6.2800,6.2143,0.1214,0.1214
3.3327,pi,6.2800,6.2271,0.1211,0.1211
3.3376,pi,6.2800,6.2380,0.1209,0.1209
3.3422,pi,6.2800,6.2699,0.1203,0.1203
3.3473,pi,6.2800,6.2508,0.1207,0.1207
3.3522,pi,6.2800,6.2805,0.1201,0.1201
3.3572,pi,6.2800,6.3044,0.1196,0.1196
3.3623,pi,6.2800,6.3242,0.1192,0.1192
3.3673,pi,6.2800,6.2933,0.1198,0.1198
3.3722,pi,6.2800,6.3143,0.1194,0.1194
3.3775,pi,6.2800,6.3075,0.1195,0.1195
3.3822,pi,6.2800,6.3256,0.1192,0.1192
3.3872,pi,6.2800,6.2955,0.1197,0.1197
3.3922,pi,6.2800,6.3168,0.1193,0.1193
3.3973,pi,6.2800,6.2877,0.1199,0.1199
3.4022,pi,6.2800,6.3098,0.1194,0.1194
3.4073,pi,6.2800,6.2540,0.1205,0.1205
3.4122,pi,6.2800,6.2597,0.1204,0.1204
3.4172,pi,6.2800,6.2414,0.1208,0.1208
3.4222,pi,6.2800,6.2729,0.1202,0.1202
3.4273,pi,6.2800,6.2515,0.1206,0.1206
3.4323,pi,6.2800,6.2577,0.1205,0.1205
3.4373,pi,6.2800,6.2626,0.1204,0.1204
3.4422,pi,6.2800,6.2664,0.1203,0.1203
3.4473,pi,6.2800,6.2695,0.1203,0.1203
3.4523,pi,6.2800,6.2714,0.1202,0.1202
3.4572,pi,6.2800,6.2511,0.1207,0.1207
3.4622,pi,6.2800,6.2807,0.1201,0.1201
3.4676,pi,6.2800,6.2811,0.1201,0.1201
3.4726,pi,6.2800,6.2301,0.1211,0.1211
3.4773,pi,6.2800,6.2173,0.1214,0.1214
3.4822,pi,6.2800,6.2301,0.1211,0.1211
3.4872,pi,6.2800,6.2181,0.1214,0.1214
3.4923,pi,6.2800,6.1806,0.1221,0.1221
3.4973,pi,6.2800,6.1783,0.1222,0.1222
3.5026,pi,6.2800,6.1994,0.1218,0.1218
3.5073,pi,6.2800,6.2156,0.1215,0.1215
3.5124,pi,6.2800,6.1785,0.1223,0.1223
3.5177,pi,6.2800,6.1991,0.1219,0.1219
3.5227,pi,6.2800,6.2381,0.1211,0.1211
3.5273,pi,6.2800,6.2469,0.1209,0.1209
3.5322,pi,6.2800,6.2036,0.1218,0.1218
3.5372,pi,6.2800,6.2193,0.1215,0.1215
3.5423,pi,6.2800,6.2822,0.1203,0.1203
3.5473,pi,6.2800,6.2821,0.1203,0.1203
3.5524,pi,6.2800,6.2317,0.1213,0.1213
3.5573,pi,6.2800,6.2418,0.1211,0.1211
3.5624,pi,6.2800,6.3000,0.1199,0.1199
3.5674,pi,6.2800,6.3193,0.1196,0.1196
3.5727,pi,6.2800,6.2615,0.1207,0.1207
3.5772,pi,6.2800,6.2438,0.1211,0.1211
3.5822,pi,6.2800,6.2755,0.1204,0.1204
3.5872,pi,6.2800,6.3010,0.1199,0.1199
3.5922,pi,6.2800,6.2749,0.1204,0.1204
3.5973,pi,6.2800,6.2543,0.1209,0.1209
3.6022,pi,6.2800,6.2834,0.1203,0.1203
3.6072,pi,6.2800,6.3074,0.1198,0.1198
3.6123,pi,6.2800,6.2806,0.1203,0.1203
3.6173,pi,6.2800,6.2585,0.1208,0.1208
3.6223,pi,6.2800,6.2405,0.1211,0.1211
3.6272,pi,6.2800,6.2727,0.1205,0.1205
3.6323,pi,6.2800,6.2243,0.1215,0.1215
3.6372,pi,6.2800,6.2359,0.1213,0.1213
3.6423,pi,6.2800,6.2953,0.1201,0.1201
3.6473,pi,6.2800,6.2925,0.1201,0.1201
3.6524,pi,6.2800,6.2397,0.1212,0.1212
3.6573,pi,6.2800,6.2475,0.1210,0.1210
3.6623,pi,6.2800,6.3039,0.1199,0.1199
3.6673,pi,6.2800,6.2992,0.1200,0.1200
3.6723,pi,6.2800,6.2955,0.1201,0.1201
3.6772,pi,6.2800,6.2917,0.1201,0.1201
3.6822,pi,6.2800,6.3129,0.1197,0.1197
3.6873,pi,6.2800,6.3068,0.1198,0.1198
3.6922,pi,6.2800,6.2791,0.1204,0.1204
3.6972,pi,6.2800,6.2574,0.1208,0.1208
3.7022,pi,6.2800,6.2400,0.1212,0.1212
3.7073,pi,6.2800,6.2715,0.1205,0.1205
3.7123,pi,6.2800,6.2515,0.1209,0.1209
3.7172,pi,6.2800,6.2356,0.1213,0.1213
3.7222,pi,6.2800,6.2228,0.1215,0.1215
3.7272,pi,6.2800,6.2585,0.1208,0.1208
3.7323,pi,6.2800,6.2129,0.1218,0.1218
3.7372,pi,6.2800,6.2041,0.1220,0.1220
3.7422,pi,6.2800,6.1971,0.1221,0.1221
3.7472,pi,6.2800,6.2373,0.1213,0.1213
3.7523,pi,6.2800,6.2464,0.1212,0.1212
3.7572,pi,6.2800,6.2767,0.1206,0.1206
3.7622,pi,6.2800,6.2561,0.1210,0.1210
3.7675,pi,6.2800,6.2611,0.1209,0.1209
3.7728,pi,6.2800,6.2643,0.1208,0.1208
3.7775,pi,6.2800,6.2171,0.1218,0.1218
3.7827,pi,6.2800,6.2298,0.1215,0.1215
3.7872,pi,6.2800,6.2403,0.1213,0.1213
3.7922,pi,6.2800,6.2486,0.1212,0.1212
3.7972,pi,6.2800,6.2784,0.1206,0.1206
3.8022,pi,6.2800,6.2564,0.1210,0.1210
3.8072,pi,6.2800,6.2847,0.1205,0.1205
3.8123,pi,6.2800,6.2843,0.1205,0.1205
3.8173,pi,6.2800,6.2608,0.1209,0.1209
3.8223,pi,6.2800,6.2425,0.1213,0.1213
3.8273,pi,6.2800,6.2742,0.1207,0.1207
3.8322,pi,6.2800,6.2993,0.1202,0.1202
3.8373,pi,6.2800,6.2958,0.1203,0.1203
3.8423,pi,6.2800,6.2929,0.1203,0.1203
3.8473,pi,6.2800,6.2900,0.1204,0.1204
3.8523,pi,6.2800,6.2877,0.1204,0.1204
3.8573,pi,6.2800,6.2864,0.1204,0.1204
3.8623,pi,6.2800,6.2855,0.1204,0.1204
3.8673,pi,6.2800,6.3351,0.1195,0.1195
3.8722,pi,6.2800,6.3473,0.1192,0.1192
3.8773,pi,6.2800,6.3574,0.1190,0.1190
3.8823,pi,6.2800,6.3198,0.1197,0.1197
3.8872,pi,6.2800,6.3355,0.1194,0.1194
3.8922,pi,6.2800,6.3023,0.1200,0.1200
3.8973,pi,6.2800,6.2760,0.1206,0.1206
3.9022,pi,6.2800,6.2552,0.1210,0.1210
3.9072,pi,6.2800,6.2845,0.1204,0.1204
3.9123,pi,6.2800,6.2843,0.1204,0.1204
3.9173,pi,6.2800,6.2838,0.1204,0.1204
3.9223,pi,6.2800,6.2836,0.1204,0.1204
3.9272,pi,6.2800,6.3064,0.1199,0.1199
3.9325,pi,6.2800,6.3014,0.1200,0.1200
3.9376,pi,6.2800,6.2465,0.1211,0.1211
3.9422,pi,6.2800,6.2534,0.1210,0.1210
3.9472,pi,6.2800,6.3093,0.1199,0.1199
3.9522,pi,6.2800,6.3038,0.1200,0.1200
3.9573,pi,6.2800,6.2995,0.1201,0.1201
3.9622,pi,6.2800,6.2962,0.1201,0.1201
3.9672,pi,6.2800,6.3164,0.1197,0.1197
3.9722,pi,6.2800,6.2871,0.1203,0.1203
3.9773,pi,6.2800,6.2360,0.1213,0.1213
3.9822,pi,6.2800,6.2227,0.1216,0.1216
3.9872,pi,6.2800,6.2581,0.1209,0.1209
3.9922,pi,6.2800,6.2867,0.1203,0.1203
3.9973,pi,6.2800,6.3093,0.1199,0.1199
4.0024,pi,6.2800,6.3039,0.1200,0.1200
4.0078,pi,6.2800,6.2989,0.1201,0.1201
4.0126,pi,6.2800,6.2950,0.1202,0.1202
4.0174,pi,6.2800,6.2917,0.1202,0.1202
4.0222,pi,6.2800,6.2672,0.1207,0.1207
4.0272,pi,6.2800,6.2933,0.1202,0.1202
4.0323,pi,6.2800,6.2896,0.1203,0.1203
4.0373,pi,6.2800,6.2881,0.1203,0.1203
4.0424,pi,6.2800,6.2852,0.1203,0.1203
4.0472,pi,6.2800,6.2846,0.1204,0.1204
4.0523,pi,6.2800,6.2612,0.1208,0.1208
4.0573,pi,6.2800,6.2429,0.1212,0.1212
4.0622,pi,6.2800,6.2291,0.1215,0.1215
4.0672,pi,6.2800,6.2634,0.1208,0.1208
4.0723,pi,6.2800,6.2673,0.1207,0.1207
4.0772,pi,6.2800,6.2705,0.1207,0.1207
4.0822,pi,6.2800,6.2502,0.1211,0.1211
4.0872,pi,6.2800,6.2812,0.1205,0.1205
4.0922,pi,6.2800,6.2589,0.1209,0.1209
4.0973,pi,6.2800,6.2426,0.1212,0.1212
4.1022,pi,6.2800,6.2280,0.1215,0.1215
4.1074,pi,6.2800,6.2889,0.1203,0.1203
4.1126,pi,6.2800,6.2875,0.1204,0.1204
4.1177,pi,6.2800,6.2350,0.1214,0.1214
4.1222,pi,6.2800,6.2445,0.1212,0.1212
4.1272,pi,6.2800,6.2020,0.1221,0.1221
4.1322,pi,6.2800,6.1955,0.1222,0.1222
4.1373,pi,6.2800,6.1625,0.1229,0.1229
4.1423,pi,6.2800,6.1866,0.1225,0.1225
4.1472,pi,6.2800,6.2288,0.1216,0.1216
4.1523,pi,6.2800,6.2396,0.1214,0.1214
4.1572,pi,6.2800,6.2711,0.1208,0.1208
4.1623,pi,6.2800,6.2516,0.1212,0.1212
4.1673,pi,6.2800,6.2809,0.1206,0.1206
4.1723,pi,6.2800,6.3052,0.1202,0.1202
4.1773,pi,6.2800,6.2780,0.1207,0.1207
4.1822,pi,6.2800,6.3021,0.1202,0.1202
4.1872,pi,6.2800,6.2753,0.1207,0.1207
4.1922,pi,6.2800,6.3000,0.1202,0.1202
4.1973,pi,6.2800,6.2454,0.1213,0.1213
4.2022,pi,6.2800,6.2528,0.1212,0.1212
4.2073,pi,6.2800,6.2083,0.1221,0.1221
4.2122,pi,6.2800,6.2232,0.1218,0.1218
4.2173,pi,6.2800,6.1848,0.1226,0.1226
4.2222,pi,6.2800,6.1816,0.1227,0.1227
4.2273,pi,6.2800,6.1792,0.1228,0.1228
4.2324,pi,6.2800,6.1993,0.1224,0.1224
4.2373,pi,6.2800,6.2156,0.1221,0.1221
4.2422,pi,6.2800,6.2289,0.1218,0.1218
4.2472,pi,6.2800,6.2168,0.1221,0.1221
4.2523,pi,6.2800,6.2534,0.1214,0.1214
4.2573,pi,6.2800,6.2368,0.1217,0.1217
4.2623,pi,6.2800,6.2236,0.1220,0.1220
4.2673,pi,6.2800,6.2355,0.1218,0.1218
4.2723,pi,6.2800,6.1946,0.1226,0.1226
4.2772,pi,6.2800,6.2123,0.1222,0.1222
4.2822,pi,6.2800,6.2036,0.1224,0.1224
4.2872,pi,6.2800,6.1972,0.1226,0.1226
4.2922,pi,6.2800,6.2376,0.1218,0.1218
4.2973,pi,6.2800,6.2466,0.1216,0.1216
4.3022,pi,6.2800,6.2034,0.1225,0.1225
4.3073,pi,6.2800,6.2193,0.1222,0.1222
4.3122,pi,6.2800,6.2550,0.1215,0.1215
4.3173,pi,6.2800,6.2606,0.1214,0.1214
4.3222,pi,6.2800,6.2880,0.1209,0.1209
4.3273,pi,6.2800,6.2869,0.1209,0.1209
4.3322,pi,6.2800,6.3364,0.1199,0.1199
4.3372,pi,6.2800,6.3257,0.1201,0.1201
4.3423,pi,6.2800,6.2668,0.1212,0.1212
4.3472,pi,6.2800,6.2473,0.1216,0.1216
4.3523,pi,6.2800,6.2317,0.1220,0.1220
4.3573,pi,6.2800,6.2420,0.1218,0.1218
4.3623,pi,6.2800,6.2000,0.1226,0.1226
4.3672,pi,6.2800,6.1936,0.1228,0.1228
4.3723,pi,6.2800,6.2115,0.1224,0.1224
4.3772,pi,6.2800,6.2029,0.1226,0.1226
4.3823,pi,6.2800,6.2188,0.1223,0.1223
4.3873,pi,6.2800,6.2312,0.1221,0.1221
4.3923,pi,6.2800,6.2915,0.1209,0.1209
4.3973,pi,6.2800,6.2893,0.1209,0.1209
4.4022,pi,6.2800,6.3109,0.1205,0.1205
4.4073,pi,6.2800,6.3053,0.1206,0.1206
4.4123,pi,6.2800,6.3509,0.1197,0.1197
4.4173,pi,6.2800,6.3374,0.1199,0.1199
4.4222,pi,6.2800,6.3494,0.1197,0.1197
4.4273,pi,6.2800,6.3361,0.1199,0.1199
4.4322,pi,6.2800,6.3485,0.1197,0.1197
4.4373,pi,6.2800,6.3127,0.1204,0.1204
4.4423,pi,6.2800,6.3301,0.1200,0.1200
4.4473,pi,6.2800,6.2983,0.1206,0.1206
4.4523,pi,6.2800,6.2945,0.1207,0.1207
4.4573,pi,6.2800,6.2911,0.1208,0.1208
4.4623,pi,6.2800,6.2893,0.1208,0.1208
4.4673,pi,6.2800,6.2880,0.1208,0.1208
4.4723,pi,6.2800,6.2869,0.1208,0.1208
4.4773,pi,6.2800,6.2860,0.1209,0.1209
4.4823,pi,6.2800,6.2854,0.1209,0.1209
4.4872,pi,6.2800,6.2620,0.1213,0.1213
4.4922,pi,6.2800,6.2891,0.1208,0.1208
4.4973,pi,6.2800,6.2879,0.1208,0.1208
4.5025,pi,6.2800,6.2637,0.1213,0.1213
4.5073,pi,6.2800,6.2447,0.1217,0.1217
4.5122,pi,6.2800,6.2764,0.1211,0.1211
4.5173,pi,6.2800,6.2550,0.1215,0.1215
4.5223,pi,6.2800,6.2102,0.1224,0.1224
4.5272,pi,6.2800,6.2020,0.1226,0.1226
4.5322,pi,6.2800,6.2413,0.1218,0.1218
4.5372,pi,6.2800,6.2268,0.1221,0.1221
4.5423,pi,6.2800,6.2379,0.1219,0.1219
4.5473,pi,6.2800,6.2470,0.1217,0.1217
4.5522,pi,6.2800,6.2770,0.1211,0.1211
4.5572,pi,6.2800,6.3015,0.1207,0.1207
4.5623,pi,6.2800,6.2977,0.1207,0.1207
4.5672,pi,6.2800,6.2717,0.1212,0.1212
4.5722,pi,6.2800,6.2967,0.1207,0.1207
4.5773,pi,6.2800,6.2940,0.1208,0.1208
4.5826,pi,6.2800,6.2410,0.1218,0.1218
4.5874,pi,6.2800,6.2491,0.1217,0.1217
4.5922,pi,6.2800,6.2554,0.1216,0.1216
4.5974,pi,6.2800,6.2608,0.1215,0.1215
4.6023,pi,6.2800,6.2150,0.1224,0.1224
4.6073,pi,6.2800,6.2286,0.1221,0.1221
4.6123,pi,6.2800,6.2394,0.1219,0.1219
4.6173,pi,6.2800,6.2480,0.1218,0.1218
4.6222,pi,6.2800,6.2779,0.1212,0.1212
4.6273,pi,6.2800,6.2789,0.1212,0.1212
4.6322,pi,6.2800,6.3027,0.1207,0.1207
4.6373,pi,6.2800,6.3220,0.1203,0.1203
4.6422,pi,6.2800,6.3374,0.1200,0.1200
4.6473,pi,6.2800,6.3042,0.1206,0.1206
4.6522,pi,6.2800,6.3231,0.1202,0.1202
4.6573,pi,6.2800,6.3143,0.1204,0.1204
4.6622,pi,6.2800,6.3081,0.1205,0.1205
4.6673,pi,6.2800,6.2804,0.1211,0.1211
4.6722,pi,6.2800,6.3042,0.1206,0.1206
4.6773,pi,6.2800,6.2774,0.1211,0.1211
4.6822,pi,6.2800,6.3018,0.1206,0.1206
4.6873,pi,6.2800,6.2755,0.1212,0.1212
4.6922,pi,6.2800,6.3002,0.1207,0.1207
4.6973,pi,6.2800,6.2743,0.1212,0.1212
4.7022,pi,6.2800,6.2993,0.1207,0.1207
4.7073,pi,6.2800,6.2734,0.1212,0.1212
4.7122,pi,6.2800,6.2994,0.1207,0.1207
4.7173,pi,6.2800,6.2961,0.1207,0.1207
4.7223,pi,6.2800,6.2933,0.1208,0.1208
4.7272,pi,6.2800,6.2685,0.1213,0.1213
4.7326,pi,6.2800,6.2705,0.1212,0.1212
4.7381,pi,6.2800,6.2716,0.1212,0.1212
4.7430,pi,6.2800,6.2726,0.1212,0.1212
4.7484,pi,6.2800,6.2725,0.1212,0.1212
4.7532,pi,6.2800,6.1729,0.1232,0.1232
4.7577,pi,6.2800,6.0910,0.1249,0.1249
4.7628,pi,6.2800,6.0278,0.1262,0.1262
4.7675,pi,6.2800,5.9772,0.1273,0.1273
4.7724,pi,6.2800,5.9375,0.1281,0.1281
4.7773,pi,6.2800,5.9052,0.1289,0.1289
4.7824,pi,6.2800,5.9117,0.1288,0.1288
4.7873,pi,6.2800,5.9173,0.1288,0.1288
4.7924,pi,6.2800,5.9227,0.1288,0.1288
4.7975,pi,6.2800,5.9267,0.1288,0.1288
4.8023,pi,6.2800,5.9764,0.1279,0.1279
4.8075,pi,6.2800,6.0614,0.1263,0.1263
4.8123,pi,6.2800,6.1303,0.1249,0.1249
4.8178,pi,6.2800,6.1840,0.1239,0.1239
4.8231,pi,6.2800,6.2536,0.1225,0.1225
4.8278,pi,6.2800,6.3084,0.1214,0.1214
4.8329,pi,6.2800,6.3526,0.1206,0.1206
4.8380,pi,6.2800,6.3888,0.1198,0.1198
4.8426,pi,6.2800,6.3164,0.1212,0.1212
4.8477,pi,6.2800,6.2598,0.1224,0.1224
4.8529,pi,6.2800,6.1606,0.1243,0.1243
4.8580,pi,6.2800,6.1169,0.1252,0.1252
4.8625,pi,6.2800,6.0818,0.1260,0.1260
4.8676,pi,6.2800,6.0998,0.1257,0.1257
4.8727,pi,6.2800,6.0681,0.1264,0.1264
4.8778,pi,6.2800,6.0426,0.1269,0.1269
4.8828,pi,6.2800,5.9892,0.1281,0.1281
4.8873,pi,6.2800,5.9800,0.1283,0.1283
4.8922,pi,6.2800,5.9720,0.1285,0.1285
4.8973,pi,6.2800,6.0577,0.1269,0.1269
4.9022,pi,6.2800,6.1261,0.1256,0.1256
4.9073,pi,6.2800,6.1826,0.1245,0.1245
4.9122,pi,6.2800,6.2262,0.1237,0.1237
4.9173,pi,6.2800,6.2607,0.1230,0.1230
4.9223,pi,6.2800,6.2884,0.1224,0.1224
4.9272,pi,6.2800,6.3566,0.1211,0.1211
4.9323,pi,6.2800,6.3657,0.1209,0.1209
4.9372,pi,6.2800,6.4194,0.1198,0.1198
4.9423,pi,6.2800,6.4610,0.1189,0.1189
4.9472,pi,6.2800,6.4492,0.1191,0.1191
4.9522,pi,6.2800,6.4846,0.1183,0.1183
4.9573,pi,6.2800,6.4672,0.1186,0.1186
4.9623,pi,6.2800,6.4806,0.1183,0.1183
4.9673,pi,6.2800,6.4638,0.1186,0.1186
4.9723,pi,6.2800,6.4276,0.1193,0.1193
4.9774,pi,6.2800,6.3981,0.1198,0.1198
4.9825,pi,6.2800,6.4250,0.1193,0.1193
4.9873,pi,6.2800,6.3961,0.1198,0.1198
4.9922,pi,6.2800,6.3230,0.1212,0.1212
4.9972,pi,6.2800,6.2928,0.1218,0.1218
5.0022,pi,6.2800,6.3140,0.1214,0.1214
5.0073,pi,6.2800,6.2852,0.1220,0.1220
5.0124,pi,6.2800,6.2342,0.1230,0.1230
5.0173,pi,6.2800,6.2437,0.1228,0.1228
5.0222,pi,6.2800,6.3018,0.1217,0.1217
5.0272,pi,6.2800,6.3212,0.1213,0.1213
5.0322,pi,6.2800,6.3373,0.1209,0.1209
5.0373,pi,6.2800,6.3040,0.1216,0.1216
5.0422,pi,6.2800,6.3234,0.1212,0.1212
5.0473,pi,6.2800,6.3151,0.1214,0.1214
5.0522,pi,6.2800,6.3086,0.1215,0.1215
5.0572,pi,6.2800,6.2807,0.1220,0.1220
5.0622,pi,6.2800,6.3042,0.1216,0.1216
5.0673,pi,6.2800,6.3231,0.1212,0.1212
5.0722,pi,6.2800,6.3383,0.1209,0.1209
5.0773,pi,6.2800,6.3269,0.1211,0.1211
5.0823,pi,6.2800,6.3173,0.1213,0.1213
5.0873,pi,6.2800,6.3095,0.1214,0.1214
5.0923,pi,6.2800,6.3037,0.1215,0.1215
5.0972,pi,6.2800,6.3495,0.1206,0.1206
5.1022,pi,6.2800,6.3361,0.1208,0.1208
5.1073,pi,6.2800,6.3251,0.1210,0.1210
5.1124,pi,6.2800,6.3153,0.1212,0.1212
5.1176,pi,6.2800,6.3586,0.1203,0.1203
5.1223,pi,6.2800,6.3420,0.1207,0.1207
5.1273,pi,6.2800,6.3800,0.1199,0.1199
5.1322,pi,6.2800,6.3833,0.1198,0.1198
5.1372,pi,6.2800,6.3866,0.1197,0.1197
5.1422,pi,6.2800,6.3893,0.1196,0.1196
5.1473,pi,6.2800,6.3911,0.1196,0.1196
5.1523,pi,6.2800,6.4197,0.1190,0.1190
5.1572,pi,6.2800,6.4152,0.1190,0.1190
5.1623,pi,6.2800,6.4120,0.1190,0.1190
5.1673,pi,6.2800,6.3861,0.1195,0.1195
5.1724,pi,6.2800,6.3419,0.1204,0.1204
5.1778,pi,6.2800,6.3536,0.1201,0.1201
5.1823,pi,6.2800,6.3390,0.1204,0.1204
5.1872,pi,6.2800,6.3512,0.1202,0.1202
5.1922,pi,6.2800,6.3608,0.1199,0.1199
5.1972,pi,6.2800,6.3686,0.1198,0.1198
5.2024,pi,6.2800,6.3514,0.1201,0.1201
5.2073,pi,6.2800,6.3376,0.1203,0.1203
5.2123,pi,6.2800,6.3765,0.1196,0.1196
5.2172,pi,6.2800,6.3803,0.1195,0.1195
5.2222,pi,6.2800,6.3838,0.1194,0.1194
5.2272,pi,6.2800,6.3873,0.1193,0.1193
5.2323,pi,6.2800,6.3895,0.1192,0.1192
5.2373,pi,6.2800,6.3677,0.1196,0.1196
5.2424,pi,6.2800,6.3505,0.1199,0.1199
5.2478,pi,6.2800,6.3362,0.1202,0.1202
5.2529,pi,6.2800,6.3245,0.1204,0.1204
5.2575,pi,6.2800,6.3154,0.1206,0.1206
5.2622,pi,6.2800,6.3321,0.1202,0.1202
5.2672,pi,6.2800,6.2995,0.1209,0.1209
5.2723,pi,6.2800,6.2950,0.1210,0.1210
5.2772,pi,6.2800,6.3155,0.1205,0.1205
5.2823,pi,6.2800,6.3323,0.1202,0.1202
5.2873,pi,6.2800,6.2996,0.1208,0.1208
5.2923,pi,6.2800,6.3196,0.1204,0.1204
5.2973,pi,6.2800,6.2891,0.1210,0.1210
5.3023,pi,6.2800,6.3110,0.1206,0.1206
5.3072,pi,6.2800,6.3292,0.1202,0.1202
5.3124,pi,6.2800,6.3198,0.1204,0.1204
5.3173,pi,6.2800,6.3117,0.1206,0.1206
5.3222,pi,6.2800,6.3289,0.1202,0.1202
5.3272,pi,6.2800,6.2694,0.1214,0.1214
5.3322,pi,6.2800,6.2721,0.1213,0.1213
5.3373,pi,6.2800,6.2743,0.1213,0.1213
5.3423,pi,6.2800,6.2759,0.1213,0.1213
5.3472,pi,6.2800,6.3002,0.1208,0.1208
5.3523,pi,6.2800,6.3198,0.1204,0.1204
5.3572,pi,6.2800,6.3355,0.1201,0.1201
5.3622,pi,6.2800,6.3025,0.1207,0.1207
5.3672,pi,6.2800,6.3216,0.1203,0.1203
5.3723,pi,6.2800,6.3138,0.1205,0.1205
5.3773,pi,6.2800,6.3071,0.1206,0.1206
5.3823,pi,6.2800,6.3016,0.1207,0.1207
5.3872,pi,6.2800,6.3480,0.1198,0.1198
5.3922,pi,6.2800,6.3580,0.1195,0.1195
5.3972,pi,6.2800,6.3660,0.1194,0.1194
5.4022,pi,6.2800,6.3266,0.1201,0.1201
5.4072,pi,6.2800,6.3409,0.1198,0.1198
5.4124,pi,6.2800,6.3294,0.1200,0.1200
5.4173,pi,6.2800,6.3198,0.1202,0.1202
5.4223,pi,6.2800,6.3124,0.1204,0.1204
5.4272,pi,6.2800,6.3293,0.1200,0.1200
5.4323,pi,6.2800,6.3433,0.1197,0.1197
5.4372,pi,6.2800,6.3547,0.1195,0.1195
5.4423,pi,6.2800,6.3402,0.1197,0.1197
5.4472,pi,6.2800,6.3288,0.1200,0.1200
5.4523,pi,6.2800,6.3195,0.1201,0.1201
5.4572,pi,6.2800,6.3350,0.1198,0.1198
5.4623,pi,6.2800,6.3244,0.1200,0.1200
5.4672,pi,6.2800,6.3387,0.1197,0.1197
5.4722,pi,6.2800,6.3048,0.1204,0.1204
5.4772,pi,6.2800,6.3235,0.1200,0.1200
5.4823,pi,6.2800,6.3154,0.1201,0.1201
5.4872,pi,6.2800,6.3088,0.1203,0.1203
5.4922,pi,6.2800,6.2806,0.1208,0.1208
5.4974,pi,6.2800,6.2808,0.1208,0.1208
5.5032,pi,6.2800,6.3308,0.1198,0.1198
5.5082,pi,6.2800,6.3202,0.1200,0.1200
5.5123,pi,6.2800,6.3354,0.1197,0.1197
5.5173,pi,6.2800,6.3478,0.1194,0.1194
5.5223,pi,6.2800,6.3578,0.1192,0.1192
5.5273,pi,6.2800,6.3427,0.1195,0.1195
5.5322,pi,6.2800,6.3535,0.1193,0.1193
5.5373,pi,6.2800,6.3391,0.1196,0.1196
5.5423,pi,6.2800,6.3780,0.1188,0.1188
5.5472,pi,6.2800,6.3817,0.1187,0.1187
5.5522,pi,6.2800,6.3851,0.1186,0.1186
5.5573,pi,6.2800,6.3426,0.1194,0.1194
5.5623,pi,6.2800,6.3305,0.1196,0.1196
5.5673,pi,6.2800,6.3209,0.1198,0.1198
5.5722,pi,6.2800,6.3133,0.1199,0.1199
5.5772,pi,6.2800,6.3575,0.1190,0.1190
5.5823,pi,6.2800,6.3423,0.1193,0.1193
5.5872,pi,6.2800,6.3532,0.1191,0.1191
5.5922,pi,6.2800,6.3623,0.1189,0.1189
5.5972,pi,6.2800,6.3695,0.1187,0.1187
5.6024,pi,6.2800,6.3510,0.1191,0.1191
5.6074,pi,6.2800,6.3872,0.1183,0.1183
5.6125,pi,6.2800,6.3659,0.1187,0.1187
5.6173,pi,6.2800,6.3993,0.1180,0.1180
5.6224,pi,6.2800,6.3756,0.1185,0.1185
5.6272,pi,6.2800,6.3568,0.1188,0.1188
5.6323,pi,6.2800,6.3194,0.1196,0.1196
5.6373,pi,6.2800,6.3119,0.1197,0.1197
5.6423,pi,6.2800,6.3056,0.1198,0.1198
5.6473,pi,6.2800,6.3007,0.1199,0.1199
5.6524,pi,6.2800,6.3464,0.1190,0.1190
5.6572,pi,6.2800,6.3573,0.1188,0.1188
5.6623,pi,6.2800,6.3206,0.1195,0.1195
5.6673,pi,6.2800,6.3365,0.1192,0.1192
5.6723,pi,6.2800,6.3488,0.1189,0.1189
5.6772,pi,6.2800,6.3589,0.1187,0.1187
5.6823,pi,6.2800,6.3436,0.1190,0.1190
5.6872,pi,6.2800,6.3541,0.1187,0.1187
5.6923,pi,6.2800,6.3171,0.1195,0.1195
5.6973,pi,6.2800,6.3102,0.1196,0.1196
5.7023,pi,6.2800,6.2817,0.1201,0.1201
5.7073,pi,6.2800,6.2813,0.1202,0.1202
5.7123,pi,6.2800,6.2813,0.1202,0.1202
5.7172,pi,6.2800,6.3043,0.1197,0.1197
5.7223,pi,6.2800,6.2775,0.1202,0.1202
5.7272,pi,6.2800,6.2562,0.1207,0.1207
5.7322,pi,6.2800,6.2849,0.1201,0.1201
5.7372,pi,6.2800,6.3076,0.1196,0.1196
5.7423,pi,6.2800,6.3257,0.1193,0.1193
5.7472,pi,6.2800,6.3406,0.1190,0.1190
5.7522,pi,6.2800,6.3527,0.1187,0.1187
5.7572,pi,6.2800,6.3624,0.1185,0.1185
5.7623,pi,6.2800,6.3247,0.1192,0.1192
5.7674,pi,6.2800,6.3160,0.1194,0.1194
5.7723,pi,6.2800,6.3090,0.1195,0.1195
5.7772,pi,6.2800,6.3032,0.1196,0.1196
5.7822,pi,6.2800,6.2485,0.1207,0.1207
5.7873,pi,6.2800,6.2550,0.1206,0.1206
5.7924,pi,6.2800,6.2601,0.1205,0.1205
5.7973,pi,6.2800,6.2639,0.1204,0.1204
5.8023,pi,6.2800,6.2166,0.1214,0.1214
5.8072,pi,6.2800,6.2298,0.1211,0.1211
5.8123,pi,6.2800,6.2404,0.1209,0.1209
5.8173,pi,6.2800,6.2715,0.1203,0.1203
5.8223,pi,6.2800,6.2509,0.1207,0.1207
5.8273,pi,6.2800,6.2804,0.1201,0.1201
5.8322,pi,6.2800,6.3042,0.1197,0.1197
5.8373,pi,6.2800,6.3230,0.1193,0.1193
5.8422,pi,6.2800,6.3380,0.1190,0.1190
5.8473,pi,6.2800,6.3048,0.1196,0.1196
5.8522,pi,6.2800,6.3238,0.1192,0.1192
5.8573,pi,6.2800,6.3156,0.1194,0.1194
5.8622,pi,6.2800,6.3592,0.1185,0.1185
5.8673,pi,6.2800,6.3434,0.1188,0.1188
5.8723,pi,6.2800,6.3811,0.1180,0.1180
5.8773,pi,6.2800,6.3609,0.1184,0.1184
5.8826,pi,6.2800,6.3444,0.1187,0.1187
5.8878,pi,6.2800,6.3290,0.1190,0.1190
5.8928,pi,6.2800,6.3181,0.1192,0.1192
5.8977,pi,6.2800,6.3105,0.1194,0.1194
5.9029,pi,6.2800,6.3041,0.1195,0.1195
5.9079,pi,6.2800,6.3480,0.1186,0.1186
5.9129,pi,6.2800,6.3345,0.1188,0.1188
5.9179,pi,6.2800,6.3240,0.1190,0.1190
5.9229,pi,6.2800,6.2148,0.1212,0.1212
5.9280,pi,6.2800,6.0254,0.1250,0.1250
5.9330,pi,6.2800,5.7765,0.1301,0.1301
5.9385,pi,6.2800,5.4899,0.1359,0.1359
5.9427,pi,6.2800,5.1705,0.1425,0.1425
5.9472,pi,6.2800,4.8239,0.1497,0.1497
5.9523,pi,6.2800,4.4537,0.1575,0.1575
5.9572,pi,6.2800,4.0197,0.1666,0.1666
5.9622,pi,6.2800,3.5379,0.1768,0.1768
5.9672,pi,6.2800,3.0580,0.1871,0.1871
5.9722,pi,6.2800,2.5831,0.1974,0.1974
5.9772,pi,6.2800,2.1579,0.2068,0.2068
5.9823,pi,6.2800,1.8184,0.2147,0.2147
5.9873,pi,6.2800,1.5000,0.2221,0.2221
5.9925,pi,6.2800,1.2451,0.2284,0.2284
5.9975,pi,6.2800,0.9959,0.2347,0.2347
6.0023,pi,6.2800,0.7963,0.2400,0.2400
6.0072,pi,6.2800,0.6377,0.2445,0.2445
6.0123,pi,6.2800,0.5107,0.2485,0.2485
6.0173,pi,6.2800,0.4082,0.2520,0.2520
6.0222,pi,6.2800,0.3266,0.2551,0.2551
6.0273,pi,6.2800,0.2612,0.2579,0.2579
6.0322,pi,6.2800,0.2091,0.2604,0.2604
6.0372,pi,6.2800,0.1672,0.2628,0.2628
6.0422,pi,6.2800,0.1338,0.2650,0.2650
6.0472,pi,6.2800,0.1071,0.2670,0.2670
6.0522,pi,6.2800,0.0856,0.2690,0.2690
6.0572,pi,6.2800,0.0685,0.2709,0.2709
6.0623,pi,6.2800,0.0548,0.2727,0.2727
6.0672,pi,6.2800,0.0438,0.2745,0.2745
6.0722,pi,6.2800,0.0351,0.2762,0.2762
6.0772,pi,6.2800,0.0281,0.2779,0.2779
6.0822,pi,6.2800,0.0225,0.2796,0.2796
6.0873,pi,6.2800,0.0180,0.2813,0.2813
6.0924,pi,6.2800,0.0143,0.2829,0.2829
6.0972,pi,6.2800,0.0115,0.2846,0.2846
6.1023,pi,6.2800,0.0092,0.2861,0.2861
6.1072,pi,6.2800,0.0074,0.2877,0.2877
6.1123,pi,6.2800,0.0059,0.2893,0.2893
6.1174,pi,6.2800,0.0047,0.2909,0.2909
6.1226,pi,6.2800,0.0038,0.2925,0.2925
6.1273,pi,6.2800,0.0030,0.2941,0.2941
6.1323,pi,6.2800,0.0024,0.2957,0.2957
6.1371,pi,6.2800,0.0019,0.2973,0.2973
6.1422,pi,6.2800,0.0015,0.2988,0.2988
6.1472,pi,6.2800,0.0012,0.3004,0.3004
6.1522,pi,6.2800,0.0010,0.3020,0.3020
6.1573,pi,6.2800,0.0008,0.3036,0.3036
6.1622,pi,6.2800,0.0006,0.3051,0.3051
6.1672,pi,6.2800,0.0005,0.3067,0.3067
6.1722,pi,6.2800,0.0004,0.3083,0.3083
6.1772,pi,6.2800,0.0003,0.3099,0.3099
6.1822,pi,6.2800,0.0003,0.3114,0.3114
6.1873,pi,6.2800,0.0002,0.3130,0.3130
6.1922,pi,6.2800,0.0002,0.3146,0.3146
6.1972,pi,6.2800,0.0001,0.3161,0.3161
6.2022,pi,6.2800,0.0001,0.3177,0.3177
6.2072,pi,6.2800,0.0001,0.3193,0.3193
6.2122,pi,6.2800,0.0001,0.3209,0.3209
6.2173,pi,6.2800,0.0001,0.3224,0.3224
6.2222,pi,6.2800,0.0000,0.3240,0.3240
6.2272,pi,6.2800,0.0000,0.3256,0.3256
6.2322,pi,6.2800,0.0000,0.3271,0.3271
6.2372,pi,6.2800,0.0000,0.3287,0.3287
6.2423,pi,6.2800,0.0000,0.3303,0.3303
6.2474,pi,6.2800,0.0000,0.3318,0.3318
6.2528,pi,6.2800,0.0000,0.3334,0.3334
6.2574,pi,6.2800,0.0000,0.3350,0.3350
6.2627,pi,6.2800,0.0000,0.3366,0.3366
6.2672,pi,6.2800,0.0000,0.3381,0.3381
6.2723,pi,6.2800,0.0000,0.3397,0.3397
6.2774,pi,6.2800,0.0000,0.3413,0.3413
6.2829,pi,6.2800,0.0000,0.3428,0.3428
6.2880,pi,6.2800,0.0000,0.3444,0.3444
6.2929,pi,6.2800,0.0000,0.3460,0.3460
6.2985,pi,6.2800,0.0000,0.3476,0.3476
6.3034,pi,6.2800,0.0000,0.3492,0.3492
6.3082,pi,6.2800,0.0000,0.3507,0.3507
6.3141,pi,6.2800,0.0000,0.3523,0.3523
6.3191,pi,6.2800,0.0000,0.3543,0.3543
6.3238,pi,6.2800,0.0000,0.3555,0.3555
6.3283,pi,6.2800,0.0000,0.3570,0.3570
6.3331,pi,6.2800,0.0000,0.3586,0.3586
6.3396,pi,6.2800,0.0000,0.3602,0.3602
6.3453,pi,6.2800,0.0000,0.3617,0.3617
6.3509,pi,6.2800,0.0000,0.3633,0.3633
6.3560,pi,6.2800,0.0000,0.3650,0.3650
6.3609,pi,6.2800,0.0000,0.3664,0.3664
6.3655,pi,6.2800,0.0000,0.3680,0.3680
6.3701,pi,6.2800,0.0000,0.3696,0.3696
6.3739,pi,6.2800,0.0000,0.3711,0.3711
6.3777,pi,6.2800,0.0000,0.3727,0.3727
6.3822,pi,6.2800,0.0000,0.3742,0.3742
6.3872,pi,6.2800,0.0000,0.3758,0.3758
6.3922,pi,6.2800,0.0000,0.3774,0.3774
6.3972,pi,6.2800,0.0000,0.3789,0.3789
6.4022,pi,6.2800,0.0000,0.3805,0.3805
6.4072,pi,6.2800,0.0000,0.3821,0.3821
6.4122,pi,6.2800,0.0000,0.3837,0.3837
6.4172,pi,6.2800,0.0000,0.3852,0.3852
6.4225,pi,6.2800,0.0000,0.3868,0.3868
6.4272,pi,6.2800,0.0000,0.3884,0.3884
6.4322,pi,6.2800,0.0000,0.3899,0.3899
6.4373,pi,6.2800,0.0000,0.3915,0.3915
6.4423,pi,6.2800,0.0000,0.3931,0.3931
6.4473,pi,6.2800,0.0000,0.3947,0.3947
6.4523,pi,6.2800,0.0000,0.3962,0.3962
6.4573,pi,6.2800,0.0000,0.3978,0.3978
6.4626,pi,6.2800,0.0000,0.3994,0.3994
6.4687,pi,6.2800,0.0000,0.4009,0.4009
6.4740,pi,6.2800,0.0000,0.4025,0.4025
6.4778,pi,6.2800,0.0000,0.4041,0.4041
6.4822,pi,6.2800,0.0000,0.4056,0.4056
6.4872,pi,6.2800,0.0000,0.4072,0.4072
6.4922,pi,6.2800,0.0000,0.4088,0.4088
6.4972,pi,6.2800,0.0000,0.4103,0.4103
6.5025,pi,6.2800,0.0000,0.4119,0.4119
6.5073,pi,6.2800,0.0000,0.4135,0.4135
6.5123,pi,6.2800,0.0000,0.4151,0.4151
6.5172,pi,6.2800,0.0000,0.4166,0.4166
6.5223,pi,6.2800,0.0000,0.4182,0.4182
6.5273,pi,6.2800,0.0000,0.4198,0.4198
6.5325,pi,6.2800,0.0000,0.4213,0.4213
6.5373,pi,6.2800,0.0000,0.4229,0.4229
6.5423,pi,6.2800,0.0000,0.4245,0.4245
6.5472,pi,6.2800,0.0000,0.4261,0.4261
6.5522,pi,6.2800,0.0000,0.4276,0.4276
6.5573,pi,6.2800,0.0000,0.4292,0.4292
6.5622,pi,6.2800,0.0000,0.4308,0.4308
6.5672,pi,6.2800,0.0000,0.4323,0.4323
6.5723,pi,6.2800,0.0000,0.4339,0.4339
6.5773,pi,6.2800,0.0000,0.4355,0.4355
6.5823,pi,6.2800,0.0000,0.4370,0.4370
6.5875,pi,6.2800,0.0000,0.4386,0.4386
6.5926,pi,6.2800,0.0000,0.4402,0.4402
6.5973,pi,6.2800,0.0000,0.4418,0.4418
6.6022,pi,6.2800,0.0000,0.4433,0.4433
6.6072,pi,6.2800,0.0000,0.4449,0.4449
6.6123,pi,6.2800,0.0000,0.4465,0.4465
6.6173,pi,6.2800,0.0000,0.4480,0.4480
6.6223,pi,6.2800,0.0000,0.4496,0.4496
6.6273,pi,6.2800,0.0000,0.4512,0.4512
6.6322,pi,6.2800,0.0000,0.4527,0.4527
6.6376,pi,6.2800,0.0000,0.4543,0.4543
6.6423,pi,6.2800,0.0000,0.4559,0.4559
6.6473,pi,6.2800,0.0000,0.4575,0.4575
6.6523,pi,6.2800,0.0000,0.4590,0.4590
6.6572,pi,6.2800,0.0000,0.4606,0.4606
6.6622,pi,6.2800,0.0000,0.4622,0.4622
6.6673,pi,6.2800,0.0000,0.4637,0.4637
6.6723,pi,6.2800,0.0000,0.4653,0.4653
6.6772,pi,6.2800,0.0000,0.4669,0.4669
6.6823,pi,6.2800,0.0000,0.4684,0.4684
6.6872,pi,6.2800,0.0000,0.4700,0.4700
6.6922,pi,6.2800,0.0000,0.4716,0.4716
6.6973,pi,6.2800,0.0000,0.4731,0.4731
6.7023,pi,6.2800,0.0000,0.4747,0.4747
6.7073,pi,6.2800,0.0000,0.4763,0.4763
6.7122,pi,6.2800,0.0000,0.4779,0.4779
6.7172,pi,6.2800,0.0000,0.4794,0.4794
6.7222,pi,6.2800,0.0000,0.4810,0.4810
6.7272,pi,6.2800,0.0000,0.4826,0.4826
6.7323,pi,6.2800,0.0000,0.4841,0.4841
6.7373,pi,6.2800,0.0000,0.4857,0.4857
6.7423,pi,6.2800,0.0000,0.4873,0.4873
6.7474,pi,6.2800,0.0000,0.4889,0.4889
6.7523,pi,6.2800,0.0000,0.4904,0.4904
6.7573,pi,6.2800,0.0000,0.4920,0.4920
6.7626,pi,6.2800,0.0000,0.4936,0.4936
6.7677,pi,6.2800,0.0000,0.4951,0.4951
6.7727,pi,6.2800,0.0000,0.4967,0.4967
6.7781,pi,6.2800,0.0000,0.4983,0.4983
6.7827,pi,6.2800,0.0000,0.4999,0.4999
6.7872,pi,6.2800,0.0000,0.5014,0.5014
6.7922,pi,6.2800,0.0000,0.5030,0.5030
6.7972,pi,6.2800,0.0000,0.5045,0.5045
6.8023,pi,6.2800,0.0000,0.5061,0.5061
6.8072,pi,6.2800,0.0000,0.5077,0.5077
6.8122,pi,6.2800,0.0000,0.5093,0.5093
6.8173,pi,6.2800,0.0458,0.5099,0.5099
6.8222,pi,6.2800,0.0824,0.5107,0.5107
6.8273,pi,6.2800,0.1118,0.5117,0.5117
6.8323,pi,6.2800,0.1351,0.5128,0.5128
6.8373,pi,6.2800,0.1539,0.5139,0.5139
6.8423,pi,6.2800,0.1734,0.5151,0.5151
6.8473,pi,6.2800,0.1889,0.5163,0.5163
6.8522,pi,6.2800,0.1968,0.5177,0.5177
6.8572,pi,6.2800,0.2032,0.5190,0.5190
6.8622,pi,6.2800,0.2082,0.5205,0.5205
6.8673,pi,6.2800,0.2123,0.5219,0.5219
6.8723,pi,6.2800,0.2201,0.5233,0.5233
6.8779,pi,6.2800,0.2263,0.5247,0.5247
6.8830,pi,6.2800,0.2313,0.5261,0.5261
6.8876,pi,6.2800,0.2353,0.5275,0.5275
6.8923,pi,6.2800,0.2385,0.5290,0.5290
6.8972,pi,6.2800,0.2365,0.5305,0.5305
6.9023,pi,6.2800,0.2395,0.5320,0.5320
6.9072,pi,6.2800,0.2418,0.5334,0.5334
6.9122,pi,6.2800,0.2392,0.5350,0.5350
6.9173,pi,6.2800,0.2416,0.5364,0.5364
6.9222,pi,6.2800,0.2390,0.5380,0.5380
6.9272,pi,6.2800,0.1912,0.5405,0.5405
6.9323,pi,6.2800,0.1529,0.5428,0.5428
6.9372,pi,6.2800,0.1223,0.5449,0.5449
6.9423,pi,6.2800,0.0979,0.5469,0.5469
6.9472,pi,6.2800,0.0783,0.5489,0.5489
6.9523,pi,6.2800,0.0627,0.5507,0.5507
6.9572,pi,6.2800,0.0501,0.5525,0.5525
6.9623,pi,6.2800,0.0401,0.5543,0.5543
6.9673,pi,6.2800,0.0321,0.5560,0.5560
6.9722,pi,6.2800,0.0257,0.5577,0.5577
6.9773,pi,6.2800,0.0205,0.5594,0.5594
6.9822,pi,6.2800,0.0164,0.5610,0.5610
6.9872,pi,6.2800,0.0131,0.5626,0.5626
6.9923,pi,6.2800,0.0105,0.5643,0.5643
6.9972,pi,6.2800,0.0084,0.5659,0.5659
7.0023,pi,6.2800,0.0067,0.5675,0.5675
7.0072,pi,6.2800,0.0054,0.5691,0.5691
7.0122,pi,6.2800,0.0043,0.5707,0.5707
7.0173,pi,6.2800,0.0034,0.5722,0.5722
7.0222,pi,6.2800,0.0028,0.5738,0.5738
7.0273,pi,6.2800,0.0022,0.5754,0.5754
7.0322,pi,6.2800,0.0018,0.5770,0.5770
7.0372,pi,6.2800,0.0014,0.5786,0.5786
7.0422,pi,6.2800,0.0011,0.5801,0.5801
7.0472,pi,6.2800,0.0009,0.5817,0.5817
7.0522,pi,6.2800,0.0007,0.5833,0.5833
7.0572,pi,6.2800,0.0006,0.5849,0.5849
7.0622,pi,6.2800,0.0005,0.5864,0.5864
7.0672,pi,6.2800,0.0004,0.5880,0.5880
7.0722,pi,6.2800,0.0003,0.5896,0.5896
7.0772,pi,6.2800,0.0002,0.5911,0.5911
7.0823,pi,6.2800,0.0002,0.5927,0.5927
7.0872,pi,6.2800,0.0002,0.5943,0.5943
7.0923,pi,6.2800,0.0001,0.5959,0.5959
7.0972,pi,6.2800,0.0001,0.5974,0.5974
7.1022,pi,6.2800,0.0001,0.5990,0.5990
7.1072,pi,6.2800,0.0001,0.6006,0.6006
7.1122,pi,6.2800,0.0000,0.6021,0.6021
7.1172,pi,6.2800,0.0000,0.6037,0.6037
7.1224,pi,6.2800,0.0000,0.6053,0.6053
7.1276,pi,6.2800,0.0000,0.6069,0.6069
7.1324,pi,6.2800,0.0000,0.6084,0.6084
7.1374,pi,6.2800,0.0000,0.6100,0.6100
7.1422,pi,6.2800,0.0000,0.6116,0.6116
7.1473,pi,6.2800,0.0000,0.6131,0.6131
7.1523,pi,6.2800,0.0000,0.6147,0.6147
7.1574,pi,6.2800,0.0000,0.6163,0.6163
7.1623,pi,6.2800,0.0000,0.6178,0.6178
7.1672,pi,6.2800,0.0000,0.6194,0.6194
7.1722,pi,6.2800,0.0000,0.6210,0.6210
7.1772,pi,6.2800,0.0000,0.6226,0.6226
7.1822,pi,6.2800,0.0000,0.6241,0.6241
7.1873,pi,6.2800,0.0000,0.6257,0.6257
7.1922,pi,6.2800,0.0000,0.6273,0.6273
7.1972,pi,6.2800,0.0000,0.6288,0.6288
7.2028,pi,6.2800,0.0000,0.6304,0.6304
7.2079,pi,6.2800,0.0000,0.6320,0.6320
7.2123,pi,6.2800,0.0000,0.6336,0.6336
7.2173,pi,6.2800,0.0000,0.6351,0.6351
7.2222,pi,6.2800,0.0000,0.6367,0.6367
7.2273,pi,6.2800,0.0000,0.6383,0.6383
7.2322,pi,6.2800,0.0000,0.6398,0.6398
7.2372,pi,6.2800,0.0000,0.6414,0.6414
7.2423,pi,6.2800,0.0000,0.6430,0.6430
7.2473,pi,6.2800,0.0000,0.6445,0.6445
7.2522,pi,6.2800,0.0000,0.6461,0.6461
7.2572,pi,6.2800,0.0000,0.6477,0.6477
7.2623,pi,6.2800,0.0000,0.6492,0.6492
7.2675,pi,6.2800,0.0000,0.6508,0.6508
7.2722,pi,6.2800,0.0000,0.6524,0.6524
7.2772,pi,6.2800,0.0000,0.6540,0.6540
7.2822,pi,6.2800,0.0000,0.6555,0.6555
7.2872,pi,6.2800,0.0000,0.6571,0.6571
7.2922,pi,6.2800,0.0000,0.6587,0.6587
7.2973,pi,6.2800,0.0000,0.6602,0.6602
7.3022,pi,6.2800,0.0000,0.6618,0.6618
7.3072,pi,6.2800,0.0000,0.6634,0.6634
7.3122,pi,6.2800,0.0000,0.6649,0.6649
7.3172,pi,6.2800,0.0000,0.6665,0.6665
7.3222,pi,6.2800,0.0000,0.6681,0.6681
7.3273,pi,6.2800,0.0000,0.6697,0.6697
7.3322,pi,6.2800,0.0000,0.6712,0.6712
7.3373,pi,6.2800,0.0000,0.6728,0.6728
7.3422,pi,6.2800,0.0000,0.6744,0.6744
7.3472,pi,6.2800,0.0000,0.6759,0.6759
7.3522,pi,6.2800,0.0000,0.6775,0.6775
7.3572,pi,6.2800,0.0000,0.6791,0.6791
7.3622,pi,6.2800,0.0000,0.6806,0.6806
7.3672,pi,6.2800,0.0000,0.6822,0.6822
7.3723,pi,6.2800,0.0000,0.6838,0.6838
7.3772,pi,6.2800,0.0000,0.6854,0.6854
7.3823,pi,6.2800,0.0000,0.6869,0.6869
7.3872,pi,6.2800,0.0000,0.6885,0.6885
7.3923,pi,6.2800,0.0000,0.6901,0.6901
7.3972,pi,6.2800,0.0000,0.6916,0.6916
7.4023,pi,6.2800,0.0000,0.6932,0.6932
7.4072,pi,6.2800,0.0000,0.6948,0.6948
7.4122,pi,6.2800,0.0000,0.6963,0.6963
7.4173,pi,6.2800,0.0000,0.6979,0.6979
7.4222,pi,6.2800,0.0000,0.6995,0.6995
7.4272,pi,6.2800,0.0000,0.7011,0.7011
7.4322,pi,6.2800,0.0000,0.7026,0.7026
7.4372,pi,6.2800,0.0000,0.7042,0.7042
7.4422,pi,6.2800,0.0000,0.7058,0.7058
7.4472,pi,6.2800,0.0000,0.7073,0.7073
7.4522,pi,6.2800,0.0000,0.7089,0.7089
7.4572,pi,6.2800,0.0000,0.7105,0.7105
7.4623,pi,6.2800,0.0000,0.7120,0.7120
7.4672,pi,6.2800,0.0000,0.7136,0.7136
7.4722,pi,6.2800,0.0000,0.7152,0.7152
7.4772,pi,6.2800,0.0000,0.7168,0.7168
7.4823,pi,6.2800,0.0000,0.7183,0.7183
7.4872,pi,6.2800,0.0000,0.7199,0.7199
7.4922,pi,6.2800,0.0000,0.7215,0.7215
7.4972,pi,6.2800,0.0000,0.7230,0.7230
7.5026,pi,6.2800,0.0000,0.7246,0.7246
7.5074,pi,6.2800,0.0000,0.7262,0.7262
7.5127,pi,6.2800,0.0000,0.7278,0.7278
7.5179,pi,6.2800,0.0000,0.7293,0.7293
7.5222,pi,6.2800,0.0000,0.7309,0.7309
7.5271,pi,6.2800,0.0000,0.7325,0.7325
7.5322,pi,6.2800,0.0000,0.7340,0.7340
7.5371,pi,6.2800,0.0000,0.7356,0.7356
7.5423,pi,6.2800,0.0000,0.7372,0.7372
7.5474,pi,6.2800,0.0000,0.7387,0.7387
7.5522,pi,6.2800,0.0000,0.7403,0.7403
7.5573,pi,6.2800,0.0000,0.7419,0.7419
7.5622,pi,6.2800,0.0000,0.7435,0.7435
7.5672,pi,6.2800,0.0000,0.7450,0.7450
7.5722,pi,6.2800,0.0000,0.7466,0.7466
7.5773,pi,6.2800,0.0000,0.7482,0.7482
7.5822,pi,6.2800,0.0000,0.7497,0.7497
7.5873,pi,6.2800,0.0000,0.7513,0.7513
7.5926,pi,6.2800,0.0000,0.7529,0.7529
7.5973,pi,6.2800,0.0000,0.7544,0.7544
7.6022,pi,6.2800,0.0000,0.7560,0.7560
7.6072,pi,6.2800,0.0000,0.7576,0.7576
7.6123,pi,6.2800,0.0000,0.7591,0.7591
7.6173,pi,6.2800,0.0000,0.7607,0.7607
7.6223,pi,6.2800,0.0000,0.7623,0.7623
7.6273,pi,6.2800,0.0000,0.7639,0.7639
7.6322,pi,6.2800,0.0000,0.7654,0.7654
7.6373,pi,6.2800,0.0000,0.7670,0.7670
7.6422,pi,6.2800,0.0000,0.7686,0.7686
7.6472,pi,6.2800,0.0000,0.7701,0.7701
7.6522,pi,6.2800,0.0000,0.7717,0.7717
7.6572,pi,6.2800,0.0000,0.7733,0.7733
7.6622,pi,6.2800,0.0000,0.7748,0.7748
7.6672,pi,6.2800,0.0000,0.7764,0.7764
7.6722,pi,6.2800,0.0000,0.7780,0.7780
7.6772,pi,6.2800,0.0000,0.7796,0.7796
7.6822,pi,6.2800,0.0000,0.7811,0.7811
7.6872,pi,6.2800,0.0000,0.7827,0.7827
7.6922,pi,6.2800,0.0000,0.7843,0.7843
7.6975,pi,6.2800,0.0000,0.7858,0.7858
7.7024,pi,6.2800,0.0000,0.7874,0.7874
7.7079,pi,6.2800,0.0000,0.7890,0.7890
7.7129,pi,6.2800,0.0000,0.7905,0.7905
7.7176,pi,6.2800,0.0000,0.7921,0.7921
7.7222,pi,6.2800,0.0000,0.7937,0.7937
7.7272,pi,6.2800,0.0000,0.7952,0.7952
7.7323,pi,6.2800,0.0000,0.7968,0.7968
7.7373,pi,6.2800,0.0000,0.7984,0.7984
7.7423,pi,6.2800,0.0000,0.8000,0.8000
7.7472,pi,6.2800,0.0000,0.8015,0.8015
7.7522,pi,6.2800,0.0000,0.8031,0.8031
7.7575,pi,6.2800,0.0000,0.8047,0.8047
7.7623,pi,6.2800,0.0000,0.8063,0.8063
7.7672,pi,6.2800,0.0000,0.8078,0.8078
7.7722,pi,6.2800,0.0000,0.8094,0.8094
7.7772,pi,6.2800,0.0000,0.8109,0.8109
7.7822,pi,6.2800,0.0000,0.8125,0.8125
7.7872,pi,6.2800,0.0000,0.8141,0.8141
7.7922,pi,6.2800,0.0000,0.8157,0.8157
7.7973,pi,6.2800,0.0000,0.8172,0.8172
7.8023,pi,6.2800,0.0000,0.8188,0.8188
7.8073,pi,6.2800,0.0000,0.8204,0.8204
7.8122,pi,6.2800,0.0000,0.8220,0.8220
7.8173,pi,6.2800,0.0000,0.8235,0.8235
7.8222,pi,6.2800,0.0000,0.8251,0.8251
7.8272,pi,6.2800,0.0000,0.8267,0.8267
7.8323,pi,6.2800,0.0000,0.8282,0.8282
7.8372,pi,6.2800,0.0000,0.8298,0.8298
7.8422,pi,6.2800,0.0000,0.8314,0.8314
7.8472,pi,6.2800,0.0000,0.8329,0.8329
7.8522,pi,6.2800,0.0000,0.8345,0.8345
7.8572,pi,6.2800,0.0000,0.8361,0.8361
7.8622,pi,6.2800,0.0000,0.8376,0.8376
7.8673,pi,6.2800,0.0000,0.8392,0.8392
7.8723,pi,6.2800,0.0000,0.8408,0.8408
7.8773,pi,6.2800,0.0000,0.8424,0.8424
7.8823,pi,6.2800,0.0000,0.8439,0.8439
7.8874,pi,6.2800,0.0000,0.8455,0.8455
7.8930,pi,6.2800,0.0000,0.8471,0.8471
7.8980,pi,6.2800,0.0000,0.8486,0.8486
7.9026,pi,6.2800,0.0000,0.8502,0.8502
7.9072,pi,6.2800,0.0000,0.8518,0.8518
7.9122,pi,6.2800,0.0000,0.8533,0.8533
7.9172,pi,6.2800,0.0000,0.8549,0.8549
7.9223,pi,6.2800,0.0000,0.8565,0.8565
7.9273,pi,6.2800,0.0000,0.8581,0.8581
7.9323,pi,6.2800,0.0000,0.8596,0.8596
7.9372,pi,6.2800,0.0000,0.8612,0.8612
7.9422,pi,6.2800,0.0000,0.8628,0.8628
7.9472,pi,6.2800,0.0000,0.8643,0.8643
7.9522,pi,6.2800,0.0000,0.8659,0.8659
7.9572,pi,6.2800,0.0000,0.8675,0.8675
7.9622,pi,6.2800,0.0000,0.8690,0.8690
7.9672,pi,6.2800,0.0000,0.8706,0.8706
7.9722,pi,6.2800,0.0000,0.8722,0.8722
7.9772,pi,6.2800,0.0000,0.8738,0.8738
7.9822,pi,6.2800,0.0000,0.8753,0.8753
7.9872,pi,6.2800,0.0000,0.8769,0.8769
7.9922,pi,6.2800,0.0000,0.8785,0.8785
7.9972,pi,6.2800,0.0000,0.8800,0.8800
8.0022,pi,6.2800,0.0000,0.8816,0.8816
8.0073,pi,6.2800,0.0000,0.8832,0.8832
8.0123,pi,6.2800,0.0000,0.8847,0.8847
8.0172,pi,6.2800,0.0000,0.8863,0.8863
8.0222,pi,6.2800,0.0000,0.8879,0.8879
8.0272,pi,6.2800,0.0000,0.8895,0.8895
8.0322,pi,6.2800,0.0000,0.8910,0.8910
8.0373,pi,6.2800,0.0000,0.8926,0.8926
8.0422,pi,6.2800,0.0000,0.8942,0.8942
8.0472,pi,6.2800,0.0000,0.8957,0.8957
8.0522,pi,6.2800,0.0000,0.8973,0.8973
8.0572,pi,6.2800,0.0000,0.8989,0.8989
8.0622,pi,6.2800,0.0000,0.9004,0.9004
8.0672,pi,6.2800,0.0000,0.9020,0.9020
8.0722,pi,6.2800,0.0000,0.9036,0.9036
8.0773,pi,6.2800,0.0000,0.9052,0.9052
8.0823,pi,6.2800,0.0000,0.9067,0.9067
8.0872,pi,6.2800,0.0000,0.9083,0.9083
8.0922,pi,6.2800,0.0000,0.9099,0.9099
8.0972,pi,6.2800,0.0000,0.9114,0.9114
8.1023,pi,6.2800,0.0000,0.9130,0.9130
8.1072,pi,6.2800,0.0000,0.9146,0.9146
8.1122,pi,6.2800,0.0000,0.9161,0.9161
8.1172,pi,6.2800,0.0000,0.9177,0.9177
8.1223,pi,6.2800,0.0000,0.9193,0.9193
8.1281,pi,6.2800,0.0000,0.9209,0.9209
8.1324,pi,6.2800,0.0000,0.9224,0.9224
8.1373,pi,6.2800,0.0000,0.9240,0.9240
8.1423,pi,6.2800,0.0000,0.9256,0.9256
8.1472,pi,6.2800,0.0000,0.9271,0.9271
8.1522,pi,6.2800,0.0000,0.9287,0.9287
8.1572,pi,6.2800,0.0000,0.9303,0.9303
8.1623,pi,6.2800,0.0000,0.9318,0.9318
8.1672,pi,6.2800,0.0000,0.9334,0.9334
8.1722,pi,6.2800,0.0000,0.9350,0.9350
8.1772,pi,6.2800,0.0000,0.9366,0.9366
8.1822,pi,6.2800,0.0000,0.9381,0.9381
8.1872,pi,6.2800,0.0000,0.9397,0.9397
8.1922,pi,6.2800,0.0000,0.9413,0.9413
8.1972,pi,6.2800,0.0000,0.9428,0.9428
8.2022,pi,6.2800,0.0000,0.9444,0.9444
8.2072,pi,6.2800,0.0000,0.9460,0.9460
8.2122,pi,6.2800,0.0000,0.9475,0.9475
8.2173,pi,6.2800,0.0000,0.9491,0.9491
8.2226,pi,6.2800,0.0000,0.9507,0.9507
8.2276,pi,6.2800,0.0000,0.9523,0.9523
8.2323,pi,6.2800,0.0000,0.9538,0.9538
8.2373,pi,6.2800,0.0000,0.9554,0.9554
8.2422,pi,6.2800,0.0000,0.9570,0.9570
8.2472,pi,6.2800,0.0000,0.9585,0.9585
8.2522,pi,6.2800,0.0000,0.9601,0.9601
8.2573,pi,6.2800,0.0000,0.9617,0.9617
8.2623,pi,6.2800,0.0000,0.9633,0.9633
8.2673,pi,6.2800,0.0000,0.9648,0.9648
8.2722,pi,6.2800,0.0000,0.9664,0.9664
8.2773,pi,6.2800,0.0000,0.9680,0.9680
8.2823,pi,6.2800,0.0000,0.9695,0.9695
8.2872,pi,6.2800,0.0000,0.9711,0.9711
8.2923,pi,6.2800,0.0000,0.9727,0.9727
8.2972,pi,6.2800,0.0000,0.9743,0.9743
8.3022,pi,6.2800,0.0000,0.9758,0.9758
8.3072,pi,6.2800,0.0000,0.9774,0.9774
8.3122,pi,6.2800,0.0000,0.9789,0.9789
8.3172,pi,6.2800,0.0000,0.9805,0.9805
8.3222,pi,6.2800,0.0000,0.9821,0.9821
8.3273,pi,6.2800,0.0000,0.9837,0.9837
8.3322,pi,6.2800,0.0000,0.9852,0.9852
8.3372,pi,6.2800,0.0000,0.9868,0.9868
8.3422,pi,6.2800,0.0000,0.9884,0.9884
8.3473,pi,6.2800,0.0000,0.9899,0.9899
8.3522,pi,6.2800,0.0000,0.9915,0.9915
8.3573,pi,6.2800,0.0000,0.9931,0.9931
8.3622,pi,6.2800,0.0000,0.9946,0.9946
8.3672,pi,6.2800,0.0000,0.9962,0.9962
8.3722,pi,6.2800,0.0000,0.9978,0.9978
8.3773,pi,6.2800,0.0000,0.9994,0.9994
8.3823,pi,6.2800,0.0000,1.0000,1.0009
8.3872,pi,6.2800,0.0000,1.0000,1.0025
8.3922,pi,6.2800,0.0000,1.0000,1.0041
8.3972,pi,6.2800,0.0000,1.0000,1.0056
8.4022,pi,6.2800,0.0000,1.0000,1.0072
8.4072,pi,6.2800,0.0000,1.0000,1.0088
8.4122,pi,6.2800,0.0000,1.0000,1.0103
8.4173,pi,6.2800,0.0000,1.0000,1.0119
8.4222,pi,6.2800,0.0000,1.0000,1.0135
8.4272,pi,6.2800,0.0000,1.0000,1.0151
8.4322,pi,6.2800,0.0000,1.0000,1.0166
8.4372,pi,6.2800,0.0000,1.0000,1.0182
8.4422,pi,6.2800,0.0000,1.0000,1.0198
8.4473,pi,6.2800,0.0000,1.0000,1.0213
8.4523,pi,6.2800,0.0000,1.0000,1.0229
8.4573,pi,6.2800,0.0000,1.0000,1.0245
8.4623,pi,6.2800,0.0000,1.0000,1.0260
8.4672,pi,6.2800,0.0000,1.0000,1.0276
8.4723,pi,6.2800,0.0000,1.0000,1.0292
8.4773,pi,6.2800,0.0000,1.0000,1.0308
8.4822,pi,6.2800,0.0000,1.0000,1.0323
8.4873,pi,6.2800,0.0000,1.0000,1.0339
8.4923,pi,6.2800,0.0000,1.0000,1.0355
8.4972,pi,6.2800,0.0000,1.0000,1.0370
8.5025,pi,6.2800,0.0000,1.0000,1.0386
8.5073,pi,6.2800,0.0000,1.0000,1.0402
8.5123,pi,6.2800,0.0000,1.0000,1.0418
8.5172,pi,6.2800,0.0000,1.0000,1.0433
8.5222,pi,6.2800,0.0000,1.0000,1.0449
8.5272,pi,6.2800,0.0000,1.0000,1.0465
8.5322,pi,6.2800,0.0000,1.0000,1.0480
8.5372,pi,6.2800,0.0000,1.0000,1.0496
8.5422,pi,6.2800,0.0000,1.0000,1.0512
8.5472,pi,6.2800,0.0000,1.0000,1.0527
8.5522,pi,6.2800,0.0000,1.0000,1.0543
8.5572,pi,6.2800,0.0000,1.0000,1.0559
8.5622,pi,6.2800,0.0000,1.0000,1.0574
8.5672,pi,6.2800,0.0000,1.0000,1.0590
8.5722,pi,6.2800,0.0000,1.0000,1.0606
8.5772,pi,6.2800,0.0000,1.0000,1.0622
8.5822,pi,6.2800,0.0000,1.0000,1.0637
8.5872,pi,6.2800,0.0000,1.0000,1.0653
8.5922,pi,6.2800,0.0000,1.0000,1.0669
8.5973,pi,6.2800,0.0000,1.0000,1.0684
8.6022,pi,6.2800,0.0000,1.0000,1.0700
8.6072,pi,6.2800,0.0000,1.0000,1.0716
8.6122,pi,6.2800,0.0000,1.0000,1.0731
8.6173,pi,6.2800,0.0000,1.0000,1.0747
8.6223,pi,6.2800,0.0000,1.0000,1.0763
8.6273,pi,6.2800,0.0000,1.0000,1.0779
8.6322,pi,6.2800,0.0000,1.0000,1.0794
8.6372,pi,6.2800,0.0000,1.0000,1.0810
8.6423,pi,6.2800,0.0000,1.0000,1.0826
8.6472,pi,6.2800,0.0000,1.0000,1.0841
8.6522,pi,6.2800,0.0000,1.0000,1.0857
8.6572,pi,6.2800,0.0000,1.0000,1.0873
8.6622,pi,6.2800,0.0000,1.0000,1.0888
8.6672,pi,6.2800,0.0000,1.0000,1.0904
8.6722,pi,6.2800,0.0000,1.0000,1.0920
8.6772,pi,6.2800,0.0000,1.0000,1.0936
8.6823,pi,6.2800,0.0000,1.0000,1.0951
8.6873,pi,6.2800,0.0000,1.0000,1.0967
8.6923,pi,6.2800,0.0000,1.0000,1.0983
8.6973,pi,6.2800,0.0000,1.0000,1.0998
8.7023,pi,6.2800,0.0000,1.0000,1.1014
8.7073,pi,6.2800,0.0000,1.0000,1.1030
8.7122,pi,6.2800,0.0000,1.0000,1.1045
8.7173,pi,6.2800,0.0000,1.0000,1.1061
8.7222,pi,6.2800,0.0000,1.0000,1.1077
8.7273,pi,6.2800,0.0000,1.0000,1.1093
8.7323,pi,6.2800,0.0000,1.0000,1.1108
8.7373,pi,6.2800,0.0000,1.0000,1.1124
8.7422,pi,6.2800,0.0000,1.0000,1.1140
8.7473,pi,6.2800,0.0000,1.0000,1.1155
8.7522,pi,6.2800,0.0000,1.0000,1.1171
8.7573,pi,6.2800,0.0000,1.0000,1.1187
8.7623,pi,6.2800,0.0000,1.0000,1.1202
8.7673,pi,6.2800,0.0000,1.0000,1.1218
8.7722,pi,6.2800,0.0000,1.0000,1.1234
8.7772,pi,6.2800,0.0000,1.0000,1.1250
8.7822,pi,6.2800,0.0000,1.0000,1.1265
8.7872,pi,6.2800,0.0000,1.0000,1.1281
8.7922,pi,6.2800,0.0000,1.0000,1.1297
8.7972,pi,6.2800,0.0000,1.0000,1.1312
8.8023,pi,6.2800,0.0000,1.0000,1.1328
8.8073,pi,6.2800,0.0000,1.0000,1.1344
8.8122,pi,6.2800,0.0000,1.0000,1.1359
8.8173,pi,6.2800,0.0000,1.0000,1.1375
8.8222,pi,6.2800,0.0000,1.0000,1.1391
8.8272,pi,6.2800,0.0000,1.0000,1.1407
8.8322,pi,6.2800,0.0000,1.0000,1.1422
8.8372,pi,6.2800,0.0000,1.0000,1.1438
8.8422,pi,6.2800,0.0000,1.0000,1.1454
8.8472,pi,6.2800,0.0000,1.0000,1.1469
8.8523,pi,6.2800,0.0000,1.0000,1.1485
8.8572,pi,6.2800,0.0000,1.0000,1.1501
8.8622,pi,6.2800,0.0000,1.0000,1.1516
8.8672,pi,6.2800,0.0000,1.0000,1.1532
8.8722,pi,6.2800,0.0000,1.0000,1.1548
8.8772,pi,6.2800,0.0000,1.0000,1.1564
8.8824,pi,6.2800,0.0000,1.0000,1.1579
8.8873,pi,6.2800,0.0000,1.0000,1.1595
8.8923,pi,6.2800,0.0000,1.0000,1.1611
8.8972,pi,6.2800,0.0000,1.0000,1.1626
8.9022,pi,6.2800,0.0000,1.0000,1.1642
8.9072,pi,6.2800,0.0000,1.0000,1.1658
8.9122,pi,6.2800,0.0000,1.0000,1.1673
8.9173,pi,6.2800,0.0000,1.0000,1.1689
8.9222,pi,6.2800,0.0000,1.0000,1.1705
8.9272,pi,6.2800,0.0000,1.0000,1.1721
8.9322,pi,6.2800,0.0000,1.0000,1.1736
8.9372,pi,6.2800,0.0000,1.0000,1.1752
8.9422,pi,6.2800,0.0000,1.0000,1.1768
8.9473,pi,6.2800,0.0000,1.0000,1.1783
8.9522,pi,6.2800,0.0000,1.0000,1.1799
8.9572,pi,6.2800,0.0000,1.0000,1.1815
8.9622,pi,6.2800,0.0000,1.0000,1.1830
8.9672,pi,6.2800,0.0000,1.0000,1.1846
8.9722,pi,6.2800,0.0000,1.0000,1.1862
8.9772,pi,6.2800,0.0000,1.0000,1.1878
8.9823,pi,6.2800,0.0000,1.0000,1.1893
8.9872,pi,6.2800,0.0000,1.0000,1.1909
8.9922,pi,6.2800,0.0000,1.0000,1.1925
8.9972,pi,6.2800,0.0000,1.0000,1.1940
9.0022,pi,6.2800,0.0000,1.0000,1.1956
9.0072,pi,6.2800,0.0000,1.0000,1.1972
9.0122,pi,6.2800,0.0000,1.0000,1.1987
9.0173,pi,6.2800,0.0000,1.0000,1.2003
9.0223,pi,6.2800,0.0000,1.0000,1.2019
9.0273,pi,6.2800,0.0000,1.0000,1.2035
9.0322,pi,6.2800,0.0000,1.0000,1.2050
9.0372,pi,6.2800,0.0000,1.0000,1.2066
9.0423,pi,6.2800,0.0000,1.0000,1.2082
9.0473,pi,6.2800,0.0000,1.0000,1.2097
9.0523,pi,6.2800,0.0000,1.0000,1.2113
9.0573,pi,6.2800,0.0000,1.0000,1.2129
9.0622,pi,6.2800,0.0000,1.0000,1.2144
9.0672,pi,6.2800,0.0000,1.0000,1.2160
9.0722,pi,6.2800,0.0000,1.0000,1.2176
9.0772,pi,6.2800,0.0000,1.0000,1.2192
9.0822,pi,6.2800,0.0000,1.0000,1.2207
9.0872,pi,6.2800,0.0000,1.0000,1.2223
9.0922,pi,6.2800,0.0000,1.0000,1.2239
9.0973,pi,6.2800,0.0000,1.0000,1.2254
9.1022,pi,6.2800,0.0000,1.0000,1.2270
9.1072,pi,6.2800,0.0000,1.0000,1.2286
9.1122,pi,6.2800,0.0000,1.0000,1.2301
9.1173,pi,6.2800,0.0000,1.0000,1.2317
9.1223,pi,6.2800,0.0000,1.0000,1.2333
9.1277,pi,6.2800,0.0000,1.0000,1.2349
9.1328,pi,6.2800,0.0000,1.0000,1.2364
9.1372,pi,6.2800,0.0000,1.0000,1.2380
9.1422,pi,6.2800,0.0000,1.0000,1.2396
9.1472,pi,6.2800,0.0000,1.0000,1.2411
9.1523,pi,6.2800,0.0000,1.0000,1.2427
9.1573,pi,6.2800,0.0000,1.0000,1.2443
9.1624,pi,6.2800,0.0000,1.0000,1.2458
9.1672,pi,6.2800,0.0000,1.0000,1.2474
9.1722,pi,6.2800,0.0000,1.0000,1.2490
9.1772,pi,6.2800,0.0000,1.0000,1.2506
9.1823,pi,6.2800,0.0000,1.0000,1.2521
9.1873,pi,6.2800,0.0000,1.0000,1.2537
9.1923,pi,6.2800,0.0000,1.0000,1.2553
9.1972,pi,6.2800,0.0000,1.0000,1.2568
9.2022,pi,6.2800,0.0000,1.0000,1.2584
9.2072,pi,6.2800,0.0000,1.0000,1.2600
9.2122,pi,6.2800,0.0000,1.0000,1.2615
9.2174,pi,6.2800,0.0000,1.0000,1.2631
9.2222,pi,6.2800,0.0000,1.0000,1.2647
9.2272,pi,6.2800,0.0000,1.0000,1.2663
9.2322,pi,6.2800,0.0000,1.0000,1.2678
9.2372,pi,6.2800,0.0000,1.0000,1.2694
9.2423,pi,6.2800,0.0000,1.0000,1.2710
9.2473,pi,6.2800,0.0000,1.0000,1.2725
9.2523,pi,6.2800,0.0000,1.0000,1.2741
9.2572,pi,6.2800,0.0000,1.0000,1.2757
9.2622,pi,6.2800,0.0000,1.0000,1.2772
9.2673,pi,6.2800,0.0000,1.0000,1.2788
9.2722,pi,6.2800,0.0000,1.0000,1.2804
9.2773,pi,6.2800,0.0000,1.0000,1.2820
9.2822,pi,6.2800,0.0000,1.0000,1.2835
9.2872,pi,6.2800,0.0000,1.0000,1.2851
9.2922,pi,6.2800,0.0000,1.0000,1.2867
9.2972,pi,6.2800,0.0000,1.0000,1.2882
9.3022,pi,6.2800,0.0000,1.0000,1.2898
9.3073,pi,6.2800,0.0000,1.0000,1.2914
9.3122,pi,6.2800,0.0000,1.0000,1.2929
9.3172,pi,6.2800,0.0000,1.0000,1.2945
9.3223,pi,6.2800,0.0000,1.0000,1.2961
9.3272,pi,6.2800,0.0000,1.0000,1.2977
9.3323,pi,6.2800,0.0000,1.0000,1.2992
9.3372,pi,6.2800,0.0000,1.0000,1.3008
9.3423,pi,6.2800,0.0000,1.0000,1.3024
9.3472,pi,6.2800,0.0000,1.0000,1.3039
9.3522,pi,6.2800,0.0000,1.0000,1.3055
9.3572,pi,6.2800,0.0000,1.0000,1.3071
9.3623,pi,6.2800,0.0000,1.0000,1.3086
9.3673,pi,6.2800,0.0000,1.0000,1.3102
9.3722,pi,6.2800,0.0000,1.0000,1.3118
9.3773,pi,6.2800,0.0000,1.0000,1.3134
9.3822,pi,6.2800,0.0000,1.0000,1.3149
9.3873,pi,6.2800,0.0000,1.0000,1.3165
9.3923,pi,6.2800,0.0000,1.0000,1.3181
9.3972,pi,6.2800,0.0000,1.0000,1.3196
9.4022,pi,6.2800,0.0000,1.0000,1.3212
9.4073,pi,6.2800,0.0000,1.0000,1.3228
9.4122,pi,6.2800,0.0000,1.0000,1.3244
9.4174,pi,6.2800,0.0000,1.0000,1.3259
9.4223,pi,6.2800,0.0000,1.0000,1.3275
9.4273,pi,6.2800,0.0000,1.0000,1.3291
9.4322,pi,6.2800,0.0000,1.0000,1.3306
9.4373,pi,6.2800,0.0000,1.0000,1.3322
9.4422,pi,6.2800,0.0000,1.0000,1.3338
9.4473,pi,6.2800,0.0000,1.0000,1.3353
9.4522,pi,6.2800,0.0000,1.0000,1.3369
9.4572,pi,6.2800,0.0000,1.0000,1.3385
9.4622,pi,6.2800,0.0000,1.0000,1.3400
9.4673,pi,6.2800,0.0000,1.0000,1.3416
9.4722,pi,6.2800,0.0000,1.0000,1.3432
9.4773,pi,6.2800,0.0000,1.0000,1.3448
9.4822,pi,6.2800,0.0000,1.0000,1.3463
9.4872,pi,6.2800,0.0000,1.0000,1.3479
9.4922,pi,6.2800,0.0000,1.0000,1.3495
9.4973,pi,6.2800,0.0000,1.0000,1.3510
9.5025,pi,6.2800,0.0000,1.0000,1.3526
9.5073,pi,6.2800,0.0000,1.0000,1.3542
9.5124,pi,6.2800,0.0000,1.0000,1.3558
9.5177,pi,6.2800,0.0000,1.0000,1.3573
9.5226,pi,6.2800,0.0000,1.0000,1.3589
9.5272,pi,6.2800,0.0000,1.0000,1.3605
9.5322,pi,6.2800,0.0000,1.0000,1.3620
9.5372,pi,6.2800,0.0000,1.0000,1.3636
9.5423,pi,6.2800,0.0000,1.0000,1.3652
9.5473,pi,6.2800,0.0000,1.0000,1.3667
9.5523,pi,6.2800,0.0000,1.0000,1.3683
9.5572,pi,6.2800,0.0000,1.0000,1.3699
9.5622,pi,6.2800,0.0000,1.0000,1.3714
9.5672,pi,6.2800,0.0000,1.0000,1.3730
9.5722,pi,6.2800,0.0000,1.0000,1.3746
9.5772,pi,6.2800,0.0000,1.0000,1.3761
9.5822,pi,6.2800,0.0000,1.0000,1.3777
9.5872,pi,6.2800,0.0000,1.0000,1.3793
9.5923,pi,6.2800,0.0000,1.0000,1.3809
9.5972,pi,6.2800,0.0000,1.0000,1.3824
9.6023,pi,6.2800,0.0000,1.0000,1.3840
9.6073,pi,6.2800,0.0000,1.0000,1.3856
9.6122,pi,6.2800,0.0000,1.0000,1.3871
9.6173,pi,6.2800,0.0000,1.0000,1.3887
9.6222,pi,6.2800,0.0000,1.0000,1.3903
9.6272,pi,6.2800,0.0000,1.0000,1.3919
9.6322,pi,6.2800,0.0000,1.0000,1.3934
9.6372,pi,6.2800,0.0000,1.0000,1.3950
9.6422,pi,6.2800,0.0000,1.0000,1.3966
9.6472,pi,6.2800,0.0000,1.0000,1.3981
9.6522,pi,6.2800,0.0000,1.0000,1.3997
9.6572,pi,6.2800,0.0000,1.0000,1.4013
9.6622,pi,6.2800,0.0000,1.0000,1.4028
9.6672,pi,6.2800,0.0000,1.0000,1.4044
9.6722,pi,6.2800,0.0000,1.0000,1.4060
9.6772,pi,6.2800,0.0000,1.0000,1.4075
9.6822,pi,6.2800,0.0000,1.0000,1.4091
9.6872,pi,6.2800,0.0000,1.0000,1.4107
9.6922,pi,6.2800,0.0000,1.0000,1.4123
9.6972,pi,6.2800,0.0000,1.0000,1.4138
9.7023,pi,6.2800,0.0000,1.0000,1.4154
9.7072,pi,6.2800,0.0000,1.0000,1.4170
9.7122,pi,6.2800,0.0000,1.0000,1.4185
9.7172,pi,6.2800,0.0000,1.0000,1.4201
9.7222,pi,6.2800,0.0000,1.0000,1.4217
9.7273,pi,6.2800,0.0000,1.0000,1.4232
9.7325,pi,6.2800,0.0000,1.0000,1.4248
9.7380,pi,6.2800,0.0000,1.0000,1.4264
9.7430,pi,6.2800,0.0000,1.0000,1.4280
9.7476,pi,6.2800,0.0000,1.0000,1.4295
9.7530,pi,6.2800,0.0000,1.0000,1.4311
9.7575,pi,6.2800,0.0000,1.0000,1.4327
9.7626,pi,6.2800,0.0000,1.0000,1.4343
9.7677,pi,6.2800,0.0000,1.0000,1.4358
9.7723,pi,6.2800,0.0000,1.0000,1.4375
9.7773,pi,6.2800,0.0000,1.0000,1.4390
9.7823,pi,6.2800,0.0000,1.0000,1.4405
9.7873,pi,6.2800,0.0000,1.0000,1.4421
9.7924,pi,6.2800,0.0000,1.0000,1.4437
9.7974,pi,6.2800,0.0000,1.0000,1.4452
9.8023,pi,6.2800,0.0000,1.0000,1.4468
9.8074,pi,6.2800,0.0000,1.0000,1.4484
9.8123,pi,6.2800,0.0000,1.0000,1.4500
9.8182,pi,6.2800,0.0000,1.0000,1.4515
9.8227,pi,6.2800,0.0000,1.0000,1.4533
9.8280,pi,6.2800,0.0000,1.0000,1.4547
9.8329,pi,6.2800,0.0000,1.0000,1.4562
9.8378,pi,6.2800,0.0000,1.0000,1.4578
9.8427,pi,6.2800,0.0000,1.0000,1.4594
9.8476,pi,6.2800,0.0000,1.0000,1.4609
9.8525,pi,6.2800,0.0000,1.0000,1.4625
9.8575,pi,6.2800,0.0000,1.0000,1.4641
9.8625,pi,6.2800,0.0000,1.0000,1.4657
9.8681,pi,6.2800,0.0000,1.0000,1.4672
9.8728,pi,6.2800,0.0000,1.0000,1.4690
9.8778,pi,6.2800,0.0000,1.0000,1.4704
9.8825,pi,6.2800,0.0000,1.0000,1.4719
9.8872,pi,6.2800,0.0000,1.0000,1.4735
9.8922,pi,6.2800,0.0000,1.0000,1.4751
9.8972,pi,6.2800,0.0000,1.0000,1.4766
9.9023,pi,6.2800,0.0000,1.0000,1.4782
9.9077,pi,6.2800,0.0000,1.0000,1.4798
9.9125,pi,6.2800,0.0000,1.0000,1.4814
9.9172,pi,6.2800,0.0000,1.0000,1.4829
9.9223,pi,6.2800,0.0000,1.0000,1.4845
9.9273,pi,6.2800,0.0000,1.0000,1.4861
9.9323,pi,6.2800,0.0000,1.0000,1.4876
9.9372,pi,6.2800,0.0000,1.0000,1.4892
9.9423,pi,6.2800,0.0000,1.0000,1.4908
9.9472,pi,6.2800,0.0000,1.0000,1.4923
9.9522,pi,6.2800,0.0000,1.0000,1.4939
9.9572,pi,6.2800,0.0000,1.0000,1.4955
9.9622,pi,6.2800,0.0000,1.0000,1.4970
9.9673,pi,6.2800,0.0000,1.0000,1.4986
9.9723,pi,6.2800,0.0000,1.0000,1.5002
9.9772,pi,6.2800,0.0000,1.0000,1.5018
9.9822,pi,6.2800,0.0000,1.0000,1.5033
9.9872,pi,6.2800,0.0000,1.0000,1.5049
9.9923,pi,6.2800,0.0000,1.0000,1.5065
9.9972,pi,6.2800,0.0000,1.0000,1.5080
10.0022,pi,6.2800,0.0000,1.0000,1.5096
10.0072,pi,6.2800,0.0000,1.0000,1.5112
10.0122,pi,6.2800,0.0000,1.0000,1.5127
10.0173,pi,6.2800,0.0000,1.0000,1.5143
10.0223,pi,6.2800,0.0000,1.0000,1.5159
10.0276,pi,6.2800,0.0000,1.0000,1.5175
10.0328,pi,6.2800,0.0000,1.0000,1.5190
10.0373,pi,6.2800,0.0000,1.0000,1.5206
10.0422,pi,6.2800,0.0000,1.0000,1.5222
10.0472,pi,6.2800,0.0000,1.0000,1.5237
10.0522,pi,6.2800,0.0000,1.0000,1.5253
10.0572,pi,6.2800,0.0000,1.0000,1.5269
10.0622,pi,6.2800,0.0000,1.0000,1.5284
10.0672,pi,6.2800,0.0000,1.0000,1.5300
10.0722,pi,6.2800,0.0000,1.0000,1.5316
10.0772,pi,6.2800,0.0000,1.0000,1.5331
10.0823,pi,6.2800,0.0000,1.0000,1.5347
10.0875,pi,6.2800,0.0000,1.0000,1.5363
10.0927,pi,6.2800,0.0000,1.0000,1.5379
10.0980,pi,6.2800,0.0000,1.0000,1.5394
10.1022,pi,6.2800,0.0000,1.0000,1.5410
10.1072,pi,6.2800,0.0000,1.0000,1.5426
10.1122,pi,6.2800,0.0000,1.0000,1.5442
10.1173,pi,6.2800,0.0000,1.0000,1.5457
10.1222,pi,6.2800,0.0000,1.0000,1.5473
10.1273,pi,6.2800,0.0000,1.0000,1.5489
10.1327,pi,6.2800,0.0000,1.0000,1.5504
10.1377,pi,6.2800,0.0000,1.0000,1.5520
10.1427,pi,6.2800,0.0000,1.0000,1.5536
10.1478,pi,6.2800,0.0000,1.0000,1.5551
10.1529,pi,6.2800,0.0000,1.0000,1.5567
10.1572,pi,6.2800,0.0000,1.0000,1.5583
10.1622,pi,6.2800,0.0000,1.0000,1.5598
10.1672,pi,6.2800,0.0000,1.0000,1.5614
10.1723,pi,6.2800,0.0000,1.0000,1.5630
10.1773,pi,6.2800,0.0000,1.0000,1.5646
10.1826,pi,6.2800,0.0000,1.0000,1.5661
10.1876,pi,6.2800,0.0000,1.0000,1.5677
10.1926,pi,6.2800,0.0000,1.0000,1.5693
10.1972,pi,6.2800,0.0000,1.0000,1.5708
10.2022,pi,6.2800,0.0000,1.0000,1.5724
10.2072,pi,6.2800,0.0000,1.0000,1.5740
10.2122,pi,6.2800,0.0000,1.0000,1.5755
10.2173,pi,6.2800,0.0000,1.0000,1.5771
10.2223,pi,6.2800,0.0000,1.0000,1.5787
10.2273,pi,6.2800,0.0000,1.0000,1.5803
10.2322,pi,6.2800,0.0000,1.0000,1.5818
10.2372,pi,6.2800,0.0000,1.0000,1.5834
10.2423,pi,6.2800,0.0000,1.0000,1.5850
10.2473,pi,6.2800,0.0000,1.0000,1.5865
10.2522,pi,6.2800,0.0000,1.0000,1.5881
10.2572,pi,6.2800,0.0000,1.0000,1.5897
10.2622,pi,6.2800,0.0000,1.0000,1.5912
10.2676,pi,6.2800,0.0000,1.0000,1.5928
10.2723,pi,6.2800,0.0000,1.0000,1.5944
10.2774,pi,6.2800,0.0000,1.0000,1.5960
10.2825,pi,6.2800,0.0000,1.0000,1.5975
10.2873,pi,6.2800,0.0000,1.0000,1.5991
10.2922,pi,6.2800,0.0000,1.0000,1.6007
10.2972,pi,6.2800,0.0000,1.0000,1.6022
10.3023,pi,6.2800,0.0000,1.0000,1.6038
10.3073,pi,6.2800,0.0000,1.0000,1.6054
10.3124,pi,6.2800,0.0000,1.0000,1.6069
10.3173,pi,6.2800,0.0000,1.0000,1.6085
10.3223,pi,6.2800,0.0000,1.0000,1.6101
10.3273,pi,6.2800,0.0000,1.0000,1.6117
10.3323,pi,6.2800,0.0000,1.0000,1.6132
10.3373,pi,6.2800,0.0000,1.0000,1.6148
10.3423,pi,6.2800,0.0000,1.0000,1.6164
10.3472,pi,6.2800,0.0000,1.0000,1.6179
10.3522,pi,6.2800,0.0000,1.0000,1.6195
10.3572,pi,6.2800,0.0000,1.0000,1.6211
10.3622,pi,6.2800,0.0000,1.0000,1.6226
10.3672,pi,6.2800,0.0000,1.0000,1.6242
10.3722,pi,6.2800,0.0000,1.0000,1.6258
10.3773,pi,6.2800,0.0000,1.0000,1.6274
10.3822,pi,6.2800,0.0000,1.0000,1.6289
10.3872,pi,6.2800,0.0000,1.0000,1.6305
10.3923,pi,6.2800,0.0000,1.0000,1.6321
10.3972,pi,6.2800,0.0000,1.0000,1.6336
10.4022,pi,6.2800,0.0000,1.0000,1.6352
10.4072,pi,6.2800,0.0000,1.0000,1.6368
10.4123,pi,6.2800,0.0000,1.0000,1.6383
10.4173,pi,6.2800,0.0000,1.0000,1.6399
10.4223,pi,6.2800,0.0000,1.0000,1.6415
10.4272,pi,6.2800,0.0000,1.0000,1.6431
10.4323,pi,6.2800,0.0000,1.0000,1.6446
10.4372,pi,6.2800,0.0000,1.0000,1.6462
10.4422,pi,6.2800,0.0000,1.0000,1.6478
10.4472,pi,6.2800,0.0000,1.0000,1.6493
10.4523,pi,6.2800,0.0000,1.0000,1.6509
10.4572,pi,6.2800,0.0000,1.0000,1.6525
10.4623,pi,6.2800,0.0000,1.0000,1.6540
10.4673,pi,6.2800,0.0000,1.0000,1.6556
10.4722,pi,6.2800,0.0000,1.0000,1.6572
10.4773,pi,6.2800,0.0000,1.0000,1.6588
10.4822,pi,6.2800,0.0000,1.0000,1.6603
10.4873,pi,6.2800,0.0000,1.0000,1.6619
10.4922,pi,6.2800,0.0000,1.0000,1.6635
10.4973,pi,6.2800,0.0000,1.0000,1.6650
10.5025,pi,6.2800,0.0000,1.0000,1.6666
10.5073,pi,6.2800,0.0000,1.0000,1.6682
10.5129,pi,6.2800,0.0000,1.0000,1.6698
10.5179,pi,6.2800,0.0000,1.0000,1.6713
10.5226,pi,6.2800,0.0000,1.0000,1.6729
10.5272,pi,6.2800,0.0000,1.0000,1.6745
10.5322,pi,6.2800,0.0000,1.0000,1.6760
10.5372,pi,6.2800,0.0000,1.0000,1.6776
10.5423,pi,6.2800,0.0000,1.0000,1.6792
10.5473,pi,6.2800,0.0000,1.0000,1.6807
10.5523,pi,6.2800,0.0000,1.0000,1.6823
10.5573,pi,6.2800,0.0000,1.0000,1.6839
10.5622,pi,6.2800,0.0000,1.0000,1.6855
10.5673,pi,6.2800,0.0000,1.0000,1.6870
10.5723,pi,6.2800,0.0000,1.0000,1.6886
10.5772,pi,6.2800,0.0000,1.0000,1.6902
10.5823,pi,6.2800,0.0000,1.0000,1.6917
10.5873,pi,6.2800,0.0000,1.0000,1.6933
10.5925,pi,6.2800,0.0000,1.0000,1.6949
10.5978,pi,6.2800,0.0000,1.0000,1.6964
10.6022,pi,6.2800,0.0000,1.0000,1.6980
10.6072,pi,6.2800,0.0000,1.0000,1.6996
10.6123,pi,6.2800,0.0000,1.0000,1.7011
10.6173,pi,6.2800,0.0000,1.0000,1.7027
10.6223,pi,6.2800,0.0000,1.0000,1.7043
10.6273,pi,6.2800,0.0000,1.0000,1.7059
10.6322,pi,6.2800,0.0000,1.0000,1.7074
10.6372,pi,6.2800,0.0000,1.0000,1.7090
10.6422,pi,6.2800,0.0000,1.0000,1.7106
10.6472,pi,6.2800,0.0000,1.0000,1.7121
10.6522,pi,6.2800,0.0000,1.0000,1.7137
10.6572,pi,6.2800,0.0000,1.0000,1.7153
10.6622,pi,6.2800,0.0000,1.0000,1.7168
10.6672,pi,6.2800,0.0000,1.0000,1.7184
10.6722,pi,6.2800,0.0000,1.0000,1.7200
10.6772,pi,6.2800,0.0000,1.0000,1.7215
10.6823,pi,6.2800,0.0000,1.0000,1.7231
10.6872,pi,6.2800,0.0000,1.0000,1.7247
10.6922,pi,6.2800,0.0000,1.0000,1.7263
10.6972,pi,6.2800,0.0000,1.0000,1.7278
10.7023,pi,6.2800,0.0000,1.0000,1.7294
10.7072,pi,6.2800,0.0000,1.0000,1.7310
10.7123,pi,6.2800,0.0000,1.0000,1.7325
10.7173,pi,6.2800,0.0000,1.0000,1.7341
10.7222,pi,6.2800,0.0000,1.0000,1.7357
10.7273,pi,6.2800,0.0000,1.0000,1.7373
10.7322,pi,6.2800,0.0000,1.0000,1.7388
10.7377,pi,6.2800,0.0000,1.0000,1.7404
10.7427,pi,6.2800,0.0000,1.0000,1.7420
10.7476,pi,6.2800,0.0000,1.0000,1.7435
10.7522,pi,6.2800,0.0000,1.0000,1.7451
10.7571,pi,6.2800,0.0000,1.0000,1.7467
10.7622,pi,6.2800,0.0000,1.0000,1.7482
10.7672,pi,6.2800,0.0000,1.0000,1.7498
10.7723,pi,6.2800,0.0000,1.0000,1.7514
10.7772,pi,6.2800,0.0000,1.0000,1.7530
10.7822,pi,6.2800,0.0000,1.0000,1.7545
10.7872,pi,6.2800,0.0000,1.0000,1.7561
10.7922,pi,6.2800,0.0000,1.0000,1.7577
10.7972,pi,6.2800,0.0000,1.0000,1.7592
10.8022,pi,6.2800,0.0000,1.0000,1.7608
10.8072,pi,6.2800,0.0000,1.0000,1.7624
10.8122,pi,6.2800,0.0000,1.0000,1.7639
10.8172,pi,6.2800,0.0000,1.0000,1.7655
10.8223,pi,6.2800,0.0000,1.0000,1.7671
10.8272,pi,6.2800,0.0000,1.0000,1.7687
10.8322,pi,6.2800,0.0000,1.0000,1.7702
10.8372,pi,6.2800,0.0000,1.0000,1.7718
10.8423,pi,6.2800,0.0000,1.0000,1.7734
10.8473,pi,6.2800,0.0000,1.0000,1.7749
10.8522,pi,6.2800,0.0000,1.0000,1.7765
10.8573,pi,6.2800,0.0000,1.0000,1.7781
10.8622,pi,6.2800,0.0000,1.0000,1.7796
10.8673,pi,6.2800,0.0000,1.0000,1.7812
10.8722,pi,6.2800,0.0000,1.0000,1.7828
10.8772,pi,6.2800,0.0000,1.0000,1.7844
10.8825,pi,6.2800,0.0000,1.0000,1.7859
10.8878,pi,6.2800,0.0000,1.0000,1.7875
10.8929,pi,6.2800,0.0000,1.0000,1.7891
10.8975,pi,6.2800,0.0000,1.0000,1.7907
10.9026,pi,6.2800,0.0000,1.0000,1.7922
10.9076,pi,6.2800,0.0000,1.0000,1.7938
10.9127,pi,6.2800,0.0000,1.0000,1.7954
10.9183,pi,6.2800,0.0000,1.0000,1.7969
10.9228,pi,6.2800,0.0000,1.0000,1.7985
10.9277,pi,6.2800,0.0000,1.0000,1.8001
10.9328,pi,6.2800,0.0000,1.0000,1.8016
10.9377,pi,6.2800,0.0000,1.0000,1.8032
10.9427,pi,6.2800,0.0000,1.0000,1.8048
10.9472,pi,6.2800,0.0000,1.0000,1.8064
10.9523,pi,6.2800,0.0000,1.0000,1.8079
10.9572,pi,6.2800,0.0000,1.0000,1.8095
10.9622,pi,6.2800,0.0000,1.0000,1.8110
10.9672,pi,6.2800,0.0000,1.0000,1.8126
10.9722,pi,6.2800,0.0000,1.0000,1.8142
10.9772,pi,6.2800,0.0000,1.0000,1.8158
10.9823,pi,6.2800,0.0000,1.0000,1.8173
10.9872,pi,6.2800,0.0000,1.0000,1.8189
10.9930,pi,6.2800,0.0000,1.0000,1.8205
10.9980,pi,6.2800,0.0000,1.0000,1.8220
11.0026,pi,6.2800,0.0000,1.0000,1.8236
11.0072,pi,6.2800,0.0000,1.0000,1.8252
11.0122,pi,6.2800,0.0000,1.0000,1.8267
11.0172,pi,6.2800,0.0000,1.0000,1.8283
11.0223,pi,6.2800,0.0000,1.0000,1.8299
11.0273,pi,6.2800,0.0000,1.0000,1.8315
11.0323,pi,6.2800,0.0000,1.0000,1.8330
11.0372,pi,6.2800,0.0000,1.0000,1.8346
11.0422,pi,6.2800,0.0000,1.0000,1.8362
11.0472,pi,6.2800,0.0000,1.0000,1.8377
11.0522,pi,6.2800,0.0000,1.0000,1.8393
11.0573,pi,6.2800,0.0000,1.0000,1.8409
11.0623,pi,6.2800,0.0000,1.0000,1.8424
11.0673,pi,6.2800,0.0000,1.0000,1.8440
11.0722,pi,6.2800,0.0000,1.0000,1.8456
11.0772,pi,6.2800,0.0000,1.0000,1.8472
11.0822,pi,6.2800,0.0000,1.0000,1.8487
11.0873,pi,6.2800,0.0000,1.0000,1.8503
11.0923,pi,6.2800,0.0000,1.0000,1.8519
11.0973,pi,6.2800,0.0000,1.0000,1.8534
11.1023,pi,6.2800,0.0000,1.0000,1.8550
11.1072,pi,6.2800,0.0000,1.0000,1.8566
11.1122,pi,6.2800,0.0000,1.0000,1.8581
11.1173,pi,6.2800,0.0000,1.0000,1.8597
11.1223,pi,6.2800,0.0000,1.0000,1.8613
11.1273,pi,6.2800,0.0000,1.0000,1.8629
11.1328,pi,6.2800,0.0000,1.0000,1.8644
11.1376,pi,6.2800,0.0000,1.0000,1.8660
11.1422,pi,6.2800,0.0000,1.0000,1.8676
11.1472,pi,6.2800,0.0000,1.0000,1.8691
11.1522,pi,6.2800,0.0000,1.0000,1.8707
11.1572,pi,6.2800,0.0000,1.0000,1.8723
11.1622,pi,6.2800,0.0000,1.0000,1.8738
11.1673,pi,6.2800,0.0000,1.0000,1.8754
11.1722,pi,6.2800,0.0000,1.0000,1.8770
11.1772,pi,6.2800,0.0000,1.0000,1.8786
11.1822,pi,6.2800,0.0000,1.0000,1.8801
11.1872,pi,6.2800,0.0000,1.0000,1.8817
11.1922,pi,6.2800,0.0000,1.0000,1.8833
11.1972,pi,6.2800,0.0000,1.0000,1.8848
11.2022,pi,6.2800,0.0000,1.0000,1.8864
11.2072,pi,6.2800,0.0000,1.0000,1.8880
11.2122,pi,6.2800,0.0000,1.0000,1.8895
11.2172,pi,6.2800,0.0000,1.0000,1.8911
11.2223,pi,6.2800,0.0000,1.0000,1.8927
11.2272,pi,6.2800,0.0000,1.0000,1.8943
11.2322,pi,6.2800,0.0000,1.0000,1.8958
11.2372,pi,6.2800,0.0000,1.0000,1.8974
11.2422,pi,6.2800,0.0000,1.0000,1.8990
11.2473,pi,6.2800,0.0000,1.0000,1.9005
11.2522,pi,6.2800,0.0000,1.0000,1.9021
11.2572,pi,6.2800,0.0000,1.0000,1.9037
11.2623,pi,6.2800,0.0000,1.0000,1.9052
11.2672,pi,6.2800,0.0000,1.0000,1.9068
11.2722,pi,6.2800,0.0000,1.0000,1.9084
11.2772,pi,6.2800,0.0000,1.0000,1.9100
11.2822,pi,6.2800,0.0000,1.0000,1.9115
11.2872,pi,6.2800,0.0000,1.0000,1.9131
11.2924,pi,6.2800,0.0000,1.0000,1.9147
11.2973,pi,6.2800,0.0000,1.0000,1.9162
11.3023,pi,6.2800,0.0000,1.0000,1.9178
11.3073,pi,6.2800,0.0000,1.0000,1.9194
11.3122,pi,6.2800,0.0000,1.0000,1.9209
11.3173,pi,6.2800,0.0000,1.0000,1.9225
11.3222,pi,6.2800,0.0000,1.0000,1.9241
11.3273,pi,6.2800,0.0000,1.0000,1.9257
11.3322,pi,6.2800,0.0000,1.0000,1.9272
11.3373,pi,6.2800,0.0000,1.0000,1.9288
11.3422,pi,6.2800,0.0000,1.0000,1.9304
11.3473,pi,6.2800,0.0000,1.0000,1.9319
11.3522,pi,6.2800,0.0000,1.0000,1.9335
11.3572,pi,6.2800,0.0000,1.0000,1.9351
11.3623,pi,6.2800,0.0000,1.0000,1.9366
11.3673,pi,6.2800,0.0000,1.0000,1.9382
11.3728,pi,6.2800,0.0000,1.0000,1.9398
11.3776,pi,6.2800,0.0000,1.0000,1.9414
11.3833,pi,6.2800,0.0000,1.0000,1.9429
11.3881,pi,6.2800,0.0000,1.0000,1.9445
11.3930,pi,6.2800,0.0000,1.0000,1.9462
11.3975,pi,6.2800,0.0000,1.0000,1.9476
11.4029,pi,6.2800,0.0000,1.0000,1.9492
11.4086,pi,6.2800,0.0000,1.0000,1.9508
11.4132,pi,6.2800,0.0000,1.0000,1.9524
11.4177,pi,6.2800,0.0000,1.0000,1.9539
11.4230,pi,6.2800,0.0000,1.0000,1.9555
11.4307,pi,6.2800,0.0000,1.0000,1.9571
11.4360,pi,6.2800,0.0000,1.0000,1.9586
11.4412,pi,6.2800,0.0000,1.0000,1.9602
11.4464,pi,6.2800,0.0000,1.0000,1.9619
11.4515,pi,6.2800,0.0000,1.0000,1.9634
11.4563,pi,6.2800,0.0000,1.0000,1.9649
11.4610,pi,6.2800,0.0000,1.0000,1.9665
11.4656,pi,6.2800,0.0000,1.0000,1.9681
11.4694,pi,6.2800,0.0000,1.0000,1.9696
11.4732,pi,6.2800,0.0000,1.0000,1.9712
11.4775,pi,6.2800,0.0000,1.0000,1.9728
11.4822,pi,6.2800,0.0000,1.0000,1.9743
11.4872,pi,6.2800,0.0000,1.0000,1.9759
11.4922,pi,6.2800,0.0000,1.0000,1.9775
11.4972,pi,6.2800,0.0000,1.0000,1.9790
11.5025,pi,6.2800,0.0000,1.0000,1.9806
11.5073,pi,6.2800,0.0000,1.0000,1.9822
11.5122,pi,6.2800,0.0000,1.0000,1.9838
11.5172,pi,6.2800,0.0000,1.0000,1.9853
11.5222,pi,6.2800,0.0000,1.0000,1.9869
11.5272,pi,6.2800,0.0000,1.0000,1.9885
11.5323,pi,6.2800,0.0000,1.0000,1.9900
11.5372,pi,6.2800,0.0000,1.0000,1.9916
11.5423,pi,6.2800,0.0000,1.0000,1.9932
11.5472,pi,6.2800,0.0000,1.0000,1.9947
11.5524,pi,6.2800,0.0000,1.0000,1.9963
11.5578,pi,6.2800,0.0000,1.0000,1.9979
11.5633,pi,6.2800,0.0000,1.0000,1.9995
11.5681,pi,6.2800,0.0000,1.0000,2.0010
11.5725,pi,6.2800,0.0000,1.0000,2.0026
11.5772,pi,6.2800,0.0000,1.0000,2.0042
11.5822,pi,6.2800,0.0000,1.0000,2.0057
11.5873,pi,6.2800,0.0000,1.0000,2.0073
11.5922,pi,6.2800,0.0000,1.0000,2.0089
11.5979,pi,6.2800,0.0000,1.0000,2.0104
11.6025,pi,6.2800,0.0000,1.0000,2.0120
11.6078,pi,6.2800,0.0000,1.0000,2.0136
11.6125,pi,6.2800,0.0000,1.0000,2.0152
11.6180,pi,6.2800,0.0000,1.0000,2.0167
11.6223,pi,6.2800,0.0000,1.0000,2.0185
11.6272,pi,6.2800,0.0000,1.0000,2.0199
11.6322,pi,6.2800,0.0000,1.0000,2.0214
11.6373,pi,6.2800,0.0000,1.0000,2.0230
11.6423,pi,6.2800,0.0000,1.0000,2.0246
11.6472,pi,6.2800,0.0000,1.0000,2.0261
11.6522,pi,6.2800,0.0000,1.0000,2.0277
11.6573,pi,6.2800,0.0000,1.0000,2.0293
11.6622,pi,6.2800,0.0000,1.0000,2.0308
11.6673,pi,6.2800,0.0000,1.0000,2.0324
11.6722,pi,6.2800,0.0000,1.0000,2.0340
11.6773,pi,6.2800,0.0000,1.0000,2.0356
11.6823,pi,6.2800,0.0000,1.0000,2.0371
11.6872,pi,6.2800,0.0000,1.0000,2.0387
11.6922,pi,6.2800,0.0000,1.0000,2.0403
11.6972,pi,6.2800,0.0000,1.0000,2.0418
11.7023,pi,6.2800,0.0000,1.0000,2.0434
11.7072,pi,6.2800,0.0000,1.0000,2.0450
11.7122,pi,6.2800,0.0000,1.0000,2.0465
11.7172,pi,6.2800,0.0000,1.0000,2.0481
11.7223,pi,6.2800,0.0000,1.0000,2.0497
11.7272,pi,6.2800,0.0000,1.0000,2.0513
11.7323,pi,6.2800,0.0000,1.0000,2.0528
11.7373,pi,6.2800,0.0000,1.0000,2.0544
11.7422,pi,6.2800,0.0000,1.0000,2.0560
11.7473,pi,6.2800,0.0000,1.0000,2.0575
11.7522,pi,6.2800,0.0000,1.0000,2.0591
11.7573,pi,6.2800,0.0000,1.0000,2.0607
11.7622,pi,6.2800,0.0000,1.0000,2.0623
11.7674,pi,6.2800,0.0000,1.0000,2.0638
11.7723,pi,6.2800,0.0000,1.0000,2.0654
11.7773,pi,6.2800,0.0000,1.0000,2.0670
11.7822,pi,6.2800,0.0000,1.0000,2.0685
11.7873,pi,6.2800,0.0000,1.0000,2.0701
11.7922,pi,6.2800,0.0000,1.0000,2.0717
11.7973,pi,6.2800,0.0000,1.0000,2.0732
11.8022,pi,6.2800,0.0000,1.0000,2.0748
11.8072,pi,6.2800,0.0000,1.0000,2.0764
11.8123,pi,6.2800,0.0000,1.0000,2.0779
11.8176,pi,6.2800,0.0000,1.0000,2.0795
11.8228,pi,6.2800,0.0000,1.0000,2.0811
11.8272,pi,6.2800,0.0000,1.0000,2.0827
11.8324,pi,6.2800,0.0000,1.0000,2.0842
11.8378,pi,6.2800,0.0000,1.0000,2.0858
11.8424,pi,6.2800,0.0000,1.0000,2.0874
11.8475,pi,6.2800,0.0000,1.0000,2.0890
11.8526,pi,6.2800,0.0000,1.0000,2.0905
11.8576,pi,6.2800,0.0000,1.0000,2.0921
11.8622,pi,6.2800,0.0000,1.0000,2.0937
11.8673,pi,6.2800,0.0000,1.0000,2.0952
11.8725,pi,6.2800,0.0000,1.0000,2.0968
11.8778,pi,6.2800,0.0000,1.0000,2.0984
11.8829,pi,6.2800,0.0000,1.0000,2.0999
11.8875,pi,6.2800,0.0000,1.0000,2.1015
11.8923,pi,6.2800,0.0000,1.0000,2.1031
11.8972,pi,6.2800,0.0000,1.0000,2.1046
11.9022,pi,6.2800,0.0000,1.0000,2.1062
11.9072,pi,6.2800,0.0000,1.0000,2.1078
11.9123,pi,6.2800,0.0000,1.0000,2.1093
11.9172,pi,6.2800,0.0000,1.0000,2.1109
11.9222,pi,6.2800,0.0000,1.0000,2.1125
11.9272,pi,6.2800,0.0000,1.0000,2.1141
11.9322,pi,6.2800,0.0000,1.0000,2.1156
11.9372,pi,6.2800,0.0000,1.0000,2.1172
11.9422,pi,6.2800,0.0000,1.0000,2.1188
11.9472,pi,6.2800,0.0000,1.0000,2.1203
11.9522,pi,6.2800,0.0000,1.0000,2.1219
11.9573,pi,6.2800,0.0000,1.0000,2.1235
11.9622,pi,6.2800,0.0000,1.0000,2.1250
11.9672,pi,6.2800,0.0000,1.0000,2.1266
11.9723,pi,6.2800,0.0000,1.0000,2.1282
11.9772,pi,6.2800,0.0000,1.0000,2.1298
11.9823,pi,6.2800,0.0000,1.0000,2.1313
11.9873,pi,6.2800,0.0000,1.0000,2.1329
11.9923,pi,6.2800,0.0000,1.0000,2.1345
11.9974,pi,6.2800,0.0000,1.0000,2.1360
12.0023,pi,6.2800,0.0000,1.0000,2.1376
12.0073,pi,6.2800,0.0000,1.0000,2.1392
12.0121,pi,6.2800,0.0000,1.0000,2.1408
12.0172,pi,6.2800,0.0000,1.0000,2.1423
12.0223,pi,6.2800,0.0000,1.0000,2.1439
12.0273,pi,6.2800,0.0000,1.0000,2.1455
12.0322,pi,6.2800,0.0000,1.0000,2.1470
12.0372,pi,6.2800,0.0000,1.0000,2.1486
12.0422,pi,6.2800,0.0000,1.0000,2.1502
12.0472,pi,6.2800,0.0000,1.0000,2.1517
12.0522,pi,6.2800,0.0000,1.0000,2.1533
12.0572,pi,6.2800,0.0000,1.0000,2.1549
12.0622,pi,6.2800,0.0000,1.0000,2.1564
12.0672,pi,6.2800,0.0000,1.0000,2.1580
12.0729,pi,6.2800,0.0000,1.0000,2.1596
12.0777,pi,6.2800,0.0000,1.0000,2.1612
12.0830,pi,6.2800,0.0000,1.0000,2.1628
12.0877,pi,6.2800,0.0000,1.0000,2.1643
12.0931,pi,6.2800,0.0000,1.0000,2.1659
12.0973,pi,6.2800,0.0000,1.0000,2.1675
12.1022,pi,6.2800,0.0000,1.0000,2.1690
12.1073,pi,6.2800,0.0000,1.0000,2.1706
12.1122,pi,6.2800,0.0000,1.0000,2.1721
12.1173,pi,6.2800,0.0000,1.0000,2.1737
12.1222,pi,6.2800,0.0000,1.0000,2.1753
12.1274,pi,6.2800,0.0000,1.0000,2.1769
12.1326,pi,6.2800,0.0000,1.0000,2.1784
12.1374,pi,6.2800,0.0000,1.0000,2.1800
12.1422,pi,6.2800,0.0000,1.0000,2.1816
12.1472,pi,6.2800,0.0000,1.0000,2.1831
12.1522,pi,6.2800,0.0000,1.0000,2.1847
12.1573,pi,6.2800,0.0000,1.0000,2.1863
12.1622,pi,6.2800,0.0000,1.0000,2.1878
12.1672,pi,6.2800,0.0000,1.0000,2.1894
12.1722,pi,6.2800,0.0000,1.0000,2.1910
12.1772,pi,6.2800,0.0000,1.0000,2.1926
12.1822,pi,6.2800,0.0000,1.0000,2.1941
12.1872,pi,6.2800,0.0000,1.0000,2.1957
12.1922,pi,6.2800,0.0000,1.0000,2.1973
12.1974,pi,6.2800,0.0000,1.0000,2.1988
12.2026,pi,6.2800,0.0000,1.0000,2.2004
12.2073,pi,6.2800,0.0000,1.0000,2.2020
12.2122,pi,6.2800,0.0000,1.0000,2.2036
12.2172,pi,6.2800,0.0000,1.0000,2.2051
12.2223,pi,6.2800,0.0000,1.0000,2.2067
12.2273,pi,6.2800,0.0000,1.0000,2.2083
12.2322,pi,6.2800,0.0000,1.0000,2.2098
12.2372,pi,6.2800,0.0000,1.0000,2.2114
12.2423,pi,6.2800,0.0000,1.0000,2.2130
12.2473,pi,6.2800,0.0000,1.0000,2.2145
12.2522,pi,6.2800,0.0000,1.0000,2.2161
12.2572,pi,6.2800,0.0000,1.0000,2.2177
12.2622,pi,6.2800,0.0000,1.0000,2.2192
12.2673,pi,6.2800,0.0000,1.0000,2.2208
12.2722,pi,6.2800,0.0000,1.0000,2.2224
12.2775,pi,6.2800,0.0000,1.0000,2.2240
12.2823,pi,6.2800,0.0000,1.0000,2.2255
12.2872,pi,6.2800,0.0000,1.0000,2.2271
12.2923,pi,6.2800,0.0000,1.0000,2.2287
12.2972,pi,6.2800,0.0000,1.0000,2.2302
12.3023,pi,6.2800,0.0000,1.0000,2.2318
12.3072,pi,6.2800,0.0000,1.0000,2.2334
12.3122,pi,6.2800,0.0000,1.0000,2.2349
12.3172,pi,6.2800,0.0000,1.0000,2.2365
12.3223,pi,6.2800,0.0000,1.0000,2.2381
12.3272,pi,6.2800,0.0000,1.0000,2.2397
12.3322,pi,6.2800,0.0000,1.0000,2.2412
12.3373,pi,6.2800,0.0000,1.0000,2.2428
12.3422,pi,6.2800,0.0000,1.0000,2.2444
12.3472,pi,6.2800,0.0000,1.0000,2.2459
12.3522,pi,6.2800,0.0000,1.0000,2.2475
12.3572,pi,6.2800,0.0000,1.0000,2.2491
12.3622,pi,6.2800,0.0000,1.0000,2.2506
12.3672,pi,6.2800,0.0000,1.0000,2.2522
12.3723,pi,6.2800,0.0000,1.0000,2.2538
12.3772,pi,6.2800,0.0000,1.0000,2.2554
12.3823,pi,6.2800,0.0000,1.0000,2.2569
12.3872,pi,6.2800,0.0000,1.0000,2.2585
12.3923,pi,6.2800,0.0000,1.0000,2.2601
12.3972,pi,6.2800,0.0000,1.0000,2.2616
12.4023,pi,6.2800,0.0000,1.0000,2.2632
12.4072,pi,6.2800,0.0000,1.0000,2.2648
12.4122,pi,6.2800,0.0000,1.0000,2.2663
12.4172,pi,6.2800,0.0000,1.0000,2.2679
12.4223,pi,6.2800,0.0000,1.0000,2.2695
12.4273,pi,6.2800,0.0000,1.0000,2.2711
12.4322,pi,6.2800,0.0000,1.0000,2.2726
12.4373,pi,6.2800,0.0000,1.0000,2.2742
12.4422,pi,6.2800,0.0000,1.0000,2.2758
12.4472,pi,6.2800,0.0000,1.0000,2.2773
12.4522,pi,6.2800,0.0000,1.0000,2.2789
12.4572,pi,6.2800,0.0000,1.0000,2.2805
12.4622,pi,6.2800,0.0000,1.0000,2.2820
12.4672,pi,6.2800,0.0000,1.0000,2.2836
12.4722,pi,6.2800,0.0000,1.0000,2.2852
12.4772,pi,6.2800,0.0000,1.0000,2.2868
12.4822,pi,6.2800,0.0000,1.0000,2.2883
12.4872,pi,6.2800,0.0000,1.0000,2.2899
12.4923,pi,6.2800,0.0000,1.0000,2.2915
12.4972,pi,6.2800,0.0000,1.0000,2.2930
12.5024,pi,6.2800,0.0000,1.0000,2.2946
12.5073,pi,6.2800,0.0000,1.0000,2.2962
12.5122,pi,6.2800,0.0000,1.0000,2.2978
12.5173,pi,6.2800,0.0000,1.0000,2.2993
12.5223,pi,6.2800,0.0000,1.0000,2.3009
12.5273,pi,6.2800,0.0000,1.0000,2.3025
12.5323,pi,6.2800,0.0000,1.0000,2.3040
12.5373,pi,6.2800,0.0000,1.0000,2.3056
12.5422,pi,6.2800,0.0000,1.0000,2.3072
12.5473,pi,6.2800,0.0000,1.0000,2.3087
12.5523,pi,6.2800,0.0000,1.0000,2.3103
12.5573,pi,6.2800,0.0000,1.0000,2.3119
12.5629,pi,6.2800,0.0000,1.0000,2.3134
12.5679,pi,6.2800,0.0000,1.0000,2.3150
12.5725,pi,6.2800,0.0000,1.0000,2.3166
12.5772,pi,6.2800,0.0000,1.0000,2.3182
12.5822,pi,6.2800,0.0000,1.0000,2.3197
12.5872,pi,6.2800,0.0000,1.0000,2.3213
12.5923,pi,6.2800,0.0000,1.0000,2.3229
12.5973,pi,6.2800,0.0000,1.0000,2.3244
12.6023,pi,6.2800,0.0000,1.0000,2.3260
12.6073,pi,6.2800,0.0000,1.0000,2.3276
12.6122,pi,6.2800,0.0000,1.0000,2.3291
12.6173,pi,6.2800,0.0000,1.0000,2.3307
12.6223,pi,6.2800,0.0000,1.0000,2.3323
12.6273,pi,6.2800,0.0000,1.0000,2.3339
12.6322,pi,6.2800,0.0000,1.0000,2.3354
12.6372,pi,6.2800,0.0000,1.0000,2.3370
12.6422,pi,6.2800,0.0000,1.0000,2.3386
12.6472,pi,6.2800,0.0000,1.0000,2.3401
12.6522,pi,6.2800,0.0000,1.0000,2.3417
12.6573,pi,6.2800,0.0000,1.0000,2.3433
12.6623,pi,6.2800,0.0000,1.0000,2.3448
12.6672,pi,6.2800,0.0000,1.0000,2.3464
12.6722,pi,6.2800,0.0000,1.0000,2.3480
12.6772,pi,6.2800,0.0000,1.0000,2.3496
12.6822,pi,6.2800,0.0000,1.0000,2.3511
12.6872,pi,6.2800,0.0000,1.0000,2.3527
12.6923,pi,6.2800,0.0000,1.0000,2.3543
12.6972,pi,6.2800,0.0000,1.0000,2.3558
12.7023,pi,6.2800,0.0000,1.0000,2.3574
12.7072,pi,6.2800,0.0000,1.0000,2.3590
12.7123,pi,6.2800,0.0000,1.0000,2.3605
12.7172,pi,6.2800,0.0000,1.0000,2.3621
12.7223,pi,6.2800,0.0000,1.0000,2.3637
12.7273,pi,6.2800,0.0000,1.0000,2.3653
12.7323,pi,6.2800,0.0000,1.0000,2.3668
12.7373,pi,6.2800,0.0000,1.0000,2.3684
12.7423,pi,6.2800,0.0000,1.0000,2.3700
12.7472,pi,6.2800,0.0000,1.0000,2.3715
12.7522,pi,6.2800,0.0000,1.0000,2.3731
12.7572,pi,6.2800,0.0000,1.0000,2.3747
12.7622,pi,6.2800,0.0000,1.0000,2.3762
12.7673,pi,6.2800,0.0000,1.0000,2.3778
12.7722,pi,6.2800,0.0000,1.0000,2.3794
12.7772,pi,6.2800,0.0000,1.0000,2.3810
12.7822,pi,6.2800,0.0000,1.0000,2.3825
12.7872,pi,6.2800,0.0000,1.0000,2.3841
12.7922,pi,6.2800,0.0000,1.0000,2.3857
12.7972,pi,6.2800,0.0000,1.0000,2.3872
12.8022,pi,6.2800,0.0000,1.0000,2.3888
12.8072,pi,6.2800,0.0000,1.0000,2.3904
12.8123,pi,6.2800,0.0000,1.0000,2.3919
12.8172,pi,6.2800,0.0000,1.0000,2.3935
12.8223,pi,6.2800,0.0000,1.0000,2.3951
12.8273,pi,6.2800,0.0000,1.0000,2.3967
12.8322,pi,6.2800,0.0000,1.0000,2.3982
12.8372,pi,6.2800,0.0000,1.0000,2.3998
12.8422,pi,6.2800,0.0000,1.0000,2.4014
12.8472,pi,6.2800,0.0000,1.0000,2.4029
12.8522,pi,6.2800,0.0000,1.0000,2.4045
12.8572,pi,6.2800,0.0000,1.0000,2.4061
12.8623,pi,6.2800,0.0000,1.0000,2.4076
12.8672,pi,6.2800,0.0000,1.0000,2.4092
12.8722,pi,6.2800,0.0000,1.0000,2.4108
12.8772,pi,6.2800,0.0000,1.0000,2.4124
12.8823,pi,6.2800,0.0000,1.0000,2.4139
12.8872,pi,6.2800,0.0000,1.0000,2.4155
12.8923,pi,6.2800,0.0000,1.0000,2.4171
12.8974,pi,6.2800,0.0000,1.0000,2.4186
12.9023,pi,6.2800,0.0000,1.0000,2.4202
12.9072,pi,6.2800,0.0000,1.0000,2.4218
12.9129,pi,6.2800,0.0000,1.0000,2.4233
12.9183,pi,6.2800,0.0000,1.0000,2.4249
12.9223,pi,6.2800,0.0000,1.0000,2.4265
12.9272,pi,6.2800,0.0000,1.0000,2.4281
12.9322,pi,6.2800,0.0000,1.0000,2.4296
12.9372,pi,6.2800,0.0000,1.0000,2.4312
12.9422,pi,6.2800,0.0000,1.0000,2.4328
12.9472,pi,6.2800,0.0000,1.0000,2.4343
12.9524,pi,6.2800,0.0000,1.0000,2.4359
12.9572,pi,6.2800,0.0000,1.0000,2.4375
12.9622,pi,6.2800,0.0000,1.0000,2.4390
12.9672,pi,6.2800,0.0000,1.0000,2.4406
12.9722,pi,6.2800,0.0000,1.0000,2.4422
12.9772,pi,6.2800,0.0000,1.0000,2.4437
12.9822,pi,6.2800,0.0000,1.0000,2.4453
12.9872,pi,6.2800,0.0000,1.0000,2.4469
12.9922,pi,6.2800,0.0000,1.0000,2.4485
12.9973,pi,6.2800,0.0000,1.0000,2.4500
13.0023,pi,6.2800,0.0000,1.0000,2.4516
13.0073,pi,6.2800,0.0000,1.0000,2.4532
13.0125,pi,6.2800,0.0000,1.0000,2.4547
13.0179,pi,6.2800,0.0000,1.0000,2.4563
13.0226,pi,6.2800,0.0000,1.0000,2.4579
13.0272,pi,6.2800,0.0000,1.0000,2.4595
13.0322,pi,6.2800,0.0000,1.0000,2.4610
13.0372,pi,6.2800,0.0000,1.0000,2.4626
13.0423,pi,6.2800,0.0000,1.0000,2.4642
13.0473,pi,6.2800,0.0000,1.0000,2.4657
13.0523,pi,6.2800,0.0000,1.0000,2.4673
13.0573,pi,6.2800,0.0000,1.0000,2.4689
13.0623,pi,6.2800,0.0000,1.0000,2.4705
13.0672,pi,6.2800,0.0000,1.0000,2.4720
13.0722,pi,6.2800,0.0000,1.0000,2.4736
13.0773,pi,6.2800,0.0000,1.0000,2.4752
13.0826,pi,6.2800,0.0000,1.0000,2.4767
13.0873,pi,6.2800,0.0000,1.0000,2.4783
13.0923,pi,6.2800,0.0000,1.0000,2.4799
13.0972,pi,6.2800,0.0000,1.0000,2.4814
13.1023,pi,6.2800,0.0000,1.0000,2.4830
13.1072,pi,6.2800,0.0000,1.0000,2.4846
13.1123,pi,6.2800,0.0000,1.0000,2.4861
13.1173,pi,6.2800,0.0000,1.0000,2.4877
13.1222,pi,6.2800,0.0000,1.0000,2.4893
13.1272,pi,6.2800,0.0000,1.0000,2.4909
13.1323,pi,6.2800,0.0000,1.0000,2.4924
13.1376,pi,6.2800,0.0000,1.0000,2.4940
13.1424,pi,6.2800,0.0000,1.0000,2.4956
13.1473,pi,6.2800,0.0000,1.0000,2.4971
13.1522,pi,6.2800,0.0000,1.0000,2.4987
13.1572,pi,6.2800,0.0000,1.0000,2.5003
13.1623,pi,6.2800,0.0000,1.0000,2.5018
13.1672,pi,6.2800,0.0000,1.0000,2.5034
13.1723,pi,6.2800,0.0000,1.0000,2.5050
13.1773,pi,6.2800,0.0000,1.0000,2.5066
13.1822,pi,6.2800,0.0000,1.0000,2.5081
13.1875,pi,6.2800,0.0000,1.0000,2.5097
13.1925,pi,6.2800,0.0000,1.0000,2.5113
13.1976,pi,6.2800,0.0000,1.0000,2.5128
13.2022,pi,6.2800,0.0000,1.0000,2.5144
13.2072,pi,6.2800,0.0000,1.0000,2.5160
13.2122,pi,6.2800,0.0000,1.0000,2.5175
13.2174,pi,6.2800,0.0000,1.0000,2.5191
13.2222,pi,6.2800,0.0000,1.0000,2.5207
13.2273,pi,6.2800,0.0000,1.0000,2.5223
13.2323,pi,6.2800,0.0000,1.0000,2.5238
13.2374,pi,6.2800,0.0000,1.0000,2.5254
13.2422,pi,6.2800,0.0000,1.0000,2.5270
13.2473,pi,6.2800,0.0000,1.0000,2.5285
13.2522,pi,6.2800,0.0000,1.0000,2.5301
13.2573,pi,6.2800,0.0000,1.0000,2.5317
13.2632,pi,6.2800,0.0000,1.0000,2.5332
13.2685,pi,6.2800,0.0000,1.0000,2.5348
13.2726,pi,6.2800,0.0000,1.0000,2.5364
13.2772,pi,6.2800,0.0000,1.0000,2.5380
13.2822,pi,6.2800,0.0000,1.0000,2.5395
13.2872,pi,6.2800,0.0000,1.0000,2.5411
13.2923,pi,6.2800,0.0000,1.0000,2.5427
13.2972,pi,6.2800,0.0000,1.0000,2.5442
13.3023,pi,6.2800,0.0000,1.0000,2.5458
13.3072,pi,6.2800,0.0000,1.0000,2.5474
13.3122,pi,6.2800,0.0000,1.0000,2.5489
13.3172,pi,6.2800,0.0000,1.0000,2.5505
13.3222,pi,6.2800,0.0000,1.0000,2.5521
13.3273,pi,6.2800,0.0000,1.0000,2.5536
13.3323,pi,6.2800,0.0000,1.0000,2.5552
13.3372,pi,6.2800,0.0000,1.0000,2.5568
13.3422,pi,6.2800,0.0000,1.0000,2.5584
13.3472,pi,6.2800,0.0000,1.0000,2.5599
13.3522,pi,6.2800,0.0000,1.0000,2.5615
13.3572,pi,6.2800,0.0000,1.0000,2.5631
13.3622,pi,6.2800,0.0000,1.0000,2.5646
13.3673,pi,6.2800,0.0000,1.0000,2.5662
13.3722,pi,6.2800,0.0000,1.0000,2.5678
13.3773,pi,6.2800,0.0000,1.0000,2.5693
13.3823,pi,6.2800,0.0000,1.0000,2.5709
13.3872,pi,6.2800,0.0000,1.0000,2.5725
13.3922,pi,6.2800,0.0000,1.0000,2.5741
13.3972,pi,6.2800,0.0000,1.0000,2.5756
13.4022,pi,6.2800,0.0000,1.0000,2.5772
13.4072,pi,6.2800,0.0000,1.0000,2.5788
13.4122,pi,6.2800,0.0000,1.0000,2.5803
13.4172,pi,6.2800,0.0000,1.0000,2.5819
13.4222,pi,6.2800,0.0000,1.0000,2.5835
13.4273,pi,6.2800,0.0000,1.0000,2.5850
13.4322,pi,6.2800,0.0000,1.0000,2.5866
13.4372,pi,6.2800,0.0000,1.0000,2.5882
13.4422,pi,6.2800,0.0000,1.0000,2.5898
13.4472,pi,6.2800,0.0000,1.0000,2.5913
13.4522,pi,6.2800,0.0000,1.0000,2.5929
13.4572,pi,6.2800,0.0000,1.0000,2.5945
13.4623,pi,6.2800,0.0000,1.0000,2.5960
13.4672,pi,6.2800,0.0000,1.0000,2.5976
13.4723,pi,6.2800,0.0000,1.0000,2.5992
13.4772,pi,6.2800,0.0000,1.0000,2.6008
13.4822,pi,6.2800,0.0000,1.0000,2.6023
13.4872,pi,6.2800,0.0000,1.0000,2.6039
13.4922,pi,6.2800,0.0000,1.0000,2.6055
13.4972,pi,6.2800,0.0000,1.0000,2.6070
13.5023,pi,6.2800,0.0000,1.0000,2.6086
13.5073,pi,6.2800,0.0000,1.0000,2.6102
13.5123,pi,6.2800,0.0000,1.0000,2.6117
13.5172,pi,6.2800,0.0000,1.0000,2.6133
13.5223,pi,6.2800,0.0000,1.0000,2.6149
13.5272,pi,6.2800,0.0000,1.0000,2.6165
13.5323,pi,6.2800,0.0000,1.0000,2.6180
13.5372,pi,6.2800,0.0000,1.0000,2.6196
13.5423,pi,6.2800,0.0000,1.0000,2.6212
13.5472,pi,6.2800,0.0000,1.0000,2.6227
13.5522,pi,6.2800,0.0000,1.0000,2.6243
13.5572,pi,6.2800,0.0000,1.0000,2.6259
13.5622,pi,6.2800,0.0000,1.0000,2.6274
13.5673,pi,6.2800,0.0000,1.0000,2.6290
13.5723,pi,6.2800,0.0000,1.0000,2.6306
13.5773,pi,6.2800,0.0000,1.0000,2.6322
13.5822,pi,6.2800,0.0000,1.0000,2.6337
13.5874,pi,6.2800,0.0000,1.0000,2.6353
13.5927,pi,6.2800,0.0000,1.0000,2.6369
13.5978,pi,6.2800,0.0000,1.0000,2.6384
13.6029,pi,6.2800,0.0000,1.0000,2.6400
13.6075,pi,6.2800,0.0000,1.0000,2.6416
13.6122,pi,6.2800,0.0000,1.0000,2.6432
13.6172,pi,6.2800,0.0000,1.0000,2.6447
13.6223,pi,6.2800,0.0000,1.0000,2.6463
13.6273,pi,6.2800,0.0000,1.0000,2.6479
13.6323,pi,6.2800,0.0000,1.0000,2.6494
13.6372,pi,6.2800,0.0000,1.0000,2.6510
13.6423,pi,6.2800,0.0000,1.0000,2.6526
13.6472,pi,6.2800,0.0000,1.0000,2.6541
13.6523,pi,6.2800,0.0000,1.0000,2.6557
13.6574,pi,6.2800,0.0000,1.0000,2.6573
13.6624,pi,6.2800,0.0000,1.0000,2.6588
13.6674,pi,6.2800,0.0000,1.0000,2.6604
13.6722,pi,6.2800,0.0000,1.0000,2.6620
13.6771,pi,6.2800,0.0000,1.0000,2.6636
13.6822,pi,6.2800,0.0000,1.0000,2.6651
13.6872,pi,6.2800,0.0000,1.0000,2.6667
13.6922,pi,6.2800,0.0000,1.0000,2.6683
13.6972,pi,6.2800,0.0000,1.0000,2.6698
13.7022,pi,6.2800,0.0000,1.0000,2.6714
13.7072,pi,6.2800,0.0000,1.0000,2.6730
13.7122,pi,6.2800,0.0000,1.0000,2.6745
13.7172,pi,6.2800,0.0000,1.0000,2.6761
13.7222,pi,6.2800,0.0000,1.0000,2.6777
13.7273,pi,6.2800,0.0000,1.0000,2.6793
13.7322,pi,6.2800,0.0000,1.0000,2.6808
13.7373,pi,6.2800,0.0000,1.0000,2.6824
13.7422,pi,6.2800,0.0000,1.0000,2.6840
13.7472,pi,6.2800,0.0000,1.0000,2.6855
13.7522,pi,6.2800,0.0000,1.0000,2.6871
13.7572,pi,6.2800,0.0000,1.0000,2.6887
13.7622,pi,6.2800,0.0000,1.0000,2.6902
13.7672,pi,6.2800,0.0000,1.0000,2.6918
13.7722,pi,6.2800,0.0000,1.0000,2.6934
13.7772,pi,6.2800,0.0000,1.0000,2.6950
13.7822,pi,6.2800,0.0000,1.0000,2.6965
13.7872,pi,6.2800,0.0000,1.0000,2.6981
13.7922,pi,6.2800,0.0000,1.0000,2.6997
13.7973,pi,6.2800,0.0000,1.0000,2.7012
13.8022,pi,6.2800,0.0000,1.0000,2.7028
13.8072,pi,6.2800,0.0000,1.0000,2.7044
13.8122,pi,6.2800,0.0000,1.0000,2.7059
13.8172,pi,6.2800,0.0000,1.0000,2.7075
13.8223,pi,6.2800,0.0000,1.0000,2.7091
13.8272,pi,6.2800,0.0000,1.0000,2.7107
13.8322,pi,6.2800,0.0000,1.0000,2.7122
13.8372,pi,6.2800,0.0000,1.0000,2.7138
13.8422,pi,6.2800,0.0000,1.0000,2.7154
13.8472,pi,6.2800,0.0000,1.0000,2.7169
13.8522,pi,6.2800,0.0000,1.0000,2.7185
13.8573,pi,6.2800,0.0000,1.0000,2.7201
13.8622,pi,6.2800,0.0000,1.0000,2.7216
13.8672,pi,6.2800,0.0000,1.0000,2.7232
13.8722,pi,6.2800,0.0000,1.0000,2.7248
13.8772,pi,6.2800,0.0000,1.0000,2.7264
13.8822,pi,6.2800,0.0000,1.0000,2.7279
13.8873,pi,6.2800,0.0000,1.0000,2.7295
13.8922,pi,6.2800,0.0000,1.0000,2.7311
13.8972,pi,6.2800,0.0000,1.0000,2.7326
13.9023,pi,6.2800,0.0000,1.0000,2.7342
13.9072,pi,6.2800,0.0000,1.0000,2.7358
13.9123,pi,6.2800,0.0000,1.0000,2.7373
13.9173,pi,6.2800,0.0000,1.0000,2.7389
13.9223,pi,6.2800,0.0000,1.0000,2.7405
13.9272,pi,6.2800,0.0000,1.0000,2.7421
13.9322,pi,6.2800,0.0000,1.0000,2.7436
13.9372,pi,6.2800,0.0000,1.0000,2.7452
13.9423,pi,6.2800,0.0000,1.0000,2.7468
13.9472,pi,6.2800,0.0000,1.0000,2.7483
13.9522,pi,6.2800,0.0000,1.0000,2.7499
13.9573,pi,6.2800,0.0000,1.0000,2.7515
13.9623,pi,6.2800,0.0000,1.0000,2.7530
13.9672,pi,6.2800,0.0000,1.0000,2.7546
13.9722,pi,6.2800,0.0000,1.0000,2.7562
13.9772,pi,6.2800,0.0000,1.0000,2.7577
13.9822,pi,6.2800,0.0000,1.0000,2.7593
13.9872,pi,6.2800,0.0000,1.0000,2.7609
13.9923,pi,6.2800,0.0000,1.0000,2.7625
13.9972,pi,6.2800,0.0000,1.0000,2.7640
14.0023,pi,6.2800,0.0000,1.0000,2.7656
14.0073,pi,6.2800,0.0000,1.0000,2.7672
14.0122,pi,6.2800,0.0000,1.0000,2.7687
14.0172,pi,6.2800,0.0000,1.0000,2.7703
14.0223,pi,6.2800,0.0000,1.0000,2.7719
14.0273,pi,6.2800,0.0504,1.0000,2.7724
14.0322,pi,6.2800,0.0906,1.0000,2.7732
14.0372,pi,6.2800,0.1226,1.0000,2.7741
14.0422,pi,6.2800,0.1987,1.0000,2.7741
14.0473,pi,6.2800,0.3099,1.0000,2.7734
14.0522,pi,6.2800,0.4990,1.0000,2.7711
14.0572,pi,6.2800,0.6733,1.0000,2.7691
14.0623,pi,6.2800,0.9404,1.0000,2.7651
14.0673,pi,6.2800,1.2553,1.0000,2.7602
14.0723,pi,6.2800,1.6574,1.0000,2.7534
14.0773,pi,6.2800,2.1944,1.0000,2.7438
14.0827,pi,6.2800,2.9650,1.0000,2.7294
14.0873,pi,6.2800,3.9768,1.0000,2.7100
14.0923,pi,6.2800,5.1409,1.0000,2.6873
14.0972,pi,6.2800,6.3472,1.0000,2.6635
14.1023,pi,6.2800,7.7296,1.0000,2.6358
14.1073,pi,6.2800,9.2461,1.0000,2.6051
14.1123,pi,6.2800,10.9149,1.0000,2.5710
14.1173,pi,6.2800,12.7550,1.0000,2.5330
14.1222,pi,6.2800,14.7288,1.0000,2.4919
14.1273,pi,6.2800,16.7687,1.0000,2.4490
14.1325,pi,6.2800,18.9554,1.0000,2.4027
14.1376,pi,6.2800,20.9955,1.0000,2.3587
14.1426,pi,6.2800,22.9693,1.0000,2.3155
14.1473,pi,6.2800,24.8118,1.0000,2.2745
14.1523,pi,6.2800,26.4688,1.0000,2.2367
14.1573,pi,6.2800,28.0609,1.0000,2.1999
14.1623,pi,6.2800,29.5819,1.0000,2.1640
14.1673,pi,6.2800,30.9530,1.0000,2.1308
14.1723,pi,6.2800,32.1990,1.0000,2.0997
14.1773,pi,6.2800,33.3485,1.0000,2.0702
14.1823,pi,6.2800,34.3551,1.0000,2.0433
14.1873,pi,6.2800,35.3022,1.0000,2.0173
14.1923,pi,6.2800,36.1537,1.0000,1.9931
14.1974,pi,6.2800,36.9211,1.0000,1.9702
14.2023,pi,6.2800,37.7289,1.0000,1.9464
14.2075,pi,6.2800,38.4074,1.0000,1.9250
14.2126,pi,6.2800,38.9167,1.0000,1.9068
14.2173,pi,6.2800,39.3755,1.0000,1.8894
14.2223,pi,6.2800,39.7717,1.0000,1.8732
14.2273,pi,6.2800,40.1616,1.0000,1.8571
14.2323,pi,6.2800,40.5378,1.0000,1.8411
14.2373,pi,6.2800,40.8715,1.0000,1.8258
14.2423,pi,6.2800,41.2405,1.0000,1.8098
14.2473,pi,6.2800,41.5377,1.0000,1.7951
14.2523,pi,6.2800,41.8226,1.0000,1.7806
14.2573,pi,6.2800,42.0489,1.0000,1.7671
14.2627,pi,6.2800,42.3321,1.0000,1.7525
14.2677,pi,6.2800,42.5531,1.0000,1.7391
14.2728,pi,6.2800,42.7822,1.0000,1.7254
14.2779,pi,6.2800,42.9693,1.0000,1.7126
14.2827,pi,6.2800,43.1192,1.0000,1.7004
14.2876,pi,6.2800,43.2904,1.0000,1.6878
14.2924,pi,6.2800,43.4084,1.0000,1.6762
14.2974,pi,6.2800,43.5223,1.0000,1.6647
14.3023,pi,6.2800,43.6364,1.0000,1.6531
14.3074,pi,6.2800,43.7325,1.0000,1.6418
14.3123,pi,6.2800,43.8564,1.0000,1.6300
14.3173,pi,6.2800,44.0022,1.0000,1.6177
14.3223,pi,6.2800,44.1671,1.0000,1.6049
14.3274,pi,6.2800,44.2946,1.0000,1.5929
14.3323,pi,6.2800,44.3944,1.0000,1.5814
14.3372,pi,6.2800,44.4727,1.0000,1.5703
14.3423,pi,6.2800,44.5756,1.0000,1.5587
14.3473,pi,6.2800,44.6574,1.0000,1.5475
14.3522,pi,6.2800,44.7233,1.0000,1.5366
14.3572,pi,6.2800,44.7761,1.0000,1.5259
14.3622,pi,6.2800,44.8180,1.0000,1.5155
14.3672,pi,6.2800,44.8551,1.0000,1.5051
14.3723,pi,6.2800,44.8301,1.0000,1.4959
14.3773,pi,6.2800,44.8075,1.0000,1.4867
14.3823,pi,6.2800,44.8394,1.0000,1.4764
14.3873,pi,6.2800,44.8658,1.0000,1.4663
14.3923,pi,6.2800,44.8367,1.0000,1.4572
14.3973,pi,6.2800,44.8140,1.0000,1.4480
14.4024,pi,6.2800,44.8335,1.0000,1.4380
14.4073,pi,6.2800,44.8125,1.0000,1.4287
14.4123,pi,6.2800,44.7973,1.0000,1.4195
14.4173,pi,6.2800,44.7833,1.0000,1.4102
14.4223,pi,6.2800,44.7839,1.0000,1.4005
14.4273,pi,6.2800,44.7394,1.0000,1.3918
14.4323,pi,6.2800,44.7067,1.0000,1.3828
14.4373,pi,6.2800,44.6797,1.0000,1.3738
14.4423,pi,6.2800,44.6584,1.0000,1.3646
14.4473,pi,6.2800,44.6857,1.0000,1.3544
14.4523,pi,6.2800,44.7095,1.0000,1.3443
14.4573,pi,6.2800,44.6916,1.0000,1.3351
14.4623,pi,6.2800,44.7144,1.0000,1.3250
14.4673,pi,6.2800,44.7290,1.0000,1.3152
14.4723,pi,6.2800,44.5285,1.0000,1.3096
14.4772,pi,6.2800,44.3978,1.0000,1.3026
14.4823,pi,6.2800,44.3639,1.0000,1.2938
14.4872,pi,6.2800,44.3568,1.0000,1.2844
14.4923,pi,6.2800,44.3320,1.0000,1.2754
14.4972,pi,6.2800,44.3324,1.0000,1.2658
14.5023,pi,6.2800,44.3092,1.0000,1.2568
14.5073,pi,6.2800,44.2891,1.0000,1.2476
14.5123,pi,6.2800,44.2280,1.0000,1.2393
14.5173,pi,6.2800,44.1782,1.0000,1.2309
14.5223,pi,6.2800,44.1622,1.0000,1.2218
14.5273,pi,6.2800,44.3341,1.0000,1.2089
14.5323,pi,6.2800,44.4624,1.0000,1.1968
14.5373,pi,6.2800,44.6137,1.0000,1.1841
14.5422,pi,6.2800,44.6373,1.0000,1.1741
14.5473,pi,6.2800,44.6527,1.0000,1.1642
14.5523,pi,6.2800,44.6694,1.0000,1.1543
14.5572,pi,6.2800,44.5547,1.0000,1.1470
14.5623,pi,6.2800,44.4871,1.0000,1.1388
14.5673,pi,6.2800,44.4549,1.0000,1.1299
14.5723,pi,6.2800,44.4106,1.0000,1.1212
14.5773,pi,6.2800,44.4182,1.0000,1.1116
14.5823,pi,6.2800,44.4281,1.0000,1.1018
14.5873,pi,6.2800,44.3871,1.0000,1.0930
14.5923,pi,6.2800,44.4536,1.0000,1.0822
14.5973,pi,6.2800,44.5072,1.0000,1.0716
14.6023,pi,6.2800,44.5507,1.0000,1.0611
14.6073,pi,6.2800,44.7370,1.0000,1.0478
14.6123,pi,6.2800,44.8864,1.0000,1.0352
14.6172,pi,6.2800,45.0040,1.0000,1.0233
14.6222,pi,6.2800,45.0981,1.0000,1.0117
14.6273,pi,6.2800,45.1674,1.0000,1.0006
14.6323,pi,6.2800,45.1860,0.9905,0.9905
14.6373,pi,6.2800,45.2028,0.9805,0.9805
14.6424,pi,6.2800,45.2051,0.9707,0.9707
14.6472,pi,6.2800,45.2160,0.9607,0.9607
14.6523,pi,6.2800,45.2261,0.9508,0.9508
14.6573,pi,6.2800,45.2300,0.9410,0.9410
14.6623,pi,6.2800,45.1913,0.9320,0.9320
14.6673,pi,6.2800,45.0958,0.9242,0.9242
14.6723,pi,6.2800,45.0227,0.9159,0.9159
14.6773,pi,6.2800,44.9297,0.9081,0.9081
14.6823,pi,6.2800,44.8114,0.9009,0.9009
14.6873,pi,6.2800,44.6896,0.8937,0.8937
14.6923,pi,6.2800,44.5667,0.8865,0.8865
14.6973,pi,6.2800,44.3983,0.8803,0.8803
14.7024,pi,6.2800,44.2104,0.8745,0.8745
14.7074,pi,6.2800,44.0493,0.8682,0.8682
14.7123,pi,6.2800,43.8840,0.8621,0.8621
14.7173,pi,6.2800,43.6963,0.8565,0.8565
14.7224,pi,6.2800,43.5510,0.8500,0.8500
14.7274,pi,6.2800,43.3355,0.8450,0.8450
14.7330,pi,6.2800,43.1066,0.8403,0.8403
14.7384,pi,6.2800,42.8742,0.8357,0.8357
14.7435,pi,6.2800,42.6662,0.8307,0.8307
14.7489,pi,6.2800,42.4208,0.8266,0.8266
14.7545,pi,6.2800,41.9025,0.8279,0.8279
14.7597,pi,6.2800,41.6063,0.8223,0.8223
14.7648,pi,6.2800,41.2223,0.8237,0.8237
14.7695,pi,6.2800,40.8677,0.8221,0.8221
14.7741,pi,6.2800,40.5345,0.8201,0.8201
14.7788,pi,6.2800,40.2554,0.8172,0.8172
14.7833,pi,6.2800,40.0192,0.8133,0.8133
14.7880,pi,6.2800,39.7842,0.8097,0.8097
14.7927,pi,6.2800,39.3629,0.8097,0.8097
14.7980,pi,6.2800,38.9398,0.8099,0.8099
14.8027,pi,6.2800,38.4628,0.8113,0.8113
14.8080,pi,6.2800,37.9070,0.8143,0.8143
14.8128,pi,6.2800,37.2557,0.8195,0.8195
14.8187,pi,6.2800,36.7315,0.8221,0.8221
14.8246,pi,6.2800,36.2721,0.8237,0.8237
14.8302,pi,6.2800,35.9571,0.8225,0.8225
14.8357,pi,6.2800,35.5932,0.8224,0.8224
14.8407,pi,6.2800,35.2117,0.8226,0.8226
14.8463,pi,6.2800,34.9866,0.8200,0.8200
14.8514,pi,6.2800,34.8273,0.8158,0.8158
14.8569,pi,6.2800,34.7603,0.8102,0.8102
14.8620,pi,6.2800,34.9393,0.7995,0.7995
14.8670,pi,6.2800,34.8962,0.7931,0.7931
14.8722,pi,6.2800,34.7738,0.7885,0.7885
14.8772,pi,6.2800,34.6035,0.7848,0.7848
14.8821,pi,6.2800,34.5350,0.7790,0.7790
14.8863,pi,6.2800,34.4414,0.7738,0.7738
14.8906,pi,6.2800,34.3685,0.7683,0.7683
14.8949,pi,6.2800,34.3522,0.7616,0.7616
14.8991,pi,6.2800,34.3547,0.7545,0.7545
14.9033,pi,6.2800,34.3875,0.7469,0.7469
14.9076,pi,6.2800,34.3674,0.7403,0.7403
14.9124,pi,6.2800,34.4491,0.7316,0.7316
14.9173,pi,6.2800,34.6914,0.7197,0.7197
14.9222,pi,6.2800,35.0231,0.7060,0.7060
14.9273,pi,6.2800,35.2433,0.6944,0.6944
14.9323,pi,6.2800,35.3745,0.6845,0.6845
14.9372,pi,6.2800,35.4758,0.6752,0.6752
14.9422,pi,6.2800,35.4654,0.6681,0.6681
14.9473,pi,6.2800,35.4073,0.6620,0.6620
14.9523,pi,6.2800,35.3076,0.6567,0.6567
14.9572,pi,6.2800,35.1832,0.6519,0.6519
14.9622,pi,6.2800,34.9824,0.6487,0.6487
14.9672,pi,6.2800,34.7713,0.6458,0.6458
14.9722,pi,6.2800,34.5517,0.6430,0.6430
14.9773,pi,6.2800,34.2762,0.6415,0.6415
14.9823,pi,6.2800,33.9551,0.6409,0.6409
14.9872,pi,6.2800,33.6992,0.6391,0.6391
14.9923,pi,6.2800,33.3930,0.6384,0.6384
14.9972,pi,6.2800,33.1117,0.6372,0.6372
15.0022,pi,6.2800,32.8418,0.6359,0.6359
15.0073,pi,6.2800,32.5561,0.6350,0.6350
15.0123,pi,6.2800,32.2778,0.6340,0.6340
15.0173,pi,6.2800,32.0041,0.6330,0.6330
15.0222,pi,6.2800,31.7357,0.6319,0.6319
15.0272,pi,6.2800,31.5119,0.6300,0.6300
15.0323,pi,6.2800,31.3326,0.6273,0.6273
15.0373,pi,6.2800,31.1467,0.6247,0.6247
15.0423,pi,6.2800,30.9956,0.6215,0.6215
15.0473,pi,6.2800,30.8250,0.6187,0.6187
15.0523,pi,6.2800,30.6926,0.6153,0.6153
15.0573,pi,6.2800,30.5352,0.6123,0.6123
15.0623,pi,6.2800,30.3706,0.6095,0.6095
15.0673,pi,6.2800,30.2373,0.6062,0.6062
15.0723,pi,6.2800,30.0852,0.6033,0.6033
15.0773,pi,6.2800,29.9463,0.6001,0.6001
15.0823,pi,6.2800,29.7876,0.5973,0.5973
15.0873,pi,6.2800,29.6349,0.5945,0.5945
15.0923,pi,6.2800,29.4669,0.5920,0.5920
15.0973,pi,6.2800,29.3328,0.5889,0.5889
15.1023,pi,6.2800,29.1957,0.5859,0.5859
15.1072,pi,6.2800,29.0680,0.5827,0.5827
15.1123,pi,6.2800,28.9337,0.5797,0.5797
15.1172,pi,6.2800,28.7765,0.5772,0.5772
15.1222,pi,6.2800,28.6987,0.5731,0.5731
15.1274,pi,6.2800,28.5781,0.5699,0.5699
15.1324,pi,6.2800,28.4370,0.5672,0.5672
15.1377,pi,6.2800,28.3264,0.5638,0.5638
15.1423,pi,6.2800,28.1381,0.5621,0.5621
15.1473,pi,6.2800,27.9314,0.5608,0.5608
15.1522,pi,6.2800,27.7408,0.5591,0.5591
15.1573,pi,6.2800,27.5694,0.5572,0.5572
15.1623,pi,6.2800,27.3818,0.5557,0.5557
15.1674,pi,6.2800,27.2246,0.5535,0.5535
15.1722,pi,6.2800,27.0815,0.5511,0.5511
15.1774,pi,6.2800,26.9295,0.5490,0.5490
15.1822,pi,6.2800,26.8029,0.5463,0.5463
15.1874,pi,6.2800,26.6569,0.5442,0.5442
15.1923,pi,6.2800,26.5527,0.5412,0.5412
15.1974,pi,6.2800,26.4976,0.5372,0.5372
15.2023,pi,6.2800,26.4257,0.5336,0.5336
15.2073,pi,6.2800,26.3500,0.5300,0.5300
15.2123,pi,6.2800,26.2459,0.5271,0.5271
15.2173,pi,6.2800,26.1621,0.5238,0.5238
15.2223,pi,6.2800,26.0540,0.5210,0.5210
15.2273,pi,6.2800,25.9608,0.5179,0.5179
15.2329,pi,6.2800,25.8377,0.5154,0.5154
15.2380,pi,6.2800,25.7433,0.5124,0.5124
15.2423,pi,6.2800,25.6711,0.5090,0.5090
15.2472,pi,6.2800,25.6108,0.5054,0.5054
15.2523,pi,6.2800,25.4711,0.5033,0.5033
15.2573,pi,6.2800,25.3529,0.5009,0.5009
15.2623,pi,6.2800,25.2586,0.4980,0.4980
15.2673,pi,6.2800,25.1328,0.4958,0.4958
15.2725,pi,6.2800,25.0317,0.4931,0.4931
15.2776,pi,6.2800,24.8988,0.4911,0.4911
15.2826,pi,6.2800,24.8084,0.4882,0.4882
15.2878,pi,6.2800,24.6938,0.4859,0.4859
15.2925,pi,6.2800,24.4634,0.4859,0.4859
15.2974,pi,6.2800,24.2429,0.4857,0.4857
15.3023,pi,6.2800,24.0567,0.4850,0.4850
15.3074,pi,6.2800,23.9197,0.4833,0.4833
15.3128,pi,6.2800,23.7590,0.4821,0.4821
15.3179,pi,6.2800,23.6274,0.4804,0.4804
15.3227,pi,6.2800,23.4766,0.4790,0.4790
15.3273,pi,6.2800,23.3493,0.4773,0.4773
15.3324,pi,6.2800,23.2522,0.4749,0.4749
15.3372,pi,6.2800,23.1711,0.4723,0.4723
15.3423,pi,6.2800,23.1090,0.4693,0.4693
15.3472,pi,6.2800,23.1500,0.4643,0.4643
15.3524,pi,6.2800,23.1436,0.4602,0.4602
15.3573,pi,6.2800,23.0384,0.4581,0.4581
15.3622,pi,6.2800,22.9555,0.4556,0.4556
15.3673,pi,6.2800,22.8891,0.4528,0.4528
15.3722,pi,6.2800,22.7927,0.4505,0.4505
15.3773,pi,6.2800,22.7127,0.4480,0.4480
15.3823,pi,6.2800,22.6502,0.4451,0.4451
15.3873,pi,6.2800,22.5085,0.4439,0.4439
15.3924,pi,6.2800,22.3790,0.4424,0.4424
15.3973,pi,6.2800,22.2256,0.4415,0.4415
15.4022,pi,6.2800,22.1214,0.4396,0.4396
15.4073,pi,6.2800,21.9934,0.4382,0.4382
15.4123,pi,6.2800,21.8913,0.4363,0.4363
15.4174,pi,6.2800,21.7851,0.4345,0.4345
15.4223,pi,6.2800,21.7001,0.4323,0.4323
15.4272,pi,6.2800,21.6097,0.4303,0.4303
15.4323,pi,6.2800,21.5098,0.4284,0.4284
15.4373,pi,6.2800,21.4117,0.4266,0.4266
15.4423,pi,6.2800,21.3340,0.4244,0.4244
15.4473,pi,6.2800,21.2258,0.4228,0.4228
15.4524,pi,6.2800,21.0952,0.4216,0.4216
15.4573,pi,6.2800,20.9983,0.4198,0.4198
15.4622,pi,6.2800,20.9575,0.4170,0.4170
15.4672,pi,6.2800,20.9239,0.4140,0.4140
15.4723,pi,6.2800,20.8519,0.4118,0.4118
15.4773,pi,6.2800,20.8028,0.4091,0.4091
15.4823,pi,6.2800,20.7133,0.4073,0.4073
15.4873,pi,6.2800,20.5914,0.4061,0.4061
15.4923,pi,6.2800,20.4943,0.4045,0.4045
15.4973,pi,6.2800,20.4165,0.4025,0.4025
15.5023,pi,6.2800,20.3545,0.4002,0.4002
15.5081,pi,6.2800,20.3018,0.3977,0.3977
15.5141,pi,6.2800,20.1597,0.3970,0.3970
15.5183,pi,6.2800,20.0486,0.3958,0.3958
15.5224,pi,6.2800,19.9084,0.3952,0.3952
15.5273,pi,6.2800,19.8105,0.3937,0.3937
15.5323,pi,6.2800,19.7334,0.3919,0.3919
15.5373,pi,6.2800,19.6256,0.3907,0.3907
15.5423,pi,6.2800,19.5704,0.3884,0.3884
15.5472,pi,6.2800,19.4946,0.3866,0.3866
15.5522,pi,6.2800,19.4351,0.3845,0.3845
15.5578,pi,6.2800,19.3392,0.3832,0.3832
15.5632,pi,6.2800,19.2200,0.3823,0.3823
15.5678,pi,6.2800,19.1456,0.3805,0.3805
15.5722,pi,6.2800,19.0633,0.3790,0.3790
15.5772,pi,6.2800,19.0440,0.3761,0.3761
15.5822,pi,6.2800,18.9547,0.3747,0.3747
15.5873,pi,6.2800,18.9106,0.3725,0.3725
15.5923,pi,6.2800,18.8477,0.3706,0.3706
15.5973,pi,6.2800,18.7975,0.3684,0.3684
15.6023,pi,6.2800,18.7066,0.3671,0.3671
15.6073,pi,6.2800,18.6208,0.3657,0.3657
15.6123,pi,6.2800,18.5537,0.3640,0.3640
15.6175,pi,6.2800,18.4614,0.3628,0.3628
15.6226,pi,6.2800,18.4361,0.3602,0.3602
15.6274,pi,6.2800,18.3177,0.3595,0.3595
15.6323,pi,6.2800,18.2716,0.3574,0.3574
15.6373,pi,6.2800,18.1358,0.3572,0.3572
15.6422,pi,6.2800,18.0274,0.3564,0.3564
15.6474,pi,6.2800,17.9411,0.3552,0.3552
15.6523,pi,6.2800,17.8717,0.3536,0.3536
15.6573,pi,6.2800,17.8157,0.3519,0.3519
15.6623,pi,6.2800,17.7255,0.3508,0.3508
15.6673,pi,6.2800,17.6527,0.3494,0.3494
15.6723,pi,6.2800,17.5960,0.3477,0.3477
15.6774,pi,6.2800,17.5063,0.3466,0.3466
15.6823,pi,6.2800,17.4327,0.3453,0.3453
15.6874,pi,6.2800,17.3637,0.3439,0.3439
15.6922,pi,6.2800,17.3089,0.3422,0.3422
15.6972,pi,6.2800,17.2289,0.3411,0.3411
15.7022,pi,6.2800,17.1648,0.3396,0.3396
15.7073,pi,6.2800,17.0679,0.3388,0.3388
15.7123,pi,6.2800,16.9905,0.3377,0.3377
15.7173,pi,6.2800,16.9732,0.3353,0.3353
15.7223,pi,6.2800,16.8959,0.3342,0.3342
15.7272,pi,6.2800,16.8527,0.3324,0.3324
15.7322,pi,6.2800,16.7724,0.3314,0.3314
15.7374,pi,6.2800,16.7318,0.3296,0.3296
15.7430,pi,6.2800,16.6509,0.3285,0.3285
15.7488,pi,6.2800,16.5803,0.3274,0.3274
15.7529,pi,6.2800,16.5320,0.3257,0.3257
15.7576,pi,6.2800,16.4924,0.3240,0.3240
15.7622,pi,6.2800,16.4387,0.3225,0.3225
15.7673,pi,6.2800,16.3953,0.3209,0.3209
15.7723,pi,6.2800,16.3330,0.3196,0.3196
15.7773,pi,6.2800,16.2327,0.3191,0.3191
15.7823,pi,6.2800,16.1526,0.3182,0.3182
15.7872,pi,6.2800,16.0752,0.3173,0.3173
15.7923,pi,6.2800,16.0163,0.3160,0.3160
15.7973,pi,6.2800,15.9681,0.3145,0.3145
15.8023,pi,6.2800,15.8908,0.3136,0.3136
15.8072,pi,6.2800,15.8201,0.3127,0.3127
15.8123,pi,6.2800,15.7726,0.3112,0.3112
15.8173,pi,6.2800,15.6837,0.3106,0.3106
15.8223,pi,6.2800,15.6131,0.3097,0.3097
15.8272,pi,6.2800,15.5523,0.3086,0.3086
15.8323,pi,6.2800,15.5079,0.3071,0.3071
15.8372,pi,6.2800,15.4724,0.3055,0.3055
15.8423,pi,6.2800,15.4395,0.3039,0.3039
15.8473,pi,6.2800,15.3671,0.3031,0.3031
15.8523,pi,6.2800,15.3095,0.3019,0.3019
15.8573,pi,6.2800,15.2630,0.3006,0.3006
15.8622,pi,6.2800,15.1812,0.3000,0.3000
15.8672,pi,6.2800,15.1148,0.2991,0.2991
15.8725,pi,6.2800,15.0568,0.2981,0.2981
15.8775,pi,6.2800,15.0093,0.2968,0.2968
15.8825,pi,6.2800,14.9731,0.2953,0.2953
15.8876,pi,6.2800,14.9392,0.2939,0.2939
15.8926,pi,6.2800,14.8635,0.2932,0.2932
15.8976,pi,6.2800,14.8045,0.2922,0.2922
15.9027,pi,6.2800,14.5035,0.2961,0.2961
15.9077,pi,6.2800,14.2659,0.2988,0.2988
15.9128,pi,6.2800,14.1254,0.2996,0.2996
15.9179,pi,6.2800,13.9625,0.3009,0.3009
15.9230,pi,6.2800,13.7322,0.3036,0.3036
15.9281,pi,6.2800,13.4977,0.3064,0.3064
15.9326,pi,6.2800,13.3097,0.3084,0.3084
15.9377,pi,6.2800,13.1537,0.3098,0.3098
15.9429,pi,6.2800,13.0855,0.3094,0.3094
15.9472,pi,6.2800,13.0297,0.3088,0.3088
15.9523,pi,6.2800,12.9377,0.3090,0.3090
15.9572,pi,6.2800,13.0944,0.3042,0.3042
15.9623,pi,6.2800,13.2200,0.3000,0.3000
15.9673,pi,6.2800,13.3194,0.2962,0.2962
15.9723,pi,6.2800,13.3987,0.2929,0.2929
15.9773,pi,6.2800,13.5538,0.2880,0.2880
15.9823,pi,6.2800,13.7240,0.2828,0.2828
15.9872,pi,6.2800,13.8147,0.2791,0.2791
15.9922,pi,6.2800,13.8938,0.2757,0.2757
15.9973,pi,6.2800,13.9806,0.2720,0.2720
16.0022,pi,6.2800,14.0183,0.2693,0.2693
16.0073,pi,6.2800,14.0292,0.2672,0.2672
16.0122,pi,6.2800,14.0379,0.2651,0.2651
16.0172,pi,6.2800,14.0171,0.2636,0.2636
16.0223,pi,6.2800,13.9773,0.2624,0.2624
16.0273,pi,6.2800,13.9459,0.2611,0.2611
16.0323,pi,6.2800,13.8697,0.2607,0.2607
16.0372,pi,6.2800,13.8097,0.2600,0.2600
16.0423,pi,6.2800,13.7111,0.2601,0.2601
16.0473,pi,6.2800,13.6182,0.2601,0.2601
16.0524,pi,6.2800,13.5585,0.2595,0.2595
16.0572,pi,6.2800,13.5106,0.2586,0.2586
16.0623,pi,6.2800,13.4216,0.2586,0.2586
16.0672,pi,6.2800,13.3505,0.2582,0.2582
16.0723,pi,6.2800,13.2847,0.2578,0.2578
16.0773,pi,6.2800,13.2328,0.2571,0.2571
16.0823,pi,6.2800,13.1453,0.2571,0.2571
16.0872,pi,6.2800,13.1222,0.2558,0.2558
16.0922,pi,6.2800,13.1025,0.2545,0.2545
16.0973,pi,6.2800,13.0865,0.2531,0.2531
16.1023,pi,6.2800,13.0282,0.2526,0.2526
16.1073,pi,6.2800,12.9856,0.2517,0.2517
16.1122,pi,6.2800,12.9028,0.2517,0.2517
16.1172,pi,6.2800,12.8358,0.2514,0.2514
16.1222,pi,6.2800,12.7822,0.2508,0.2508
16.1273,pi,6.2800,12.7379,0.2501,0.2501
16.1323,pi,6.2800,12.7018,0.2492,0.2492
16.1378,pi,6.2800,12.5949,0.2497,0.2497
16.1427,pi,6.2800,12.4947,0.2500,0.2500
16.1475,pi,6.2800,12.4080,0.2503,0.2503
16.1522,pi,6.2800,12.3390,0.2502,0.2502
16.1572,pi,6.2800,12.3388,0.2487,0.2487
16.1622,pi,6.2800,12.2839,0.2483,0.2483
16.1673,pi,6.2800,12.2390,0.2477,0.2477
16.1723,pi,6.2800,12.2030,0.2469,0.2469
16.1772,pi,6.2800,12.1842,0.2458,0.2458
16.1822,pi,6.2800,12.1704,0.2446,0.2446
16.1873,pi,6.2800,12.1145,0.2442,0.2442
16.1923,pi,6.2800,12.0877,0.2433,0.2433
16.1975,pi,6.2800,12.0937,0.2417,0.2417
16.2026,pi,6.2800,12.1379,0.2394,0.2394
16.2076,pi,6.2800,12.0719,0.2392,0.2392
16.2122,pi,6.2800,12.0700,0.2378,0.2378
16.2172,pi,6.2800,12.0779,0.2362,0.2362
16.2222,pi,6.2800,12.0394,0.2356,0.2356
16.2272,pi,6.2800,12.0087,0.2347,0.2347
16.2324,pi,6.2800,11.9188,0.2351,0.2351
16.2373,pi,6.2800,11.8973,0.2341,0.2341
16.2422,pi,6.2800,11.8940,0.2328,0.2328
16.2473,pi,6.2800,11.8463,0.2323,0.2323
16.2522,pi,6.2800,11.8076,0.2317,0.2317
16.2576,pi,6.2800,11.8070,0.2303,0.2303
16.2624,pi,6.2800,11.7579,0.2299,0.2299
16.2673,pi,6.2800,11.7167,0.2294,0.2294
16.2722,pi,6.2800,11.6851,0.2287,0.2287
16.2772,pi,6.2800,11.6594,0.2278,0.2278
16.2823,pi,6.2800,11.6118,0.2274,0.2274
16.2875,pi,6.2800,11.5475,0.2274,0.2274
16.2922,pi,6.2800,11.5234,0.2265,0.2265
16.2973,pi,6.2800,11.4580,0.2266,0.2266
16.3029,pi,6.2800,11.3746,0.2269,0.2269
16.3073,pi,6.2800,11.3378,0.2264,0.2264
16.3124,pi,6.2800,11.2811,0.2262,0.2262
16.3172,pi,6.2800,11.2187,0.2262,0.2262
16.3222,pi,6.2800,11.1244,0.2269,0.2269
16.3273,pi,6.2800,11.0938,0.2263,0.2263
16.3322,pi,6.2800,11.0234,0.2265,0.2265
16.3373,pi,6.2800,11.0128,0.2255,0.2255
16.3423,pi,6.2800,10.9712,0.2252,0.2252
16.3473,pi,6.2800,10.9376,0.2247,0.2247
16.3522,pi,6.2800,10.9430,0.2234,0.2234
16.3573,pi,6.2800,10.9499,0.2221,0.2221
16.3623,pi,6.2800,10.9545,0.2208,0.2208
16.3673,pi,6.2800,10.9749,0.2193,0.2193
16.3722,pi,6.2800,10.9908,0.2178,0.2178
16.3773,pi,6.2800,11.0032,0.2164,0.2164
16.3823,pi,6.2800,11.0134,0.2150,0.2150
16.3873,pi,6.2800,10.9713,0.2146,0.2146
16.3922,pi,6.2800,10.9240,0.2144,0.2144
16.3972,pi,6.2800,10.9327,0.2131,0.2131
16.4023,pi,6.2800,10.9075,0.2124,0.2124
16.4073,pi,6.2800,10.8874,0.2117,0.2117
16.4122,pi,6.2800,10.8580,0.2111,0.2111
16.4173,pi,6.2800,10.7881,0.2113,0.2113
16.4223,pi,6.2800,10.7917,0.2101,0.2101
16.4273,pi,6.2800,10.7445,0.2100,0.2100
16.4322,pi,6.2800,10.6976,0.2098,0.2098
16.4372,pi,6.2800,10.6604,0.2094,0.2094
16.4422,pi,6.2800,10.6304,0.2089,0.2089
16.4472,pi,6.2800,10.6064,0.2083,0.2083
16.4523,pi,6.2800,10.5962,0.2074,0.2074
16.4573,pi,6.2800,10.5877,0.2065,0.2065
16.4623,pi,6.2800,10.5802,0.2056,0.2056
16.4676,pi,6.2800,10.5744,0.2046,0.2046
16.4729,pi,6.2800,10.5178,0.2047,0.2047
16.4782,pi,6.2800,10.4710,0.2046,0.2046
16.4834,pi,6.2800,10.4354,0.2042,0.2042
16.4886,pi,6.2800,10.4078,0.2037,0.2037
16.4931,pi,6.2800,10.3856,0.2032,0.2032
16.4980,pi,6.2800,10.3650,0.2025,0.2025
16.5043,pi,6.2800,10.3012,0.2028,0.2028
16.5091,pi,6.2800,10.1160,0.2055,0.2055
16.5139,pi,6.2800,10.0295,0.2060,0.2060
16.5186,pi,6.2800,9.9331,0.2073,0.2073
16.5237,pi,6.2800,9.8555,0.2079,0.2079
16.5289,pi,6.2800,9.8046,0.2080,0.2080
16.5337,pi,6.2800,9.7031,0.2092,0.2092
16.5389,pi,6.2800,9.5922,0.2105,0.2105
16.5441,pi,6.2800,9.4697,0.2122,0.2122
16.5489,pi,6.2800,9.3188,0.2143,0.2143
16.5538,pi,6.2800,9.1127,0.2177,0.2177
16.5584,pi,6.2800,8.9814,0.2196,0.2196
16.5628,pi,6.2800,8.9671,0.2193,0.2193
16.5675,pi,6.2800,8.9328,0.2193,0.2193
16.5724,pi,6.2800,8.9289,0.2187,0.2187
16.5772,pi,6.2800,8.9736,0.2171,0.2171
16.5822,pi,6.2800,8.9629,0.2167,0.2167
16.5872,pi,6.2800,9.0009,0.2153,0.2153
16.5922,pi,6.2800,9.1215,0.2122,0.2122
16.5972,pi,6.2800,9.2269,0.2093,0.2093
16.6022,pi,6.2800,9.3939,0.2053,0.2053
16.6072,pi,6.2800,9.5743,0.2009,0.2009
16.6122,pi,6.2800,9.7182,0.1972,0.1972
16.6178,pi,6.2800,9.8311,0.1941,0.1941
16.6224,pi,6.2800,9.9217,0.1913,0.1913
16.6273,pi,6.2800,9.9467,0.1899,0.1899
16.6322,pi,6.2800,10.0173,0.1876,0.1876
16.6373,pi,6.2800,10.0740,0.1855,0.1855
16.6422,pi,6.2800,10.0695,0.1847,0.1847
16.6475,pi,6.2800,10.0651,0.1838,0.1838
16.6527,pi,6.2800,10.0592,0.1830,0.1830
16.6582,pi,6.2800,10.0057,0.1831,0.1831
16.6629,pi,6.2800,9.9623,0.1831,0.1831
16.6676,pi,6.2800,9.9332,0.1827,0.1827
16.6723,pi,6.2800,9.9061,0.1823,0.1823
16.6772,pi,6.2800,9.8455,0.1827,0.1827
16.6823,pi,6.2800,9.7966,0.1827,0.1827
16.6874,pi,6.2800,9.7473,0.1829,0.1829
16.6923,pi,6.2800,9.6577,0.1838,0.1838
16.6972,pi,6.2800,9.5994,0.1841,0.1841
16.7029,pi,6.2800,9.5530,0.1842,0.1842
16.7080,pi,6.2800,9.4995,0.1844,0.1844
16.7125,pi,6.2800,9.4748,0.1841,0.1841
16.7172,pi,6.2800,9.4552,0.1837,0.1837
16.7223,pi,6.2800,9.4384,0.1833,0.1833
16.7273,pi,6.2800,9.4100,0.1831,0.1831
16.7330,pi,6.2800,9.3863,0.1827,0.1827
16.7384,pi,6.2800,9.3182,0.1833,0.1833
16.7426,pi,6.2800,9.3140,0.1827,0.1827
16.7472,pi,6.2800,9.3247,0.1817,0.1817
16.7522,pi,6.2800,9.3335,0.1807,0.1807
16.7573,pi,6.2800,9.2953,0.1807,0.1807
16.7623,pi,6.2800,9.3132,0.1796,0.1796
16.7674,pi,6.2800,9.2594,0.1800,0.1800
16.7723,pi,6.2800,9.2156,0.1801,0.1801
16.7772,pi,6.2800,9.2007,0.1796,0.1796
16.7822,pi,6.2800,9.1886,0.1792,0.1792
16.7873,pi,6.2800,9.1347,0.1795,0.1795
16.7923,pi,6.2800,9.1172,0.1791,0.1791
16.7973,pi,6.2800,9.0526,0.1797,0.1797
16.8022,pi,6.2800,9.0011,0.1801,0.1801
16.8072,pi,6.2800,8.9600,0.1802,0.1802
16.8123,pi,6.2800,8.9272,0.1802,0.1802
16.8172,pi,6.2800,8.8778,0.1805,0.1805
16.8222,pi,6.2800,8.8845,0.1797,0.1797
16.8273,pi,6.2800,8.8164,0.1804,0.1804
16.8323,pi,6.2800,8.8118,0.1799,0.1799
16.8373,pi,6.2800,8.8578,0.1783,0.1783
16.8423,pi,6.2800,8.8449,0.1780,0.1780
16.8472,pi,6.2800,8.8847,0.1765,0.1765
16.8523,pi,6.2800,8.8664,0.1762,0.1762
16.8572,pi,6.2800,8.9019,0.1749,0.1749
16.8624,pi,6.2800,8.8797,0.1747,0.1747
16.8673,pi,6.2800,8.8621,0.1744,0.1744
16.8722,pi,6.2800,8.8720,0.1735,0.1735
16.8773,pi,6.2800,8.8343,0.1736,0.1736
16.8826,pi,6.2800,8.7761,0.1742,0.1742
16.8877,pi,6.2800,8.7281,0.1745,0.1745
16.8923,pi,6.2800,8.7193,0.1741,0.1741
16.8973,pi,6.2800,8.7118,0.1736,0.1736
16.9023,pi,6.2800,8.6612,0.1740,0.1740
16.9076,pi,6.2800,8.6371,0.1739,0.1739
16.9127,pi,6.2800,8.6011,0.1740,0.1740
16.9178,pi,6.2800,8.6176,0.1731,0.1731
16.9226,pi,6.2800,8.6017,0.1728,0.1728
16.9277,pi,6.2800,8.5270,0.1738,0.1738
16.9323,pi,6.2800,8.4664,0.1744,0.1744
16.9373,pi,6.2800,8.4189,0.1748,0.1748
16.9422,pi,6.2800,8.3821,0.1750,0.1750
16.9472,pi,6.2800,8.3512,0.1751,0.1751
16.9522,pi,6.2800,8.3271,0.1751,0.1751
16.9573,pi,6.2800,8.3068,0.1750,0.1750
16.9623,pi,6.2800,8.2919,0.1748,0.1748
16.9675,pi,6.2800,8.2786,0.1745,0.1745
16.9724,pi,6.2800,8.2806,0.1740,0.1740
16.9777,pi,6.2800,8.3319,0.1724,0.1724
16.9835,pi,6.2800,8.3737,0.1711,0.1711
16.9877,pi,6.2800,8.4573,0.1689,0.1689
16.9922,pi,6.2800,8.4743,0.1680,0.1680
16.9972,pi,6.2800,8.4884,0.1672,0.1672
17.0023,pi,6.2800,8.4996,0.1664,0.1664
17.0073,pi,6.2800,8.5087,0.1657,0.1657
17.0122,pi,6.2800,8.5436,0.1644,0.1644
17.0173,pi,6.2800,8.5255,0.1642,0.1642
17.0223,pi,6.2800,8.5113,0.1639,0.1639
17.0272,pi,6.2800,8.5019,0.1636,0.1636
17.0324,pi,6.2800,8.4930,0.1632,0.1632
17.0374,pi,6.2800,8.4526,0.1635,0.1635
17.0422,pi,6.2800,8.4532,0.1629,0.1629
17.0473,pi,6.2800,8.4213,0.1630,0.1630
17.0522,pi,6.2800,8.3958,0.1630,0.1630
17.0572,pi,6.2800,8.3617,0.1631,0.1631
17.0623,pi,6.2800,8.3479,0.1629,0.1629
17.0672,pi,6.2800,8.3234,0.1629,0.1629
17.0723,pi,6.2800,8.3039,0.1627,0.1627
17.0774,pi,6.2800,8.2508,0.1633,0.1633
17.0822,pi,6.2800,8.2458,0.1629,0.1629
17.0873,pi,6.2800,8.2418,0.1625,0.1625
17.0923,pi,6.2800,8.2015,0.1628,0.1628
17.0974,pi,6.2800,8.1693,0.1630,0.1630
17.1027,pi,6.2800,8.1424,0.1630,0.1630
17.1078,pi,6.2800,8.1720,0.1620,0.1620
17.1123,pi,6.2800,8.1461,0.1620,0.1620
17.1173,pi,6.2800,8.1251,0.1620,0.1620
17.1222,pi,6.2800,8.1086,0.1618,0.1618
17.1273,pi,6.2800,8.0859,0.1618,0.1618
17.1323,pi,6.2800,8.0772,0.1616,0.1616
17.1373,pi,6.2800,8.0610,0.1614,0.1614
17.1424,pi,6.2800,8.0569,0.1611,0.1611
17.1476,pi,6.2800,8.0539,0.1607,0.1607
17.1525,pi,6.2800,8.0421,0.1605,0.1605
17.1572,pi,6.2800,8.0795,0.1593,0.1593
17.1623,pi,6.2800,8.0636,0.1592,0.1592
17.1675,pi,6.2800,8.0567,0.1588,0.1588
17.1723,pi,6.2800,8.0534,0.1585,0.1585
17.1774,pi,6.2800,8.0495,0.1581,0.1581
17.1822,pi,6.2800,8.0845,0.1570,0.1570
17.1873,pi,6.2800,8.0672,0.1569,0.1569
17.1923,pi,6.2800,8.0531,0.1567,0.1567
17.1974,pi,6.2800,8.0510,0.1563,0.1563
17.2028,pi,6.2800,8.0403,0.1561,0.1561
17.2073,pi,6.2800,8.0779,0.1549,0.1549
17.2122,pi,6.2800,8.0626,0.1547,0.1547
17.2172,pi,6.2800,8.0497,0.1545,0.1545
17.2225,pi,6.2800,8.0417,0.1543,0.1543
17.2276,pi,6.2800,8.0322,0.1540,0.1540
17.2323,pi,6.2800,7.9838,0.1545,0.1545
17.2372,pi,6.2800,7.9410,0.1550,0.1550
17.2422,pi,6.2800,7.9524,0.1543,0.1543
17.2473,pi,6.2800,7.9159,0.1546,0.1546
17.2523,pi,6.2800,7.9324,0.1539,0.1539
17.2573,pi,6.2800,7.9457,0.1532,0.1532
17.2623,pi,6.2800,7.9143,0.1534,0.1534
17.2675,pi,6.2800,7.8890,0.1535,0.1535
17.2724,pi,6.2800,7.8685,0.1535,0.1535
17.2773,pi,6.2800,7.8478,0.1535,0.1535
17.2823,pi,6.2800,7.8353,0.1534,0.1534
17.2872,pi,6.2800,7.8760,0.1522,0.1522
17.2925,pi,6.2800,7.8082,0.1532,0.1532
17.2975,pi,6.2800,7.8543,0.1519,0.1519
17.3027,pi,6.2800,7.8413,0.1517,0.1517
17.3072,pi,6.2800,7.8311,0.1515,0.1515
17.3122,pi,6.2800,7.8188,0.1514,0.1514
17.3172,pi,6.2800,7.8087,0.1512,0.1512
17.3222,pi,6.2800,7.8010,0.1510,0.1510
17.3273,pi,6.2800,7.7952,0.1507,0.1507
17.3323,pi,6.2800,7.7902,0.1504,0.1504
17.3373,pi,6.2800,7.7870,0.1501,0.1501
17.3423,pi,6.2800,7.7873,0.1497,0.1497
17.3472,pi,6.2800,7.7833,0.1494,0.1494
17.3523,pi,6.2800,7.7354,0.1500,0.1500
17.3572,pi,6.2800,7.6968,0.1504,0.1504
17.3623,pi,6.2800,7.6654,0.1507,0.1507
17.3673,pi,6.2800,7.6400,0.1509,0.1509
17.3723,pi,6.2800,7.6198,0.1509,0.1509
17.3772,pi,6.2800,7.6038,0.1509,0.1509
17.3822,pi,6.2800,7.5912,0.1508,0.1508
17.3873,pi,6.2800,7.5811,0.1507,0.1507
17.3923,pi,6.2800,7.5730,0.1506,0.1506
17.3972,pi,6.2800,7.5670,0.1504,0.1504
17.4022,pi,6.2800,7.5620,0.1501,0.1501
17.4073,pi,6.2800,7.5575,0.1499,0.1499
17.4123,pi,6.2800,7.5544,0.1496,0.1496
17.4172,pi,6.2800,7.5516,0.1494,0.1494
17.4222,pi,6.2800,7.5498,0.1491,0.1491
17.4273,pi,6.2800,7.5478,0.1488,0.1488
17.4324,pi,6.2800,7.5460,0.1485,0.1485
17.4376,pi,6.2800,7.5432,0.1483,0.1483
17.4430,pi,6.2800,7.5419,0.1480,0.1480
17.4474,pi,6.2800,7.5413,0.1477,0.1477
17.4522,pi,6.2800,7.5412,0.1474,0.1474
17.4572,pi,6.2800,7.5412,0.1471,0.1471
17.4622,pi,6.2800,7.5416,0.1467,0.1467
17.4673,pi,6.2800,7.5411,0.1464,0.1464
17.4723,pi,6.2800,7.5404,0.1461,0.1461
17.4773,pi,6.2800,7.5403,0.1458,0.1458
17.4822,pi,6.2800,7.5404,0.1455,0.1455
17.4872,pi,6.2800,7.5405,0.1452,0.1452
17.4922,pi,6.2800,7.5421,0.1448,0.1448
17.4973,pi,6.2800,7.5426,0.1445,0.1445
17.5022,pi,6.2800,7.5425,0.1442,0.1442
17.5073,pi,6.2800,7.5415,0.1439,0.1439
17.5123,pi,6.2800,7.4902,0.1446,0.1446
17.5172,pi,6.2800,7.4998,0.1441,0.1441
17.5222,pi,6.2800,7.4623,0.1446,0.1446
17.5273,pi,6.2800,7.4776,0.1440,0.1440
17.5323,pi,6.2800,7.4392,0.1444,0.1444
17.5373,pi,6.2800,7.4086,0.1447,0.1447
17.5422,pi,6.2800,7.3840,0.1450,0.1450
17.5472,pi,6.2800,7.3643,0.1451,0.1451
17.5522,pi,6.2800,7.3487,0.1451,0.1451
17.5572,pi,6.2800,7.3408,0.1450,0.1450
17.5623,pi,6.2800,7.3806,0.1439,0.1439
17.5673,pi,6.2800,7.3616,0.1441,0.1441
17.5722,pi,6.2800,7.3516,0.1440,0.1440
17.5772,pi,6.2800,7.3892,0.1430,0.1430
17.5823,pi,6.2800,7.3742,0.1430,0.1430
17.5873,pi,6.2800,7.4076,0.1420,0.1420
17.5923,pi,6.2800,7.4342,0.1412,0.1412
17.5974,pi,6.2800,7.4552,0.1405,0.1405
17.6022,pi,6.2800,7.4721,0.1399,0.1399
17.6073,pi,6.2800,7.4352,0.1403,0.1403
17.6123,pi,6.2800,7.4059,0.1406,0.1406
17.6173,pi,6.2800,7.3824,0.1408,0.1408
17.6222,pi,6.2800,7.3631,0.1409,0.1409
17.6273,pi,6.2800,7.3477,0.1410,0.1410
17.6323,pi,6.2800,7.3354,0.1409,0.1409
17.6372,pi,6.2800,7.3305,0.1408,0.1408
17.6422,pi,6.2800,7.2814,0.1415,0.1415
17.6473,pi,6.2800,7.2421,0.1420,0.1420
17.6523,pi,6.2800,7.2007,0.1426,0.1426
17.6573,pi,6.2800,7.2182,0.1420,0.1420
17.6622,pi,6.2800,7.2371,0.1414,0.1414
17.6672,pi,6.2800,7.2518,0.1409,0.1409
17.6723,pi,6.2800,7.2591,0.1405,0.1405
17.6773,pi,6.2800,7.2146,0.1411,0.1411
17.6823,pi,6.2800,7.1786,0.1416,0.1416
17.6872,pi,6.2800,7.1499,0.1420,0.1420
17.6922,pi,6.2800,7.1367,0.1420,0.1420
17.6973,pi,6.2800,7.1717,0.1411,0.1411
17.7022,pi,6.2800,7.1997,0.1403,0.1403
17.7072,pi,6.2800,7.2225,0.1396,0.1396
17.7123,pi,6.2800,7.1949,0.1400,0.1400
17.7172,pi,6.2800,7.1725,0.1402,0.1402
17.7222,pi,6.2800,7.1547,0.1403,0.1403
17.7272,pi,6.2800,7.1406,0.1404,0.1404
17.7322,pi,6.2800,7.1751,0.1395,0.1395
17.7372,pi,6.2800,7.2032,0.1387,0.1387
17.7422,pi,6.2800,7.2254,0.1380,0.1380
17.7473,pi,6.2800,7.1877,0.1385,0.1385
17.7522,pi,6.2800,7.1574,0.1389,0.1389
17.7572,pi,6.2800,7.1424,0.1390,0.1390
17.7623,pi,6.2800,7.0853,0.1399,0.1399
17.7673,pi,6.2800,7.0849,0.1397,0.1397
17.7722,pi,6.2800,7.0847,0.1395,0.1395
17.7772,pi,6.2800,7.0847,0.1393,0.1393
17.7822,pi,6.2800,7.0846,0.1391,0.1391
17.7873,pi,6.2800,7.0245,0.1401,0.1401
17.7922,pi,6.2800,6.9906,0.1406,0.1406
17.7972,pi,6.2800,6.9999,0.1403,0.1403
17.8022,pi,6.2800,7.0165,0.1397,0.1397
17.8072,pi,6.2800,7.0298,0.1393,0.1393
17.8122,pi,6.2800,7.0406,0.1389,0.1389
17.8173,pi,6.2800,7.0899,0.1377,0.1377
17.8223,pi,6.2800,7.0781,0.1377,0.1377
17.8272,pi,6.2800,7.0693,0.1377,0.1377
17.8324,pi,6.2800,7.0623,0.1377,0.1377
17.8372,pi,6.2800,7.1073,0.1366,0.1366
17.8423,pi,6.2800,7.1431,0.1356,0.1356
17.8472,pi,6.2800,7.1214,0.1359,0.1359
17.8522,pi,6.2800,7.1042,0.1360,0.1360
17.8573,pi,6.2800,7.0902,0.1361,0.1361
17.8623,pi,6.2800,7.0791,0.1361,0.1361
17.8672,pi,6.2800,7.0795,0.1359,0.1359
17.8722,pi,6.2800,7.0352,0.1366,0.1366
17.8772,pi,6.2800,7.0458,0.1362,0.1362
17.8822,pi,6.2800,7.0538,0.1358,0.1358
17.8872,pi,6.2800,7.0600,0.1355,0.1355
17.8922,pi,6.2800,7.0652,0.1352,0.1352
17.8973,pi,6.2800,7.0229,0.1359,0.1359
17.9022,pi,6.2800,7.0351,0.1354,0.1354
17.9072,pi,6.2800,7.0448,0.1350,0.1350
17.9123,pi,6.2800,7.0071,0.1356,0.1356
17.9173,pi,6.2800,6.9623,0.1363,0.1363
17.9222,pi,6.2800,6.9767,0.1359,0.1359
17.9273,pi,6.2800,6.9885,0.1354,0.1354
17.9322,pi,6.2800,6.9978,0.1351,0.1351
17.9373,pi,6.2800,6.9549,0.1358,0.1358
17.9422,pi,6.2800,6.9205,0.1363,0.1363
17.9472,pi,6.2800,6.9068,0.1364,0.1364
17.9522,pi,6.2800,6.9421,0.1355,0.1355
17.9572,pi,6.2800,6.9703,0.1348,0.1348
17.9623,pi,6.2800,6.9837,0.1344,0.1344
17.9672,pi,6.2800,7.0034,0.1338,0.1338
17.9722,pi,6.2800,7.0197,0.1333,0.1333
17.9773,pi,6.2800,6.9728,0.1340,0.1340
17.9822,pi,6.2800,6.9491,0.1343,0.1343
17.9873,pi,6.2800,6.9302,0.1346,0.1346
17.9923,pi,6.2800,6.9514,0.1340,0.1340
17.9973,pi,6.2800,6.9682,0.1335,0.1335
18.0023,pi,6.2800,6.9307,0.1340,0.1340
18.0073,pi,6.2800,6.9014,0.1345,0.1345
18.0123,pi,6.2800,6.9281,0.1338,0.1338
18.0173,pi,6.2800,6.8991,0.1342,0.1342
18.0222,pi,6.2800,6.8762,0.1345,0.1345
18.0272,pi,6.2800,6.9081,0.1337,0.1337
18.0322,pi,6.2800,6.9431,0.1329,0.1329
18.0373,pi,6.2800,6.9616,0.1323,0.1323
18.0422,pi,6.2800,6.9403,0.1326,0.1326
18.0472,pi,6.2800,6.9234,0.1327,0.1327
18.0522,pi,6.2800,6.9101,0.1328,0.1328
18.0573,pi,6.2800,6.8847,0.1332,0.1332
18.0623,pi,6.2800,6.8649,0.1334,0.1334
18.0672,pi,6.2800,6.8629,0.1333,0.1333
18.0722,pi,6.2800,6.8617,0.1332,0.1332
18.0773,pi,6.2800,6.8604,0.1331,0.1331
18.0822,pi,6.2800,6.8598,0.1330,0.1330
18.0873,pi,6.2800,6.8129,0.1338,0.1338
18.0923,pi,6.2800,6.8075,0.1337,0.1337
18.0972,pi,6.2800,6.8169,0.1334,0.1334
18.1022,pi,6.2800,6.8245,0.1331,0.1331
18.1073,pi,6.2800,6.7847,0.1338,0.1338
18.1122,pi,6.2800,6.7996,0.1334,0.1334
18.1173,pi,6.2800,6.7650,0.1339,0.1339
18.1223,pi,6.2800,6.7690,0.1337,0.1337
18.1273,pi,6.2800,6.7721,0.1335,0.1335
18.1323,pi,6.2800,6.7742,0.1334,0.1334
18.1372,pi,6.2800,6.8261,0.1322,0.1322
18.1423,pi,6.2800,6.8177,0.1322,0.1322
18.1474,pi,6.2800,6.8100,0.1323,0.1323
18.1525,pi,6.2800,6.8048,0.1322,0.1322
18.1578,pi,6.2800,6.8003,0.1322,0.1322
18.1625,pi,6.2800,6.7972,0.1321,0.1321
18.1672,pi,6.2800,6.8084,0.1318,0.1318
18.1722,pi,6.2800,6.8636,0.1305,0.1305
18.1772,pi,6.2800,6.8619,0.1304,0.1304
18.1824,pi,6.2800,6.8605,0.1303,0.1303
18.1878,pi,6.2800,6.7949,0.1315,0.1315
18.1924,pi,6.2800,6.7926,0.1314,0.1314
18.1972,pi,6.2800,6.8050,0.1310,0.1310
18.2022,pi,6.2800,6.7702,0.1316,0.1316
18.2072,pi,6.2800,6.7416,0.1320,0.1320
18.2123,pi,6.2800,6.7651,0.1314,0.1314
18.2173,pi,6.2800,6.7187,0.1322,0.1322
18.2222,pi,6.2800,6.6818,0.1329,0.1329
18.2272,pi,6.2800,6.7025,0.1324,0.1324
18.2326,pi,6.2800,6.7191,0.1319,0.1319
18.2373,pi,6.2800,6.7324,0.1315,0.1315
18.2424,pi,6.2800,6.7431,0.1312,0.1312
18.2476,pi,6.2800,6.7512,0.1309,0.1309
18.2525,pi,6.2800,6.8079,0.1297,0.1297
18.2581,pi,6.2800,6.8028,0.1297,0.1297
18.2633,pi,6.2800,6.7988,0.1296,0.1296
18.2675,pi,6.2800,6.7956,0.1295,0.1295
18.2722,pi,6.2800,6.7934,0.1295,0.1295
18.2772,pi,6.2800,6.7417,0.1304,0.1304
18.2822,pi,6.2800,6.7189,0.1307,0.1307
18.2873,pi,6.2800,6.7005,0.1310,0.1310
18.2925,pi,6.2800,6.7319,0.1302,0.1302
18.2977,pi,6.2800,6.7423,0.1299,0.1299
18.3027,pi,6.2800,6.7005,0.1306,0.1306
18.3075,pi,6.2800,6.6857,0.1308,0.1308
18.3123,pi,6.2800,6.7057,0.1303,0.1303
18.3172,pi,6.2800,6.6900,0.1305,0.1305
18.3222,pi,6.2800,6.7235,0.1298,0.1298
18.3273,pi,6.2800,6.7860,0.1284,0.1284
18.3323,pi,6.2800,6.7850,0.1283,0.1283
18.3373,pi,6.2800,6.7845,0.1282,0.1282
18.3423,pi,6.2800,6.7844,0.1280,0.1280
18.3472,pi,6.2800,6.7525,0.1286,0.1286
18.3523,pi,6.2800,6.7277,0.1289,0.1289
18.3572,pi,6.2800,6.7538,0.1283,0.1283
18.3622,pi,6.2800,6.7287,0.1287,0.1287
18.3672,pi,6.2800,6.7084,0.1290,0.1290
18.3723,pi,6.2800,6.7238,0.1286,0.1286
18.3773,pi,6.2800,6.6852,0.1292,0.1292
18.3822,pi,6.2800,6.6737,0.1294,0.1294
18.3873,pi,6.2800,6.7103,0.1285,0.1285
18.3922,pi,6.2800,6.6939,0.1287,0.1287
18.3973,pi,6.2800,6.6810,0.1289,0.1289
18.4023,pi,6.2800,6.6704,0.1290,0.1290
18.4073,pi,6.2800,6.6432,0.1295,0.1295
18.4122,pi,6.2800,6.5942,0.1303,0.1303
18.4173,pi,6.2800,6.6005,0.1301,0.1301
18.4223,pi,6.2800,6.5871,0.1303,0.1303
18.4273,pi,6.2800,6.5487,0.1310,0.1310
18.4323,pi,6.2800,6.5451,0.1310,0.1310
18.4373,pi,6.2800,6.5424,0.1310,0.1310
18.4423,pi,6.2800,6.5398,0.1310,0.1310
18.4472,pi,6.2800,6.5571,0.1306,0.1306
18.4522,pi,6.2800,6.5709,0.1302,0.1302
18.4573,pi,6.2800,6.6137,0.1293,0.1293
18.4622,pi,6.2800,6.6163,0.1292,0.1292
18.4673,pi,6.2800,6.6502,0.1284,0.1284
18.4722,pi,6.2800,6.6911,0.1275,0.1275
18.4772,pi,6.2800,6.6782,0.1277,0.1277
18.4822,pi,6.2800,6.7138,0.1269,0.1269
18.4872,pi,6.2800,6.6970,0.1271,0.1271
18.4922,pi,6.2800,6.6834,0.1272,0.1272
18.4972,pi,6.2800,6.7188,0.1264,0.1264
18.5022,pi,6.2800,6.7002,0.1267,0.1267
18.5076,pi,6.2800,6.6852,0.1269,0.1269
18.5127,pi,6.2800,6.7042,0.1264,0.1264
18.5176,pi,6.2800,6.6702,0.1270,0.1270
18.5222,pi,6.2800,6.6427,0.1274,0.1274
18.5272,pi,6.2800,6.5940,0.1283,0.1283
18.5322,pi,6.2800,6.6007,0.1281,0.1281
18.5373,pi,6.2800,6.5601,0.1288,0.1288
18.5422,pi,6.2800,6.5735,0.1285,0.1285
18.5472,pi,6.2800,6.5842,0.1282,0.1282
18.5523,pi,6.2800,6.5469,0.1289,0.1289
18.5572,pi,6.2800,6.5629,0.1285,0.1285
18.5623,pi,6.2800,6.5760,0.1282,0.1282
18.5673,pi,6.2800,6.5414,0.1288,0.1288
18.5722,pi,6.2800,6.5587,0.1284,0.1284
18.5773,pi,6.2800,6.6037,0.1274,0.1274
18.5823,pi,6.2800,6.5886,0.1276,0.1276
18.5872,pi,6.2800,6.5959,0.1274,0.1274
18.5923,pi,6.2800,6.5833,0.1276,0.1276
18.5972,pi,6.2800,6.5733,0.1277,0.1277
18.6023,pi,6.2800,6.5652,0.1278,0.1278
18.6073,pi,6.2800,6.5587,0.1278,0.1278
18.6122,pi,6.2800,6.5535,0.1279,0.1279
18.6173,pi,6.2800,6.5492,0.1279,0.1279
18.6222,pi,6.2800,6.5460,0.1279,0.1279
18.6272,pi,6.2800,6.5616,0.1275,0.1275
18.6323,pi,6.2800,6.5289,0.1281,0.1281
18.6373,pi,6.2800,6.5296,0.1280,0.1280
18.6422,pi,6.2800,6.5808,0.1269,0.1269
18.6473,pi,6.2800,6.5714,0.1271,0.1271
18.6522,pi,6.2800,6.5823,0.1268,0.1268
18.6573,pi,6.2800,6.6230,0.1259,0.1259
18.6622,pi,6.2800,6.6238,0.1258,0.1258
18.6672,pi,6.2800,6.6241,0.1257,0.1257
18.6723,pi,6.2800,6.6248,0.1256,0.1256
18.6772,pi,6.2800,6.6253,0.1255,0.1255
18.6823,pi,6.2800,6.5799,0.1263,0.1263
18.6872,pi,6.2800,6.5895,0.1260,0.1260
18.6923,pi,6.2800,6.5785,0.1262,0.1262
18.6972,pi,6.2800,6.5423,0.1268,0.1268
18.7023,pi,6.2800,6.5407,0.1268,0.1268
18.7072,pi,6.2800,6.5576,0.1264,0.1264
18.7123,pi,6.2800,6.5259,0.1270,0.1270
18.7173,pi,6.2800,6.5276,0.1269,0.1269
18.7222,pi,6.2800,6.5018,0.1273,0.1273
18.7273,pi,6.2800,6.5082,0.1271,0.1271
18.7323,pi,6.2800,6.5632,0.1260,0.1260
18.7373,pi,6.2800,6.5560,0.1260,0.1260
18.7423,pi,6.2800,6.5517,0.1261,0.1261
18.7473,pi,6.2800,6.5210,0.1266,0.1266
18.7522,pi,6.2800,6.5423,0.1261,0.1261
18.7572,pi,6.2800,6.5594,0.1257,0.1257
18.7622,pi,6.2800,6.5276,0.1263,0.1263
18.7672,pi,6.2800,6.5474,0.1258,0.1258
18.7722,pi,6.2800,6.5635,0.1254,0.1254
18.7773,pi,6.2800,6.5760,0.1251,0.1251
18.7822,pi,6.2800,6.5863,0.1248,0.1248
18.7872,pi,6.2800,6.5492,0.1255,0.1255
18.7922,pi,6.2800,6.5655,0.1251,0.1251
18.7973,pi,6.2800,6.5321,0.1257,0.1257
18.8023,pi,6.2800,6.5325,0.1256,0.1256
18.8072,pi,6.2800,6.5327,0.1256,0.1256
18.8122,pi,6.2800,6.5331,0.1255,0.1255
18.8173,pi,6.2800,6.5334,0.1254,0.1254
18.8223,pi,6.2800,6.4822,0.1264,0.1264
18.8273,pi,6.2800,6.4923,0.1261,0.1261
18.8323,pi,6.2800,6.4501,0.1269,0.1269
18.8372,pi,6.2800,6.4669,0.1265,0.1265
18.8422,pi,6.2800,6.4986,0.1259,0.1259
18.8472,pi,6.2800,6.4786,0.1262,0.1262
18.8522,pi,6.2800,6.5082,0.1256,0.1256
18.8572,pi,6.2800,6.5318,0.1250,0.1250
18.8623,pi,6.2800,6.5323,0.1250,0.1250
18.8672,pi,6.2800,6.5327,0.1249,0.1249
18.8722,pi,6.2800,6.5055,0.1254,0.1254
18.8772,pi,6.2800,6.5303,0.1248,0.1248
18.8822,pi,6.2800,6.5039,0.1253,0.1253
18.8873,pi,6.2800,6.5285,0.1247,0.1247
18.8922,pi,6.2800,6.5481,0.1243,0.1243
18.8973,pi,6.2800,6.5453,0.1243,0.1243
18.9022,pi,6.2800,6.5431,0.1243,0.1243
18.9073,pi,6.2800,6.4910,0.1252,0.1252
18.9122,pi,6.2800,6.4997,0.1250,0.1250
18.9173,pi,6.2800,6.4562,0.1258,0.1258
18.9222,pi,6.2800,6.4715,0.1255,0.1255
18.9272,pi,6.2800,6.5023,0.1248,0.1248
18.9323,pi,6.2800,6.5082,0.1246,0.1246
18.9372,pi,6.2800,6.5317,0.1241,0.1241
18.9423,pi,6.2800,6.5322,0.1240,0.1240
18.9472,pi,6.2800,6.5052,0.1245,0.1245
18.9523,pi,6.2800,6.4606,0.1253,0.1253
18.9573,pi,6.2800,6.4750,0.1250,0.1250
18.9623,pi,6.2800,6.4865,0.1247,0.1247
18.9672,pi,6.2800,6.4957,0.1245,0.1245
18.9722,pi,6.2800,6.5215,0.1239,0.1239
18.9772,pi,6.2800,6.4738,0.1248,0.1248
18.9822,pi,6.2800,6.4586,0.1251,0.1251
18.9873,pi,6.2800,6.4234,0.1257,0.1257
18.9923,pi,6.2800,6.3952,0.1263,0.1263
18.9972,pi,6.2800,6.4229,0.1257,0.1257
19.0023,pi,6.2800,6.4177,0.1257,0.1257
19.0072,pi,6.2800,6.4595,0.1249,0.1249
19.0122,pi,6.2800,6.4475,0.1251,0.1251
19.0172,pi,6.2800,6.4378,0.1252,0.1252
19.0224,pi,6.2800,6.4065,0.1258,0.1258
19.0273,pi,6.2800,6.4318,0.1253,0.1253
19.0322,pi,6.2800,6.4519,0.1248,0.1248
19.0373,pi,6.2800,6.4680,0.1245,0.1245
19.0423,pi,6.2800,6.4810,0.1242,0.1242
19.0472,pi,6.2800,6.4916,0.1239,0.1239
19.0523,pi,6.2800,6.5000,0.1237,0.1237
19.0572,pi,6.2800,6.5067,0.1235,0.1235
19.0623,pi,6.2800,6.5122,0.1233,0.1233
19.0672,pi,6.2800,6.5163,0.1232,0.1232
19.0722,pi,6.2800,6.4921,0.1236,0.1236
19.0773,pi,6.2800,6.5006,0.1234,0.1234
19.0822,pi,6.2800,6.5258,0.1228,0.1228
19.0873,pi,6.2800,6.5000,0.1233,0.1233
19.0922,pi,6.2800,6.5253,0.1227,0.1227
19.0973,pi,6.2800,6.5270,0.1226,0.1226
19.1022,pi,6.2800,6.5285,0.1225,0.1225
19.1073,pi,6.2800,6.4793,0.1235,0.1235
19.1123,pi,6.2800,6.4903,0.1232,0.1232
19.1172,pi,6.2800,6.5172,0.1226,0.1226
19.1223,pi,6.2800,6.4934,0.1230,0.1230
19.1273,pi,6.2800,6.5016,0.1228,0.1228
19.1322,pi,6.2800,6.5077,0.1226,0.1226
19.1373,pi,6.2800,6.5129,0.1225,0.1225
19.1422,pi,6.2800,6.4900,0.1229,0.1229
19.1472,pi,6.2800,6.4718,0.1232,0.1232
19.1524,pi,6.2800,6.4838,0.1229,0.1229
19.1577,pi,6.2800,6.4936,0.1226,0.1226
19.1626,pi,6.2800,6.5016,0.1224,0.1224
19.1673,pi,6.2800,6.5078,0.1222,0.1222
19.1723,pi,6.2800,6.5127,0.1221,0.1221
19.1772,pi,6.2800,6.5353,0.1216,0.1216
19.1822,pi,6.2800,6.5080,0.1221,0.1221
19.1872,pi,6.2800,6.4865,0.1224,0.1224
19.1923,pi,6.2800,6.4961,0.1222,0.1222
19.1972,pi,6.2800,6.5035,0.1220,0.1220
19.2022,pi,6.2800,6.4820,0.1224,0.1224
19.2073,pi,6.2800,6.4923,0.1221,0.1221
19.2123,pi,6.2800,6.4499,0.1229,0.1229
19.2172,pi,6.2800,6.4391,0.1231,0.1231
19.2223,pi,6.2800,6.3857,0.1241,0.1241
19.2273,pi,6.2800,6.3651,0.1245,0.1245
19.2323,pi,6.2800,6.3484,0.1248,0.1248
19.2374,pi,6.2800,6.3335,0.1251,0.1251
19.2423,pi,6.2800,6.3731,0.1243,0.1243
19.2473,pi,6.2800,6.3550,0.1246,0.1246
19.2522,pi,6.2800,6.3634,0.1244,0.1244
19.2574,pi,6.2800,6.3702,0.1243,0.1243
19.2623,pi,6.2800,6.3760,0.1241,0.1241
19.2673,pi,6.2800,6.3806,0.1240,0.1240
19.2722,pi,6.2800,6.4112,0.1234,0.1234
19.2775,pi,6.2800,6.3846,0.1239,0.1239
19.2823,pi,6.2800,6.4139,0.1233,0.1233
19.2873,pi,6.2800,6.4102,0.1233,0.1233
19.2923,pi,6.2800,6.3849,0.1238,0.1238
19.2972,pi,6.2800,6.3877,0.1237,0.1237
19.3023,pi,6.2800,6.3898,0.1236,0.1236
19.3073,pi,6.2800,6.3915,0.1236,0.1236
19.3125,pi,6.2800,6.3696,0.1240,0.1240
19.3177,pi,6.2800,6.4013,0.1233,0.1233
19.3226,pi,6.2800,6.3779,0.1238,0.1238
19.3276,pi,6.2800,6.3813,0.1237,0.1237
19.3327,pi,6.2800,6.4118,0.1230,0.1230
19.3374,pi,6.2800,6.4363,0.1225,0.1225
19.3423,pi,6.2800,6.4053,0.1231,0.1231
19.3472,pi,6.2800,6.3809,0.1235,0.1235
19.3523,pi,6.2800,6.3844,0.1234,0.1234
19.3573,pi,6.2800,6.3871,0.1234,0.1234
19.3622,pi,6.2800,6.3895,0.1233,0.1233
19.3673,pi,6.2800,6.3916,0.1232,0.1232
19.3722,pi,6.2800,6.3948,0.1231,0.1231
19.3773,pi,6.2800,6.3955,0.1231,0.1231
19.3822,pi,6.2800,6.3967,0.1230,0.1230
19.3873,pi,6.2800,6.3976,0.1230,0.1230
19.3923,pi,6.2800,6.3979,0.1230,0.1230
19.3973,pi,6.2800,6.4249,0.1224,0.1224
19.4023,pi,6.2800,6.3959,0.1229,0.1229
19.4072,pi,6.2800,6.4232,0.1224,0.1224
19.4122,pi,6.2800,6.3948,0.1229,0.1229
19.4172,pi,6.2800,6.4224,0.1223,0.1223
19.4223,pi,6.2800,6.3942,0.1228,0.1228
19.4273,pi,6.2800,6.4215,0.1223,0.1223
19.4322,pi,6.2800,6.4170,0.1223,0.1223
19.4373,pi,6.2800,6.4129,0.1224,0.1224
19.4422,pi,6.2800,6.4097,0.1224,0.1224
19.4473,pi,6.2800,6.4074,0.1224,0.1224
19.4523,pi,6.2800,6.4056,0.1224,0.1224
19.4573,pi,6.2800,6.4041,0.1224,0.1224
19.4623,pi,6.2800,6.4031,0.1224,0.1224
19.4673,pi,6.2800,6.3788,0.1229,0.1229
19.4723,pi,6.2800,6.3826,0.1228,0.1228
19.4772,pi,6.2800,6.4314,0.1218,0.1218
19.4824,pi,6.2800,6.4514,0.1213,0.1213
19.4872,pi,6.2800,6.4680,0.1209,0.1209
19.4923,pi,6.2800,6.4538,0.1212,0.1212
19.4972,pi,6.2800,6.4429,0.1213,0.1213
19.5023,pi,6.2800,6.4339,0.1215,0.1215
19.5074,pi,6.2800,6.4269,0.1216,0.1216
19.5123,pi,6.2800,6.3980,0.1221,0.1221
19.5172,pi,6.2800,6.3976,0.1221,0.1221
19.5223,pi,6.2800,6.3747,0.1225,0.1225
19.5272,pi,6.2800,6.3561,0.1229,0.1229
19.5323,pi,6.2800,6.3917,0.1222,0.1222
19.5372,pi,6.2800,6.3699,0.1226,0.1226
19.5423,pi,6.2800,6.4027,0.1219,0.1219
19.5473,pi,6.2800,6.3784,0.1223,0.1223
19.5523,pi,6.2800,6.4089,0.1217,0.1217
19.5572,pi,6.2800,6.3836,0.1222,0.1222
19.5623,pi,6.2800,6.4137,0.1216,0.1216
19.5676,pi,6.2800,6.4369,0.1211,0.1211
19.5726,pi,6.2800,6.4556,0.1206,0.1206
19.5776,pi,6.2800,6.4210,0.1213,0.1213
19.5822,pi,6.2800,6.3930,0.1218,0.1218
19.5873,pi,6.2800,6.3941,0.1218,0.1218
19.5926,pi,6.2800,6.3703,0.1222,0.1222
19.5972,pi,6.2800,6.4027,0.1215,0.1215
19.6022,pi,6.2800,6.4014,0.1215,0.1215
19.6074,pi,6.2800,6.4278,0.1210,0.1210
19.6122,pi,6.2800,6.4220,0.1211,0.1211
19.6173,pi,6.2800,6.4172,0.1211,0.1211
19.6223,pi,6.2800,6.3683,0.1221,0.1221
19.6273,pi,6.2800,6.4014,0.1214,0.1214
19.6322,pi,6.2800,6.4006,0.1214,0.1214
19.6373,pi,6.2800,6.4007,0.1213,0.1213
19.6423,pi,6.2800,6.3541,0.1222,0.1222
19.6472,pi,6.2800,6.3642,0.1220,0.1220
19.6523,pi,6.2800,6.3255,0.1228,0.1228
19.6573,pi,6.2800,6.3402,0.1225,0.1225
19.6622,pi,6.2800,6.3067,0.1231,0.1231
19.6673,pi,6.2800,6.3016,0.1232,0.1232
19.6722,pi,6.2800,6.2751,0.1237,0.1237
19.6773,pi,6.2800,6.2767,0.1237,0.1237
19.6822,pi,6.2800,6.3013,0.1232,0.1232
19.6873,pi,6.2800,6.2975,0.1233,0.1233
19.6922,pi,6.2800,6.2716,0.1238,0.1238
19.6973,pi,6.2800,6.2969,0.1233,0.1233
19.7023,pi,6.2800,6.3442,0.1223,0.1223
19.7073,pi,6.2800,6.3548,0.1221,0.1221
19.7122,pi,6.2800,6.3639,0.1219,0.1219
19.7172,pi,6.2800,6.3704,0.1218,0.1218
19.7223,pi,6.2800,6.3764,0.1216,0.1216
19.7273,pi,6.2800,6.3803,0.1215,0.1215
19.7329,pi,6.2800,6.3580,0.1219,0.1219
19.7391,pi,6.2800,6.3913,0.1213,0.1213
19.7437,pi,6.2800,6.4189,0.1207,0.1207
19.7482,pi,6.2800,6.3897,0.1212,0.1212
19.7529,pi,6.2800,6.2669,0.1237,0.1237
19.7576,pi,6.2800,6.2189,0.1246,0.1246
19.7627,pi,6.2800,6.1306,0.1264,0.1264
19.7676,pi,6.2800,6.1099,0.1268,0.1268
19.7725,pi,6.2800,6.0434,0.1282,0.1282
19.7773,pi,6.2800,6.0408,0.1283,0.1283
19.7823,pi,6.2800,6.0207,0.1288,0.1288
19.7873,pi,6.2800,6.0062,0.1291,0.1291
19.7923,pi,6.2800,5.9943,0.1295,0.1295
19.7973,pi,6.2800,5.9840,0.1297,0.1297
19.8023,pi,6.2800,6.0219,0.1290,0.1290
19.8075,pi,6.2800,6.0741,0.1281,0.1281
19.8123,pi,6.2800,6.1392,0.1268,0.1268
19.8174,pi,6.2800,6.2369,0.1249,0.1249
19.8236,pi,6.2800,6.2897,0.1239,0.1239
19.8289,pi,6.2800,6.3351,0.1229,0.1229
19.8346,pi,6.2800,6.4002,0.1216,0.1216
19.8400,pi,6.2800,6.3818,0.1220,0.1220
19.8446,pi,6.2800,6.4115,0.1213,0.1213
19.8490,pi,6.2800,6.4356,0.1208,0.1208
19.8546,pi,6.2800,6.4553,0.1204,0.1204
19.8589,pi,6.2800,6.5213,0.1190,0.1190
19.8637,pi,6.2800,6.5235,0.1189,0.1189
19.8687,pi,6.2800,6.5255,0.1188,0.1188
19.8734,pi,6.2800,6.4989,0.1193,0.1193
19.8778,pi,6.2800,6.5329,0.1186,0.1186
19.8827,pi,6.2800,6.5059,0.1190,0.1190
19.8877,pi,6.2800,6.5158,0.1188,0.1188
19.8922,pi,6.2800,6.5839,0.1174,0.1174
19.8972,pi,6.2800,6.5476,0.1180,0.1180
19.9023,pi,6.2800,6.5184,0.1185,0.1185
19.9073,pi,6.2800,6.4951,0.1189,0.1189
19.9122,pi,6.2800,6.4781,0.1192,0.1192
19.9172,pi,6.2800,6.4626,0.1195,0.1195
19.9223,pi,6.2800,6.4500,0.1197,0.1197
19.9273,pi,6.2800,6.4405,0.1198,0.1198
19.9323,pi,6.2800,6.4317,0.1200,0.1200
19.9372,pi,6.2800,6.4262,0.1200,0.1200
19.9423,pi,6.2800,6.4211,0.1201,0.1201
19.9473,pi,6.2800,6.3935,0.1206,0.1206
19.9522,pi,6.2800,6.3943,0.1206,0.1206
19.9573,pi,6.2800,6.3717,0.1210,0.1210
19.9623,pi,6.2800,6.3533,0.1214,0.1214
19.9673,pi,6.2800,6.3391,0.1216,0.1216
19.9723,pi,6.2800,6.3505,0.1214,0.1214
19.9772,pi,6.2800,6.3144,0.1221,0.1221
19.9823,pi,6.2800,6.2850,0.1227,0.1227
19.9873,pi,6.2800,6.2844,0.1227,0.1227
19.9922,pi,6.2800,6.3070,0.1222,0.1222
19.9972,pi,6.2800,6.2796,0.1228,0.1228
20.0022,pi,6.2800,6.3032,0.1223,0.1223
20.0072,pi,6.2800,6.2763,0.1228,0.1228
20.0122,pi,6.2800,6.3007,0.1223,0.1223
20.0173,pi,6.2800,6.2972,0.1224,0.1224
20.0223,pi,6.2800,6.2943,0.1225,0.1225
20.0272,pi,6.2800,6.3423,0.1215,0.1215
20.0322,pi,6.2800,6.3533,0.1213,0.1213
20.0372,pi,6.2800,6.4082,0.1201,0.1201
20.0423,pi,6.2800,6.3830,0.1206,0.1206
20.0473,pi,6.2800,6.4130,0.1200,0.1200
20.0522,pi,6.2800,6.3865,0.1205,0.1205
20.0572,pi,6.2800,6.3658,0.1209,0.1209
20.0622,pi,6.2800,6.3723,0.1207,0.1207
20.0672,pi,6.2800,6.3772,0.1206,0.1206
20.0722,pi,6.2800,6.3813,0.1205,0.1205
20.0773,pi,6.2800,6.3615,0.1209,0.1209
20.0823,pi,6.2800,6.3452,0.1212,0.1212
20.0873,pi,6.2800,6.3326,0.1214,0.1214
20.0923,pi,6.2800,6.3225,0.1216,0.1216
20.0973,pi,6.2800,6.2643,0.1227,0.1227
20.1023,pi,6.2800,6.2679,0.1227,0.1227
20.1073,pi,6.2800,6.3208,0.1216,0.1216
20.1125,pi,6.2800,6.3125,0.1218,0.1218
20.1177,pi,6.2800,6.3054,0.1219,0.1219
20.1222,pi,6.2800,6.3008,0.1220,0.1220
20.1272,pi,6.2800,6.3201,0.1216,0.1216
20.1323,pi,6.2800,6.2899,0.1222,0.1222
20.1372,pi,6.2800,6.3120,0.1218,0.1218
20.1422,pi,6.2800,6.3295,0.1214,0.1214
20.1473,pi,6.2800,6.3434,0.1211,0.1211
20.1524,pi,6.2800,6.3817,0.1203,0.1203
20.1577,pi,6.2800,6.3604,0.1207,0.1207
20.1625,pi,6.2800,6.3681,0.1205,0.1205
20.1673,pi,6.2800,6.3743,0.1204,0.1204
20.1722,pi,6.2800,6.3801,0.1203,0.1203
20.1773,pi,6.2800,6.3839,0.1202,0.1202
20.1822,pi,6.2800,6.3867,0.1201,0.1201
20.1873,pi,6.2800,6.3658,0.1205,0.1205
20.1923,pi,6.2800,6.3490,0.1208,0.1208
20.1973,pi,6.2800,6.3858,0.1200,0.1200
20.2022,pi,6.2800,6.3881,0.1200,0.1200
20.2073,pi,6.2800,6.3449,0.1208,0.1208
20.2122,pi,6.2800,6.3573,0.1205,0.1205
20.2173,pi,6.2800,6.3197,0.1213,0.1213
20.2223,pi,6.2800,6.3122,0.1214,0.1214
20.2273,pi,6.2800,6.3061,0.1215,0.1215
20.2322,pi,6.2800,6.3015,0.1216,0.1216
20.2372,pi,6.2800,6.3207,0.1212,0.1212
20.2423,pi,6.2800,6.3358,0.1209,0.1209
20.2473,pi,6.2800,6.3483,0.1206,0.1206
20.2523,pi,6.2800,6.3352,0.1209,0.1209
20.2572,pi,6.2800,6.3478,0.1206,0.1206
20.2623,pi,6.2800,6.3579,0.1204,0.1204
20.2673,pi,6.2800,6.3931,0.1197,0.1197
20.2723,pi,6.2800,6.4198,0.1191,0.1191
20.2772,pi,6.2800,6.4154,0.1192,0.1192
20.2823,pi,6.2800,6.3888,0.1197,0.1197
20.2872,pi,6.2800,6.3677,0.1201,0.1201
20.2923,pi,6.2800,6.4006,0.1194,0.1194
20.2973,pi,6.2800,6.4002,0.1194,0.1194
20.3031,pi,6.2800,6.3760,0.1198,0.1198
20.3074,pi,6.2800,6.3570,0.1202,0.1202
20.3123,pi,6.2800,6.3923,0.1194,0.1194
20.3172,pi,6.2800,6.3932,0.1194,0.1194
20.3223,pi,6.2800,6.3942,0.1193,0.1193
20.3273,pi,6.2800,6.3719,0.1198,0.1198
20.3324,pi,6.2800,6.4042,0.1191,0.1191
20.3374,pi,6.2800,6.3790,0.1196,0.1196
20.3429,pi,6.2800,6.3597,0.1199,0.1199
20.3474,pi,6.2800,6.3443,0.1202,0.1202
20.3522,pi,6.2800,6.3549,0.1200,0.1200
20.3572,pi,6.2800,6.3644,0.1198,0.1198
20.3622,pi,6.2800,6.3719,0.1196,0.1196
20.3673,pi,6.2800,6.3314,0.1204,0.1204
20.3722,pi,6.2800,6.3449,0.1201,0.1201
20.3774,pi,6.2800,6.3322,0.1204,0.1204
20.3822,pi,6.2800,6.3449,0.1201,0.1201
20.3873,pi,6.2800,6.3104,0.1208,0.1208
20.3923,pi,6.2800,6.3284,0.1204,0.1204
20.3973,pi,6.2800,6.2977,0.1210,0.1210
20.4022,pi,6.2800,6.3180,0.1206,0.1206
20.4073,pi,6.2800,6.3109,0.1207,0.1207
20.4123,pi,6.2800,6.3037,0.1209,0.1209
20.4172,pi,6.2800,6.2992,0.1209,0.1209
20.4223,pi,6.2800,6.3189,0.1205,0.1205
20.4272,pi,6.2800,6.3346,0.1202,0.1202
20.4322,pi,6.2800,6.3479,0.1199,0.1199
20.4373,pi,6.2800,6.3346,0.1202,0.1202
20.4422,pi,6.2800,6.3468,0.1199,0.1199
20.4473,pi,6.2800,6.3337,0.1202,0.1202
20.4523,pi,6.2800,6.3228,0.1204,0.1204
20.4579,pi,6.2800,6.3126,0.1206,0.1206
20.4627,pi,6.2800,6.3289,0.1202,0.1202
20.4673,pi,6.2800,6.3698,0.1194,0.1194
20.4723,pi,6.2800,6.3518,0.1197,0.1197
20.4773,pi,6.2800,6.2874,0.1210,0.1210
20.4823,pi,6.2800,6.2854,0.1210,0.1210
20.4872,pi,6.2800,6.3073,0.1206,0.1206
20.4922,pi,6.2800,6.3254,0.1202,0.1202
20.4972,pi,6.2800,6.3400,0.1199,0.1199
20.5023,pi,6.2800,6.3516,0.1197,0.1197
20.5073,pi,6.2800,6.3613,0.1195,0.1195
20.5123,pi,6.2800,6.3704,0.1193,0.1193
20.5172,pi,6.2800,6.3760,0.1191,0.1191
20.5223,pi,6.2800,6.3350,0.1199,0.1199
20.5272,pi,6.2800,6.3477,0.1197,0.1197
20.5323,pi,6.2800,6.3578,0.1195,0.1195
20.5372,pi,6.2800,6.3664,0.1193,0.1193
20.5423,pi,6.2800,6.3270,0.1200,0.1200
20.5472,pi,6.2800,6.3412,0.1197,0.1197
20.5523,pi,6.2800,6.3068,0.1204,0.1204
20.5572,pi,6.2800,6.3250,0.1200,0.1200
20.5623,pi,6.2800,6.2942,0.1206,0.1206
20.5673,pi,6.2800,6.2920,0.1207,0.1207
20.5723,pi,6.2800,6.2901,0.1207,0.1207
20.5772,pi,6.2800,6.3115,0.1203,0.1203
20.5823,pi,6.2800,6.2831,0.1208,0.1208
20.5875,pi,6.2800,6.2825,0.1209,0.1209
20.5927,pi,6.2800,6.2820,0.1209,0.1209
20.5978,pi,6.2800,6.2817,0.1209,0.1209
20.6023,pi,6.2800,6.2815,0.1209,0.1209
20.6072,pi,6.2800,6.2813,0.1209,0.1209
20.6123,pi,6.2800,6.2813,0.1209,0.1209
20.6173,pi,6.2800,6.2817,0.1209,0.1209
20.6227,pi,6.2800,6.3319,0.1199,0.1199
20.6283,pi,6.2800,6.3211,0.1201,0.1201
20.6326,pi,6.2800,6.3133,0.1202,0.1202
20.6373,pi,6.2800,6.3064,0.1203,0.1203
20.6422,pi,6.2800,6.3250,0.1200,0.1200
20.6473,pi,6.2800,6.3401,0.1196,0.1196
20.6523,pi,6.2800,6.3286,0.1199,0.1199
20.6574,pi,6.2800,6.3193,0.1200,0.1200
20.6623,pi,6.2800,6.3619,0.1192,0.1192
20.6673,pi,6.2800,6.3455,0.1195,0.1195
20.6722,pi,6.2800,6.3555,0.1193,0.1193
20.6773,pi,6.2800,6.3181,0.1200,0.1200
