t_s,mode,target_rad_s,speed_rad_s,u,u_unsaturated
0.0894,coast,6.2800,0.0000,0.0000,0.0000
0.0914,pi,6.2800,0.0000,0.1256,0.1256
0.0961,pi,6.2800,0.0000,0.1272,0.1272
0.0999,pi,6.2800,0.0000,0.1287,0.1287
0.1043,pi,6.2800,0.0000,0.1303,0.1303
0.1081,pi,6.2800,0.0000,0.1319,0.1319
0.1119,pi,6.2800,0.0000,0.1335,0.1335
0.1157,pi,6.2800,0.0712,0.1336,0.1336
0.1197,pi,6.2800,0.1820,0.1330,0.1330
0.1245,pi,6.2800,0.3124,0.1319,0.1319
0.1291,pi,6.2800,0.4511,0.1306,0.1306
0.1337,pi,6.2800,0.6129,0.1288,0.1288
0.1384,pi,6.2800,0.7920,0.1266,0.1266
0.1432,pi,6.2800,1.0341,0.1232,0.1232
0.1471,pi,6.2800,1.2800,0.1196,0.1196
0.1509,pi,6.2800,1.5769,0.1149,0.1149
0.1549,pi,6.2800,1.8542,0.1105,0.1105
0.1590,pi,6.2800,2.1697,0.1053,0.1053
0.1629,pi,6.2800,2.4906,0.0999,0.0999
0.1667,pi,6.2800,2.7454,0.0958,0.0958
0.1706,pi,6.2800,2.9999,0.0916,0.0916
0.1744,pi,6.2800,3.2229,0.0879,0.0879
0.1781,pi,6.2800,3.4465,0.0842,0.0842
0.1820,pi,6.2800,3.6717,0.0804,0.0804
0.1863,pi,6.2800,3.8519,0.0775,0.0775
0.1911,pi,6.2800,4.0416,0.0743,0.0743
0.1961,pi,6.2800,4.1478,0.0727,0.0727
0.2010,pi,6.2800,4.2323,0.0716,0.0716
0.2060,pi,6.2800,4.2999,0.0707,0.0707
0.2111,pi,6.2800,4.3544,0.0701,0.0701
0.2161,pi,6.2800,4.3883,0.0699,0.0699
0.2210,pi,6.2800,4.4245,0.0697,0.0697
0.2262,pi,6.2800,4.4083,0.0705,0.0705
0.2311,pi,6.2800,4.3811,0.0715,0.0715
0.2361,pi,6.2800,4.3273,0.0730,0.0730
0.2411,pi,6.2800,4.2846,0.0744,0.0744
0.2462,pi,6.2800,4.2318,0.0759,0.0759
0.2511,pi,6.2800,4.1896,0.0773,0.0773
0.2563,pi,6.2800,4.1556,0.0785,0.0785
0.2612,pi,6.2800,4.0780,0.0806,0.0806
0.2662,pi,6.2800,4.0666,0.0813,0.0813
0.2711,pi,6.2800,4.0072,0.0831,0.0831
0.2760,pi,6.2800,3.9827,0.0841,0.0841
0.2811,pi,6.2800,4.0087,0.0842,0.0842
0.2861,pi,6.2800,4.0112,0.0847,0.0847
0.2911,pi,6.2800,4.0132,0.0852,0.0852
0.2961,pi,6.2800,4.0147,0.0858,0.0858
0.3011,pi,6.2800,4.0160,0.0863,0.0863
0.3061,pi,6.2800,4.0352,0.0865,0.0865
0.3111,pi,6.2800,4.0051,0.0877,0.0877
0.3161,pi,6.2800,4.0270,0.0878,0.0878
0.3211,pi,6.2800,4.0258,0.0884,0.0884
0.3261,pi,6.2800,4.0248,0.0890,0.0890
0.3311,pi,6.2800,4.0240,0.0895,0.0895
0.3361,pi,6.2800,3.9959,0.0907,0.0907
0.3411,pi,6.2800,4.0193,0.0908,0.0908
0.3461,pi,6.2800,4.0197,0.0913,0.0913
0.3510,pi,6.2800,4.0383,0.0915,0.0915
0.3561,pi,6.2800,4.0533,0.0918,0.0918
0.3611,pi,6.2800,4.0653,0.0921,0.0921
0.3661,pi,6.2800,4.0564,0.0928,0.0928
0.3711,pi,6.2800,4.0675,0.0932,0.0932
0.3761,pi,6.2800,4.1223,0.0926,0.0926
0.3812,pi,6.2800,4.1020,0.0936,0.0936
0.3861,pi,6.2800,4.1361,0.0934,0.0934
0.3911,pi,6.2800,4.1633,0.0934,0.0934
0.3960,pi,6.2800,4.1989,0.0932,0.0932
0.4011,pi,6.2800,4.2731,0.0923,0.0923
0.4061,pi,6.2800,4.2730,0.0928,0.0928
0.4111,pi,6.2800,4.2729,0.0933,0.0933
0.4160,pi,6.2800,4.2865,0.0935,0.0935
0.4211,pi,6.2800,4.3432,0.0929,0.0929
0.4261,pi,6.2800,4.3289,0.0936,0.0936
0.4311,pi,6.2800,4.3313,0.0941,0.0941
0.4363,pi,6.2800,4.3697,0.0938,0.0938
0.4412,pi,6.2800,4.4004,0.0937,0.0937
0.4467,pi,6.2800,4.4246,0.0937,0.0937
0.4516,pi,6.2800,4.4440,0.0937,0.0937
0.4563,pi,6.2800,4.4597,0.0939,0.0939
0.4611,pi,6.2800,4.4725,0.0941,0.0941
0.4661,pi,6.2800,4.4827,0.0943,0.0943
0.4711,pi,6.2800,4.4406,0.0956,0.0956
0.4761,pi,6.2800,4.4206,0.0965,0.0965
0.4811,pi,6.2800,4.4505,0.0963,0.0963
0.4861,pi,6.2800,4.4743,0.0963,0.0963
0.4911,pi,6.2800,4.4934,0.0964,0.0964
0.4961,pi,6.2800,4.5089,0.0965,0.0965
0.5011,pi,6.2800,4.5216,0.0967,0.0967
0.5061,pi,6.2800,4.4857,0.0979,0.0979
0.5111,pi,6.2800,4.4933,0.0982,0.0982
0.5161,pi,6.2800,4.4994,0.0985,0.0985
0.5210,pi,6.2800,4.5134,0.0987,0.0987
0.5261,pi,6.2800,4.5704,0.0980,0.0980
0.5311,pi,6.2800,4.6160,0.0975,0.0975
0.5362,pi,6.2800,4.5976,0.0983,0.0983
0.5411,pi,6.2800,4.5828,0.0990,0.0990
0.5461,pi,6.2800,4.5708,0.0996,0.0996
0.5511,pi,6.2800,4.5613,0.1003,0.1003
0.5560,pi,6.2800,4.5628,0.1007,0.1007
0.5611,pi,6.2800,4.6099,0.1001,0.1001
0.5661,pi,6.2800,4.6476,0.0998,0.0998
0.5711,pi,6.2800,4.6778,0.0996,0.0996
0.5761,pi,6.2800,4.6468,0.1006,0.1006
0.5811,pi,6.2800,4.6221,0.1015,0.1015
0.5861,pi,6.2800,4.6116,0.1022,0.1022
0.5911,pi,6.2800,4.6490,0.1018,0.1018
0.5961,pi,6.2800,4.6789,0.1016,0.1016
0.6011,pi,6.2800,4.6981,0.1017,0.1017
0.6061,pi,6.2800,4.7135,0.1017,0.1017
0.6111,pi,6.2800,4.7256,0.1019,0.1019
0.6161,pi,6.2800,4.6851,0.1031,0.1031
0.6212,pi,6.2800,4.6524,0.1041,0.1041
0.6261,pi,6.2800,4.6768,0.1041,0.1041
0.6311,pi,6.2800,4.7010,0.1040,0.1040
0.6361,pi,6.2800,4.7207,0.1040,0.1040
0.6411,pi,6.2800,4.7363,0.1041,0.1041
0.6462,pi,6.2800,4.7434,0.1043,0.1043
0.6511,pi,6.2800,4.7496,0.1046,0.1046
0.6561,pi,6.2800,4.7547,0.1048,0.1048
0.6611,pi,6.2800,4.7633,0.1051,0.1051
0.6661,pi,6.2800,4.7703,0.1053,0.1053
0.6711,pi,6.2800,4.8216,0.1046,0.1046
0.6761,pi,6.2800,4.8627,0.1042,0.1042
0.6811,pi,6.2800,4.8957,0.1039,0.1039
0.6861,pi,6.2800,4.9218,0.1037,0.1037
0.6910,pi,6.2800,4.9427,0.1036,0.1036
0.6961,pi,6.2800,4.9594,0.1036,0.1036
0.7011,pi,6.2800,4.9734,0.1037,0.1037
0.7061,pi,6.2800,4.9842,0.1038,0.1038
0.7111,pi,6.2800,4.9928,0.1039,0.1039
0.7161,pi,6.2800,4.9997,0.1041,0.1041
0.7211,pi,6.2800,5.0051,0.1043,0.1043
0.7261,pi,6.2800,5.0094,0.1046,0.1046
0.7311,pi,6.2800,5.0127,0.1048,0.1048
0.7361,pi,6.2800,5.0152,0.1051,0.1051
0.7411,pi,6.2800,5.0173,0.1054,0.1054
0.7461,pi,6.2800,5.0190,0.1056,0.1056
0.7511,pi,6.2800,5.0205,0.1059,0.1059
0.7561,pi,6.2800,5.0217,0.1062,0.1062
0.7611,pi,6.2800,5.0226,0.1065,0.1065
0.7661,pi,6.2800,5.0234,0.1068,0.1068
0.7712,pi,6.2800,5.0241,0.1071,0.1071
0.7762,pi,6.2800,5.0243,0.1074,0.1074
0.7811,pi,6.2800,5.0246,0.1077,0.1077
0.7861,pi,6.2800,5.0250,0.1080,0.1080
0.7911,pi,6.2800,5.0252,0.1083,0.1083
0.7960,pi,6.2800,5.0254,0.1087,0.1087
0.8011,pi,6.2800,5.0256,0.1090,0.1090
0.8061,pi,6.2800,5.0257,0.1093,0.1093
0.8111,pi,6.2800,5.0258,0.1096,0.1096
0.8160,pi,6.2800,5.0258,0.1099,0.1099
0.8211,pi,6.2800,5.0259,0.1102,0.1102
0.8261,pi,6.2800,5.0259,0.1105,0.1105
0.8311,pi,6.2800,5.0261,0.1108,0.1108
0.8361,pi,6.2800,5.0261,0.1111,0.1111
0.8410,pi,6.2800,5.0262,0.1115,0.1115
0.8461,pi,6.2800,5.0262,0.1118,0.1118
0.8513,pi,6.2800,5.0259,0.1121,0.1121
0.8562,pi,6.2800,5.0258,0.1124,0.1124
0.8613,pi,6.2800,5.0735,0.1118,0.1118
0.8661,pi,6.2800,5.1124,0.1113,0.1113
0.8710,pi,6.2800,5.1407,0.1110,0.1110
0.8762,pi,6.2800,5.1637,0.1108,0.1108
0.8812,pi,6.2800,5.1863,0.1107,0.1107
0.8864,pi,6.2800,5.2042,0.1106,0.1106
0.8915,pi,6.2800,5.2183,0.1106,0.1106
0.8961,pi,6.2800,5.2300,0.1106,0.1106
0.9010,pi,6.2800,5.2351,0.1108,0.1108
0.9060,pi,6.2800,5.2852,0.1100,0.1100
0.9111,pi,6.2800,5.3253,0.1095,0.1095
0.9161,pi,6.2800,5.3149,0.1099,0.1099
0.9211,pi,6.2800,5.3074,0.1103,0.1103
0.9261,pi,6.2800,5.3015,0.1107,0.1107
0.9311,pi,6.2800,5.2919,0.1111,0.1111
0.9368,pi,6.2800,5.2887,0.1114,0.1114
0.9418,pi,6.2800,5.2849,0.1117,0.1117
0.9463,pi,6.2800,5.2835,0.1120,0.1120
0.9511,pi,6.2800,5.2822,0.1123,0.1123
0.9561,pi,6.2800,5.2805,0.1126,0.1126
0.9610,pi,6.2800,5.2756,0.1129,0.1129
0.9661,pi,6.2800,5.2714,0.1133,0.1133
0.9712,pi,6.2800,5.2726,0.1135,0.1135
0.9761,pi,6.2800,5.2736,0.1137,0.1137
0.9811,pi,6.2800,5.2697,0.1140,0.1140
0.9864,pi,6.2800,5.2664,0.1144,0.1144
0.9918,pi,6.2800,5.2646,0.1147,0.1147
0.9963,pi,6.2800,5.2645,0.1149,0.1149
1.0010,pi,6.2800,5.3086,0.1143,0.1143
1.0060,pi,6.2800,5.3437,0.1138,0.1138
1.0111,pi,6.2800,5.3305,0.1143,0.1143
1.0162,pi,6.2800,5.3199,0.1148,0.1148
1.0210,pi,6.2800,5.3068,0.1153,0.1153
1.0261,pi,6.2800,5.2966,0.1157,0.1157
1.0312,pi,6.2800,5.2928,0.1160,0.1160
1.0361,pi,6.2800,5.2851,0.1164,0.1164
1.0412,pi,6.2800,5.3252,0.1159,0.1159
1.0467,pi,6.2800,5.3658,0.1153,0.1153
1.0514,pi,6.2800,5.3477,0.1159,0.1159
1.0568,pi,6.2800,5.3330,0.1164,0.1164
1.0612,pi,6.2800,5.3216,0.1169,0.1169
1.0661,pi,6.2800,5.3129,0.1173,0.1173
1.0710,pi,6.2800,5.3013,0.1178,0.1178
1.0761,pi,6.2800,5.3379,0.1173,0.1173
1.0811,pi,6.2800,5.3669,0.1170,0.1170
1.0861,pi,6.2800,5.3903,0.1167,0.1167
1.0911,pi,6.2800,5.4090,0.1166,0.1166
1.0961,pi,6.2800,5.3781,0.1174,0.1174
1.1012,pi,6.2800,5.4073,0.1170,0.1170
1.1063,pi,6.2800,5.4227,0.1170,0.1170
1.1117,pi,6.2800,5.4439,0.1167,0.1167
1.1163,pi,6.2800,5.4606,0.1166,0.1166
1.1211,pi,6.2800,5.4741,0.1166,0.1166
1.1261,pi,6.2800,5.5217,0.1158,0.1158
1.1311,pi,6.2800,5.5140,0.1161,0.1161
1.1361,pi,6.2800,5.5079,0.1165,0.1165
1.1412,pi,6.2800,5.5118,0.1166,0.1166
1.1461,pi,6.2800,5.5063,0.1169,0.1169
1.1511,pi,6.2800,5.5474,0.1162,0.1162
1.1562,pi,6.2800,5.5363,0.1167,0.1167
1.1610,pi,6.2800,5.5258,0.1171,0.1171
1.1661,pi,6.2800,5.5178,0.1174,0.1174
1.1711,pi,6.2800,5.5112,0.1177,0.1177
1.1761,pi,6.2800,5.5147,0.1178,0.1178
1.1811,pi,6.2800,5.5176,0.1180,0.1180
1.1861,pi,6.2800,5.5198,0.1181,0.1181
1.1910,pi,6.2800,5.5126,0.1185,0.1185
1.1961,pi,6.2800,5.5073,0.1188,0.1188
1.2011,pi,6.2800,5.5025,0.1190,0.1190
1.2062,pi,6.2800,5.4574,0.1201,0.1201
1.2111,pi,6.2800,5.4716,0.1201,0.1201
1.2160,pi,6.2800,5.4740,0.1202,0.1202
1.2211,pi,6.2800,5.4760,0.1204,0.1204
1.2261,pi,6.2800,5.4866,0.1204,0.1204
1.2311,pi,6.2800,5.4859,0.1206,0.1206
1.2361,pi,6.2800,5.4854,0.1208,0.1208
1.2413,pi,6.2800,5.4939,0.1208,0.1208
1.2461,pi,6.2800,5.5003,0.1209,0.1209
1.2511,pi,6.2800,5.4970,0.1211,0.1211
1.2560,pi,6.2800,5.5402,0.1205,0.1205
1.2611,pi,6.2800,5.5749,0.1200,0.1200
1.2661,pi,6.2800,5.5656,0.1203,0.1203
1.2711,pi,6.2800,5.6086,0.1196,0.1196
1.2761,pi,6.2800,5.5927,0.1201,0.1201
1.2811,pi,6.2800,5.5709,0.1207,0.1207
1.2861,pi,6.2800,5.5625,0.1211,0.1211
1.2910,pi,6.2800,5.5926,0.1207,0.1207
1.2961,pi,6.2800,5.6168,0.1204,0.1204
1.3012,pi,6.2800,5.6490,0.1199,0.1199
1.3061,pi,6.2800,5.6751,0.1195,0.1195
1.3111,pi,6.2800,5.6961,0.1192,0.1192
1.3161,pi,6.2800,5.6992,0.1193,0.1193
1.3211,pi,6.2800,5.6651,0.1202,0.1202
1.3261,pi,6.2800,5.6875,0.1199,0.1199
1.3311,pi,6.2800,5.7060,0.1196,0.1196
1.3361,pi,6.2800,5.7071,0.1198,0.1198
1.3411,pi,6.2800,5.6715,0.1206,0.1206
1.3461,pi,6.2800,5.6933,0.1203,0.1203
1.3511,pi,6.2800,5.6970,0.1204,0.1204
1.3561,pi,6.2800,5.6634,0.1212,0.1212
1.3611,pi,6.2800,5.6364,0.1219,0.1219
1.3660,pi,6.2800,5.6515,0.1218,0.1218
1.3711,pi,6.2800,5.6637,0.1217,0.1217
1.3761,pi,6.2800,5.6735,0.1216,0.1216
1.3812,pi,6.2800,5.6445,0.1224,0.1224
1.3861,pi,6.2800,5.6717,0.1220,0.1220
1.3911,pi,6.2800,5.6934,0.1217,0.1217
1.3961,pi,6.2800,5.6604,0.1225,0.1225
1.4012,pi,6.2800,5.6340,0.1232,0.1232
1.4060,pi,6.2800,5.6496,0.1230,0.1230
1.4111,pi,6.2800,5.6621,0.1230,0.1230
1.4161,pi,6.2800,5.6354,0.1236,0.1236
1.4210,pi,6.2800,5.6508,0.1235,0.1235
1.4262,pi,6.2800,5.6767,0.1231,0.1231
1.4312,pi,6.2800,5.6971,0.1229,0.1229
1.4365,pi,6.2800,5.6630,0.1237,0.1237
1.4414,pi,6.2800,5.6859,0.1234,0.1234
1.4464,pi,6.2800,5.7047,0.1232,0.1232
1.4511,pi,6.2800,5.7197,0.1230,0.1230
1.4560,pi,6.2800,5.7639,0.1223,0.1223
1.4611,pi,6.2800,5.7672,0.1223,0.1223
1.4661,pi,6.2800,5.7562,0.1227,0.1227
1.4711,pi,6.2800,5.7105,0.1237,0.1237
1.4761,pi,6.2800,5.7108,0.1239,0.1239
1.4811,pi,6.2800,5.7108,0.1240,0.1240
1.4861,pi,6.2800,5.7571,0.1232,0.1232
1.4912,pi,6.2800,5.7939,0.1226,0.1226
1.4966,pi,6.2800,5.7905,0.1228,0.1228
1.5016,pi,6.2800,5.7880,0.1230,0.1230
1.5066,pi,6.2800,5.7859,0.1231,0.1231
1.5110,pi,6.2800,5.7845,0.1233,0.1233
1.5160,pi,6.2800,5.7701,0.1237,0.1237
1.5210,pi,6.2800,5.7584,0.1241,0.1241
1.5261,pi,6.2800,5.7950,0.1235,0.1235
1.5312,pi,6.2800,5.7921,0.1237,0.1237
1.5363,pi,6.2800,5.7393,0.1248,0.1248
1.5413,pi,6.2800,5.7473,0.1248,0.1248
1.5464,pi,6.2800,5.7402,0.1251,0.1251
1.5511,pi,6.2800,5.7351,0.1253,0.1253
1.5560,pi,6.2800,5.7769,0.1246,0.1246
1.5610,pi,6.2800,5.7645,0.1250,0.1250
1.5661,pi,6.2800,5.7543,0.1253,0.1253
1.5712,pi,6.2800,5.8091,0.1244,0.1244
1.5761,pi,6.2800,5.8352,0.1240,0.1240
1.5811,pi,6.2800,5.8242,0.1243,0.1243
1.5861,pi,6.2800,5.8476,0.1239,0.1239
1.5911,pi,6.2800,5.8665,0.1237,0.1237
1.5961,pi,6.2800,5.8362,0.1244,0.1244
1.6011,pi,6.2800,5.8116,0.1250,0.1250
1.6061,pi,6.2800,5.8053,0.1252,0.1252
1.6111,pi,6.2800,5.8003,0.1254,0.1254
1.6161,pi,6.2800,5.8284,0.1250,0.1250
1.6211,pi,6.2800,5.8507,0.1247,0.1247
1.6261,pi,6.2800,5.8366,0.1251,0.1251
1.6311,pi,6.2800,5.8572,0.1247,0.1247
1.6362,pi,6.2800,5.8416,0.1252,0.1252
1.6411,pi,6.2800,5.8293,0.1255,0.1255
1.6461,pi,6.2800,5.8694,0.1248,0.1248
1.6510,pi,6.2800,5.8836,0.1247,0.1247
1.6561,pi,6.2800,5.8627,0.1252,0.1252
1.6611,pi,6.2800,5.8956,0.1246,0.1246
1.6661,pi,6.2800,5.8723,0.1252,0.1252
1.6711,pi,6.2800,5.9041,0.1246,0.1246
1.6761,pi,6.2800,5.9296,0.1242,0.1242
1.6811,pi,6.2800,5.8997,0.1249,0.1249
1.6860,pi,6.2800,5.8622,0.1258,0.1258
1.6911,pi,6.2800,5.8961,0.1252,0.1252
1.6961,pi,6.2800,5.9050,0.1251,0.1251
1.7011,pi,6.2800,5.8798,0.1257,0.1257
1.7060,pi,6.2800,5.8918,0.1256,0.1256
1.7112,pi,6.2800,5.9016,0.1255,0.1255
1.7163,pi,6.2800,5.8770,0.1260,0.1260
1.7211,pi,6.2800,5.8576,0.1265,0.1265
1.7261,pi,6.2800,5.8285,0.1272,0.1272
1.7314,pi,6.2800,5.8689,0.1265,0.1265
1.7365,pi,6.2800,5.9007,0.1260,0.1260
1.7411,pi,6.2800,5.8766,0.1266,0.1266
1.7460,pi,6.2800,5.8896,0.1264,0.1264
1.7511,pi,6.2800,5.9000,0.1263,0.1263
1.7561,pi,6.2800,5.9540,0.1253,0.1253
1.7611,pi,6.2800,5.9514,0.1255,0.1255
1.7661,pi,6.2800,5.9495,0.1256,0.1256
1.7711,pi,6.2800,5.9481,0.1257,0.1257
1.7762,pi,6.2800,5.9648,0.1254,0.1254
1.7811,pi,6.2800,5.9598,0.1256,0.1256
1.7861,pi,6.2800,5.9564,0.1258,0.1258
1.7914,pi,6.2800,5.9710,0.1255,0.1255
1.7967,pi,6.2800,5.9321,0.1264,0.1264
1.8012,pi,6.2800,5.9517,0.1261,0.1261
1.8061,pi,6.2800,5.9173,0.1269,0.1269
1.8111,pi,6.2800,5.9219,0.1269,0.1269
1.8161,pi,6.2800,5.9438,0.1265,0.1265
1.8211,pi,6.2800,5.9614,0.1262,0.1262
1.8261,pi,6.2800,6.0029,0.1255,0.1255
1.8311,pi,6.2800,5.9906,0.1258,0.1258
1.8361,pi,6.2800,6.0265,0.1252,0.1252
1.8411,pi,6.2800,6.0093,0.1256,0.1256
1.8461,pi,6.2800,5.9963,0.1259,0.1259
1.8511,pi,6.2800,5.9858,0.1262,0.1262
1.8561,pi,6.2800,5.9770,0.1264,0.1264
1.8611,pi,6.2800,5.9374,0.1273,0.1273
1.8661,pi,6.2800,5.9380,0.1274,0.1274
1.8711,pi,6.2800,5.9564,0.1271,0.1271
1.8761,pi,6.2800,5.9212,0.1279,0.1279
1.8811,pi,6.2800,5.9431,0.1275,0.1275
1.8861,pi,6.2800,5.9106,0.1283,0.1283
1.8912,pi,6.2800,5.8846,0.1289,0.1289
1.8961,pi,6.2800,5.9137,0.1284,0.1284
1.9011,pi,6.2800,5.9373,0.1280,0.1280
1.9061,pi,6.2800,5.9057,0.1287,0.1287
1.9111,pi,6.2800,5.9126,0.1287,0.1287
1.9162,pi,6.2800,5.8862,0.1293,0.1293
1.9211,pi,6.2800,5.8969,0.1292,0.1292
1.9261,pi,6.2800,5.9238,0.1287,0.1287
1.9311,pi,6.2800,5.9273,0.1288,0.1288
1.9361,pi,6.2800,5.9480,0.1284,0.1284
1.9411,pi,6.2800,5.9465,0.1286,0.1286
1.9461,pi,6.2800,5.9454,0.1287,0.1287
1.9510,pi,6.2800,5.9447,0.1288,0.1288
1.9561,pi,6.2800,5.9438,0.1289,0.1289
1.9611,pi,6.2800,5.9613,0.1286,0.1286
1.9661,pi,6.2800,5.9754,0.1284,0.1284
1.9710,pi,6.2800,5.9686,0.1286,0.1286
1.9763,pi,6.2800,5.9805,0.1284,0.1284
1.9829,pi,6.2800,5.9894,0.1283,0.1283
1.9877,pi,6.2800,5.8972,0.1303,0.1303
1.9925,pi,6.2800,5.8228,0.1318,0.1318
1.9974,pi,6.2800,5.8121,0.1322,0.1322
2.0019,pi,6.2800,5.7552,0.1334,0.1334
2.0063,pi,6.2800,5.7088,0.1345,0.1345
2.0112,pi,6.2800,5.6726,0.1354,0.1354
2.0162,pi,6.2800,5.6435,0.1361,0.1361
2.0211,pi,6.2800,5.6706,0.1357,0.1357
2.0261,pi,6.2800,5.6784,0.1357,0.1357
2.0312,pi,6.2800,5.6401,0.1366,0.1366
2.0362,pi,6.2800,5.6553,0.1365,0.1365
2.0412,pi,6.2800,5.7585,0.1346,0.1346
2.0462,pi,6.2800,5.8412,0.1330,0.1330
2.0512,pi,6.2800,5.8627,0.1327,0.1327
2.0562,pi,6.2800,5.9244,0.1316,0.1316
2.0612,pi,6.2800,5.9740,0.1307,0.1307
2.0664,pi,6.2800,6.0355,0.1295,0.1295
2.0716,pi,6.2800,6.0339,0.1296,0.1296
2.0766,pi,6.2800,6.0831,0.1287,0.1287
2.0815,pi,6.2800,6.1221,0.1280,0.1280
2.0864,pi,6.2800,6.1536,0.1274,0.1274
2.0920,pi,6.2800,6.1280,0.1279,0.1279
2.0964,pi,6.2800,6.1578,0.1274,0.1274
2.1038,pi,6.2800,6.1817,0.1269,0.1269
2.1090,pi,6.2800,6.1514,0.1275,0.1275
2.1147,pi,6.2800,6.1773,0.1271,0.1271
2.1201,pi,6.2800,6.1476,0.1277,0.1277
2.1246,pi,6.2800,6.1740,0.1272,0.1272
2.1290,pi,6.2800,6.1367,0.1280,0.1280
2.1332,pi,6.2800,6.1435,0.1279,0.1279
2.1371,pi,6.2800,6.1495,0.1278,0.1278
2.1415,pi,6.2800,6.1084,0.1286,0.1286
2.1460,pi,6.2800,6.1217,0.1284,0.1284
2.1511,pi,6.2800,6.0870,0.1291,0.1291
2.1561,pi,6.2800,6.1050,0.1288,0.1288
2.1612,pi,6.2800,6.1186,0.1286,0.1286
2.1661,pi,6.2800,6.1296,0.1284,0.1284
2.1711,pi,6.2800,6.1390,0.1283,0.1283
2.1762,pi,6.2800,6.1007,0.1291,0.1291
2.1811,pi,6.2800,6.1222,0.1287,0.1287
2.1862,pi,6.2800,6.0861,0.1294,0.1294
2.1911,pi,6.2800,6.0573,0.1301,0.1301
2.1961,pi,6.2800,6.0799,0.1297,0.1297
2.2011,pi,6.2800,6.0701,0.1299,0.1299
2.2062,pi,6.2800,6.0623,0.1301,0.1301
2.2111,pi,6.2800,6.0561,0.1303,0.1303
2.2160,pi,6.2800,6.0788,0.1299,0.1299
2.2211,pi,6.2800,6.0694,0.1301,0.1301
2.2261,pi,6.2800,6.0618,0.1304,0.1304
2.2311,pi,6.2800,6.0557,0.1305,0.1305
2.2361,pi,6.2800,6.0509,0.1307,0.1307
2.2410,pi,6.2800,6.0747,0.1303,0.1303
2.2461,pi,6.2800,6.0661,0.1305,0.1305
2.2510,pi,6.2800,6.0867,0.1301,0.1301
2.2561,pi,6.2800,6.1033,0.1298,0.1298
2.2612,pi,6.2800,6.0708,0.1305,0.1305
2.2662,pi,6.2800,6.0121,0.1318,0.1318
2.2713,pi,6.2800,6.0159,0.1318,0.1318
2.2760,pi,6.2800,6.0007,0.1321,0.1321
2.2811,pi,6.2800,6.0345,0.1315,0.1315
2.2861,pi,6.2800,6.0158,0.1320,0.1320
2.2911,pi,6.2800,5.9686,0.1330,0.1330
2.2961,pi,6.2800,5.9310,0.1338,0.1338
2.3011,pi,6.2800,5.8506,0.1355,0.1355
2.3061,pi,6.2800,5.7862,0.1369,0.1369
2.3111,pi,6.2800,5.7256,0.1382,0.1382
2.3161,pi,6.2800,5.6773,0.1393,0.1393
2.3211,pi,6.2800,5.6389,0.1402,0.1402
2.3261,pi,6.2800,5.5163,0.1429,0.1429
2.3311,pi,6.2800,5.3681,0.1460,0.1460
2.3361,pi,6.2800,5.1991,0.1496,0.1496
2.3410,pi,6.2800,5.0733,0.1524,0.1524
2.3461,pi,6.2800,4.9268,0.1556,0.1556
2.3511,pi,6.2800,4.7456,0.1596,0.1596
2.3561,pi,6.2800,4.6006,0.1629,0.1629
2.3611,pi,6.2800,4.4118,0.1671,0.1671
2.3661,pi,6.2800,4.2607,0.1706,0.1706
2.3711,pi,6.2800,4.0620,0.1750,0.1750
2.3760,pi,6.2800,3.8893,0.1791,0.1791
2.3812,pi,6.2800,3.6630,0.1842,0.1842
2.3861,pi,6.2800,3.5340,0.1874,0.1874
2.3911,pi,6.2800,3.3288,0.1922,0.1922
2.3960,pi,6.2800,3.1665,0.1962,0.1962
2.4011,pi,6.2800,3.0357,0.1996,0.1996
2.4061,pi,6.2800,2.8306,0.2045,0.2045
2.4111,pi,6.2800,2.7168,0.2076,0.2076
2.4161,pi,6.2800,2.5755,0.2113,0.2113
2.4211,pi,6.2800,2.4626,0.2145,0.2145
2.4261,pi,6.2800,2.3217,0.2183,0.2183
2.4311,pi,6.2800,2.2230,0.2213,0.2213
2.4363,pi,6.2800,2.1898,0.2229,0.2229
2.4412,pi,6.2800,2.1171,0.2254,0.2254
2.4461,pi,6.2800,2.1053,0.2267,0.2267
2.4511,pi,6.2800,2.0497,0.2289,0.2289
2.4561,pi,6.2800,2.0054,0.2308,0.2308
2.4611,pi,6.2800,2.0156,0.2317,0.2317
2.4661,pi,6.2800,2.0146,0.2328,0.2328
2.4710,pi,6.2800,1.9636,0.2348,0.2348
2.4760,pi,6.2800,1.9365,0.2365,0.2365
2.4811,pi,6.2800,1.9148,0.2380,0.2380
2.4861,pi,6.2800,1.8836,0.2397,0.2397
2.4910,pi,6.2800,1.8268,0.2419,0.2419
2.4961,pi,6.2800,1.7815,0.2439,0.2439
2.5011,pi,6.2800,1.7267,0.2462,0.2462
2.5061,pi,6.2800,1.6326,0.2492,0.2492
2.5111,pi,6.2800,1.5072,0.2529,0.2529
2.5160,pi,6.2800,1.3885,0.2564,0.2564
2.5210,pi,6.2800,1.2480,0.2605,0.2605
2.5261,pi,6.2800,1.1492,0.2637,0.2637
2.5311,pi,6.2800,1.0701,0.2666,0.2666
2.5360,pi,6.2800,0.9931,0.2694,0.2694
2.5411,pi,6.2800,0.8950,0.2727,0.2727
2.5461,pi,6.2800,0.7665,0.2766,0.2766
2.5510,pi,6.2800,0.6633,0.2800,0.2800
2.5560,pi,6.2800,0.5764,0.2832,0.2832
2.5611,pi,6.2800,0.5113,0.2859,0.2859
2.5660,pi,6.2800,0.4548,0.2885,0.2885
2.5711,pi,6.2800,0.4141,0.2908,0.2908
2.5761,pi,6.2800,0.3313,0.2939,0.2939
2.5810,pi,6.2800,0.2650,0.2967,0.2967
2.5861,pi,6.2800,0.2120,0.2993,0.2993
2.5911,pi,6.2800,0.1696,0.3016,0.3016
2.5961,pi,6.2800,0.1357,0.3038,0.3038
2.6010,pi,6.2800,0.1085,0.3059,0.3059
2.6060,pi,6.2800,0.0869,0.3079,0.3079
2.6111,pi,6.2800,0.0695,0.3098,0.3098
2.6160,pi,6.2800,0.0556,0.3116,0.3116
2.6211,pi,6.2800,0.0445,0.3134,0.3134
2.6260,pi,6.2800,0.0356,0.3151,0.3151
2.6311,pi,6.2800,0.0285,0.3168,0.3168
2.6361,pi,6.2800,0.0227,0.3185,0.3185
2.6410,pi,6.2800,0.0182,0.3202,0.3202
2.6461,pi,6.2800,0.0146,0.3218,0.3218
2.6510,pi,6.2800,0.0117,0.3234,0.3234
2.6561,pi,6.2800,0.0093,0.3250,0.3250
2.6610,pi,6.2800,0.0075,0.3266,0.3266
2.6661,pi,6.2800,0.0060,0.3282,0.3282
2.6711,pi,6.2800,0.0048,0.3298,0.3298
2.6761,pi,6.2800,0.0038,0.3314,0.3314
2.6810,pi,6.2800,0.0031,0.3330,0.3330
2.6861,pi,6.2800,0.0024,0.3346,0.3346
2.6911,pi,6.2800,0.0020,0.3362,0.3362
2.6961,pi,6.2800,0.0016,0.3377,0.3377
2.7010,pi,6.2800,0.0013,0.3393,0.3393
2.7061,pi,6.2800,0.0010,0.3409,0.3409
2.7111,pi,6.2800,0.0008,0.3425,0.3425
2.7161,pi,6.2800,0.0006,0.3440,0.3440
2.7210,pi,6.2800,0.0005,0.3456,0.3456
2.7261,pi,6.2800,0.0004,0.3472,0.3472
2.7311,pi,6.2800,0.0003,0.3488,0.3488
2.7361,pi,6.2800,0.0003,0.3503,0.3503
2.7410,pi,6.2800,0.0002,0.3519,0.3519
2.7460,pi,6.2800,0.0002,0.3535,0.3535
2.7511,pi,6.2800,0.0001,0.3550,0.3550
2.7561,pi,6.2800,0.0001,0.3566,0.3566
2.7611,pi,6.2800,0.0001,0.3582,0.3582
2.7661,pi,6.2800,0.0001,0.3597,0.3597
2.7710,pi,6.2800,0.0001,0.3613,0.3613
2.7761,pi,6.2800,0.0000,0.3629,0.3629
2.7811,pi,6.2800,0.0000,0.3645,0.3645
2.7860,pi,6.2800,0.0000,0.3660,0.3660
2.7911,pi,6.2800,0.0000,0.3676,0.3676
2.7960,pi,6.2800,0.0000,0.3692,0.3692
2.8010,pi,6.2800,0.0000,0.3707,0.3707
2.8060,pi,6.2800,0.0000,0.3723,0.3723
2.8111,pi,6.2800,0.0000,0.3739,0.3739
2.8160,pi,6.2800,0.0000,0.3754,0.3754
2.8211,pi,6.2800,0.0000,0.3770,0.3770
2.8260,pi,6.2800,0.0000,0.3786,0.3786
2.8311,pi,6.2800,0.0000,0.3802,0.3802
2.8361,pi,6.2800,0.0000,0.3817,0.3817
2.8410,pi,6.2800,0.0000,0.3833,0.3833
2.8460,pi,6.2800,0.0000,0.3849,0.3849
2.8510,pi,6.2800,0.0000,0.3864,0.3864
2.8561,pi,6.2800,0.0000,0.3880,0.3880
2.8610,pi,6.2800,0.0000,0.3896,0.3896
2.8661,pi,6.2800,0.0000,0.3911,0.3911
2.8710,pi,6.2800,0.0000,0.3927,0.3927
2.8761,pi,6.2800,0.0000,0.3943,0.3943
2.8811,pi,6.2800,0.0000,0.3959,0.3959
2.8860,pi,6.2800,0.0000,0.3974,0.3974
2.8911,pi,6.2800,0.0000,0.3990,0.3990
2.8961,pi,6.2800,0.0000,0.4006,0.4006
2.9011,pi,6.2800,0.0000,0.4021,0.4021
2.9061,pi,6.2800,0.0000,0.4037,0.4037
2.9111,pi,6.2800,0.0000,0.4053,0.4053
2.9161,pi,6.2800,0.0000,0.4068,0.4068
2.9211,pi,6.2800,0.0000,0.4084,0.4084
2.9261,pi,6.2800,0.0000,0.4100,0.4100
2.9311,pi,6.2800,0.0000,0.4116,0.4116
2.9361,pi,6.2800,0.0000,0.4131,0.4131
2.9411,pi,6.2800,0.0000,0.4147,0.4147
2.9461,pi,6.2800,0.0000,0.4163,0.4163
2.9511,pi,6.2800,0.0000,0.4178,0.4178
2.9560,pi,6.2800,0.0000,0.4194,0.4194
2.9611,pi,6.2800,0.0000,0.4210,0.4210
2.9661,pi,6.2800,0.0000,0.4226,0.4226
2.9711,pi,6.2800,0.0000,0.4241,0.4241
2.9761,pi,6.2800,0.0457,0.4248,0.4248
2.9811,pi,6.2800,0.0822,0.4256,0.4256
2.9862,pi,6.2800,0.1161,0.4265,0.4265
2.9911,pi,6.2800,0.1385,0.4276,0.4276
2.9961,pi,6.2800,0.1611,0.4287,0.4287
3.0010,pi,6.2800,0.1746,0.4299,0.4299
3.0061,pi,6.2800,0.1899,0.4311,0.4311
3.0111,pi,6.2800,0.2022,0.4324,0.4324
3.0161,pi,6.2800,0.2075,0.4338,0.4338
3.0211,pi,6.2800,0.2162,0.4352,0.4352
3.0261,pi,6.2800,0.2187,0.4366,0.4366
3.0311,pi,6.2800,0.1749,0.4390,0.4390
3.0361,pi,6.2800,0.1399,0.4412,0.4412
3.0411,pi,6.2800,0.1119,0.4433,0.4433
3.0461,pi,6.2800,0.0896,0.4453,0.4453
3.0511,pi,6.2800,0.0716,0.4472,0.4472
3.0560,pi,6.2800,0.0573,0.4491,0.4491
3.0611,pi,6.2800,0.0459,0.4509,0.4509
3.0661,pi,6.2800,0.0366,0.4526,0.4526
3.0710,pi,6.2800,0.0293,0.4543,0.4543
3.0761,pi,6.2800,0.0235,0.4560,0.4560
3.0811,pi,6.2800,0.0188,0.4577,0.4577
3.0861,pi,6.2800,0.0150,0.4593,0.4593
3.0911,pi,6.2800,0.0120,0.4609,0.4609
3.0961,pi,6.2800,0.0096,0.4625,0.4625
3.1010,pi,6.2800,0.0077,0.4641,0.4641
3.1062,pi,6.2800,0.0061,0.4657,0.4657
3.1113,pi,6.2800,0.0049,0.4673,0.4673
3.1162,pi,6.2800,0.0039,0.4689,0.4689
3.1213,pi,6.2800,0.0031,0.4705,0.4705
3.1269,pi,6.2800,0.0025,0.4721,0.4721
3.1319,pi,6.2800,0.0020,0.4737,0.4737
3.1368,pi,6.2800,0.0016,0.4752,0.4752
3.1418,pi,6.2800,0.0013,0.4768,0.4768
3.1467,pi,6.2800,0.0010,0.4784,0.4784
3.1517,pi,6.2800,0.0008,0.4800,0.4800
3.1566,pi,6.2800,0.0007,0.4816,0.4816
3.1617,pi,6.2800,0.0005,0.4831,0.4831
3.1666,pi,6.2800,0.0004,0.4847,0.4847
3.1717,pi,6.2800,0.0003,0.4863,0.4863
3.1767,pi,6.2800,0.0003,0.4878,0.4878
3.1818,pi,6.2800,0.0002,0.4894,0.4894
3.1868,pi,6.2800,0.0002,0.4910,0.4910
3.1918,pi,6.2800,0.0001,0.4926,0.4926
3.1963,pi,6.2800,0.0001,0.4941,0.4941
3.2010,pi,6.2800,0.0001,0.4957,0.4957
3.2060,pi,6.2800,0.0001,0.4973,0.4973
3.2111,pi,6.2800,0.0001,0.4988,0.4988
3.2161,pi,6.2800,0.0000,0.5004,0.5004
3.2211,pi,6.2800,0.0000,0.5020,0.5020
3.2261,pi,6.2800,0.0000,0.5035,0.5035
3.2311,pi,6.2800,0.0000,0.5051,0.5051
3.2361,pi,6.2800,0.0000,0.5067,0.5067
3.2411,pi,6.2800,0.0000,0.5082,0.5082
3.2461,pi,6.2800,0.0000,0.5098,0.5098
3.2511,pi,6.2800,0.0000,0.5114,0.5114
3.2562,pi,6.2800,0.0000,0.5130,0.5130
3.2611,pi,6.2800,0.0000,0.5145,0.5145
3.2661,pi,6.2800,0.0000,0.5161,0.5161
3.2711,pi,6.2800,0.0000,0.5177,0.5177
3.2761,pi,6.2800,0.0000,0.5192,0.5192
3.2811,pi,6.2800,0.0000,0.5208,0.5208
3.2861,pi,6.2800,0.0000,0.5224,0.5224
3.2912,pi,6.2800,0.0000,0.5239,0.5239
3.2961,pi,6.2800,0.0000,0.5255,0.5255
3.3011,pi,6.2800,0.0000,0.5271,0.5271
3.3060,pi,6.2800,0.0000,0.5287,0.5287
3.3111,pi,6.2800,0.0000,0.5302,0.5302
3.3161,pi,6.2800,0.0000,0.5318,0.5318
3.3211,pi,6.2800,0.0000,0.5334,0.5334
3.3260,pi,6.2800,0.0000,0.5349,0.5349
3.3311,pi,6.2800,0.0000,0.5365,0.5365
3.3360,pi,6.2800,0.0000,0.5381,0.5381
3.3411,pi,6.2800,0.0000,0.5396,0.5396
3.3461,pi,6.2800,0.0000,0.5412,0.5412
3.3511,pi,6.2800,0.0000,0.5428,0.5428
3.3560,pi,6.2800,0.0000,0.5444,0.5444
3.3611,pi,6.2800,0.0000,0.5459,0.5459
3.3660,pi,6.2800,0.0000,0.5475,0.5475
3.3711,pi,6.2800,0.0000,0.5491,0.5491
3.3760,pi,6.2800,0.0000,0.5506,0.5506
3.3811,pi,6.2800,0.0000,0.5522,0.5522
3.3861,pi,6.2800,0.0000,0.5538,0.5538
3.3910,pi,6.2800,0.0000,0.5553,0.5553
3.3961,pi,6.2800,0.0000,0.5569,0.5569
3.4011,pi,6.2800,0.0000,0.5585,0.5585
3.4061,pi,6.2800,0.0000,0.5601,0.5601
3.4111,pi,6.2800,0.0000,0.5616,0.5616
3.4161,pi,6.2800,0.0000,0.5632,0.5632
3.4213,pi,6.2800,0.0000,0.5648,0.5648
3.4262,pi,6.2800,0.0000,0.5663,0.5663
3.4311,pi,6.2800,0.0000,0.5679,0.5679
3.4365,pi,6.2800,0.0000,0.5695,0.5695
3.4411,pi,6.2800,0.0000,0.5711,0.5711
3.4461,pi,6.2800,0.0000,0.5726,0.5726
3.4510,pi,6.2800,0.0000,0.5742,0.5742
3.4560,pi,6.2800,0.0000,0.5758,0.5758
3.4611,pi,6.2800,0.0000,0.5773,0.5773
3.4661,pi,6.2800,0.0000,0.5789,0.5789
3.4711,pi,6.2800,0.0000,0.5805,0.5805
3.4761,pi,6.2800,0.0000,0.5820,0.5820
3.4811,pi,6.2800,0.0000,0.5836,0.5836
3.4861,pi,6.2800,0.0000,0.5852,0.5852
3.4911,pi,6.2800,0.0000,0.5868,0.5868
3.4961,pi,6.2800,0.0000,0.5883,0.5883
3.5011,pi,6.2800,0.0000,0.5899,0.5899
3.5061,pi,6.2800,0.0000,0.5915,0.5915
3.5111,pi,6.2800,0.0000,0.5930,0.5930
3.5161,pi,6.2800,0.0000,0.5946,0.5946
3.5210,pi,6.2800,0.0000,0.5962,0.5962
3.5261,pi,6.2800,0.0000,0.5977,0.5977
3.5311,pi,6.2800,0.0000,0.5993,0.5993
3.5360,pi,6.2800,0.0000,0.6009,0.6009
3.5411,pi,6.2800,0.0000,0.6024,0.6024
3.5461,pi,6.2800,0.0000,0.6040,0.6040
3.5511,pi,6.2800,0.0000,0.6056,0.6056
3.5561,pi,6.2800,0.0000,0.6072,0.6072
3.5611,pi,6.2800,0.0000,0.6087,0.6087
3.5661,pi,6.2800,0.0000,0.6103,0.6103
3.5711,pi,6.2800,0.0000,0.6119,0.6119
3.5761,pi,6.2800,0.0000,0.6134,0.6134
3.5811,pi,6.2800,0.0000,0.6150,0.6150
3.5862,pi,6.2800,0.0000,0.6166,0.6166
3.5911,pi,6.2800,0.0000,0.6181,0.6181
3.5961,pi,6.2800,0.0000,0.6197,0.6197
3.6011,pi,6.2800,0.0000,0.6213,0.6213
3.6060,pi,6.2800,0.0000,0.6229,0.6229
3.6111,pi,6.2800,0.0000,0.6244,0.6244
3.6161,pi,6.2800,0.0000,0.6260,0.6260
3.6211,pi,6.2800,0.0000,0.6276,0.6276
3.6261,pi,6.2800,0.0000,0.6291,0.6291
3.6311,pi,6.2800,0.0000,0.6307,0.6307
3.6360,pi,6.2800,0.0000,0.6323,0.6323
3.6411,pi,6.2800,0.0000,0.6338,0.6338
3.6461,pi,6.2800,0.0000,0.6354,0.6354
3.6511,pi,6.2800,0.0000,0.6370,0.6370
3.6560,pi,6.2800,0.0000,0.6386,0.6386
3.6611,pi,6.2800,0.0000,0.6401,0.6401
3.6661,pi,6.2800,0.0000,0.6417,0.6417
3.6712,pi,6.2800,0.0000,0.6433,0.6433
3.6760,pi,6.2800,0.0000,0.6448,0.6448
3.6811,pi,6.2800,0.0000,0.6464,0.6464
3.6861,pi,6.2800,0.0000,0.6480,0.6480
3.6911,pi,6.2800,0.0000,0.6495,0.6495
3.6960,pi,6.2800,0.0000,0.6511,0.6511
3.7011,pi,6.2800,0.0000,0.6527,0.6527
3.7061,pi,6.2800,0.0000,0.6543,0.6543
3.7111,pi,6.2800,0.0000,0.6558,0.6558
3.7161,pi,6.2800,0.0000,0.6574,0.6574
3.7211,pi,6.2800,0.0000,0.6590,0.6590
3.7261,pi,6.2800,0.0000,0.6605,0.6605
3.7311,pi,6.2800,0.0000,0.6621,0.6621
3.7360,pi,6.2800,0.0000,0.6637,0.6637
3.7413,pi,6.2800,0.0000,0.6652,0.6652
3.7461,pi,6.2800,0.0000,0.6668,0.6668
3.7510,pi,6.2800,0.0000,0.6684,0.6684
3.7561,pi,6.2800,0.0000,0.6700,0.6700
3.7611,pi,6.2800,0.0000,0.6715,0.6715
3.7661,pi,6.2800,0.0000,0.6731,0.6731
3.7711,pi,6.2800,0.0000,0.6747,0.6747
3.7760,pi,6.2800,0.0000,0.6762,0.6762
3.7811,pi,6.2800,0.0000,0.6778,0.6778
3.7862,pi,6.2800,0.0000,0.6794,0.6794
3.7910,pi,6.2800,0.0000,0.6809,0.6809
3.7961,pi,6.2800,0.0000,0.6825,0.6825
3.8011,pi,6.2800,0.0000,0.6841,0.6841
3.8060,pi,6.2800,0.0000,0.6857,0.6857
3.8111,pi,6.2800,0.0000,0.6872,0.6872
3.8161,pi,6.2800,0.0000,0.6888,0.6888
3.8210,pi,6.2800,0.0000,0.6904,0.6904
3.8261,pi,6.2800,0.0000,0.6919,0.6919
3.8311,pi,6.2800,0.0000,0.6935,0.6935
3.8360,pi,6.2800,0.0000,0.6951,0.6951
3.8411,pi,6.2800,0.0000,0.6966,0.6966
3.8461,pi,6.2800,0.0000,0.6982,0.6982
3.8511,pi,6.2800,0.0000,0.6998,0.6998
3.8561,pi,6.2800,0.0000,0.7014,0.7014
3.8611,pi,6.2800,0.0000,0.7029,0.7029
3.8661,pi,6.2800,0.0000,0.7045,0.7045
3.8710,pi,6.2800,0.0000,0.7061,0.7061
3.8760,pi,6.2800,0.0000,0.7076,0.7076
3.8811,pi,6.2800,0.0000,0.7092,0.7092
3.8861,pi,6.2800,0.0000,0.7108,0.7108
3.8910,pi,6.2800,0.0000,0.7123,0.7123
3.8961,pi,6.2800,0.0000,0.7139,0.7139
3.9011,pi,6.2800,0.0000,0.7155,0.7155
3.9062,pi,6.2800,0.0000,0.7171,0.7171
3.9110,pi,6.2800,0.0000,0.7186,0.7186
3.9161,pi,6.2800,0.0000,0.7202,0.7202
3.9211,pi,6.2800,0.0000,0.7218,0.7218
3.9261,pi,6.2800,0.0000,0.7233,0.7233
3.9311,pi,6.2800,0.0000,0.7249,0.7249
3.9362,pi,6.2800,0.0000,0.7265,0.7265
3.9411,pi,6.2800,0.0000,0.7280,0.7280
3.9460,pi,6.2800,0.0000,0.7296,0.7296
3.9511,pi,6.2800,0.0000,0.7312,0.7312
3.9561,pi,6.2800,0.0000,0.7328,0.7328
3.9611,pi,6.2800,0.0000,0.7343,0.7343
3.9662,pi,6.2800,0.0000,0.7359,0.7359
3.9711,pi,6.2800,0.0000,0.7375,0.7375
3.9762,pi,6.2800,0.0000,0.7390,0.7390
3.9811,pi,6.2800,0.0000,0.7406,0.7406
3.9861,pi,6.2800,0.0000,0.7422,0.7422
3.9911,pi,6.2800,0.0000,0.7437,0.7437
3.9961,pi,6.2800,0.0000,0.7453,0.7453
4.0011,pi,6.2800,0.0000,0.7469,0.7469
4.0061,pi,6.2800,0.0000,0.7485,0.7485
4.0111,pi,6.2800,0.0000,0.7500,0.7500
4.0161,pi,6.2800,0.0000,0.7516,0.7516
4.0211,pi,6.2800,0.0000,0.7532,0.7532
4.0261,pi,6.2800,0.0000,0.7547,0.7547
4.0310,pi,6.2800,0.0000,0.7563,0.7563
4.0361,pi,6.2800,0.0000,0.7579,0.7579
4.0411,pi,6.2800,0.0000,0.7594,0.7594
4.0461,pi,6.2800,0.0000,0.7610,0.7610
4.0511,pi,6.2800,0.0000,0.7626,0.7626
4.0561,pi,6.2800,0.0000,0.7642,0.7642
4.0611,pi,6.2800,0.0000,0.7657,0.7657
4.0660,pi,6.2800,0.0000,0.7673,0.7673
4.0711,pi,6.2800,0.0000,0.7689,0.7689
4.0761,pi,6.2800,0.0000,0.7704,0.7704
4.0811,pi,6.2800,0.0000,0.7720,0.7720
4.0861,pi,6.2800,0.0000,0.7736,0.7736
4.0911,pi,6.2800,0.0000,0.7751,0.7751
4.0961,pi,6.2800,0.0000,0.7767,0.7767
4.1010,pi,6.2800,0.0000,0.7783,0.7783
4.1061,pi,6.2800,0.0000,0.7799,0.7799
4.1112,pi,6.2800,0.0000,0.7814,0.7814
4.1165,pi,6.2800,0.0000,0.7830,0.7830
4.1212,pi,6.2800,0.0000,0.7846,0.7846
4.1260,pi,6.2800,0.0000,0.7861,0.7861
4.1311,pi,6.2800,0.0000,0.7877,0.7877
4.1361,pi,6.2800,0.0000,0.7893,0.7893
4.1411,pi,6.2800,0.0000,0.7908,0.7908
4.1461,pi,6.2800,0.0000,0.7924,0.7924
4.1511,pi,6.2800,0.0000,0.7940,0.7940
4.1570,pi,6.2800,0.0000,0.7956,0.7956
4.1623,pi,6.2800,0.0000,0.7971,0.7971
4.1663,pi,6.2800,0.0000,0.7987,0.7987
4.1710,pi,6.2800,0.0000,0.8003,0.8003
4.1760,pi,6.2800,0.0000,0.8018,0.8018
4.1811,pi,6.2800,0.0000,0.8034,0.8034
4.1861,pi,6.2800,0.0000,0.8050,0.8050
4.1911,pi,6.2800,0.0000,0.8065,0.8065
4.1961,pi,6.2800,0.0000,0.8081,0.8081
4.2011,pi,6.2800,0.0000,0.8097,0.8097
4.2060,pi,6.2800,0.0000,0.8113,0.8113
4.2113,pi,6.2800,0.0000,0.8128,0.8128
4.2161,pi,6.2800,0.0000,0.8144,0.8144
4.2211,pi,6.2800,0.0000,0.8160,0.8160
4.2260,pi,6.2800,0.0000,0.8175,0.8175
4.2310,pi,6.2800,0.0000,0.8191,0.8191
4.2361,pi,6.2800,0.0000,0.8207,0.8207
4.2411,pi,6.2800,0.0000,0.8222,0.8222
4.2461,pi,6.2800,0.0000,0.8238,0.8238
4.2511,pi,6.2800,0.0000,0.8254,0.8254
4.2561,pi,6.2800,0.0000,0.8270,0.8270
4.2610,pi,6.2800,0.0000,0.8285,0.8285
4.2661,pi,6.2800,0.0000,0.8301,0.8301
4.2711,pi,6.2800,0.0000,0.8317,0.8317
4.2761,pi,6.2800,0.0000,0.8332,0.8332
4.2811,pi,6.2800,0.0000,0.8348,0.8348
4.2861,pi,6.2800,0.0000,0.8364,0.8364
4.2911,pi,6.2800,0.0000,0.8379,0.8379
4.2960,pi,6.2800,0.0000,0.8395,0.8395
4.3011,pi,6.2800,0.0000,0.8411,0.8411
4.3061,pi,6.2800,0.0000,0.8427,0.8427
4.3111,pi,6.2800,0.0000,0.8442,0.8442
4.3161,pi,6.2800,0.0000,0.8458,0.8458
4.3211,pi,6.2800,0.0000,0.8474,0.8474
4.3261,pi,6.2800,0.0000,0.8489,0.8489
4.3311,pi,6.2800,0.0000,0.8505,0.8505
4.3361,pi,6.2800,0.0000,0.8521,0.8521
4.3410,pi,6.2800,0.0000,0.8536,0.8536
4.3461,pi,6.2800,0.0000,0.8552,0.8552
4.3511,pi,6.2800,0.0000,0.8568,0.8568
4.3561,pi,6.2800,0.0000,0.8584,0.8584
4.3611,pi,6.2800,0.0000,0.8599,0.8599
4.3661,pi,6.2800,0.0000,0.8615,0.8615
4.3711,pi,6.2800,0.0000,0.8631,0.8631
4.3761,pi,6.2800,0.0000,0.8646,0.8646
4.3811,pi,6.2800,0.0000,0.8662,0.8662
4.3861,pi,6.2800,0.0000,0.8678,0.8678
4.3911,pi,6.2800,0.0000,0.8693,0.8693
4.3961,pi,6.2800,0.0000,0.8709,0.8709
4.4011,pi,6.2800,0.0000,0.8725,0.8725
4.4061,pi,6.2800,0.0000,0.8741,0.8741
4.4110,pi,6.2800,0.0000,0.8756,0.8756
4.4161,pi,6.2800,0.0000,0.8772,0.8772
4.4211,pi,6.2800,0.0000,0.8788,0.8788
4.4261,pi,6.2800,0.0000,0.8803,0.8803
4.4311,pi,6.2800,0.0000,0.8819,0.8819
4.4363,pi,6.2800,0.0000,0.8835,0.8835
4.4413,pi,6.2800,0.0000,0.8850,0.8850
4.4463,pi,6.2800,0.0000,0.8866,0.8866
4.4510,pi,6.2800,0.0000,0.8882,0.8882
4.4560,pi,6.2800,0.0000,0.8898,0.8898
4.4612,pi,6.2800,0.0000,0.8913,0.8913
4.4661,pi,6.2800,0.0000,0.8929,0.8929
4.4710,pi,6.2800,0.0000,0.8945,0.8945
4.4761,pi,6.2800,0.0000,0.8960,0.8960
4.4811,pi,6.2800,0.0000,0.8976,0.8976
4.4861,pi,6.2800,0.0000,0.8992,0.8992
4.4910,pi,6.2800,0.0000,0.9007,0.9007
4.4961,pi,6.2800,0.0000,0.9023,0.9023
4.5011,pi,6.2800,0.0000,0.9039,0.9039
4.5061,pi,6.2800,0.0000,0.9055,0.9055
4.5110,pi,6.2800,0.0000,0.9070,0.9070
4.5161,pi,6.2800,0.0000,0.9086,0.9086
4.5211,pi,6.2800,0.0000,0.9102,0.9102
4.5260,pi,6.2800,0.0000,0.9117,0.9117
4.5311,pi,6.2800,0.0000,0.9133,0.9133
4.5360,pi,6.2800,0.0000,0.9149,0.9149
4.5411,pi,6.2800,0.0000,0.9164,0.9164
4.5460,pi,6.2800,0.0000,0.9180,0.9180
4.5511,pi,6.2800,0.0000,0.9196,0.9196
4.5561,pi,6.2800,0.0000,0.9212,0.9212
4.5611,pi,6.2800,0.0000,0.9227,0.9227
4.5661,pi,6.2800,0.0457,0.9234,0.9234
4.5711,pi,6.2800,0.0823,0.9242,0.9242
4.5761,pi,6.2800,0.1161,0.9251,0.9251
4.5811,pi,6.2800,0.1385,0.9262,0.9262
4.5861,pi,6.2800,0.1611,0.9273,0.9273
4.5911,pi,6.2800,0.2204,0.9276,0.9276
4.5961,pi,6.2800,0.3267,0.9270,0.9270
4.6011,pi,6.2800,0.3986,0.9270,0.9270
4.6061,pi,6.2800,0.4696,0.9271,0.9271
4.6111,pi,6.2800,0.5265,0.9274,0.9274
4.6161,pi,6.2800,0.5218,0.9289,0.9289
4.6211,pi,6.2800,0.5088,0.9306,0.9306
4.6261,pi,6.2800,0.4984,0.9323,0.9323
4.6311,pi,6.2800,0.4902,0.9339,0.9339
4.6361,pi,6.2800,0.4835,0.9355,0.9355
4.6411,pi,6.2800,0.4782,0.9370,0.9370
4.6461,pi,6.2800,0.4283,0.9395,0.9395
4.6511,pi,6.2800,0.3425,0.9427,0.9427
4.6561,pi,6.2800,0.2740,0.9455,0.9455
4.6611,pi,6.2800,0.2193,0.9481,0.9481
4.6661,pi,6.2800,0.1754,0.9505,0.9505
4.6711,pi,6.2800,0.1403,0.9527,0.9527
4.6760,pi,6.2800,0.1123,0.9548,0.9548
4.6811,pi,6.2800,0.0898,0.9568,0.9568
4.6861,pi,6.2800,0.0718,0.9587,0.9587
4.6911,pi,6.2800,0.0575,0.9606,0.9606
4.6960,pi,6.2800,0.0460,0.9623,0.9623
4.7011,pi,6.2800,0.0368,0.9641,0.9641
4.7060,pi,6.2800,0.0294,0.9658,0.9658
4.7111,pi,6.2800,0.0235,0.9675,0.9675
4.7160,pi,6.2800,0.0188,0.9691,0.9691
4.7211,pi,6.2800,0.0151,0.9708,0.9708
4.7261,pi,6.2800,0.0120,0.9724,0.9724
4.7311,pi,6.2800,0.0096,0.9740,0.9740
4.7362,pi,6.2800,0.0077,0.9756,0.9756
4.7411,pi,6.2800,0.0062,0.9772,0.9772
4.7461,pi,6.2800,0.0049,0.9788,0.9788
4.7511,pi,6.2800,0.0039,0.9804,0.9804
4.7561,pi,6.2800,0.0032,0.9820,0.9820
4.7611,pi,6.2800,0.0025,0.9836,0.9836
4.7661,pi,6.2800,0.0020,0.9852,0.9852
4.7710,pi,6.2800,0.0016,0.9867,0.9867
4.7761,pi,6.2800,0.0013,0.9883,0.9883
4.7811,pi,6.2800,0.0010,0.9899,0.9899
4.7861,pi,6.2800,0.0008,0.9915,0.9915
4.7911,pi,6.2800,0.0007,0.9930,0.9930
4.7961,pi,6.2800,0.0005,0.9946,0.9946
4.8011,pi,6.2800,0.0004,0.9962,0.9962
4.8061,pi,6.2800,0.0003,0.9977,0.9977
4.8111,pi,6.2800,0.0003,0.9993,0.9993
4.8160,pi,6.2800,0.0002,1.0000,1.0009
4.8211,pi,6.2800,0.0002,1.0000,1.0025
4.8261,pi,6.2800,0.0001,1.0000,1.0040
4.8311,pi,6.2800,0.0001,1.0000,1.0056
4.8361,pi,6.2800,0.0001,1.0000,1.0072
4.8411,pi,6.2800,0.0001,1.0000,1.0087
4.8461,pi,6.2800,0.0001,1.0000,1.0103
4.8510,pi,6.2800,0.0000,1.0000,1.0119
4.8561,pi,6.2800,0.0000,1.0000,1.0135
4.8610,pi,6.2800,0.0000,1.0000,1.0150
4.8661,pi,6.2800,0.0000,1.0000,1.0166
4.8710,pi,6.2800,0.0000,1.0000,1.0182
4.8761,pi,6.2800,0.0000,1.0000,1.0197
4.8811,pi,6.2800,0.0000,1.0000,1.0213
4.8861,pi,6.2800,0.0000,1.0000,1.0229
4.8910,pi,6.2800,0.0000,1.0000,1.0244
4.8961,pi,6.2800,0.0000,1.0000,1.0260
4.9011,pi,6.2800,0.0000,1.0000,1.0276
4.9061,pi,6.2800,0.0000,1.0000,1.0292
4.9111,pi,6.2800,0.0000,1.0000,1.0307
4.9160,pi,6.2800,0.0000,1.0000,1.0323
4.9211,pi,6.2800,0.0000,1.0000,1.0339
4.9261,pi,6.2800,0.0000,1.0000,1.0354
4.9311,pi,6.2800,0.0000,1.0000,1.0370
4.9361,pi,6.2800,0.0000,1.0000,1.0386
4.9411,pi,6.2800,0.0000,1.0000,1.0401
4.9460,pi,6.2800,0.0000,1.0000,1.0417
4.9511,pi,6.2800,0.0000,1.0000,1.0433
4.9560,pi,6.2800,0.0000,1.0000,1.0449
4.9611,pi,6.2800,0.0000,1.0000,1.0464
4.9661,pi,6.2800,0.0000,1.0000,1.0480
4.9711,pi,6.2800,0.0000,1.0000,1.0496
4.9761,pi,6.2800,0.0000,1.0000,1.0511
4.9811,pi,6.2800,0.0000,1.0000,1.0527
4.9861,pi,6.2800,0.0000,1.0000,1.0543
4.9911,pi,6.2800,0.0000,1.0000,1.0558
4.9961,pi,6.2800,0.0000,1.0000,1.0574
5.0011,pi,6.2800,0.0000,1.0000,1.0590
5.0061,pi,6.2800,0.0000,1.0000,1.0606
5.0110,pi,6.2800,0.0000,1.0000,1.0621
5.0161,pi,6.2800,0.0000,1.0000,1.0637
5.0211,pi,6.2800,0.0000,1.0000,1.0653
5.0260,pi,6.2800,0.0000,1.0000,1.0668
5.0311,pi,6.2800,0.0000,1.0000,1.0684
5.0361,pi,6.2800,0.0000,1.0000,1.0700
5.0411,pi,6.2800,0.0000,1.0000,1.0715
5.0461,pi,6.2800,0.0000,1.0000,1.0731
5.0511,pi,6.2800,0.0000,1.0000,1.0747
5.0561,pi,6.2800,0.0000,1.0000,1.0763
5.0611,pi,6.2800,0.0000,1.0000,1.0778
5.0660,pi,6.2800,0.0000,1.0000,1.0794
5.0711,pi,6.2800,0.0000,1.0000,1.0810
5.0760,pi,6.2800,0.0000,1.0000,1.0825
5.0811,pi,6.2800,0.0000,1.0000,1.0841
5.0860,pi,6.2800,0.0000,1.0000,1.0857
5.0913,pi,6.2800,0.0000,1.0000,1.0872
5.0962,pi,6.2800,0.0000,1.0000,1.0888
5.1016,pi,6.2800,0.0000,1.0000,1.0904
5.1066,pi,6.2800,0.0000,1.0000,1.0920
5.1116,pi,6.2800,0.0000,1.0000,1.0935
5.1164,pi,6.2800,0.0000,1.0000,1.0951
5.1211,pi,6.2800,0.0000,1.0000,1.0967
5.1261,pi,6.2800,0.0000,1.0000,1.0982
5.1311,pi,6.2800,0.0000,1.0000,1.0998
5.1361,pi,6.2800,0.0000,1.0000,1.1014
5.1411,pi,6.2800,0.0000,1.0000,1.1029
5.1461,pi,6.2800,0.0000,1.0000,1.1045
5.1511,pi,6.2800,0.0000,1.0000,1.1061
5.1561,pi,6.2800,0.0000,1.0000,1.1077
5.1611,pi,6.2800,0.0000,1.0000,1.1092
5.1661,pi,6.2800,0.0000,1.0000,1.1108
5.1711,pi,6.2800,0.0000,1.0000,1.1124
5.1761,pi,6.2800,0.0000,1.0000,1.1139
5.1811,pi,6.2800,0.0000,1.0000,1.1155
5.1861,pi,6.2800,0.0000,1.0000,1.1171
5.1911,pi,6.2800,0.0000,1.0000,1.1186
5.1961,pi,6.2800,0.0000,1.0000,1.1202
5.2011,pi,6.2800,0.0000,1.0000,1.1218
5.2061,pi,6.2800,0.0000,1.0000,1.1234
5.2110,pi,6.2800,0.0000,1.0000,1.1249
5.2161,pi,6.2800,0.0000,1.0000,1.1265
5.2211,pi,6.2800,0.0000,1.0000,1.1281
5.2261,pi,6.2800,0.0000,1.0000,1.1296
5.2313,pi,6.2800,0.0000,1.0000,1.1312
5.2361,pi,6.2800,0.0000,1.0000,1.1328
5.2412,pi,6.2800,0.0000,1.0000,1.1344
5.2466,pi,6.2800,0.0000,1.0000,1.1359
5.2510,pi,6.2800,0.0000,1.0000,1.1375
5.2560,pi,6.2800,0.0000,1.0000,1.1391
5.2610,pi,6.2800,0.0000,1.0000,1.1406
5.2661,pi,6.2800,0.0000,1.0000,1.1422
5.2711,pi,6.2800,0.0000,1.0000,1.1438
5.2761,pi,6.2800,0.0000,1.0000,1.1453
5.2812,pi,6.2800,0.0000,1.0000,1.1469
5.2861,pi,6.2800,0.0000,1.0000,1.1485
5.2910,pi,6.2800,0.0000,1.0000,1.1500
5.2961,pi,6.2800,0.0000,1.0000,1.1516
5.3010,pi,6.2800,0.0000,1.0000,1.1532
5.3061,pi,6.2800,0.0000,1.0000,1.1547
5.3111,pi,6.2800,0.0000,1.0000,1.1563
5.3160,pi,6.2800,0.0000,1.0000,1.1579
5.3211,pi,6.2800,0.0000,1.0000,1.1595
5.3260,pi,6.2800,0.0000,1.0000,1.1610
5.3311,pi,6.2800,0.0000,1.0000,1.1626
5.3360,pi,6.2800,0.0000,1.0000,1.1642
5.3411,pi,6.2800,0.0000,1.0000,1.1657
5.3460,pi,6.2800,0.0000,1.0000,1.1673
5.3511,pi,6.2800,0.0000,1.0000,1.1689
5.3560,pi,6.2800,0.0000,1.0000,1.1704
5.3610,pi,6.2800,0.0000,1.0000,1.1720
5.3660,pi,6.2800,0.0000,1.0000,1.1736
5.3710,pi,6.2800,0.0000,1.0000,1.1752
5.3760,pi,6.2800,0.0000,1.0000,1.1767
5.3811,pi,6.2800,0.0000,1.0000,1.1783
5.3860,pi,6.2800,0.0000,1.0000,1.1799
5.3911,pi,6.2800,0.0000,1.0000,1.1814
5.3961,pi,6.2800,0.0000,1.0000,1.1830
5.4011,pi,6.2800,0.0000,1.0000,1.1846
5.4060,pi,6.2800,0.0000,1.0000,1.1861
5.4110,pi,6.2800,0.0000,1.0000,1.1877
5.4160,pi,6.2800,0.0000,1.0000,1.1893
5.4210,pi,6.2800,0.0000,1.0000,1.1909
5.4261,pi,6.2800,0.0000,1.0000,1.1924
5.4311,pi,6.2800,0.0000,1.0000,1.1940
5.4363,pi,6.2800,0.0000,1.0000,1.1956
5.4411,pi,6.2800,0.0000,1.0000,1.1971
5.4461,pi,6.2800,0.0000,1.0000,1.1987
5.4510,pi,6.2800,0.0000,1.0000,1.2003
5.4561,pi,6.2800,0.0000,1.0000,1.2018
5.4611,pi,6.2800,0.0000,1.0000,1.2034
5.4661,pi,6.2800,0.0000,1.0000,1.2050
5.4710,pi,6.2800,0.0000,1.0000,1.2066
5.4760,pi,6.2800,0.0000,1.0000,1.2081
5.4811,pi,6.2800,0.0000,1.0000,1.2097
5.4861,pi,6.2800,0.0000,1.0000,1.2113
5.4910,pi,6.2800,0.0000,1.0000,1.2128
5.4961,pi,6.2800,0.0000,1.0000,1.2144
5.5011,pi,6.2800,0.0000,1.0000,1.2160
5.5060,pi,6.2800,0.0000,1.0000,1.2175
5.5110,pi,6.2800,0.0000,1.0000,1.2191
5.5161,pi,6.2800,0.0000,1.0000,1.2207
5.5210,pi,6.2800,0.0000,1.0000,1.2223
5.5261,pi,6.2800,0.0000,1.0000,1.2238
5.5311,pi,6.2800,0.0000,1.0000,1.2254
5.5360,pi,6.2800,0.0000,1.0000,1.2270
5.5410,pi,6.2800,0.0000,1.0000,1.2285
5.5461,pi,6.2800,0.0000,1.0000,1.2301
5.5510,pi,6.2800,0.0000,1.0000,1.2317
5.5561,pi,6.2800,0.0000,1.0000,1.2332
5.5611,pi,6.2800,0.0000,1.0000,1.2348
5.5661,pi,6.2800,0.0000,1.0000,1.2364
5.5710,pi,6.2800,0.0000,1.0000,1.2380
5.5760,pi,6.2800,0.0000,1.0000,1.2395
5.5811,pi,6.2800,0.0000,1.0000,1.2411
5.5861,pi,6.2800,0.0000,1.0000,1.2427
5.5911,pi,6.2800,0.0000,1.0000,1.2442
5.5961,pi,6.2800,0.0000,1.0000,1.2458
5.6011,pi,6.2800,0.0000,1.0000,1.2474
5.6061,pi,6.2800,0.0000,1.0000,1.2490
5.6111,pi,6.2800,0.0000,1.0000,1.2505
5.6161,pi,6.2800,0.0000,1.0000,1.2521
5.6211,pi,6.2800,0.0000,1.0000,1.2537
5.6261,pi,6.2800,0.0000,1.0000,1.2552
5.6311,pi,6.2800,0.0000,1.0000,1.2568
5.6360,pi,6.2800,0.0000,1.0000,1.2584
5.6411,pi,6.2800,0.0000,1.0000,1.2599
5.6461,pi,6.2800,0.0000,1.0000,1.2615
5.6510,pi,6.2800,0.0000,1.0000,1.2631
5.6561,pi,6.2800,0.0000,1.0000,1.2647
5.6611,pi,6.2800,0.0000,1.0000,1.2662
5.6660,pi,6.2800,0.0000,1.0000,1.2678
5.6711,pi,6.2800,0.0000,1.0000,1.2694
5.6761,pi,6.2800,0.0000,1.0000,1.2709
5.6811,pi,6.2800,0.0000,1.0000,1.2725
5.6860,pi,6.2800,0.0000,1.0000,1.2741
5.6911,pi,6.2800,0.0000,1.0000,1.2756
5.6961,pi,6.2800,0.0000,1.0000,1.2772
5.7010,pi,6.2800,0.0000,1.0000,1.2788
5.7061,pi,6.2800,0.0000,1.0000,1.2804
5.7111,pi,6.2800,0.0000,1.0000,1.2819
5.7161,pi,6.2800,0.0000,1.0000,1.2835
5.7211,pi,6.2800,0.0000,1.0000,1.2851
5.7260,pi,6.2800,0.0000,1.0000,1.2866
5.7311,pi,6.2800,0.0000,1.0000,1.2882
5.7361,pi,6.2800,0.0000,1.0000,1.2898
5.7411,pi,6.2800,0.0000,1.0000,1.2913
5.7461,pi,6.2800,0.0000,1.0000,1.2929
5.7511,pi,6.2800,0.0000,1.0000,1.2945
5.7560,pi,6.2800,0.0000,1.0000,1.2961
5.7611,pi,6.2800,0.0000,1.0000,1.2976
5.7661,pi,6.2800,0.0000,1.0000,1.2992
5.7711,pi,6.2800,0.0000,1.0000,1.3008
5.7761,pi,6.2800,0.0000,1.0000,1.3023
5.7811,pi,6.2800,0.0000,1.0000,1.3039
5.7861,pi,6.2800,0.0000,1.0000,1.3055
5.7911,pi,6.2800,0.0000,1.0000,1.3070
5.7961,pi,6.2800,0.0000,1.0000,1.3086
5.8011,pi,6.2800,0.0000,1.0000,1.3102
5.8061,pi,6.2800,0.0000,1.0000,1.3118
5.8111,pi,6.2800,0.0000,1.0000,1.3133
5.8160,pi,6.2800,0.0000,1.0000,1.3149
5.8211,pi,6.2800,0.0000,1.0000,1.3165
5.8263,pi,6.2800,0.0000,1.0000,1.3180
5.8311,pi,6.2800,0.0000,1.0000,1.3196
5.8362,pi,6.2800,0.0000,1.0000,1.3212
5.8412,pi,6.2800,0.0000,1.0000,1.3227
5.8461,pi,6.2800,0.0000,1.0000,1.3243
5.8510,pi,6.2800,0.0000,1.0000,1.3259
5.8561,pi,6.2800,0.0000,1.0000,1.3274
5.8611,pi,6.2800,0.0000,1.0000,1.3290
5.8661,pi,6.2800,0.0000,1.0000,1.3306
5.8710,pi,6.2800,0.0000,1.0000,1.3322
5.8760,pi,6.2800,0.0000,1.0000,1.3337
5.8811,pi,6.2800,0.0000,1.0000,1.3353
5.8860,pi,6.2800,0.0000,1.0000,1.3369
5.8911,pi,6.2800,0.0000,1.0000,1.3384
5.8961,pi,6.2800,0.0000,1.0000,1.3400
5.9010,pi,6.2800,0.0000,1.0000,1.3416
5.9061,pi,6.2800,0.0000,1.0000,1.3431
5.9110,pi,6.2800,0.0000,1.0000,1.3447
5.9160,pi,6.2800,0.0000,1.0000,1.3463
5.9212,pi,6.2800,0.0000,1.0000,1.3479
5.9260,pi,6.2800,0.0000,1.0000,1.3494
5.9311,pi,6.2800,0.0000,1.0000,1.3510
5.9361,pi,6.2800,0.0000,1.0000,1.3526
5.9410,pi,6.2800,0.0000,1.0000,1.3541
5.9460,pi,6.2800,0.0000,1.0000,1.3557
5.9511,pi,6.2800,0.0000,1.0000,1.3573
5.9561,pi,6.2800,0.0000,1.0000,1.3588
5.9610,pi,6.2800,0.0000,1.0000,1.3604
5.9661,pi,6.2800,0.0000,1.0000,1.3620
5.9711,pi,6.2800,0.0000,1.0000,1.3636
5.9761,pi,6.2800,0.0000,1.0000,1.3651
5.9811,pi,6.2800,0.0000,1.0000,1.3667
5.9860,pi,6.2800,0.0000,1.0000,1.3683
5.9911,pi,6.2800,0.0000,1.0000,1.3698
5.9961,pi,6.2800,0.0000,1.0000,1.3714
6.0011,pi,6.2800,0.0000,1.0000,1.3730
6.0060,pi,6.2800,0.0000,1.0000,1.3745
6.0111,pi,6.2800,0.0000,1.0000,1.3761
6.0160,pi,6.2800,0.0000,1.0000,1.3777
6.0210,pi,6.2800,0.0000,1.0000,1.3793
6.0261,pi,6.2800,0.0000,1.0000,1.3808
6.0310,pi,6.2800,0.0000,1.0000,1.3824
6.0360,pi,6.2800,0.0000,1.0000,1.3840
6.0411,pi,6.2800,0.0000,1.0000,1.3855
6.0461,pi,6.2800,0.0000,1.0000,1.3871
6.0510,pi,6.2800,0.0000,1.0000,1.3887
6.0560,pi,6.2800,0.0000,1.0000,1.3902
6.0610,pi,6.2800,0.0000,1.0000,1.3918
6.0661,pi,6.2800,0.0000,1.0000,1.3934
6.0710,pi,6.2800,0.0000,1.0000,1.3950
6.0761,pi,6.2800,0.0000,1.0000,1.3965
6.0811,pi,6.2800,0.0000,1.0000,1.3981
6.0860,pi,6.2800,0.0000,1.0000,1.3997
6.0910,pi,6.2800,0.0000,1.0000,1.4012
6.0961,pi,6.2800,0.0000,1.0000,1.4028
6.1010,pi,6.2800,0.0000,1.0000,1.4044
6.1060,pi,6.2800,0.0000,1.0000,1.4059
6.1111,pi,6.2800,0.0000,1.0000,1.4075
6.1161,pi,6.2800,0.0000,1.0000,1.4091
6.1213,pi,6.2800,0.0000,1.0000,1.4107
6.1262,pi,6.2800,0.0000,1.0000,1.4122
6.1311,pi,6.2800,0.0000,1.0000,1.4138
6.1361,pi,6.2800,0.0000,1.0000,1.4154
6.1411,pi,6.2800,0.0000,1.0000,1.4169
6.1461,pi,6.2800,0.0000,1.0000,1.4185
6.1511,pi,6.2800,0.0000,1.0000,1.4201
6.1561,pi,6.2800,0.0000,1.0000,1.4217
6.1611,pi,6.2800,0.0000,1.0000,1.4232
6.1661,pi,6.2800,0.0000,1.0000,1.4248
6.1711,pi,6.2800,0.0000,1.0000,1.4264
6.1760,pi,6.2800,0.0000,1.0000,1.4279
6.1811,pi,6.2800,0.0000,1.0000,1.4295
6.1861,pi,6.2800,0.0000,1.0000,1.4311
6.1911,pi,6.2800,0.0000,1.0000,1.4326
6.1961,pi,6.2800,0.0000,1.0000,1.4342
6.2011,pi,6.2800,0.0000,1.0000,1.4358
6.2061,pi,6.2800,0.0000,1.0000,1.4374
6.2111,pi,6.2800,0.0000,1.0000,1.4389
6.2161,pi,6.2800,0.0000,1.0000,1.4405
6.2211,pi,6.2800,0.0000,1.0000,1.4421
6.2260,pi,6.2800,0.0000,1.0000,1.4436
6.2311,pi,6.2800,0.0000,1.0000,1.4452
6.2361,pi,6.2800,0.0000,1.0000,1.4468
6.2411,pi,6.2800,0.0000,1.0000,1.4483
6.2460,pi,6.2800,0.0000,1.0000,1.4499
6.2511,pi,6.2800,0.0000,1.0000,1.4515
6.2561,pi,6.2800,0.0000,1.0000,1.4531
6.2613,pi,6.2800,0.0000,1.0000,1.4546
6.2662,pi,6.2800,0.0000,1.0000,1.4562
6.2718,pi,6.2800,0.0000,1.0000,1.4578
6.2765,pi,6.2800,0.0000,1.0000,1.4593
6.2813,pi,6.2800,0.0000,1.0000,1.4609
6.2861,pi,6.2800,0.0000,1.0000,1.4625
6.2910,pi,6.2800,0.0000,1.0000,1.4640
6.2961,pi,6.2800,0.0000,1.0000,1.4656
6.3010,pi,6.2800,0.0000,1.0000,1.4672
6.3061,pi,6.2800,0.0000,1.0000,1.4688
6.3110,pi,6.2800,0.0000,1.0000,1.4703
6.3161,pi,6.2800,0.0000,1.0000,1.4719
6.3211,pi,6.2800,0.0000,1.0000,1.4735
6.3261,pi,6.2800,0.0000,1.0000,1.4750
6.3311,pi,6.2800,0.0000,1.0000,1.4766
6.3361,pi,6.2800,0.0000,1.0000,1.4782
6.3411,pi,6.2800,0.0000,1.0000,1.4797
6.3461,pi,6.2800,0.0000,1.0000,1.4813
6.3511,pi,6.2800,0.0000,1.0000,1.4829
6.3560,pi,6.2800,0.0000,1.0000,1.4845
6.3611,pi,6.2800,0.0000,1.0000,1.4860
6.3661,pi,6.2800,0.0000,1.0000,1.4876
6.3710,pi,6.2800,0.0000,1.0000,1.4892
6.3761,pi,6.2800,0.0000,1.0000,1.4907
6.3811,pi,6.2800,0.0000,1.0000,1.4923
6.3861,pi,6.2800,0.0000,1.0000,1.4939
6.3911,pi,6.2800,0.0000,1.0000,1.4954
6.3961,pi,6.2800,0.0000,1.0000,1.4970
6.4010,pi,6.2800,0.0000,1.0000,1.4986
6.4061,pi,6.2800,0.0000,1.0000,1.5002
6.4110,pi,6.2800,0.0000,1.0000,1.5017
6.4161,pi,6.2800,0.0000,1.0000,1.5033
6.4211,pi,6.2800,0.0000,1.0000,1.5049
6.4261,pi,6.2800,0.0000,1.0000,1.5064
6.4311,pi,6.2800,0.0000,1.0000,1.5080
6.4362,pi,6.2800,0.0000,1.0000,1.5096
6.4412,pi,6.2800,0.0000,1.0000,1.5111
6.4461,pi,6.2800,0.0000,1.0000,1.5127
6.4510,pi,6.2800,0.0000,1.0000,1.5143
6.4561,pi,6.2800,0.0000,1.0000,1.5158
6.4610,pi,6.2800,0.0000,1.0000,1.5174
6.4661,pi,6.2800,0.0000,1.0000,1.5190
6.4710,pi,6.2800,0.0000,1.0000,1.5206
6.4760,pi,6.2800,0.0000,1.0000,1.5221
6.4811,pi,6.2800,0.0000,1.0000,1.5237
6.4861,pi,6.2800,0.0000,1.0000,1.5253
6.4910,pi,6.2800,0.0000,1.0000,1.5268
6.4961,pi,6.2800,0.0000,1.0000,1.5284
6.5011,pi,6.2800,0.0000,1.0000,1.5300
6.5060,pi,6.2800,0.0000,1.0000,1.5316
6.5111,pi,6.2800,0.0000,1.0000,1.5331
6.5161,pi,6.2800,0.0000,1.0000,1.5347
6.5211,pi,6.2800,0.0000,1.0000,1.5363
6.5260,pi,6.2800,0.0000,1.0000,1.5378
6.5311,pi,6.2800,0.0000,1.0000,1.5394
6.5362,pi,6.2800,0.0000,1.0000,1.5410
6.5411,pi,6.2800,0.0000,1.0000,1.5425
6.5461,pi,6.2800,0.0000,1.0000,1.5441
6.5511,pi,6.2800,0.0000,1.0000,1.5457
6.5561,pi,6.2800,0.0000,1.0000,1.5472
6.5611,pi,6.2800,0.0000,1.0000,1.5488
6.5661,pi,6.2800,0.0000,1.0000,1.5504
6.5711,pi,6.2800,0.0000,1.0000,1.5520
6.5761,pi,6.2800,0.0000,1.0000,1.5535
6.5811,pi,6.2800,0.0000,1.0000,1.5551
6.5860,pi,6.2800,0.0000,1.0000,1.5567
6.5911,pi,6.2800,0.0000,1.0000,1.5582
6.5961,pi,6.2800,0.0000,1.0000,1.5598
6.6011,pi,6.2800,0.0000,1.0000,1.5614
6.6061,pi,6.2800,0.0000,1.0000,1.5629
6.6110,pi,6.2800,0.0000,1.0000,1.5645
6.6161,pi,6.2800,0.0000,1.0000,1.5661
6.6210,pi,6.2800,0.0000,1.0000,1.5677
6.6261,pi,6.2800,0.0000,1.0000,1.5692
6.6311,pi,6.2800,0.0000,1.0000,1.5708
6.6360,pi,6.2800,0.0000,1.0000,1.5724
6.6411,pi,6.2800,0.0000,1.0000,1.5739
6.6460,pi,6.2800,0.0000,1.0000,1.5755
6.6511,pi,6.2800,0.0000,1.0000,1.5771
6.6560,pi,6.2800,0.0000,1.0000,1.5786
6.6611,pi,6.2800,0.0000,1.0000,1.5802
6.6661,pi,6.2800,0.0000,1.0000,1.5818
6.6710,pi,6.2800,0.0000,1.0000,1.5834
6.6760,pi,6.2800,0.0000,1.0000,1.5849
6.6811,pi,6.2800,0.0000,1.0000,1.5865
6.6861,pi,6.2800,0.0000,1.0000,1.5881
6.6910,pi,6.2800,0.0000,1.0000,1.5896
6.6960,pi,6.2800,0.0000,1.0000,1.5912
6.7011,pi,6.2800,0.0000,1.0000,1.5928
6.7061,pi,6.2800,0.0000,1.0000,1.5943
6.7111,pi,6.2800,0.0000,1.0000,1.5959
6.7161,pi,6.2800,0.0000,1.0000,1.5975
6.7211,pi,6.2800,0.0000,1.0000,1.5991
6.7261,pi,6.2800,0.0000,1.0000,1.6006
6.7311,pi,6.2800,0.0000,1.0000,1.6022
6.7361,pi,6.2800,0.0000,1.0000,1.6038
6.7411,pi,6.2800,0.0000,1.0000,1.6053
6.7460,pi,6.2800,0.0000,1.0000,1.6069
6.7511,pi,6.2800,0.0000,1.0000,1.6085
6.7561,pi,6.2800,0.0000,1.0000,1.6100
6.7610,pi,6.2800,0.0000,1.0000,1.6116
6.7661,pi,6.2800,0.0000,1.0000,1.6132
6.7711,pi,6.2800,0.0000,1.0000,1.6148
6.7761,pi,6.2800,0.0000,1.0000,1.6163
6.7811,pi,6.2800,0.0000,1.0000,1.6179
6.7861,pi,6.2800,0.0000,1.0000,1.6195
6.7911,pi,6.2800,0.0000,1.0000,1.6210
6.7961,pi,6.2800,0.0000,1.0000,1.6226
6.8011,pi,6.2800,0.0000,1.0000,1.6242
6.8061,pi,6.2800,0.0000,1.0000,1.6257
6.8111,pi,6.2800,0.0000,1.0000,1.6273
6.8160,pi,6.2800,0.0000,1.0000,1.6289
6.8211,pi,6.2800,0.0000,1.0000,1.6305
6.8260,pi,6.2800,0.0000,1.0000,1.6320
6.8311,pi,6.2800,0.0000,1.0000,1.6336
6.8361,pi,6.2800,0.0000,1.0000,1.6352
6.8410,pi,6.2800,0.0000,1.0000,1.6367
6.8460,pi,6.2800,0.0000,1.0000,1.6383
6.8511,pi,6.2800,0.0000,1.0000,1.6399
6.8560,pi,6.2800,0.0000,1.0000,1.6414
6.8610,pi,6.2800,0.0000,1.0000,1.6430
6.8661,pi,6.2800,0.0000,1.0000,1.6446
6.8710,pi,6.2800,0.0000,1.0000,1.6462
6.8761,pi,6.2800,0.0000,1.0000,1.6477
6.8811,pi,6.2800,0.0000,1.0000,1.6493
6.8860,pi,6.2800,0.0000,1.0000,1.6509
6.8910,pi,6.2800,0.0000,1.0000,1.6524
6.8960,pi,6.2800,0.0000,1.0000,1.6540
6.9010,pi,6.2800,0.0000,1.0000,1.6556
6.9060,pi,6.2800,0.0000,1.0000,1.6571
6.9111,pi,6.2800,0.0000,1.0000,1.6587
6.9161,pi,6.2800,0.0000,1.0000,1.6603
6.9210,pi,6.2800,0.0000,1.0000,1.6619
6.9261,pi,6.2800,0.0000,1.0000,1.6634
6.9311,pi,6.2800,0.0000,1.0000,1.6650
6.9361,pi,6.2800,0.0000,1.0000,1.6666
6.9411,pi,6.2800,0.0000,1.0000,1.6681
6.9460,pi,6.2800,0.0000,1.0000,1.6697
6.9511,pi,6.2800,0.0000,1.0000,1.6713
6.9561,pi,6.2800,0.0000,1.0000,1.6729
6.9612,pi,6.2800,0.0000,1.0000,1.6744
6.9661,pi,6.2800,0.0000,1.0000,1.6760
6.9712,pi,6.2800,0.0000,1.0000,1.6776
6.9765,pi,6.2800,0.0000,1.0000,1.6791
6.9823,pi,6.2800,0.0000,1.0000,1.6807
6.9868,pi,6.2800,0.0000,1.0000,1.6826
6.9920,pi,6.2800,0.0000,1.0000,1.6839
6.9969,pi,6.2800,0.0000,1.0000,1.6854
7.0013,pi,6.2800,0.0000,1.0000,1.6870
7.0064,pi,6.2800,0.0000,1.0000,1.6886
7.0111,pi,6.2800,0.0000,1.0000,1.6901
7.0162,pi,6.2800,0.0000,1.0000,1.6917
7.0212,pi,6.2800,0.0000,1.0000,1.6933
7.0261,pi,6.2800,0.0000,1.0000,1.6948
7.0312,pi,6.2800,0.0000,1.0000,1.6964
7.0362,pi,6.2800,0.0000,1.0000,1.6980
7.0412,pi,6.2800,0.0000,1.0000,1.6995
7.0462,pi,6.2800,0.0000,1.0000,1.7011
7.0512,pi,6.2800,0.0000,1.0000,1.7027
7.0562,pi,6.2800,0.0000,1.0000,1.7043
7.0612,pi,6.2800,0.0000,1.0000,1.7058
7.0669,pi,6.2800,0.0000,1.0000,1.7074
7.0715,pi,6.2800,0.0000,1.0000,1.7090
7.0768,pi,6.2800,0.0000,1.0000,1.7106
7.0814,pi,6.2800,0.0000,1.0000,1.7121
7.0866,pi,6.2800,0.0000,1.0000,1.7137
7.0915,pi,6.2800,0.0000,1.0000,1.7152
7.0964,pi,6.2800,0.0000,1.0000,1.7168
7.1014,pi,6.2800,0.0000,1.0000,1.7184
7.1066,pi,6.2800,0.0000,1.0000,1.7200
7.1115,pi,6.2800,0.0000,1.0000,1.7215
7.1169,pi,6.2800,0.0000,1.0000,1.7231
7.1212,pi,6.2800,0.0000,1.0000,1.7247
7.1280,pi,6.2800,0.0000,1.0000,1.7262
7.1324,pi,6.2800,0.0000,1.0000,1.7282
7.1362,pi,6.2800,0.0000,1.0000,1.7294
7.1410,pi,6.2800,0.0000,1.0000,1.7310
7.1461,pi,6.2800,0.0000,1.0000,1.7325
7.1511,pi,6.2800,0.0000,1.0000,1.7341
7.1561,pi,6.2800,0.0000,1.0000,1.7357
7.1611,pi,6.2800,0.0000,1.0000,1.7372
7.1661,pi,6.2800,0.0000,1.0000,1.7388
7.1711,pi,6.2800,0.0000,1.0000,1.7404
7.1761,pi,6.2800,0.0000,1.0000,1.7419
7.1811,pi,6.2800,0.0000,1.0000,1.7435
7.1861,pi,6.2800,0.0000,1.0000,1.7451
7.1911,pi,6.2800,0.0000,1.0000,1.7466
7.1961,pi,6.2800,0.0000,1.0000,1.7482
7.2011,pi,6.2800,0.0000,1.0000,1.7498
7.2061,pi,6.2800,0.0000,1.0000,1.7514
7.2111,pi,6.2800,0.0000,1.0000,1.7529
7.2160,pi,6.2800,0.0000,1.0000,1.7545
7.2211,pi,6.2800,0.0000,1.0000,1.7561
7.2261,pi,6.2800,0.0000,1.0000,1.7576
7.2311,pi,6.2800,0.0000,1.0000,1.7592
7.2360,pi,6.2800,0.0000,1.0000,1.7608
7.2411,pi,6.2800,0.0000,1.0000,1.7623
7.2461,pi,6.2800,0.0000,1.0000,1.7639
7.2511,pi,6.2800,0.0000,1.0000,1.7655
7.2561,pi,6.2800,0.0000,1.0000,1.7671
7.2611,pi,6.2800,0.0000,1.0000,1.7686
7.2661,pi,6.2800,0.0000,1.0000,1.7702
7.2711,pi,6.2800,0.0000,1.0000,1.7718
7.2761,pi,6.2800,0.0000,1.0000,1.7733
7.2811,pi,6.2800,0.0000,1.0000,1.7749
7.2863,pi,6.2800,0.0000,1.0000,1.7765
7.2912,pi,6.2800,0.0000,1.0000,1.7780
7.2966,pi,6.2800,0.0000,1.0000,1.7796
7.3013,pi,6.2800,0.0000,1.0000,1.7812
7.3060,pi,6.2800,0.0000,1.0000,1.7828
7.3110,pi,6.2800,0.0000,1.0000,1.7843
7.3160,pi,6.2800,0.0000,1.0000,1.7859
7.3211,pi,6.2800,0.0000,1.0000,1.7875
7.3261,pi,6.2800,0.0000,1.0000,1.7890
7.3312,pi,6.2800,0.0000,1.0000,1.7906
7.3360,pi,6.2800,0.0000,1.0000,1.7922
7.3411,pi,6.2800,0.0000,1.0000,1.7937
7.3460,pi,6.2800,0.0000,1.0000,1.7953
7.3511,pi,6.2800,0.0000,1.0000,1.7969
7.3561,pi,6.2800,0.0000,1.0000,1.7985
7.3611,pi,6.2800,0.0000,1.0000,1.8000
7.3661,pi,6.2800,0.0000,1.0000,1.8016
7.3711,pi,6.2800,0.0000,1.0000,1.8032
7.3761,pi,6.2800,0.0000,1.0000,1.8047
7.3811,pi,6.2800,0.0000,1.0000,1.8063
7.3861,pi,6.2800,0.0000,1.0000,1.8079
7.3911,pi,6.2800,0.0000,1.0000,1.8094
7.3961,pi,6.2800,0.0000,1.0000,1.8110
7.4010,pi,6.2800,0.0000,1.0000,1.8126
7.4062,pi,6.2800,0.0000,1.0000,1.8142
7.4112,pi,6.2800,0.0000,1.0000,1.8157
7.4160,pi,6.2800,0.0000,1.0000,1.8173
7.4211,pi,6.2800,0.0000,1.0000,1.8189
7.4261,pi,6.2800,0.0000,1.0000,1.8204
7.4311,pi,6.2800,0.0000,1.0000,1.8220
7.4362,pi,6.2800,0.0000,1.0000,1.8236
7.4411,pi,6.2800,0.0000,1.0000,1.8251
7.4460,pi,6.2800,0.0000,1.0000,1.8267
7.4511,pi,6.2800,0.0000,1.0000,1.8283
7.4560,pi,6.2800,0.0000,1.0000,1.8299
7.4611,pi,6.2800,0.0000,1.0000,1.8314
7.4661,pi,6.2800,0.0000,1.0000,1.8330
7.4711,pi,6.2800,0.0000,1.0000,1.8346
7.4760,pi,6.2800,0.0000,1.0000,1.8361
7.4811,pi,6.2800,0.0000,1.0000,1.8377
7.4861,pi,6.2800,0.0000,1.0000,1.8393
7.4911,pi,6.2800,0.0000,1.0000,1.8408
7.4961,pi,6.2800,0.0000,1.0000,1.8424
7.5010,pi,6.2800,0.0000,1.0000,1.8440
7.5061,pi,6.2800,0.0000,1.0000,1.8455
7.5111,pi,6.2800,0.0000,1.0000,1.8471
7.5161,pi,6.2800,0.0000,1.0000,1.8487
7.5210,pi,6.2800,0.0000,1.0000,1.8503
7.5261,pi,6.2800,0.0000,1.0000,1.8518
7.5311,pi,6.2800,0.0000,1.0000,1.8534
7.5361,pi,6.2800,0.0000,1.0000,1.8550
7.5411,pi,6.2800,0.0000,1.0000,1.8565
7.5460,pi,6.2800,0.0000,1.0000,1.8581
7.5511,pi,6.2800,0.0000,1.0000,1.8597
7.5561,pi,6.2800,0.0000,1.0000,1.8613
7.5611,pi,6.2800,0.0000,1.0000,1.8628
7.5661,pi,6.2800,0.0000,1.0000,1.8644
7.5711,pi,6.2800,0.0000,1.0000,1.8660
7.5761,pi,6.2800,0.0000,1.0000,1.8675
7.5811,pi,6.2800,0.0000,1.0000,1.8691
7.5861,pi,6.2800,0.0000,1.0000,1.8707
7.5910,pi,6.2800,0.0000,1.0000,1.8723
7.5961,pi,6.2800,0.0000,1.0000,1.8738
7.6010,pi,6.2800,0.0000,1.0000,1.8754
7.6061,pi,6.2800,0.0000,1.0000,1.8769
7.6110,pi,6.2800,0.0000,1.0000,1.8785
7.6161,pi,6.2800,0.0000,1.0000,1.8801
7.6211,pi,6.2800,0.0000,1.0000,1.8817
7.6261,pi,6.2800,0.0000,1.0000,1.8832
7.6312,pi,6.2800,0.0000,1.0000,1.8848
7.6363,pi,6.2800,0.0000,1.0000,1.8864
7.6411,pi,6.2800,0.0000,1.0000,1.8879
7.6460,pi,6.2800,0.0000,1.0000,1.8895
7.6511,pi,6.2800,0.0000,1.0000,1.8911
7.6561,pi,6.2800,0.0000,1.0000,1.8927
7.6611,pi,6.2800,0.0000,1.0000,1.8942
7.6661,pi,6.2800,0.0000,1.0000,1.8958
7.6710,pi,6.2800,0.0000,1.0000,1.8974
7.6761,pi,6.2800,0.0000,1.0000,1.8989
7.6811,pi,6.2800,0.0000,1.0000,1.9005
7.6861,pi,6.2800,0.0000,1.0000,1.9021
7.6911,pi,6.2800,0.0000,1.0000,1.9036
7.6961,pi,6.2800,0.0000,1.0000,1.9052
7.7010,pi,6.2800,0.0000,1.0000,1.9068
7.7061,pi,6.2800,0.0000,1.0000,1.9083
7.7110,pi,6.2800,0.0000,1.0000,1.9099
7.7161,pi,6.2800,0.0000,1.0000,1.9115
7.7211,pi,6.2800,0.0000,1.0000,1.9131
7.7261,pi,6.2800,0.0000,1.0000,1.9146
7.7311,pi,6.2800,0.0000,1.0000,1.9162
7.7360,pi,6.2800,0.0000,1.0000,1.9178
7.7411,pi,6.2800,0.0000,1.0000,1.9193
7.7460,pi,6.2800,0.0000,1.0000,1.9209
7.7511,pi,6.2800,0.0000,1.0000,1.9225
7.7561,pi,6.2800,0.0000,1.0000,1.9241
7.7611,pi,6.2800,0.0000,1.0000,1.9256
7.7661,pi,6.2800,0.0000,1.0000,1.9272
7.7711,pi,6.2800,0.0000,1.0000,1.9288
7.7761,pi,6.2800,0.0000,1.0000,1.9303
7.7811,pi,6.2800,0.0000,1.0000,1.9319
7.7861,pi,6.2800,0.0000,1.0000,1.9335
7.7911,pi,6.2800,0.0000,1.0000,1.9350
7.7961,pi,6.2800,0.0000,1.0000,1.9366
7.8011,pi,6.2800,0.0000,1.0000,1.9382
7.8061,pi,6.2800,0.0000,1.0000,1.9397
7.8111,pi,6.2800,0.0000,1.0000,1.9413
7.8161,pi,6.2800,0.0000,1.0000,1.9429
7.8211,pi,6.2800,0.0000,1.0000,1.9445
7.8261,pi,6.2800,0.0000,1.0000,1.9460
7.8311,pi,6.2800,0.0000,1.0000,1.9476
7.8361,pi,6.2800,0.0000,1.0000,1.9492
7.8411,pi,6.2800,0.0000,1.0000,1.9507
7.8461,pi,6.2800,0.0000,1.0000,1.9523
7.8511,pi,6.2800,0.0000,1.0000,1.9539
7.8560,pi,6.2800,0.0000,1.0000,1.9555
7.8611,pi,6.2800,0.0000,1.0000,1.9570
7.8661,pi,6.2800,0.0000,1.0000,1.9586
7.8711,pi,6.2800,0.0000,1.0000,1.9602
7.8761,pi,6.2800,0.0000,1.0000,1.9617
7.8811,pi,6.2800,0.0000,1.0000,1.9633
7.8861,pi,6.2800,0.0000,1.0000,1.9649
7.8911,pi,6.2800,0.0000,1.0000,1.9664
7.8961,pi,6.2800,0.0000,1.0000,1.9680
7.9011,pi,6.2800,0.0000,1.0000,1.9696
7.9061,pi,6.2800,0.0000,1.0000,1.9711
7.9110,pi,6.2800,0.0000,1.0000,1.9727
7.9161,pi,6.2800,0.0000,1.0000,1.9743
7.9211,pi,6.2800,0.0000,1.0000,1.9759
7.9261,pi,6.2800,0.0000,1.0000,1.9774
7.9311,pi,6.2800,0.0000,1.0000,1.9790
7.9361,pi,6.2800,0.0000,1.0000,1.9806
7.9411,pi,6.2800,0.0000,1.0000,1.9821
7.9460,pi,6.2800,0.0000,1.0000,1.9837
7.9511,pi,6.2800,0.0000,1.0000,1.9853
7.9561,pi,6.2800,0.0000,1.0000,1.9869
7.9611,pi,6.2800,0.0000,1.0000,1.9884
7.9661,pi,6.2800,0.0000,1.0000,1.9900
7.9711,pi,6.2800,0.0000,1.0000,1.9916
7.9761,pi,6.2800,0.0000,1.0000,1.9931
7.9811,pi,6.2800,0.0000,1.0000,1.9947
7.9861,pi,6.2800,0.0000,1.0000,1.9963
7.9911,pi,6.2800,0.0000,1.0000,1.9978
7.9961,pi,6.2800,0.0000,1.0000,1.9994
8.0011,pi,6.2800,0.0000,1.0000,2.0010
8.0061,pi,6.2800,0.0000,1.0000,2.0025
8.0111,pi,6.2800,0.0000,1.0000,2.0041
8.0161,pi,6.2800,0.0000,1.0000,2.0057
8.0210,pi,6.2800,0.0000,1.0000,2.0073
8.0261,pi,6.2800,0.0000,1.0000,2.0088
8.0311,pi,6.2800,0.0000,1.0000,2.0104
8.0361,pi,6.2800,0.0000,1.0000,2.0120
8.0411,pi,6.2800,0.0000,1.0000,2.0135
8.0461,pi,6.2800,0.0000,1.0000,2.0151
8.0511,pi,6.2800,0.0000,1.0000,2.0167
8.0561,pi,6.2800,0.0000,1.0000,2.0183
8.0611,pi,6.2800,0.0000,1.0000,2.0198
8.0661,pi,6.2800,0.0000,1.0000,2.0214
8.0711,pi,6.2800,0.0000,1.0000,2.0230
8.0760,pi,6.2800,0.0000,1.0000,2.0245
8.0811,pi,6.2800,0.0000,1.0000,2.0261
8.0861,pi,6.2800,0.0000,1.0000,2.0277
8.0913,pi,6.2800,0.0000,1.0000,2.0292
8.0961,pi,6.2800,0.0000,1.0000,2.0308
8.1011,pi,6.2800,0.0000,1.0000,2.0324
8.1060,pi,6.2800,0.0000,1.0000,2.0340
8.1111,pi,6.2800,0.0000,1.0000,2.0355
8.1161,pi,6.2800,0.0000,1.0000,2.0371
8.1212,pi,6.2800,0.0000,1.0000,2.0387
8.1263,pi,6.2800,0.0000,1.0000,2.0402
8.1313,pi,6.2800,0.0000,1.0000,2.0418
8.1363,pi,6.2800,0.0000,1.0000,2.0434
8.1414,pi,6.2800,0.0000,1.0000,2.0450
8.1463,pi,6.2800,0.0000,1.0000,2.0465
8.1514,pi,6.2800,0.0000,1.0000,2.0481
8.1563,pi,6.2800,0.0000,1.0000,2.0497
8.1614,pi,6.2800,0.0000,1.0000,2.0512
8.1663,pi,6.2800,0.0000,1.0000,2.0528
8.1713,pi,6.2800,0.0000,1.0000,2.0544
8.1764,pi,6.2800,0.0000,1.0000,2.0559
8.1815,pi,6.2800,0.0000,1.0000,2.0575
8.1865,pi,6.2800,0.0000,1.0000,2.0591
8.1913,pi,6.2800,0.0000,1.0000,2.0607
8.1960,pi,6.2800,0.0000,1.0000,2.0622
8.2011,pi,6.2800,0.0000,1.0000,2.0638
8.2060,pi,6.2800,0.0000,1.0000,2.0654
8.2112,pi,6.2800,0.0000,1.0000,2.0669
8.2161,pi,6.2800,0.0000,1.0000,2.0685
8.2211,pi,6.2800,0.0000,1.0000,2.0701
8.2261,pi,6.2800,0.0000,1.0000,2.0716
8.2311,pi,6.2800,0.0000,1.0000,2.0732
8.2361,pi,6.2800,0.0000,1.0000,2.0748
8.2411,pi,6.2800,0.0000,1.0000,2.0763
8.2461,pi,6.2800,0.0000,1.0000,2.0779
8.2511,pi,6.2800,0.0000,1.0000,2.0795
8.2561,pi,6.2800,0.0000,1.0000,2.0811
8.2611,pi,6.2800,0.0000,1.0000,2.0826
8.2661,pi,6.2800,0.0000,1.0000,2.0842
8.2711,pi,6.2800,0.0000,1.0000,2.0858
8.2761,pi,6.2800,0.0000,1.0000,2.0873
8.2811,pi,6.2800,0.0000,1.0000,2.0889
8.2861,pi,6.2800,0.0000,1.0000,2.0905
8.2911,pi,6.2800,0.0000,1.0000,2.0920
8.2961,pi,6.2800,0.0000,1.0000,2.0936
8.3011,pi,6.2800,0.0000,1.0000,2.0952
8.3061,pi,6.2800,0.0000,1.0000,2.0968
8.3112,pi,6.2800,0.0000,1.0000,2.0983
8.3161,pi,6.2800,0.0000,1.0000,2.0999
8.3212,pi,6.2800,0.0000,1.0000,2.1015
8.3260,pi,6.2800,0.0000,1.0000,2.1031
8.3311,pi,6.2800,0.0000,1.0000,2.1046
8.3362,pi,6.2800,0.0000,1.0000,2.1062
8.3412,pi,6.2800,0.0000,1.0000,2.1077
8.3461,pi,6.2800,0.0000,1.0000,2.1093
8.3511,pi,6.2800,0.0000,1.0000,2.1109
8.3561,pi,6.2800,0.0000,1.0000,2.1125
8.3611,pi,6.2800,0.0000,1.0000,2.1140
8.3661,pi,6.2800,0.0000,1.0000,2.1156
8.3711,pi,6.2800,0.0000,1.0000,2.1172
8.3761,pi,6.2800,0.0000,1.0000,2.1187
8.3811,pi,6.2800,0.0000,1.0000,2.1203
8.3860,pi,6.2800,0.0000,1.0000,2.1219
8.3911,pi,6.2800,0.0000,1.0000,2.1234
8.3961,pi,6.2800,0.0000,1.0000,2.1250
8.4011,pi,6.2800,0.0000,1.0000,2.1266
8.4061,pi,6.2800,0.0000,1.0000,2.1282
8.4111,pi,6.2800,0.0000,1.0000,2.1297
8.4161,pi,6.2800,0.0000,1.0000,2.1313
8.4212,pi,6.2800,0.0000,1.0000,2.1329
8.4261,pi,6.2800,0.0000,1.0000,2.1344
8.4311,pi,6.2800,0.0000,1.0000,2.1360
8.4361,pi,6.2800,0.0000,1.0000,2.1376
8.4412,pi,6.2800,0.0000,1.0000,2.1391
8.4461,pi,6.2800,0.0000,1.0000,2.1407
8.4511,pi,6.2800,0.0000,1.0000,2.1423
8.4561,pi,6.2800,0.0000,1.0000,2.1439
8.4610,pi,6.2800,0.0000,1.0000,2.1454
8.4661,pi,6.2800,0.0000,1.0000,2.1470
8.4711,pi,6.2800,0.0000,1.0000,2.1486
8.4760,pi,6.2800,0.0000,1.0000,2.1501
8.4811,pi,6.2800,0.0000,1.0000,2.1517
8.4861,pi,6.2800,0.0000,1.0000,2.1533
8.4911,pi,6.2800,0.0000,1.0000,2.1548
8.4961,pi,6.2800,0.0000,1.0000,2.1564
8.5011,pi,6.2800,0.0000,1.0000,2.1580
8.5061,pi,6.2800,0.0000,1.0000,2.1596
8.5111,pi,6.2800,0.0000,1.0000,2.1611
8.5161,pi,6.2800,0.0000,1.0000,2.1627
8.5211,pi,6.2800,0.0000,1.0000,2.1643
8.5262,pi,6.2800,0.0000,1.0000,2.1658
8.5311,pi,6.2800,0.0000,1.0000,2.1674
8.5361,pi,6.2800,0.0000,1.0000,2.1690
8.5411,pi,6.2800,0.0000,1.0000,2.1705
8.5461,pi,6.2800,0.0000,1.0000,2.1721
8.5511,pi,6.2800,0.0000,1.0000,2.1737
8.5560,pi,6.2800,0.0000,1.0000,2.1753
8.5611,pi,6.2800,0.0000,1.0000,2.1768
8.5661,pi,6.2800,0.0000,1.0000,2.1784
8.5711,pi,6.2800,0.0000,1.0000,2.1800
8.5761,pi,6.2800,0.0000,1.0000,2.1815
8.5811,pi,6.2800,0.0000,1.0000,2.1831
8.5861,pi,6.2800,0.0000,1.0000,2.1847
8.5911,pi,6.2800,0.0000,1.0000,2.1862
8.5961,pi,6.2800,0.0000,1.0000,2.1878
8.6011,pi,6.2800,0.0000,1.0000,2.1894
8.6061,pi,6.2800,0.0000,1.0000,2.1910
8.6110,pi,6.2800,0.0000,1.0000,2.1925
8.6161,pi,6.2800,0.0000,1.0000,2.1941
8.6211,pi,6.2800,0.0000,1.0000,2.1957
8.6261,pi,6.2800,0.0000,1.0000,2.1972
8.6311,pi,6.2800,0.0000,1.0000,2.1988
8.6360,pi,6.2800,0.0000,1.0000,2.2004
8.6411,pi,6.2800,0.0000,1.0000,2.2019
8.6461,pi,6.2800,0.0000,1.0000,2.2035
8.6511,pi,6.2800,0.0000,1.0000,2.2051
8.6560,pi,6.2800,0.0000,1.0000,2.2067
8.6611,pi,6.2800,0.0000,1.0000,2.2082
8.6661,pi,6.2800,0.0000,1.0000,2.2098
8.6711,pi,6.2800,0.0000,1.0000,2.2114
8.6761,pi,6.2800,0.0000,1.0000,2.2129
8.6812,pi,6.2800,0.0000,1.0000,2.2145
8.6861,pi,6.2800,0.0000,1.0000,2.2161
8.6910,pi,6.2800,0.0000,1.0000,2.2176
8.6961,pi,6.2800,0.0000,1.0000,2.2192
8.7011,pi,6.2800,0.0000,1.0000,2.2208
8.7061,pi,6.2800,0.0000,1.0000,2.2224
8.7111,pi,6.2800,0.0000,1.0000,2.2239
8.7161,pi,6.2800,0.0000,1.0000,2.2255
8.7211,pi,6.2800,0.0000,1.0000,2.2271
8.7261,pi,6.2800,0.0000,1.0000,2.2286
8.7311,pi,6.2800,0.0000,1.0000,2.2302
8.7363,pi,6.2800,0.0000,1.0000,2.2318
8.7413,pi,6.2800,0.0000,1.0000,2.2333
8.7461,pi,6.2800,0.0000,1.0000,2.2349
8.7511,pi,6.2800,0.0000,1.0000,2.2365
8.7561,pi,6.2800,0.0000,1.0000,2.2380
8.7611,pi,6.2800,0.0000,1.0000,2.2396
8.7661,pi,6.2800,0.0000,1.0000,2.2412
8.7711,pi,6.2800,0.0000,1.0000,2.2428
8.7761,pi,6.2800,0.0000,1.0000,2.2443
8.7817,pi,6.2800,0.0000,1.0000,2.2459
8.7862,pi,6.2800,0.0000,1.0000,2.2475
8.7911,pi,6.2800,0.0000,1.0000,2.2490
8.7960,pi,6.2800,0.0000,1.0000,2.2506
8.8011,pi,6.2800,0.0000,1.0000,2.2522
8.8062,pi,6.2800,0.0000,1.0000,2.2538
8.8110,pi,6.2800,0.0000,1.0000,2.2553
8.8163,pi,6.2800,0.0000,1.0000,2.2569
8.8211,pi,6.2800,0.0000,1.0000,2.2585
8.8260,pi,6.2800,0.0000,1.0000,2.2600
8.8311,pi,6.2800,0.0000,1.0000,2.2616
8.8361,pi,6.2800,0.0000,1.0000,2.2632
8.8411,pi,6.2800,0.0000,1.0000,2.2647
8.8461,pi,6.2800,0.0000,1.0000,2.2663
8.8510,pi,6.2800,0.0000,1.0000,2.2679
8.8561,pi,6.2800,0.0000,1.0000,2.2694
8.8611,pi,6.2800,0.0000,1.0000,2.2710
8.8661,pi,6.2800,0.0000,1.0000,2.2726
8.8711,pi,6.2800,0.0000,1.0000,2.2742
8.8761,pi,6.2800,0.0000,1.0000,2.2757
8.8811,pi,6.2800,0.0000,1.0000,2.2773
8.8861,pi,6.2800,0.0000,1.0000,2.2789
8.8910,pi,6.2800,0.0000,1.0000,2.2804
8.8961,pi,6.2800,0.0000,1.0000,2.2820
8.9011,pi,6.2800,0.0000,1.0000,2.2836
8.9061,pi,6.2800,0.0000,1.0000,2.2852
8.9111,pi,6.2800,0.0000,1.0000,2.2867
8.9161,pi,6.2800,0.0000,1.0000,2.2883
8.9211,pi,6.2800,0.0000,1.0000,2.2899
8.9260,pi,6.2800,0.0000,1.0000,2.2914
8.9311,pi,6.2800,0.0000,1.0000,2.2930
8.9360,pi,6.2800,0.0000,1.0000,2.2946
8.9411,pi,6.2800,0.0000,1.0000,2.2961
8.9461,pi,6.2800,0.0000,1.0000,2.2977
8.9511,pi,6.2800,0.0000,1.0000,2.2993
8.9561,pi,6.2800,0.0000,1.0000,2.3009
8.9611,pi,6.2800,0.0000,1.0000,2.3024
8.9661,pi,6.2800,0.0000,1.0000,2.3040
8.9711,pi,6.2800,0.0000,1.0000,2.3056
8.9761,pi,6.2800,0.0000,1.0000,2.3071
8.9811,pi,6.2800,0.0000,1.0000,2.3087
8.9861,pi,6.2800,0.0000,1.0000,2.3103
8.9910,pi,6.2800,0.0000,1.0000,2.3118
8.9961,pi,6.2800,0.0000,1.0000,2.3134
9.0011,pi,6.2800,0.0000,1.0000,2.3150
9.0061,pi,6.2800,0.0000,1.0000,2.3166
9.0111,pi,6.2800,0.0000,1.0000,2.3181
9.0160,pi,6.2800,0.0000,1.0000,2.3197
9.0211,pi,6.2800,0.0000,1.0000,2.3213
9.0260,pi,6.2800,0.0000,1.0000,2.3228
9.0311,pi,6.2800,0.0000,1.0000,2.3244
9.0360,pi,6.2800,0.0000,1.0000,2.3260
9.0411,pi,6.2800,0.0000,1.0000,2.3275
9.0461,pi,6.2800,0.0000,1.0000,2.3291
9.0510,pi,6.2800,0.0000,1.0000,2.3307
9.0561,pi,6.2800,0.0000,1.0000,2.3323
9.0610,pi,6.2800,0.0000,1.0000,2.3338
9.0662,pi,6.2800,0.0000,1.0000,2.3354
9.0710,pi,6.2800,0.0000,1.0000,2.3370
9.0761,pi,6.2800,0.0000,1.0000,2.3385
9.0811,pi,6.2800,0.0000,1.0000,2.3401
9.0861,pi,6.2800,0.0000,1.0000,2.3417
9.0910,pi,6.2800,0.0000,1.0000,2.3432
9.0961,pi,6.2800,0.0000,1.0000,2.3448
9.1010,pi,6.2800,0.0000,1.0000,2.3464
9.1061,pi,6.2800,0.0000,1.0000,2.3480
9.1111,pi,6.2800,0.0000,1.0000,2.3495
9.1161,pi,6.2800,0.0000,1.0000,2.3511
9.1212,pi,6.2800,0.0000,1.0000,2.3527
9.1263,pi,6.2800,0.0000,1.0000,2.3542
9.1312,pi,6.2800,0.0000,1.0000,2.3558
9.1361,pi,6.2800,0.0000,1.0000,2.3574
9.1411,pi,6.2800,0.0000,1.0000,2.3589
9.1460,pi,6.2800,0.0000,1.0000,2.3605
9.1511,pi,6.2800,0.0000,1.0000,2.3621
9.1561,pi,6.2800,0.0000,1.0000,2.3636
9.1611,pi,6.2800,0.0000,1.0000,2.3652
9.1660,pi,6.2800,0.0000,1.0000,2.3668
9.1711,pi,6.2800,0.0000,1.0000,2.3684
9.1761,pi,6.2800,0.0000,1.0000,2.3699
9.1812,pi,6.2800,0.0000,1.0000,2.3715
9.1861,pi,6.2800,0.0000,1.0000,2.3731
9.1911,pi,6.2800,0.0000,1.0000,2.3746
9.1961,pi,6.2800,0.0000,1.0000,2.3762
9.2011,pi,6.2800,0.0000,1.0000,2.3778
9.2061,pi,6.2800,0.0000,1.0000,2.3794
9.2111,pi,6.2800,0.0000,1.0000,2.3809
9.2162,pi,6.2800,0.0000,1.0000,2.3825
9.2211,pi,6.2800,0.0000,1.0000,2.3841
9.2260,pi,6.2800,0.0000,1.0000,2.3856
9.2311,pi,6.2800,0.0000,1.0000,2.3872
9.2360,pi,6.2800,0.0000,1.0000,2.3888
9.2411,pi,6.2800,0.0000,1.0000,2.3903
9.2461,pi,6.2800,0.0000,1.0000,2.3919
9.2511,pi,6.2800,0.0000,1.0000,2.3935
9.2561,pi,6.2800,0.0000,1.0000,2.3951
9.2611,pi,6.2800,0.0000,1.0000,2.3966
9.2661,pi,6.2800,0.0000,1.0000,2.3982
9.2711,pi,6.2800,0.0000,1.0000,2.3998
9.2761,pi,6.2800,0.0000,1.0000,2.4013
9.2811,pi,6.2800,0.0000,1.0000,2.4029
9.2861,pi,6.2800,0.0000,1.0000,2.4045
9.2911,pi,6.2800,0.0000,1.0000,2.4060
9.2961,pi,6.2800,0.0000,1.0000,2.4076
9.3011,pi,6.2800,0.0000,1.0000,2.4092
9.3061,pi,6.2800,0.0000,1.0000,2.4108
9.3111,pi,6.2800,0.0000,1.0000,2.4123
9.3160,pi,6.2800,0.0000,1.0000,2.4139
9.3211,pi,6.2800,0.0000,1.0000,2.4155
9.3261,pi,6.2800,0.0000,1.0000,2.4170
9.3311,pi,6.2800,0.0000,1.0000,2.4186
9.3360,pi,6.2800,0.0000,1.0000,2.4202
9.3411,pi,6.2800,0.0000,1.0000,2.4217
9.3461,pi,6.2800,0.0000,1.0000,2.4233
9.3511,pi,6.2800,0.0000,1.0000,2.4249
9.3561,pi,6.2800,0.0000,1.0000,2.4265
9.3611,pi,6.2800,0.0000,1.0000,2.4280
9.3661,pi,6.2800,0.0000,1.0000,2.4296
9.3711,pi,6.2800,0.0000,1.0000,2.4312
9.3761,pi,6.2800,0.0000,1.0000,2.4327
9.3811,pi,6.2800,0.0000,1.0000,2.4343
9.3861,pi,6.2800,0.0000,1.0000,2.4359
9.3911,pi,6.2800,0.0000,1.0000,2.4374
9.3961,pi,6.2800,0.0000,1.0000,2.4390
9.4011,pi,6.2800,0.0000,1.0000,2.4406
9.4061,pi,6.2800,0.0000,1.0000,2.4422
9.4111,pi,6.2800,0.0000,1.0000,2.4437
9.4161,pi,6.2800,0.0000,1.0000,2.4453
9.4211,pi,6.2800,0.0000,1.0000,2.4469
9.4262,pi,6.2800,0.0000,1.0000,2.4484
9.4311,pi,6.2800,0.0000,1.0000,2.4500
9.4361,pi,6.2800,0.0000,1.0000,2.4516
9.4412,pi,6.2800,0.0000,1.0000,2.4531
9.4461,pi,6.2800,0.0000,1.0000,2.4547
9.4510,pi,6.2800,0.0000,1.0000,2.4563
9.4561,pi,6.2800,0.0000,1.0000,2.4579
9.4611,pi,6.2800,0.0000,1.0000,2.4594
9.4661,pi,6.2800,0.0000,1.0000,2.4610
9.4711,pi,6.2800,0.0000,1.0000,2.4626
9.4760,pi,6.2800,0.0000,1.0000,2.4641
9.4811,pi,6.2800,0.0000,1.0000,2.4657
9.4861,pi,6.2800,0.0000,1.0000,2.4673
9.4910,pi,6.2800,0.0000,1.0000,2.4688
9.4961,pi,6.2800,0.0000,1.0000,2.4704
9.5011,pi,6.2800,0.0000,1.0000,2.4720
9.5060,pi,6.2800,0.0000,1.0000,2.4736
9.5111,pi,6.2800,0.0000,1.0000,2.4751
9.5161,pi,6.2800,0.0000,1.0000,2.4767
9.5211,pi,6.2800,0.0000,1.0000,2.4783
9.5261,pi,6.2800,0.0000,1.0000,2.4798
9.5311,pi,6.2800,0.0000,1.0000,2.4814
9.5361,pi,6.2800,0.0000,1.0000,2.4830
9.5411,pi,6.2800,0.0000,1.0000,2.4845
9.5461,pi,6.2800,0.0000,1.0000,2.4861
9.5511,pi,6.2800,0.0000,1.0000,2.4877
9.5561,pi,6.2800,0.0000,1.0000,2.4892
9.5610,pi,6.2800,0.0000,1.0000,2.4908
9.5661,pi,6.2800,0.0000,1.0000,2.4924
9.5711,pi,6.2800,0.0000,1.0000,2.4940
9.5761,pi,6.2800,0.0000,1.0000,2.4955
9.5811,pi,6.2800,0.0000,1.0000,2.4971
9.5861,pi,6.2800,0.0000,1.0000,2.4987
9.5911,pi,6.2800,0.0000,1.0000,2.5002
9.5960,pi,6.2800,0.0000,1.0000,2.5018
9.6012,pi,6.2800,0.0000,1.0000,2.5034
9.6060,pi,6.2800,0.0000,1.0000,2.5050
9.6111,pi,6.2800,0.0000,1.0000,2.5065
9.6161,pi,6.2800,0.0000,1.0000,2.5081
9.6210,pi,6.2800,0.0000,1.0000,2.5097
9.6261,pi,6.2800,0.0000,1.0000,2.5112
9.6312,pi,6.2800,0.0000,1.0000,2.5128
9.6361,pi,6.2800,0.0000,1.0000,2.5144
9.6412,pi,6.2800,0.0000,1.0000,2.5159
9.6461,pi,6.2800,0.0000,1.0000,2.5175
9.6510,pi,6.2800,0.0000,1.0000,2.5191
9.6561,pi,6.2800,0.0000,1.0000,2.5207
9.6610,pi,6.2800,0.0000,1.0000,2.5222
9.6661,pi,6.2800,0.0000,1.0000,2.5238
9.6711,pi,6.2800,0.0000,1.0000,2.5254
9.6761,pi,6.2800,0.0000,1.0000,2.5269
9.6811,pi,6.2800,0.0000,1.0000,2.5285
9.6861,pi,6.2800,0.0000,1.0000,2.5301
9.6910,pi,6.2800,0.0000,1.0000,2.5316
9.6961,pi,6.2800,0.0000,1.0000,2.5332
9.7011,pi,6.2800,0.0000,1.0000,2.5348
9.7060,pi,6.2800,0.0000,1.0000,2.5364
9.7111,pi,6.2800,0.0000,1.0000,2.5379
9.7161,pi,6.2800,0.0000,1.0000,2.5395
9.7210,pi,6.2800,0.0000,1.0000,2.5411
9.7261,pi,6.2800,0.0000,1.0000,2.5426
9.7311,pi,6.2800,0.0000,1.0000,2.5442
9.7360,pi,6.2800,0.0000,1.0000,2.5458
9.7411,pi,6.2800,0.0000,1.0000,2.5473
9.7461,pi,6.2800,0.0000,1.0000,2.5489
9.7510,pi,6.2800,0.0000,1.0000,2.5505
9.7561,pi,6.2800,0.0000,1.0000,2.5521
9.7610,pi,6.2800,0.0000,1.0000,2.5536
9.7661,pi,6.2800,0.0000,1.0000,2.5552
9.7711,pi,6.2800,0.0000,1.0000,2.5568
9.7761,pi,6.2800,0.0000,1.0000,2.5583
9.7811,pi,6.2800,0.0000,1.0000,2.5599
9.7861,pi,6.2800,0.0000,1.0000,2.5615
9.7911,pi,6.2800,0.0000,1.0000,2.5630
9.7961,pi,6.2800,0.0000,1.0000,2.5646
9.8011,pi,6.2800,0.0000,1.0000,2.5662
9.8060,pi,6.2800,0.0000,1.0000,2.5678
9.8111,pi,6.2800,0.0000,1.0000,2.5693
9.8160,pi,6.2800,0.0000,1.0000,2.5709
9.8211,pi,6.2800,0.0000,1.0000,2.5725
9.8261,pi,6.2800,0.0000,1.0000,2.5740
9.8311,pi,6.2800,0.0000,1.0000,2.5756
9.8361,pi,6.2800,0.0000,1.0000,2.5772
9.8411,pi,6.2800,0.0000,1.0000,2.5787
9.8461,pi,6.2800,0.0000,1.0000,2.5803
9.8510,pi,6.2800,0.0000,1.0000,2.5819
9.8561,pi,6.2800,0.0000,1.0000,2.5835
9.8611,pi,6.2800,0.0000,1.0000,2.5850
9.8660,pi,6.2800,0.0000,1.0000,2.5866
9.8711,pi,6.2800,0.0000,1.0000,2.5882
9.8760,pi,6.2800,0.0000,1.0000,2.5897
9.8811,pi,6.2800,0.0000,1.0000,2.5913
9.8861,pi,6.2800,0.0000,1.0000,2.5929
9.8911,pi,6.2800,0.0000,1.0000,2.5944
9.8961,pi,6.2800,0.0000,1.0000,2.5960
9.9010,pi,6.2800,0.0000,1.0000,2.5976
9.9061,pi,6.2800,0.0000,1.0000,2.5992
9.9111,pi,6.2800,0.0000,1.0000,2.6007
9.9161,pi,6.2800,0.0000,1.0000,2.6023
9.9211,pi,6.2800,0.0000,1.0000,2.6039
9.9261,pi,6.2800,0.0000,1.0000,2.6054
9.9311,pi,6.2800,0.0000,1.0000,2.6070
9.9361,pi,6.2800,0.0000,1.0000,2.6086
9.9410,pi,6.2800,0.0000,1.0000,2.6101
9.9461,pi,6.2800,0.0000,1.0000,2.6117
9.9511,pi,6.2800,0.0000,1.0000,2.6133
9.9561,pi,6.2800,0.0000,1.0000,2.6149
9.9611,pi,6.2800,0.0000,1.0000,2.6164
9.9660,pi,6.2800,0.0000,1.0000,2.6180
9.9711,pi,6.2800,0.0000,1.0000,2.6196
9.9760,pi,6.2800,0.0000,1.0000,2.6211
9.9811,pi,6.2800,0.0000,1.0000,2.6227
9.9861,pi,6.2800,0.0000,1.0000,2.6243
9.9911,pi,6.2800,0.0000,1.0000,2.6258
9.9960,pi,6.2800,0.0000,1.0000,2.6274
10.0011,pi,6.2800,0.0000,1.0000,2.6290
10.0060,pi,6.2800,0.0000,1.0000,2.6306
10.0111,pi,6.2800,0.0000,1.0000,2.6321
10.0161,pi,6.2800,0.0000,1.0000,2.6337
10.0211,pi,6.2800,0.0000,1.0000,2.6353
10.0260,pi,6.2800,0.0000,1.0000,2.6368
10.0311,pi,6.2800,0.0000,1.0000,2.6384
10.0360,pi,6.2800,0.0000,1.0000,2.6400
10.0411,pi,6.2800,0.0000,1.0000,2.6415
10.0461,pi,6.2800,0.0000,1.0000,2.6431
10.0511,pi,6.2800,0.0000,1.0000,2.6447
10.0562,pi,6.2800,0.0000,1.0000,2.6463
10.0611,pi,6.2800,0.0000,1.0000,2.6478
10.0661,pi,6.2800,0.0000,1.0000,2.6494
10.0711,pi,6.2800,0.0000,1.0000,2.6510
10.0761,pi,6.2800,0.0000,1.0000,2.6525
10.0811,pi,6.2800,0.0000,1.0000,2.6541
10.0861,pi,6.2800,0.0000,1.0000,2.6557
10.0910,pi,6.2800,0.0000,1.0000,2.6572
10.0961,pi,6.2800,0.0000,1.0000,2.6588
10.1011,pi,6.2800,0.0000,1.0000,2.6604
10.1060,pi,6.2800,0.0000,1.0000,2.6620
10.1111,pi,6.2800,0.0000,1.0000,2.6635
10.1161,pi,6.2800,0.0000,1.0000,2.6651
10.1211,pi,6.2800,0.0000,1.0000,2.6667
10.1262,pi,6.2800,0.0000,1.0000,2.6682
10.1313,pi,6.2800,0.0000,1.0000,2.6698
10.1361,pi,6.2800,0.0000,1.0000,2.6714
10.1411,pi,6.2800,0.0000,1.0000,2.6729
10.1460,pi,6.2800,0.0000,1.0000,2.6745
10.1510,pi,6.2800,0.0000,1.0000,2.6761
10.1561,pi,6.2800,0.0457,1.0000,2.6767
10.1611,pi,6.2800,0.1736,1.0000,2.6757
10.1661,pi,6.2800,0.4587,1.0000,2.6716
10.1711,pi,6.2800,0.8698,1.0000,2.6648
10.1761,pi,6.2800,1.4726,1.0000,2.6541
10.1812,pi,6.2800,2.2752,1.0000,2.6392
10.1861,pi,6.2800,3.2825,1.0000,2.6201
10.1911,pi,6.2800,4.5010,1.0000,2.5965
10.1961,pi,6.2800,5.8873,1.0000,2.5692
10.2011,pi,6.2800,7.4974,1.0000,2.5371
10.2061,pi,6.2800,9.5709,1.0000,2.4953
10.2111,pi,6.2800,11.6754,1.0000,2.4524
10.2161,pi,6.2800,13.7621,1.0000,2.4093
10.2211,pi,6.2800,15.8328,1.0000,2.3660
10.2261,pi,6.2800,17.8430,1.0000,2.3234
10.2311,pi,6.2800,19.7514,1.0000,2.2824
10.2362,pi,6.2800,21.5322,1.0000,2.2434
10.2412,pi,6.2800,23.2065,1.0000,2.2061
10.2462,pi,6.2800,24.7956,1.0000,2.1701
10.2510,pi,6.2800,26.1390,1.0000,2.1386
10.2561,pi,6.2800,27.3556,1.0000,2.1093
10.2613,pi,6.2800,28.6241,1.0000,2.0787
10.2661,pi,6.2800,29.7069,1.0000,2.0514
10.2711,pi,6.2800,30.6654,1.0000,2.0264
10.2761,pi,6.2800,31.5704,1.0000,2.0022
10.2812,pi,6.2800,32.4450,1.0000,1.9784
10.2861,pi,6.2800,33.1752,1.0000,1.9572
10.2912,pi,6.2800,33.9304,1.0000,1.9354
10.2962,pi,6.2800,34.5824,1.0000,1.9154
10.3011,pi,6.2800,35.2027,1.0000,1.8960
10.3061,pi,6.2800,35.8013,1.0000,1.8768
10.3110,pi,6.2800,36.3170,1.0000,1.8591
10.3162,pi,6.2800,36.7939,1.0000,1.8420
10.3212,pi,6.2800,37.2230,1.0000,1.8258
10.3262,pi,6.2800,37.6172,1.0000,1.8102
10.3314,pi,6.2800,37.9348,1.0000,1.7960
10.3365,pi,6.2800,38.2386,1.0000,1.7820
10.3417,pi,6.2800,38.4950,1.0000,1.7689
10.3464,pi,6.2800,38.7380,1.0000,1.7560
10.3511,pi,6.2800,38.9317,1.0000,1.7440
10.3561,pi,6.2800,39.1368,1.0000,1.7317
10.3612,pi,6.2800,39.2963,1.0000,1.7203
10.3662,pi,6.2800,39.4325,1.0000,1.7093
10.3713,pi,6.2800,39.6366,1.0000,1.6970
10.3762,pi,6.2800,39.7976,1.0000,1.6854
10.3812,pi,6.2800,39.9272,1.0000,1.6744
10.3862,pi,6.2800,40.0761,1.0000,1.6631
10.3912,pi,6.2800,40.1963,1.0000,1.6522
10.3961,pi,6.2800,40.2929,1.0000,1.6418
10.4012,pi,6.2800,40.3768,1.0000,1.6316
10.4061,pi,6.2800,40.3938,1.0000,1.6227
10.4111,pi,6.2800,40.4485,1.0000,1.6131
10.4162,pi,6.2800,40.5003,1.0000,1.6035
10.4211,pi,6.2800,40.5434,1.0000,1.5941
10.4261,pi,6.2800,40.5695,1.0000,1.5850
10.4311,pi,6.2800,40.5895,1.0000,1.5760
10.4361,pi,6.2800,40.6517,1.0000,1.5663
10.4412,pi,6.2800,40.7599,1.0000,1.5555
10.4461,pi,6.2800,40.8336,1.0000,1.5454
10.4511,pi,6.2800,40.8933,1.0000,1.5356
10.4562,pi,6.2800,40.9886,1.0000,1.5250
10.4611,pi,6.2800,41.0820,1.0000,1.5145
10.4662,pi,6.2800,41.1385,1.0000,1.5046
10.4711,pi,6.2800,41.1829,1.0000,1.4951
10.4762,pi,6.2800,41.1752,1.0000,1.4865
10.4812,pi,6.2800,41.2190,1.0000,1.4769
10.4862,pi,6.2800,41.2179,1.0000,1.4681
10.4911,pi,6.2800,41.2457,1.0000,1.4589
10.4962,pi,6.2800,41.2399,1.0000,1.4502
10.5011,pi,6.2800,41.2341,1.0000,1.4416
10.5062,pi,6.2800,41.2291,1.0000,1.4330
10.5112,pi,6.2800,41.1753,1.0000,1.4253
10.5162,pi,6.2800,41.1812,1.0000,1.4164
10.5211,pi,6.2800,41.1885,1.0000,1.4076
10.5261,pi,6.2800,41.1771,1.0000,1.3991
10.5311,pi,6.2800,41.1682,1.0000,1.3906
10.5361,pi,6.2800,41.1600,1.0000,1.3820
10.5413,pi,6.2800,41.1202,1.0000,1.3741
10.5463,pi,6.2800,41.1368,1.0000,1.3650
10.5512,pi,6.2800,41.1527,1.0000,1.3560
10.5561,pi,6.2800,41.1143,1.0000,1.3480
10.5612,pi,6.2800,41.1159,1.0000,1.3393
10.5662,pi,6.2800,41.1680,1.0000,1.3296
10.5713,pi,6.2800,41.1748,1.0000,1.3207
10.5764,pi,6.2800,41.2118,1.0000,1.3112
10.5816,pi,6.2800,41.3126,1.0000,1.3005
10.5862,pi,6.2800,41.3667,1.0000,1.2906
10.5911,pi,6.2800,41.4106,1.0000,1.2810
10.5961,pi,6.2800,41.4478,1.0000,1.2715
10.6011,pi,6.2800,41.4769,1.0000,1.2621
10.6062,pi,6.2800,41.4995,1.0000,1.2528
10.6111,pi,6.2800,41.5179,1.0000,1.2437
10.6161,pi,6.2800,41.5334,1.0000,1.2346
10.6211,pi,6.2800,41.5003,1.0000,1.2264
10.6261,pi,6.2800,41.5227,1.0000,1.2172
10.6312,pi,6.2800,41.4896,1.0000,1.2090
10.6362,pi,6.2800,41.4349,1.0000,1.2013
10.6411,pi,6.2800,41.3746,1.0000,1.1937
10.6461,pi,6.2800,41.3423,1.0000,1.1856
10.6511,pi,6.2800,41.2986,1.0000,1.1777
10.6562,pi,6.2800,41.2805,1.0000,1.1693
10.6611,pi,6.2800,41.2668,1.0000,1.1608
10.6661,pi,6.2800,41.2570,1.0000,1.1523
10.6712,pi,6.2800,41.2450,1.0000,1.1438
10.6762,pi,6.2800,41.2324,1.0000,1.1353
10.6811,pi,6.2800,41.2275,1.0000,1.1266
10.6860,pi,6.2800,41.2524,1.0000,1.1174
10.6912,pi,6.2800,41.2951,1.0000,1.1078
10.6961,pi,6.2800,41.3261,1.0000,1.0984
10.7011,pi,6.2800,41.3538,1.0000,1.0891
10.7061,pi,6.2800,41.3537,1.0000,1.0804
10.7111,pi,6.2800,41.3107,1.0000,1.0725
10.7161,pi,6.2800,41.2912,1.0000,1.0641
10.7211,pi,6.2800,41.2572,1.0000,1.0560
10.7261,pi,6.2800,41.2778,1.0000,1.0469
10.7311,pi,6.2800,41.2529,1.0000,1.0386
10.7361,pi,6.2800,41.2750,1.0000,1.0294
10.7411,pi,6.2800,41.2589,1.0000,1.0210
10.7461,pi,6.2800,41.2778,1.0000,1.0118
10.7511,pi,6.2800,41.2966,1.0000,1.0027
10.7562,pi,6.2800,41.2704,0.9945,0.9945
10.7612,pi,6.2800,41.2596,0.9859,0.9859
10.7662,pi,6.2800,41.2474,0.9775,0.9775
10.7712,pi,6.2800,41.2409,0.9688,0.9688
10.7762,pi,6.2800,41.2174,0.9606,0.9606
10.7815,pi,6.2800,41.2155,0.9519,0.9519
10.7861,pi,6.2800,41.1622,0.9442,0.9442
10.7911,pi,6.2800,41.1089,0.9365,0.9365
10.7961,pi,6.2800,41.0710,0.9286,0.9286
10.8013,pi,6.2800,40.9412,0.9225,0.9225
10.8061,pi,6.2800,40.8406,0.9158,0.9158
10.8112,pi,6.2800,40.8121,0.9078,0.9078
10.8161,pi,6.2800,40.7366,0.9007,0.9007
10.8211,pi,6.2800,40.6318,0.8942,0.8942
10.8262,pi,6.2800,40.4902,0.8884,0.8884
10.8311,pi,6.2800,40.2325,0.8849,0.8849
10.8369,pi,6.2800,40.0235,0.8807,0.8807
10.8419,pi,6.2800,39.7927,0.8768,0.8768
10.8464,pi,6.2800,39.6217,0.8718,0.8718
10.8511,pi,6.2800,39.4626,0.8667,0.8667
10.8561,pi,6.2800,39.2998,0.8617,0.8617
10.8612,pi,6.2800,39.1175,0.8571,0.8571
10.8668,pi,6.2800,38.9301,0.8527,0.8527
10.8727,pi,6.2800,38.7291,0.8485,0.8485
10.8769,pi,6.2800,38.5681,0.8436,0.8436
10.8815,pi,6.2800,38.3978,0.8389,0.8389
10.8860,pi,6.2800,38.3057,0.8327,0.8327
10.8912,pi,6.2800,38.1433,0.8280,0.8280
10.8961,pi,6.2800,38.0220,0.8225,0.8225
10.9012,pi,6.2800,37.8219,0.8185,0.8185
10.9061,pi,6.2800,37.6444,0.8142,0.8142
10.9112,pi,6.2800,37.4545,0.8101,0.8101
10.9161,pi,6.2800,37.2736,0.8060,0.8060
10.9212,pi,6.2800,37.0871,0.8019,0.8019
10.9262,pi,6.2800,36.8929,0.7981,0.7981
10.9312,pi,6.2800,36.6896,0.7945,0.7945
10.9363,pi,6.2800,36.4889,0.7910,0.7910
10.9411,pi,6.2800,36.3289,0.7866,0.7866
10.9461,pi,6.2800,36.1491,0.7827,0.7827
10.9511,pi,6.2800,35.9572,0.7791,0.7791
10.9562,pi,6.2800,35.7490,0.7758,0.7758
10.9611,pi,6.2800,35.5354,0.7727,0.7727
10.9661,pi,6.2800,35.3279,0.7695,0.7695
10.9712,pi,6.2800,35.1172,0.7665,0.7665
10.9762,pi,6.2800,34.9287,0.7631,0.7631
10.9812,pi,6.2800,34.7274,0.7599,0.7599
10.9861,pi,6.2800,34.5446,0.7565,0.7565
10.9912,pi,6.2800,34.3195,0.7539,0.7539
10.9964,pi,6.2800,34.1274,0.7507,0.7507
11.0018,pi,6.2800,33.9320,0.7477,0.7477
11.0061,pi,6.2800,33.7702,0.7440,0.7440
11.0111,pi,6.2800,33.5992,0.7405,0.7405
11.0163,pi,6.2800,33.4624,0.7365,0.7365
11.0213,pi,6.2800,33.3527,0.7318,0.7318
11.0262,pi,6.2800,33.2171,0.7278,0.7278
11.0311,pi,6.2800,33.0639,0.7241,0.7241
11.0361,pi,6.2800,32.9421,0.7199,0.7199
11.0411,pi,6.2800,32.7989,0.7161,0.7161
11.0461,pi,6.2800,32.6392,0.7127,0.7127
11.0511,pi,6.2800,32.5087,0.7087,0.7087
11.0561,pi,6.2800,32.3618,0.7050,0.7050
11.0611,pi,6.2800,32.1965,0.7018,0.7018
11.0662,pi,6.2800,32.0176,0.6989,0.6989
11.0711,pi,6.2800,31.8320,0.6962,0.6962
11.0761,pi,6.2800,31.6374,0.6937,0.6937
11.0811,pi,6.2800,31.5260,0.6896,0.6896
11.0862,pi,6.2800,31.3524,0.6868,0.6868
11.0913,pi,6.2800,31.2114,0.6833,0.6833
11.0962,pi,6.2800,31.0984,0.6793,0.6793
11.1011,pi,6.2800,30.9606,0.6759,0.6759
11.1060,pi,6.2800,30.8024,0.6729,0.6729
11.1111,pi,6.2800,30.6757,0.6693,0.6693
11.1162,pi,6.2800,30.5720,0.6653,0.6653
11.1212,pi,6.2800,30.4385,0.6619,0.6619
11.1263,pi,6.2800,30.2759,0.6591,0.6591
11.1315,pi,6.2800,30.0978,0.6566,0.6566
11.1366,pi,6.2800,29.9051,0.6545,0.6545
11.1411,pi,6.2800,29.7269,0.6522,0.6522
11.1461,pi,6.2800,29.5403,0.6500,0.6500
11.1511,pi,6.2800,29.3463,0.6481,0.6481
11.1561,pi,6.2800,29.2063,0.6452,0.6452
11.1611,pi,6.2800,28.9925,0.6437,0.6437
11.1661,pi,6.2800,28.8234,0.6414,0.6414
11.1711,pi,6.2800,28.6884,0.6385,0.6385
11.1761,pi,6.2800,28.5710,0.6352,0.6352
11.1811,pi,6.2800,28.4822,0.6314,0.6314
11.1861,pi,6.2800,28.3638,0.6282,0.6282
11.1918,pi,6.2800,28.2696,0.6246,0.6246
11.1969,pi,6.2800,28.1931,0.6206,0.6206
11.2017,pi,6.2800,28.1303,0.6164,0.6164
11.2063,pi,6.2800,28.0277,0.6130,0.6130
11.2111,pi,6.2800,27.9508,0.6090,0.6090
11.2161,pi,6.2800,27.8450,0.6058,0.6058
11.2211,pi,6.2800,27.7144,0.6030,0.6030
11.2261,pi,6.2800,27.5975,0.6000,0.6000
11.2311,pi,6.2800,27.4560,0.5975,0.5975
11.2361,pi,6.2800,27.2920,0.5955,0.5955
11.2411,pi,6.2800,27.1336,0.5934,0.5934
11.2461,pi,6.2800,27.0090,0.5907,0.5907
11.2511,pi,6.2800,26.8645,0.5884,0.5884
11.2561,pi,6.2800,26.7491,0.5855,0.5855
11.2611,pi,6.2800,26.6132,0.5831,0.5831
11.2662,pi,6.2800,26.5150,0.5800,0.5800
11.2711,pi,6.2800,26.3898,0.5774,0.5774
11.2764,pi,6.2800,26.2806,0.5746,0.5746
11.2812,pi,6.2800,26.1457,0.5722,0.5722
11.2862,pi,6.2800,26.0429,0.5694,0.5694
11.2911,pi,6.2800,25.9528,0.5663,0.5663
11.2961,pi,6.2800,25.8812,0.5628,0.5628
11.3011,pi,6.2800,25.7774,0.5600,0.5600
11.3061,pi,6.2800,25.6945,0.5568,0.5568
11.3111,pi,6.2800,25.5375,0.5550,0.5550
11.3161,pi,6.2800,25.4094,0.5528,0.5528
11.3212,pi,6.2800,25.2537,0.5511,0.5511
11.3261,pi,6.2800,25.1378,0.5487,0.5487
11.3311,pi,6.2800,24.9618,0.5475,0.5475
11.3361,pi,6.2800,24.8182,0.5457,0.5457
11.3411,pi,6.2800,24.6798,0.5438,0.5438
11.3461,pi,6.2800,24.5186,0.5425,0.5425
11.3511,pi,6.2800,24.3389,0.5415,0.5415
11.3561,pi,6.2800,24.1954,0.5398,0.5398
11.3611,pi,6.2800,24.0805,0.5377,0.5377
11.3662,pi,6.2800,23.9344,0.5361,0.5361
11.3711,pi,6.2800,23.8729,0.5329,0.5329
11.3760,pi,6.2800,23.8057,0.5299,0.5299
11.3812,pi,6.2800,23.7670,0.5263,0.5263
11.3861,pi,6.2800,23.7204,0.5228,0.5228
11.3911,pi,6.2800,23.6833,0.5192,0.5192
11.3961,pi,6.2800,23.6211,0.5161,0.5161
11.4011,pi,6.2800,23.5577,0.5131,0.5131
11.4061,pi,6.2800,23.5073,0.5097,0.5097
11.4111,pi,6.2800,23.4302,0.5070,0.5070
11.4161,pi,6.2800,23.3594,0.5041,0.5041
11.4212,pi,6.2800,23.2109,0.5028,0.5028
11.4261,pi,6.2800,23.0922,0.5009,0.5009
11.4311,pi,6.2800,22.9972,0.4986,0.4986
11.4361,pi,6.2800,22.8325,0.4978,0.4978
11.4412,pi,6.2800,22.6882,0.4965,0.4965
11.4461,pi,6.2800,22.5731,0.4947,0.4947
11.4511,pi,6.2800,22.4315,0.4935,0.4935
11.4561,pi,6.2800,22.2862,0.4923,0.4923
11.4611,pi,6.2800,22.1709,0.4906,0.4906
11.4661,pi,6.2800,22.0325,0.4894,0.4894
11.4711,pi,6.2800,21.9216,0.4877,0.4877
11.4761,pi,6.2800,21.8335,0.4856,0.4856
11.4812,pi,6.2800,21.6859,0.4846,0.4846
11.4861,pi,6.2800,21.6214,0.4820,0.4820
11.4911,pi,6.2800,21.5467,0.4797,0.4797
11.4961,pi,6.2800,21.4876,0.4771,0.4771
11.5011,pi,6.2800,21.3950,0.4751,0.4751
11.5061,pi,6.2800,21.3382,0.4725,0.4725
11.5111,pi,6.2800,21.2890,0.4697,0.4697
11.5162,pi,6.2800,21.2521,0.4667,0.4667
11.5212,pi,6.2800,21.1719,0.4646,0.4646
11.5261,pi,6.2800,21.1086,0.4621,0.4621
11.5311,pi,6.2800,21.0432,0.4597,0.4597
11.5361,pi,6.2800,20.9555,0.4578,0.4578
11.5413,pi,6.2800,20.8852,0.4555,0.4555
11.5464,pi,6.2800,20.7776,0.4540,0.4540
11.5515,pi,6.2800,20.6912,0.4521,0.4521
11.5561,pi,6.2800,20.6239,0.4498,0.4498
11.5610,pi,6.2800,20.5666,0.4474,0.4474
11.5661,pi,6.2800,20.4729,0.4457,0.4457
11.5712,pi,6.2800,20.3466,0.4447,0.4447
11.5762,pi,6.2800,20.2486,0.4431,0.4431
11.5812,pi,6.2800,20.1743,0.4411,0.4411
11.5861,pi,6.2800,20.1166,0.4388,0.4388
11.5911,pi,6.2800,20.0694,0.4363,0.4363
11.5961,pi,6.2800,19.9864,0.4345,0.4345
11.6012,pi,6.2800,19.9213,0.4324,0.4324
11.6063,pi,6.2800,19.8048,0.4313,0.4313
11.6111,pi,6.2800,19.7135,0.4297,0.4297
11.6161,pi,6.2800,19.6541,0.4276,0.4276
11.6211,pi,6.2800,19.5640,0.4260,0.4260
11.6261,pi,6.2800,19.4929,0.4241,0.4241
11.6311,pi,6.2800,19.4335,0.4220,0.4220
11.6361,pi,6.2800,19.3165,0.4211,0.4211
11.6413,pi,6.2800,19.1624,0.4209,0.4209
11.6467,pi,6.2800,19.0986,0.4189,0.4189
11.6522,pi,6.2800,18.9964,0.4178,0.4178
11.6565,pi,6.2800,18.8977,0.4166,0.4166
11.6610,pi,6.2800,18.8673,0.4140,0.4140
11.6661,pi,6.2800,18.7626,0.4130,0.4130
11.6711,pi,6.2800,18.6793,0.4115,0.4115
11.6763,pi,6.2800,18.5602,0.4108,0.4108
11.6817,pi,6.2800,18.4652,0.4096,0.4096
11.6862,pi,6.2800,18.3903,0.4081,0.4081
11.6911,pi,6.2800,18.3221,0.4064,0.4064
11.6961,pi,6.2800,18.2747,0.4044,0.4044
11.7012,pi,6.2800,18.1863,0.4031,0.4031
11.7061,pi,6.2800,18.0684,0.4025,0.4025
11.7113,pi,6.2800,17.9729,0.4015,0.4015
11.7161,pi,6.2800,17.8513,0.4010,0.4010
11.7212,pi,6.2800,17.7994,0.3991,0.3991
11.7261,pi,6.2800,17.7119,0.3980,0.3980
11.7313,pi,6.2800,17.6890,0.3956,0.3956
11.7361,pi,6.2800,17.6258,0.3940,0.3940
11.7411,pi,6.2800,17.5748,0.3922,0.3922
11.7461,pi,6.2800,17.5331,0.3902,0.3902
11.7512,pi,6.2800,17.4929,0.3882,0.3882
11.7561,pi,6.2800,17.4616,0.3860,0.3860
11.7612,pi,6.2800,17.3867,0.3847,0.3847
11.7661,pi,6.2800,17.3770,0.3821,0.3821
11.7710,pi,6.2800,17.3750,0.3794,0.3794
11.7761,pi,6.2800,17.2825,0.3785,0.3785
11.7812,pi,6.2800,17.2422,0.3766,0.3766
11.7861,pi,6.2800,17.2119,0.3744,0.3744
11.7912,pi,6.2800,17.1366,0.3732,0.3732
11.7961,pi,6.2800,17.0770,0.3717,0.3717
11.8011,pi,6.2800,16.9971,0.3706,0.3706
11.8061,pi,6.2800,16.9333,0.3692,0.3692
11.8111,pi,6.2800,16.8830,0.3675,0.3675
11.8162,pi,6.2800,16.7708,0.3671,0.3671
11.8211,pi,6.2800,16.6837,0.3662,0.3662
11.8261,pi,6.2800,16.6122,0.3650,0.3650
11.8310,pi,6.2800,16.5791,0.3631,0.3631
11.8362,pi,6.2800,16.4802,0.3625,0.3625
11.8412,pi,6.2800,16.4008,0.3616,0.3616
11.8461,pi,6.2800,16.3362,0.3603,0.3603
11.8511,pi,6.2800,16.2858,0.3588,0.3588
11.8561,pi,6.2800,16.2269,0.3575,0.3575
11.8611,pi,6.2800,16.1357,0.3568,0.3568
11.8661,pi,6.2800,16.0618,0.3558,0.3558
11.8711,pi,6.2800,16.0162,0.3543,0.3543
11.8761,pi,6.2800,15.9660,0.3529,0.3529
11.8811,pi,6.2800,15.9268,0.3512,0.3512
11.8862,pi,6.2800,15.8575,0.3502,0.3502
11.8911,pi,6.2800,15.7931,0.3491,0.3491
11.8962,pi,6.2800,15.7422,0.3477,0.3477
11.9012,pi,6.2800,15.6597,0.3470,0.3470
11.9062,pi,6.2800,15.6434,0.3450,0.3450
11.9111,pi,6.2800,15.6309,0.3429,0.3429
11.9162,pi,6.2800,15.6192,0.3408,0.3408
11.9211,pi,6.2800,15.6028,0.3388,0.3388
11.9262,pi,6.2800,15.5481,0.3376,0.3376
11.9312,pi,6.2800,15.5036,0.3361,0.3361
11.9361,pi,6.2800,15.4645,0.3346,0.3346
11.9411,pi,6.2800,15.3881,0.3339,0.3339
11.9462,pi,6.2800,15.3269,0.3328,0.3328
11.9512,pi,6.2800,15.2776,0.3315,0.3315
11.9561,pi,6.2800,15.2388,0.3301,0.3301
11.9611,pi,6.2800,15.1626,0.3293,0.3293
11.9661,pi,6.2800,15.1009,0.3284,0.3284
11.9711,pi,6.2800,15.0075,0.3280,0.3280
11.9767,pi,6.2800,14.9170,0.3277,0.3277
11.9821,pi,6.2800,14.7909,0.3280,0.3280
11.9868,pi,6.2800,14.5982,0.3297,0.3297
11.9923,pi,6.2800,14.4889,0.3298,0.3298
11.9973,pi,6.2800,14.3534,0.3305,0.3305
12.0020,pi,6.2800,14.2445,0.3306,0.3306
12.0068,pi,6.2800,14.1069,0.3314,0.3314
12.0117,pi,6.2800,13.9987,0.3316,0.3316
12.0165,pi,6.2800,13.9100,0.3315,0.3315
12.0213,pi,6.2800,13.8416,0.3309,0.3309
12.0262,pi,6.2800,13.8130,0.3296,0.3296
12.0313,pi,6.2800,13.7464,0.3290,0.3290
12.0362,pi,6.2800,13.7447,0.3272,0.3272
12.0412,pi,6.2800,13.8302,0.3236,0.3236
12.0462,pi,6.2800,13.9001,0.3204,0.3204
12.0512,pi,6.2800,13.9551,0.3174,0.3174
12.0562,pi,6.2800,13.9992,0.3146,0.3146
12.0622,pi,6.2800,14.0124,0.3124,0.3124
12.0670,pi,6.2800,14.0231,0.3102,0.3102
12.0724,pi,6.2800,14.0323,0.3081,0.3081
12.0782,pi,6.2800,14.0351,0.3061,0.3061
12.0830,pi,6.2800,14.0147,0.3045,0.3045
12.0876,pi,6.2800,14.0254,0.3024,0.3024
12.0922,pi,6.2800,13.9829,0.3013,0.3013
12.0968,pi,6.2800,13.8987,0.3011,0.3011
12.1014,pi,6.2800,13.8829,0.2995,0.2995
12.1066,pi,6.2800,13.8195,0.2989,0.2989
12.1119,pi,6.2800,13.7685,0.2980,0.2980
12.1178,pi,6.2800,13.6218,0.2990,0.2990
12.1228,pi,6.2800,13.3601,0.3025,0.3025
12.1280,pi,6.2800,13.2017,0.3039,0.3039
12.1323,pi,6.2800,12.9888,0.3064,0.3064
12.1366,pi,6.2800,12.8594,0.3073,0.3073
12.1411,pi,6.2800,12.7109,0.3086,0.3086
12.1460,pi,6.2800,12.5932,0.3094,0.3094
12.1511,pi,6.2800,12.4989,0.3097,0.3097
12.1561,pi,6.2800,12.3758,0.3106,0.3106
12.1611,pi,6.2800,12.2779,0.3110,0.3110
12.1662,pi,6.2800,12.2467,0.3101,0.3101
12.1711,pi,6.2800,12.3121,0.3073,0.3073
12.1761,pi,6.2800,12.4562,0.3030,0.3030
12.1811,pi,6.2800,12.5251,0.3000,0.3000
12.1861,pi,6.2800,12.6709,0.2956,0.2956
12.1912,pi,6.2800,12.6995,0.2934,0.2934
12.1961,pi,6.2800,12.7730,0.2903,0.2903
12.2011,pi,6.2800,12.8319,0.2875,0.2875
12.2061,pi,6.2800,12.8700,0.2851,0.2851
12.2111,pi,6.2800,12.9012,0.2828,0.2828
12.2161,pi,6.2800,12.9261,0.2807,0.2807
12.2212,pi,6.2800,12.9039,0.2795,0.2795
12.2266,pi,6.2800,12.8849,0.2782,0.2782
12.2317,pi,6.2800,12.8706,0.2768,0.2768
12.2362,pi,6.2800,12.8099,0.2764,0.2764
12.2411,pi,6.2800,12.7607,0.2757,0.2757
12.2461,pi,6.2800,12.7218,0.2749,0.2749
12.2511,pi,6.2800,12.6401,0.2749,0.2749
12.2561,pi,6.2800,12.5744,0.2747,0.2747
12.2611,pi,6.2800,12.5219,0.2741,0.2741
12.2662,pi,6.2800,12.4787,0.2734,0.2734
12.2716,pi,6.2800,12.4455,0.2725,0.2725
12.2764,pi,6.2800,12.3783,0.2723,0.2723
12.2811,pi,6.2800,12.3267,0.2719,0.2719
12.2860,pi,6.2800,12.2847,0.2712,0.2712
12.2910,pi,6.2800,12.2507,0.2704,0.2704
12.2961,pi,6.2800,12.2237,0.2694,0.2694
12.3014,pi,6.2800,12.1910,0.2686,0.2686
12.3061,pi,6.2800,12.1746,0.2674,0.2674
12.3111,pi,6.2800,12.1624,0.2662,0.2662
12.3161,pi,6.2800,12.1069,0.2658,0.2658
12.3211,pi,6.2800,12.0629,0.2653,0.2653
12.3264,pi,6.2800,12.0627,0.2638,0.2638
12.3317,pi,6.2800,12.0102,0.2634,0.2634
12.3369,pi,6.2800,11.9692,0.2628,0.2628
12.3414,pi,6.2800,11.9369,0.2620,0.2620
12.3460,pi,6.2800,11.8611,0.2621,0.2621
12.3510,pi,6.2800,11.8190,0.2616,0.2616
12.3561,pi,6.2800,11.8323,0.2599,0.2599
12.3611,pi,6.2800,11.7777,0.2596,0.2596
12.3661,pi,6.2800,11.7337,0.2591,0.2591
12.3711,pi,6.2800,11.6992,0.2585,0.2585
12.3761,pi,6.2800,11.6440,0.2582,0.2582
12.3811,pi,6.2800,11.6010,0.2577,0.2577
12.3861,pi,6.2800,11.5673,0.2571,0.2571
12.3911,pi,6.2800,11.4936,0.2572,0.2572
12.3961,pi,6.2800,11.4343,0.2571,0.2571
12.4011,pi,6.2800,11.3590,0.2573,0.2573
12.4062,pi,6.2800,11.2987,0.2573,0.2573
12.4111,pi,6.2800,11.2325,0.2573,0.2573
12.4161,pi,6.2800,11.2254,0.2562,0.2562
12.4211,pi,6.2800,11.1917,0.2557,0.2557
12.4261,pi,6.2800,11.2152,0.2540,0.2540
12.4312,pi,6.2800,11.1834,0.2534,0.2534
12.4361,pi,6.2800,11.2083,0.2517,0.2517
12.4411,pi,6.2800,11.2280,0.2500,0.2500
12.4461,pi,6.2800,11.2438,0.2485,0.2485
12.4511,pi,6.2800,11.2341,0.2474,0.2474
12.4562,pi,6.2800,11.1962,0.2470,0.2470
12.4611,pi,6.2800,11.2183,0.2453,0.2453
12.4661,pi,6.2800,11.1850,0.2447,0.2447
12.4710,pi,6.2800,11.1870,0.2434,0.2434
12.4762,pi,6.2800,11.1892,0.2422,0.2422
12.4812,pi,6.2800,11.1450,0.2418,0.2418
12.4861,pi,6.2800,11.0772,0.2420,0.2420
12.4911,pi,6.2800,11.0551,0.2412,0.2412
12.4961,pi,6.2800,11.0381,0.2404,0.2404
12.5011,pi,6.2800,10.9917,0.2401,0.2401
12.5061,pi,6.2800,10.9409,0.2399,0.2399
12.5111,pi,6.2800,10.9025,0.2395,0.2395
12.5162,pi,6.2800,10.8699,0.2390,0.2390
12.5212,pi,6.2800,10.8069,0.2392,0.2392
12.5262,pi,6.2800,10.7562,0.2390,0.2390
12.5311,pi,6.2800,10.7161,0.2387,0.2387
12.5361,pi,6.2800,10.6751,0.2384,0.2384
12.5412,pi,6.2800,10.6422,0.2380,0.2380
12.5462,pi,6.2800,10.5744,0.2383,0.2383
12.5511,pi,6.2800,10.5203,0.2383,0.2383
12.5561,pi,6.2800,10.5183,0.2372,0.2372
12.5611,pi,6.2800,10.4754,0.2370,0.2370
12.5661,pi,6.2800,10.4410,0.2367,0.2367
12.5711,pi,6.2800,10.4091,0.2363,0.2363
12.5761,pi,6.2800,10.3837,0.2358,0.2358
12.5811,pi,6.2800,10.3636,0.2351,0.2351
12.5861,pi,6.2800,10.3516,0.2344,0.2344
12.5911,pi,6.2800,10.3375,0.2336,0.2336
12.5961,pi,6.2800,10.3262,0.2328,0.2328
12.6011,pi,6.2800,10.3173,0.2320,0.2320
12.6061,pi,6.2800,10.2643,0.2320,0.2320
12.6111,pi,6.2800,10.2723,0.2309,0.2309
12.6161,pi,6.2800,10.3200,0.2289,0.2289
12.6211,pi,6.2800,10.3125,0.2281,0.2281
12.6261,pi,6.2800,10.3064,0.2272,0.2272
12.6311,pi,6.2800,10.3059,0.2262,0.2262
12.6361,pi,6.2800,10.3056,0.2252,0.2252
12.6410,pi,6.2800,10.3009,0.2243,0.2243
12.6461,pi,6.2800,10.2974,0.2233,0.2233
12.6511,pi,6.2800,10.2947,0.2224,0.2224
12.6561,pi,6.2800,10.2927,0.2214,0.2214
12.6611,pi,6.2800,10.2453,0.2214,0.2214
12.6661,pi,6.2800,10.2073,0.2211,0.2211
12.6711,pi,6.2800,10.1308,0.2217,0.2217
12.6761,pi,6.2800,10.0699,0.2219,0.2219
12.6811,pi,6.2800,10.0210,0.2220,0.2220
12.6861,pi,6.2800,9.9821,0.2218,0.2218
12.6911,pi,6.2800,9.9510,0.2215,0.2215
12.6961,pi,6.2800,9.9211,0.2212,0.2212
12.7011,pi,6.2800,9.8964,0.2208,0.2208
12.7061,pi,6.2800,9.8767,0.2203,0.2203
12.7111,pi,6.2800,9.8612,0.2197,0.2197
12.7161,pi,6.2800,9.8489,0.2190,0.2190
12.7211,pi,6.2800,9.8388,0.2183,0.2183
12.7264,pi,6.2800,9.8299,0.2176,0.2176
12.7319,pi,6.2800,9.8234,0.2169,0.2169
12.7363,pi,6.2800,9.8180,0.2161,0.2161
12.7411,pi,6.2800,9.7643,0.2163,0.2163
12.7460,pi,6.2800,9.7309,0.2161,0.2161
12.7510,pi,6.2800,9.7040,0.2158,0.2158
12.7561,pi,6.2800,9.6374,0.2162,0.2162
12.7611,pi,6.2800,9.6191,0.2158,0.2158
12.7661,pi,6.2800,9.6147,0.2150,0.2150
12.7712,pi,6.2800,9.5996,0.2145,0.2145
12.7768,pi,6.2800,9.5989,0.2137,0.2137
12.7820,pi,6.2800,9.5531,0.2137,0.2137
12.7861,pi,6.2800,9.5160,0.2137,0.2137
12.7911,pi,6.2800,9.4726,0.2137,0.2137
12.7961,pi,6.2800,9.4374,0.2136,0.2136
12.8011,pi,6.2800,9.4092,0.2134,0.2134
12.8061,pi,6.2800,9.4370,0.2121,0.2121
12.8111,pi,6.2800,9.4228,0.2116,0.2116
12.8161,pi,6.2800,9.4127,0.2110,0.2110
12.8212,pi,6.2800,9.4039,0.2104,0.2104
12.8270,pi,6.2800,9.3318,0.2110,0.2110
12.8324,pi,6.2800,9.3247,0.2104,0.2104
12.8365,pi,6.2800,9.3338,0.2095,0.2095
12.8411,pi,6.2800,9.3411,0.2086,0.2086
12.8461,pi,6.2800,9.3467,0.2077,0.2077
12.8511,pi,6.2800,9.3511,0.2068,0.2068
12.8561,pi,6.2800,9.3086,0.2069,0.2069
12.8611,pi,6.2800,9.2749,0.2068,0.2068
12.8661,pi,6.2800,9.2796,0.2060,0.2060
12.8711,pi,6.2800,9.2329,0.2062,0.2062
12.8761,pi,6.2800,9.2140,0.2058,0.2058
12.8811,pi,6.2800,9.1996,0.2054,0.2054
12.8861,pi,6.2800,9.1691,0.2052,0.2052
12.8910,pi,6.2800,9.1631,0.2046,0.2046
12.8961,pi,6.2800,9.1399,0.2044,0.2044
12.9011,pi,6.2800,9.1213,0.2040,0.2040
12.9061,pi,6.2800,9.1569,0.2026,0.2026
12.9110,pi,6.2800,9.1535,0.2020,0.2020
12.9161,pi,6.2800,9.1506,0.2013,0.2013
12.9211,pi,6.2800,9.1300,0.2010,0.2010
12.9261,pi,6.2800,9.1132,0.2006,0.2006
12.9311,pi,6.2800,9.1182,0.1998,0.1998
12.9361,pi,6.2800,9.1228,0.1990,0.1990
12.9411,pi,6.2800,9.1077,0.1986,0.1986
12.9461,pi,6.2800,9.0957,0.1981,0.1981
12.9511,pi,6.2800,9.1045,0.1973,0.1973
12.9561,pi,6.2800,9.0656,0.1973,0.1973
12.9611,pi,6.2800,9.0620,0.1967,0.1967
12.9661,pi,6.2800,9.0317,0.1966,0.1966
12.9711,pi,6.2800,9.0076,0.1964,0.1964
12.9761,pi,6.2800,8.9882,0.1961,0.1961
12.9811,pi,6.2800,8.9731,0.1958,0.1958
12.9861,pi,6.2800,8.9150,0.1962,0.1962
12.9911,pi,6.2800,8.8686,0.1965,0.1965
12.9961,pi,6.2800,8.8531,0.1962,0.1962
13.0011,pi,6.2800,8.8418,0.1958,0.1958
13.0061,pi,6.2800,8.8099,0.1958,0.1958
13.0111,pi,6.2800,8.7567,0.1962,0.1962
13.0161,pi,6.2800,8.7647,0.1954,0.1954
13.0211,pi,6.2800,8.7484,0.1951,0.1951
13.0262,pi,6.2800,8.7075,0.1953,0.1953
13.0311,pi,6.2800,8.6747,0.1954,0.1954
13.0361,pi,6.2800,8.6305,0.1956,0.1956
13.0412,pi,6.2800,8.6636,0.1944,0.1944
13.0461,pi,6.2800,8.6673,0.1937,0.1937
13.0511,pi,6.2800,8.6428,0.1936,0.1936
13.0562,pi,6.2800,8.6230,0.1934,0.1934
13.0611,pi,6.2800,8.6577,0.1921,0.1921
13.0661,pi,6.2800,8.6352,0.1920,0.1920
13.0711,pi,6.2800,8.6171,0.1918,0.1918
13.0761,pi,6.2800,8.6299,0.1909,0.1909
13.0811,pi,6.2800,8.6406,0.1901,0.1901
13.0861,pi,6.2800,8.6036,0.1903,0.1903
13.0911,pi,6.2800,8.6194,0.1894,0.1894
13.0961,pi,6.2800,8.5864,0.1895,0.1895
13.1011,pi,6.2800,8.5599,0.1894,0.1894
13.1061,pi,6.2800,8.5389,0.1893,0.1893
13.1111,pi,6.2800,8.5220,0.1890,0.1890
13.1161,pi,6.2800,8.4629,0.1897,0.1897
13.1212,pi,6.2800,8.4792,0.1888,0.1888
13.1261,pi,6.2800,8.4420,0.1890,0.1890
13.1318,pi,6.2800,8.4504,0.1883,0.1883
13.1367,pi,6.2800,8.4190,0.1883,0.1883
13.1416,pi,6.2800,8.3924,0.1883,0.1883
13.1467,pi,6.2800,8.3704,0.1883,0.1883
13.1513,pi,6.2800,8.3530,0.1881,0.1881
13.1564,pi,6.2800,8.3395,0.1878,0.1878
13.1616,pi,6.2800,8.3288,0.1875,0.1875
13.1668,pi,6.2800,8.3200,0.1872,0.1872
13.1712,pi,6.2800,8.3139,0.1868,0.1868
13.1766,pi,6.2800,8.3091,0.1864,0.1864
13.1817,pi,6.2800,8.2907,0.1863,0.1863
13.1869,pi,6.2800,8.2882,0.1858,0.1858
13.1912,pi,6.2800,8.3220,0.1846,0.1846
13.1960,pi,6.2800,8.3040,0.1845,0.1845
13.2011,pi,6.2800,8.3360,0.1833,0.1833
13.2061,pi,6.2800,8.3615,0.1823,0.1823
13.2113,pi,6.2800,8.3354,0.1823,0.1823
13.2162,pi,6.2800,8.3135,0.1822,0.1822
13.2213,pi,6.2800,8.2593,0.1828,0.1828
13.2263,pi,6.2800,8.2530,0.1824,0.1824
13.2313,pi,6.2800,8.2477,0.1821,0.1821
13.2361,pi,6.2800,8.2447,0.1816,0.1816
13.2410,pi,6.2800,8.2418,0.1812,0.1812
13.2460,pi,6.2800,8.2397,0.1807,0.1807
13.2510,pi,6.2800,8.2370,0.1803,0.1803
13.2562,pi,6.2800,8.1980,0.1806,0.1806
13.2611,pi,6.2800,8.1577,0.1809,0.1809
13.2661,pi,6.2800,8.1710,0.1802,0.1802
13.2711,pi,6.2800,8.1827,0.1795,0.1795
13.2760,pi,6.2800,8.1921,0.1788,0.1788
13.2812,pi,6.2800,8.1607,0.1790,0.1790
13.2861,pi,6.2800,8.1286,0.1791,0.1791
13.2911,pi,6.2800,8.1104,0.1790,0.1790
13.2961,pi,6.2800,8.0966,0.1789,0.1789
13.3011,pi,6.2800,8.0856,0.1786,0.1786
13.3061,pi,6.2800,8.0678,0.1785,0.1785
13.3111,pi,6.2800,8.0537,0.1784,0.1784
13.3161,pi,6.2800,8.0424,0.1782,0.1782
13.3211,pi,6.2800,7.9879,0.1788,0.1788
13.3261,pi,6.2800,7.9985,0.1782,0.1782
13.3311,pi,6.2800,7.9526,0.1786,0.1786
13.3361,pi,6.2800,7.9706,0.1779,0.1779
13.3410,pi,6.2800,7.9761,0.1773,0.1773
13.3460,pi,6.2800,7.9354,0.1777,0.1777
13.3511,pi,6.2800,7.9021,0.1780,0.1780
13.3561,pi,6.2800,7.8755,0.1781,0.1781
13.3611,pi,6.2800,7.8541,0.1781,0.1781
13.3661,pi,6.2800,7.8415,0.1780,0.1780
13.3710,pi,6.2800,7.8727,0.1770,0.1770
13.3761,pi,6.2800,7.8976,0.1761,0.1761
13.3811,pi,6.2800,7.9264,0.1751,0.1751
13.3861,pi,6.2800,7.8993,0.1752,0.1752
13.3911,pi,6.2800,7.8775,0.1753,0.1753
13.3961,pi,6.2800,7.8601,0.1752,0.1752
13.4011,pi,6.2800,7.8462,0.1751,0.1751
13.4061,pi,6.2800,7.8350,0.1749,0.1749
13.4111,pi,6.2800,7.8261,0.1747,0.1747
13.4161,pi,6.2800,7.8190,0.1745,0.1745
13.4212,pi,6.2800,7.7628,0.1752,0.1752
13.4261,pi,6.2800,7.7636,0.1748,0.1748
13.4311,pi,6.2800,7.7691,0.1743,0.1743
13.4361,pi,6.2800,7.7692,0.1740,0.1740
13.4411,pi,6.2800,7.7734,0.1735,0.1735
13.4461,pi,6.2800,7.7769,0.1731,0.1731
13.4510,pi,6.2800,7.7754,0.1727,0.1727
13.4561,pi,6.2800,7.7785,0.1723,0.1723
13.4611,pi,6.2800,7.7766,0.1720,0.1720
13.4661,pi,6.2800,7.7752,0.1716,0.1716
13.4711,pi,6.2800,7.7741,0.1713,0.1713
13.4760,pi,6.2800,7.7733,0.1709,0.1709
13.4811,pi,6.2800,7.7268,0.1715,0.1715
13.4861,pi,6.2800,7.6897,0.1718,0.1718
13.4911,pi,6.2800,7.6596,0.1721,0.1721
13.4961,pi,6.2800,7.6362,0.1722,0.1722
13.5011,pi,6.2800,7.6172,0.1723,0.1723
13.5061,pi,6.2800,7.6018,0.1722,0.1722
13.5110,pi,6.2800,7.5898,0.1721,0.1721
13.5161,pi,6.2800,7.5802,0.1720,0.1720
13.5212,pi,6.2800,7.5720,0.1718,0.1718
13.5261,pi,6.2800,7.5655,0.1716,0.1716
13.5310,pi,6.2800,7.5604,0.1714,0.1714
13.5361,pi,6.2800,7.5554,0.1712,0.1712
13.5410,pi,6.2800,7.5524,0.1709,0.1709
13.5461,pi,6.2800,7.5495,0.1707,0.1707
13.5511,pi,6.2800,7.5475,0.1704,0.1704
13.5561,pi,6.2800,7.5450,0.1701,0.1701
13.5611,pi,6.2800,7.5439,0.1698,0.1698
13.5661,pi,6.2800,7.5425,0.1696,0.1696
13.5711,pi,6.2800,7.5417,0.1693,0.1693
13.5761,pi,6.2800,7.5413,0.1690,0.1690
13.5811,pi,6.2800,7.5411,0.1686,0.1686
13.5862,pi,6.2800,7.5403,0.1683,0.1683
13.5911,pi,6.2800,7.5401,0.1680,0.1680
13.5960,pi,6.2800,7.5399,0.1677,0.1677
13.6011,pi,6.2800,7.5398,0.1674,0.1674
13.6061,pi,6.2800,7.5396,0.1671,0.1671
13.6111,pi,6.2800,7.5396,0.1668,0.1668
13.6160,pi,6.2800,7.5396,0.1665,0.1665
13.6211,pi,6.2800,7.5399,0.1661,0.1661
13.6261,pi,6.2800,7.5400,0.1658,0.1658
13.6312,pi,6.2800,7.5397,0.1655,0.1655
13.6362,pi,6.2800,7.5391,0.1652,0.1652
13.6416,pi,6.2800,7.5379,0.1649,0.1649
13.6468,pi,6.2800,7.5368,0.1646,0.1646
13.6512,pi,6.2800,7.5362,0.1643,0.1643
13.6561,pi,6.2800,7.5363,0.1640,0.1640
13.6611,pi,6.2800,7.4863,0.1647,0.1647
13.6661,pi,6.2800,7.4967,0.1642,0.1642
13.6711,pi,6.2800,7.4546,0.1647,0.1647
13.6761,pi,6.2800,7.4703,0.1641,0.1641
13.6811,pi,6.2800,7.4339,0.1646,0.1646
13.6861,pi,6.2800,7.4090,0.1648,0.1648
13.6914,pi,6.2800,7.3892,0.1649,0.1649
13.6965,pi,6.2800,7.3741,0.1649,0.1649
13.7016,pi,6.2800,7.3621,0.1649,0.1649
13.7061,pi,6.2800,7.3525,0.1648,0.1648
13.7110,pi,6.2800,7.3448,0.1647,0.1647
13.7161,pi,6.2800,7.2832,0.1656,0.1656
13.7212,pi,6.2800,7.2841,0.1654,0.1654
13.7261,pi,6.2800,7.2894,0.1650,0.1650
13.7312,pi,6.2800,7.2892,0.1648,0.1648
13.7362,pi,6.2800,7.2890,0.1645,0.1645
13.7411,pi,6.2800,7.2935,0.1642,0.1642
13.7463,pi,6.2800,7.2974,0.1638,0.1638
13.7511,pi,6.2800,7.3004,0.1635,0.1635
13.7561,pi,6.2800,7.3031,0.1632,0.1632
13.7611,pi,6.2800,7.3050,0.1629,0.1629
13.7661,pi,6.2800,7.3064,0.1626,0.1626
13.7711,pi,6.2800,7.3530,0.1615,0.1615
13.7761,pi,6.2800,7.3447,0.1614,0.1614
13.7812,pi,6.2800,7.3382,0.1612,0.1612
13.7862,pi,6.2800,7.3282,0.1612,0.1612
13.7911,pi,6.2800,7.3201,0.1610,0.1610
13.7960,pi,6.2800,7.3185,0.1608,0.1608
13.8011,pi,6.2800,7.3174,0.1606,0.1606
13.8062,pi,6.2800,7.2611,0.1615,0.1615
13.8111,pi,6.2800,7.2160,0.1621,0.1621
13.8162,pi,6.2800,7.1798,0.1626,0.1626
13.8212,pi,6.2800,7.1491,0.1630,0.1630
13.8261,pi,6.2800,7.1360,0.1630,0.1630
13.8312,pi,6.2800,7.1713,0.1621,0.1621
13.8361,pi,6.2800,7.1993,0.1613,0.1613
13.8411,pi,6.2800,7.2218,0.1606,0.1606
13.8461,pi,6.2800,7.2399,0.1601,0.1601
13.8512,pi,6.2800,7.1994,0.1606,0.1606
13.8561,pi,6.2800,7.2172,0.1600,0.1600
13.8611,pi,6.2800,7.2361,0.1594,0.1594
13.8661,pi,6.2800,7.2513,0.1589,0.1589
13.8711,pi,6.2800,7.2636,0.1584,0.1584
13.8761,pi,6.2800,7.2181,0.1591,0.1591
13.8811,pi,6.2800,7.1817,0.1595,0.1595
13.8862,pi,6.2800,7.1528,0.1599,0.1599
13.8911,pi,6.2800,7.1388,0.1600,0.1600
13.8962,pi,6.2800,7.1278,0.1600,0.1600
13.9011,pi,6.2800,7.1599,0.1591,0.1591
13.9062,pi,6.2800,7.1900,0.1583,0.1583
13.9111,pi,6.2800,7.2095,0.1577,0.1577
13.9160,pi,6.2800,7.1842,0.1579,0.1579
13.9211,pi,6.2800,7.1642,0.1581,0.1581
13.9261,pi,6.2800,7.1482,0.1582,0.1582
13.9311,pi,6.2800,7.1812,0.1573,0.1573
13.9361,pi,6.2800,7.2075,0.1566,0.1566
13.9412,pi,6.2800,7.2234,0.1560,0.1560
13.9461,pi,6.2800,7.1862,0.1566,0.1566
13.9510,pi,6.2800,7.1656,0.1567,0.1567
13.9561,pi,6.2800,7.1491,0.1568,0.1568
13.9611,pi,6.2800,7.1361,0.1569,0.1569
13.9661,pi,6.2800,7.1257,0.1569,0.1569
13.9712,pi,6.2800,7.1078,0.1570,0.1570
13.9761,pi,6.2800,7.0934,0.1571,0.1571
13.9812,pi,6.2800,7.0820,0.1571,0.1571
13.9861,pi,6.2800,7.0730,0.1571,0.1571
13.9911,pi,6.2800,7.0291,0.1578,0.1578
13.9962,pi,6.2800,6.9947,0.1583,0.1583
14.0011,pi,6.2800,7.0125,0.1578,0.1578
14.0061,pi,6.2800,7.0171,0.1575,0.1575
14.0111,pi,6.2800,6.9707,0.1582,0.1582
14.0161,pi,6.2800,6.9336,0.1588,0.1588
14.0211,pi,6.2800,6.9178,0.1590,0.1590
14.0261,pi,6.2800,6.9509,0.1581,0.1581
14.0311,pi,6.2800,6.9774,0.1574,0.1574
14.0361,pi,6.2800,6.9893,0.1570,0.1570
14.0411,pi,6.2800,6.9988,0.1567,0.1567
14.0462,pi,6.2800,7.0063,0.1563,0.1563
14.0511,pi,6.2800,7.0124,0.1560,0.1560
14.0560,pi,6.2800,7.0264,0.1556,0.1556
14.0611,pi,6.2800,6.9922,0.1561,0.1561
14.0661,pi,6.2800,7.0106,0.1555,0.1555
14.0711,pi,6.2800,7.0253,0.1550,0.1550
14.0761,pi,6.2800,6.9763,0.1558,0.1558
14.0811,pi,6.2800,6.9881,0.1554,0.1554
14.0861,pi,6.2800,6.9613,0.1558,0.1558
14.0912,pi,6.2800,6.9399,0.1560,0.1560
14.0961,pi,6.2800,6.9593,0.1555,0.1555
14.1011,pi,6.2800,6.9244,0.1560,0.1560
14.1060,pi,6.2800,6.9107,0.1561,0.1561
14.1111,pi,6.2800,6.8994,0.1562,0.1562
14.1161,pi,6.2800,6.9268,0.1555,0.1555
14.1211,pi,6.2800,6.9487,0.1549,0.1549
14.1261,pi,6.2800,6.9753,0.1542,0.1542
14.1311,pi,6.2800,6.9974,0.1536,0.1536
14.1363,pi,6.2800,7.0042,0.1533,0.1533
14.1413,pi,6.2800,7.0101,0.1530,0.1530
14.1461,pi,6.2800,7.0153,0.1527,0.1527
14.1511,pi,6.2800,6.9834,0.1531,0.1531
14.1561,pi,6.2800,6.9940,0.1527,0.1527
14.1611,pi,6.2800,7.0026,0.1524,0.1524
14.1662,pi,6.2800,6.9592,0.1531,0.1531
14.1711,pi,6.2800,6.9245,0.1536,0.1536
14.1761,pi,6.2800,6.9107,0.1537,0.1537
14.1811,pi,6.2800,6.8540,0.1547,0.1547
14.1861,pi,6.2800,6.8543,0.1545,0.1545
14.1911,pi,6.2800,6.8556,0.1544,0.1544
14.1961,pi,6.2800,6.8561,0.1542,0.1542
14.2011,pi,6.2800,6.8923,0.1533,0.1533
14.2062,pi,6.2800,6.8710,0.1536,0.1536
14.2110,pi,6.2800,6.8678,0.1535,0.1535
14.2161,pi,6.2800,6.8655,0.1534,0.1534
14.2212,pi,6.2800,6.8635,0.1533,0.1533
14.2261,pi,6.2800,6.8619,0.1532,0.1532
14.2311,pi,6.2800,6.8605,0.1531,0.1531
14.2361,pi,6.2800,6.9050,0.1521,0.1521
14.2411,pi,6.2800,6.8810,0.1524,0.1524
14.2464,pi,6.2800,6.8616,0.1526,0.1526
14.2513,pi,6.2800,6.8462,0.1528,0.1528
14.2561,pi,6.2800,6.8479,0.1526,0.1526
14.2611,pi,6.2800,6.8354,0.1527,0.1527
14.2660,pi,6.2800,6.8255,0.1528,0.1528
14.2711,pi,6.2800,6.8311,0.1525,0.1525
14.2761,pi,6.2800,6.8723,0.1516,0.1516
14.2811,pi,6.2800,6.8547,0.1518,0.1518
14.2860,pi,6.2800,6.8546,0.1516,0.1516
14.2911,pi,6.2800,6.8548,0.1515,0.1515
14.2961,pi,6.2800,6.8548,0.1513,0.1513
14.3011,pi,6.2800,6.8551,0.1512,0.1512
14.3061,pi,6.2800,6.8556,0.1510,0.1510
14.3111,pi,6.2800,6.8556,0.1509,0.1509
14.3161,pi,6.2800,6.8416,0.1510,0.1510
14.3211,pi,6.2800,6.8304,0.1511,0.1511
14.3261,pi,6.2800,6.8352,0.1509,0.1509
14.3311,pi,6.2800,6.8252,0.1509,0.1509
14.3371,pi,6.2800,6.8161,0.1510,0.1510
14.3425,pi,6.2800,6.8068,0.1510,0.1510
14.3464,pi,6.2800,6.8024,0.1510,0.1510
14.3511,pi,6.2800,6.7987,0.1509,0.1509
14.3560,pi,6.2800,6.7959,0.1509,0.1509
14.3610,pi,6.2800,6.7431,0.1518,0.1518
14.3661,pi,6.2800,6.7511,0.1515,0.1515
14.3712,pi,6.2800,6.7577,0.1513,0.1513
14.3761,pi,6.2800,6.7125,0.1520,0.1520
14.3811,pi,6.2800,6.6949,0.1523,0.1523
14.3861,pi,6.2800,6.7269,0.1515,0.1515
14.3911,pi,6.2800,6.7074,0.1518,0.1518
14.3961,pi,6.2800,6.6935,0.1520,0.1520
14.4011,pi,6.2800,6.7258,0.1512,0.1512
14.4062,pi,6.2800,6.6873,0.1519,0.1519
14.4111,pi,6.2800,6.7070,0.1514,0.1514
14.4161,pi,6.2800,6.7365,0.1507,0.1507
14.4211,pi,6.2800,6.7603,0.1501,0.1501
14.4262,pi,6.2800,6.7654,0.1499,0.1499
14.4311,pi,6.2800,6.7837,0.1494,0.1494
14.4361,pi,6.2800,6.7522,0.1499,0.1499
14.4412,pi,6.2800,6.7587,0.1497,0.1497
14.4460,pi,6.2800,6.7780,0.1492,0.1492
14.4511,pi,6.2800,6.7290,0.1500,0.1500
14.4561,pi,6.2800,6.7403,0.1497,0.1497
14.4611,pi,6.2800,6.7484,0.1494,0.1494
14.4660,pi,6.2800,6.7695,0.1489,0.1489
14.4711,pi,6.2800,6.7225,0.1497,0.1497
14.4760,pi,6.2800,6.7033,0.1500,0.1500
14.4812,pi,6.2800,6.6694,0.1505,0.1505
14.4861,pi,6.2800,6.6605,0.1506,0.1506
14.4911,pi,6.2800,6.6995,0.1497,0.1497
14.4961,pi,6.2800,6.7167,0.1493,0.1493
14.5011,pi,6.2800,6.7304,0.1489,0.1489
14.5060,pi,6.2800,6.7555,0.1483,0.1483
14.5111,pi,6.2800,6.7298,0.1487,0.1487
14.5162,pi,6.2800,6.6904,0.1494,0.1494
14.5218,pi,6.2800,6.7091,0.1489,0.1489
14.5267,pi,6.2800,6.6734,0.1495,0.1495
14.5313,pi,6.2800,6.6952,0.1490,0.1490
14.5360,pi,6.2800,6.7130,0.1485,0.1485
14.5410,pi,6.2800,6.6771,0.1491,0.1491
14.5460,pi,6.2800,6.6667,0.1492,0.1492
14.5511,pi,6.2800,6.6584,0.1493,0.1493
14.5562,pi,6.2800,6.6335,0.1497,0.1497
14.5610,pi,6.2800,6.6320,0.1496,0.1496
14.5661,pi,6.2800,6.6628,0.1489,0.1489
14.5710,pi,6.2800,6.7012,0.1481,0.1481
14.5761,pi,6.2800,6.6863,0.1483,0.1483
14.5811,pi,6.2800,6.7203,0.1475,0.1475
14.5861,pi,6.2800,6.6828,0.1481,0.1481
14.5911,pi,6.2800,6.6717,0.1482,0.1482
14.5961,pi,6.2800,6.7084,0.1474,0.1474
14.6011,pi,6.2800,6.6916,0.1476,0.1476
14.6062,pi,6.2800,6.7102,0.1472,0.1472
14.6111,pi,6.2800,6.7251,0.1467,0.1467
14.6161,pi,6.2800,6.7049,0.1470,0.1470
14.6211,pi,6.2800,6.6894,0.1472,0.1472
14.6261,pi,6.2800,6.6769,0.1474,0.1474
14.6312,pi,6.2800,6.6483,0.1479,0.1479
14.6361,pi,6.2800,6.6439,0.1479,0.1479
14.6411,pi,6.2800,6.6722,0.1472,0.1472
14.6461,pi,6.2800,6.6443,0.1477,0.1477
14.6511,pi,6.2800,6.6404,0.1477,0.1477
14.6561,pi,6.2800,6.6833,0.1467,0.1467
14.6612,pi,6.2800,6.6534,0.1472,0.1472
14.6660,pi,6.2800,6.6479,0.1472,0.1472
14.6711,pi,6.2800,6.6894,0.1463,0.1463
14.6762,pi,6.2800,6.6582,0.1468,0.1468
14.6811,pi,6.2800,6.6516,0.1469,0.1469
14.6861,pi,6.2800,6.6924,0.1459,0.1459
14.6912,pi,6.2800,6.6608,0.1465,0.1465
14.6960,pi,6.2800,6.6539,0.1465,0.1465
14.7011,pi,6.2800,6.6484,0.1465,0.1465
14.7062,pi,6.2800,6.6256,0.1469,0.1469
14.7111,pi,6.2800,6.6255,0.1468,0.1468
14.7161,pi,6.2800,6.6572,0.1461,0.1461
14.7211,pi,6.2800,6.6325,0.1465,0.1465
14.7260,pi,6.2800,6.6312,0.1464,0.1464
14.7311,pi,6.2800,6.6302,0.1464,0.1464
14.7361,pi,6.2800,6.6110,0.1467,0.1467
14.7412,pi,6.2800,6.5954,0.1469,0.1469
14.7461,pi,6.2800,6.5831,0.1471,0.1471
14.7511,pi,6.2800,6.5916,0.1468,0.1468
14.7562,pi,6.2800,6.5802,0.1470,0.1470
14.7610,pi,6.2800,6.5894,0.1467,0.1467
14.7661,pi,6.2800,6.5968,0.1465,0.1465
14.7712,pi,6.2800,6.5843,0.1466,0.1466
14.7761,pi,6.2800,6.5743,0.1468,0.1468
14.7811,pi,6.2800,6.5663,0.1469,0.1469
14.7861,pi,6.2800,6.5598,0.1469,0.1469
14.7911,pi,6.2800,6.5272,0.1475,0.1475
14.7961,pi,6.2800,6.5471,0.1470,0.1470
14.8011,pi,6.2800,6.5446,0.1470,0.1470
14.8061,pi,6.2800,6.5425,0.1470,0.1470
14.8111,pi,6.2800,6.5404,0.1470,0.1470
14.8165,pi,6.2800,6.4881,0.1480,0.1480
14.8219,pi,6.2800,6.4965,0.1477,0.1477
14.8263,pi,6.2800,6.5037,0.1475,0.1475
14.8311,pi,6.2800,6.5098,0.1474,0.1474
14.8360,pi,6.2800,6.5331,0.1468,0.1468
14.8410,pi,6.2800,6.5518,0.1464,0.1464
14.8461,pi,6.2800,6.5483,0.1464,0.1464
14.8512,pi,6.2800,6.5435,0.1464,0.1464
14.8563,pi,6.2800,6.5911,0.1454,0.1454
14.8618,pi,6.2800,6.5796,0.1456,0.1456
14.8660,pi,6.2800,6.5890,0.1453,0.1453
14.8711,pi,6.2800,6.5971,0.1451,0.1451
14.8761,pi,6.2800,6.6039,0.1448,0.1448
14.8811,pi,6.2800,6.6089,0.1447,0.1447
14.8861,pi,6.2800,6.5939,0.1449,0.1449
14.8910,pi,6.2800,6.6004,0.1447,0.1447
14.8961,pi,6.2800,6.5871,0.1449,0.1449
14.9011,pi,6.2800,6.5946,0.1446,0.1446
14.9061,pi,6.2800,6.6022,0.1444,0.1444
14.9112,pi,6.2800,6.5615,0.1451,0.1451
14.9161,pi,6.2800,6.5561,0.1452,0.1452
14.9211,pi,6.2800,6.5516,0.1452,0.1452
14.9261,pi,6.2800,6.5479,0.1452,0.1452
14.9311,pi,6.2800,6.5440,0.1452,0.1452
14.9361,pi,6.2800,6.5419,0.1452,0.1452
14.9411,pi,6.2800,6.5400,0.1452,0.1452
14.9461,pi,6.2800,6.5388,0.1451,0.1451
14.9510,pi,6.2800,6.5562,0.1447,0.1447
14.9561,pi,6.2800,6.5703,0.1444,0.1444
14.9611,pi,6.2800,6.5360,0.1450,0.1450
14.9661,pi,6.2800,6.5356,0.1449,0.1449
14.9712,pi,6.2800,6.5352,0.1449,0.1449
14.9761,pi,6.2800,6.5348,0.1448,0.1448
14.9810,pi,6.2800,6.5534,0.1444,0.1444
14.9861,pi,6.2800,6.5232,0.1449,0.1449
14.9911,pi,6.2800,6.5441,0.1444,0.1444
14.9961,pi,6.2800,6.5149,0.1449,0.1449
15.0011,pi,6.2800,6.5187,0.1448,0.1448
15.0061,pi,6.2800,6.4712,0.1457,0.1457
15.0110,pi,6.2800,6.4568,0.1459,0.1459
15.0161,pi,6.2800,6.4910,0.1452,0.1452
15.0211,pi,6.2800,6.4725,0.1455,0.1455
15.0261,pi,6.2800,6.5037,0.1449,0.1449
15.0311,pi,6.2800,6.5098,0.1447,0.1447
15.0361,pi,6.2800,6.5147,0.1445,0.1445
15.0410,pi,6.2800,6.5370,0.1440,0.1440
15.0461,pi,6.2800,6.5548,0.1436,0.1436
15.0511,pi,6.2800,6.5689,0.1432,0.1432
15.0561,pi,6.2800,6.5804,0.1429,0.1429
15.0611,pi,6.2800,6.5705,0.1431,0.1431
15.0660,pi,6.2800,6.5631,0.1431,0.1431
15.0711,pi,6.2800,6.5572,0.1432,0.1432
15.0761,pi,6.2800,6.5524,0.1432,0.1432
15.0811,pi,6.2800,6.5486,0.1432,0.1432
15.0861,pi,6.2800,6.5455,0.1432,0.1432
15.0911,pi,6.2800,6.5431,0.1432,0.1432
15.0961,pi,6.2800,6.5413,0.1432,0.1432
15.1011,pi,6.2800,6.5124,0.1437,0.1437
15.1061,pi,6.2800,6.5352,0.1432,0.1432
15.1111,pi,6.2800,6.5079,0.1436,0.1436
15.1161,pi,6.2800,6.5320,0.1431,0.1431
15.1211,pi,6.2800,6.5050,0.1436,0.1436
15.1261,pi,6.2800,6.5293,0.1430,0.1430
15.1312,pi,6.2800,6.4800,0.1440,0.1440
15.1361,pi,6.2800,6.4904,0.1437,0.1437
15.1412,pi,6.2800,6.4480,0.1445,0.1445
15.1465,pi,6.2800,6.4124,0.1452,0.1452
15.1517,pi,6.2800,6.4355,0.1447,0.1447
15.1564,pi,6.2800,6.4039,0.1453,0.1453
15.1611,pi,6.2800,6.4296,0.1447,0.1447
15.1661,pi,6.2800,6.4001,0.1453,0.1453
15.1710,pi,6.2800,6.3995,0.1453,0.1453
15.1762,pi,6.2800,6.3762,0.1457,0.1457
15.1812,pi,6.2800,6.4078,0.1450,0.1450
15.1861,pi,6.2800,6.4514,0.1441,0.1441
15.1911,pi,6.2800,6.4412,0.1443,0.1443
15.1961,pi,6.2800,6.4790,0.1435,0.1435
15.2011,pi,6.2800,6.4649,0.1437,0.1437
15.2061,pi,6.2800,6.4524,0.1439,0.1439
15.2112,pi,6.2800,6.4183,0.1446,0.1446
15.2161,pi,6.2800,6.4143,0.1446,0.1446
15.2211,pi,6.2800,6.4568,0.1437,0.1437
15.2260,pi,6.2800,6.4462,0.1439,0.1439
15.2311,pi,6.2800,6.4825,0.1431,0.1431
15.2361,pi,6.2800,6.4656,0.1434,0.1434
15.2411,pi,6.2800,6.4521,0.1437,0.1437
15.2461,pi,6.2800,6.4182,0.1443,0.1443
15.2511,pi,6.2800,6.4140,0.1443,0.1443
15.2562,pi,6.2800,6.3877,0.1448,0.1448
15.2611,pi,6.2800,6.3894,0.1448,0.1448
15.2662,pi,6.2800,6.4179,0.1442,0.1442
15.2715,pi,6.2800,6.3900,0.1447,0.1447
15.2763,pi,6.2800,6.4173,0.1441,0.1441
15.2811,pi,6.2800,6.3903,0.1446,0.1446
15.2860,pi,6.2800,6.3917,0.1446,0.1446
15.2911,pi,6.2800,6.3699,0.1450,0.1450
15.2960,pi,6.2800,6.3753,0.1448,0.1448
15.3011,pi,6.2800,6.3568,0.1452,0.1452
15.3061,pi,6.2800,6.3648,0.1450,0.1450
15.3111,pi,6.2800,6.4172,0.1439,0.1439
15.3163,pi,6.2800,6.4131,0.1440,0.1440
15.3215,pi,6.2800,6.4102,0.1440,0.1440
15.3261,pi,6.2800,6.4349,0.1435,0.1435
15.3310,pi,6.2800,6.4276,0.1436,0.1436
15.3361,pi,6.2800,6.4490,0.1431,0.1431
15.3411,pi,6.2800,6.4661,0.1428,0.1428
15.3461,pi,6.2800,6.4796,0.1424,0.1424
15.3511,pi,6.2800,6.4905,0.1422,0.1422
15.3561,pi,6.2800,6.4991,0.1419,0.1419
15.3611,pi,6.2800,6.4556,0.1428,0.1428
15.3660,pi,6.2800,6.4440,0.1429,0.1429
15.3711,pi,6.2800,6.4103,0.1436,0.1436
15.3761,pi,6.2800,6.4080,0.1436,0.1436
15.3811,pi,6.2800,6.4332,0.1431,0.1431
15.3861,pi,6.2800,6.4031,0.1436,0.1436
15.3911,pi,6.2800,6.4020,0.1436,0.1436
15.3961,pi,6.2800,6.4011,0.1436,0.1436
15.4011,pi,6.2800,6.4005,0.1436,0.1436
15.4061,pi,6.2800,6.4456,0.1426,0.1426
15.4111,pi,6.2800,6.4362,0.1428,0.1428
15.4161,pi,6.2800,6.4745,0.1420,0.1420
15.4211,pi,6.2800,6.4589,0.1423,0.1423
15.4262,pi,6.2800,6.4740,0.1419,0.1419
15.4311,pi,6.2800,6.4587,0.1422,0.1422
15.4361,pi,6.2800,6.4465,0.1424,0.1424
15.4412,pi,6.2800,6.4134,0.1430,0.1430
15.4461,pi,6.2800,6.4375,0.1425,0.1425
15.4511,pi,6.2800,6.4566,0.1420,0.1420
15.4561,pi,6.2800,6.4217,0.1427,0.1427
15.4611,pi,6.2800,6.4441,0.1422,0.1422
15.4661,pi,6.2800,6.4621,0.1418,0.1418
15.4710,pi,6.2800,6.4490,0.1420,0.1420
15.4761,pi,6.2800,6.4659,0.1417,0.1417
15.4812,pi,6.2800,6.4794,0.1413,0.1413
15.4861,pi,6.2800,6.4903,0.1411,0.1411
15.4911,pi,6.2800,6.4716,0.1414,0.1414
15.4961,pi,6.2800,6.5028,0.1407,0.1407
15.5011,pi,6.2800,6.4821,0.1411,0.1411
15.5061,pi,6.2800,6.4658,0.1414,0.1414
15.5111,pi,6.2800,6.4524,0.1416,0.1416
15.5161,pi,6.2800,6.4417,0.1417,0.1417
15.5211,pi,6.2800,6.4333,0.1419,0.1419
15.5261,pi,6.2800,6.4265,0.1420,0.1420
15.5311,pi,6.2800,6.4212,0.1420,0.1420
15.5361,pi,6.2800,6.4169,0.1421,0.1421
15.5411,pi,6.2800,6.4134,0.1421,0.1421
15.5461,pi,6.2800,6.3873,0.1426,0.1426
15.5510,pi,6.2800,6.3894,0.1425,0.1425
15.5561,pi,6.2800,6.3680,0.1429,0.1429
15.5610,pi,6.2800,6.3738,0.1428,0.1428
15.5661,pi,6.2800,6.3556,0.1431,0.1431
15.5711,pi,6.2800,6.3411,0.1434,0.1434
15.5760,pi,6.2800,6.3523,0.1432,0.1432
15.5811,pi,6.2800,6.3382,0.1434,0.1434
15.5861,pi,6.2800,6.3272,0.1436,0.1436
15.5911,pi,6.2800,6.3184,0.1438,0.1438
15.5960,pi,6.2800,6.3342,0.1435,0.1435
15.6011,pi,6.2800,6.3238,0.1437,0.1437
15.6060,pi,6.2800,6.3384,0.1434,0.1434
15.6112,pi,6.2800,6.3765,0.1426,0.1426
15.6161,pi,6.2800,6.4071,0.1420,0.1420
15.6211,pi,6.2800,6.3819,0.1424,0.1424
15.6261,pi,6.2800,6.3615,0.1428,0.1428
15.6311,pi,6.2800,6.3959,0.1421,0.1421
15.6361,pi,6.2800,6.4232,0.1415,0.1415
15.6411,pi,6.2800,6.4451,0.1411,0.1411
15.6462,pi,6.2800,6.4623,0.1407,0.1407
15.6511,pi,6.2800,6.4764,0.1403,0.1403
15.6561,pi,6.2800,6.4879,0.1401,0.1401
15.6611,pi,6.2800,6.4696,0.1404,0.1404
15.6661,pi,6.2800,6.4561,0.1406,0.1406
15.6711,pi,6.2800,6.4448,0.1408,0.1408
15.6762,pi,6.2800,6.4124,0.1414,0.1414
15.6812,pi,6.2800,6.3842,0.1419,0.1419
15.6860,pi,6.2800,6.3866,0.1419,0.1419
15.6911,pi,6.2800,6.3658,0.1422,0.1422
15.6961,pi,6.2800,6.3492,0.1426,0.1426
15.7011,pi,6.2800,6.3358,0.1428,0.1428
15.7054,coast,6.2800,6.3358,0.0000,0.0000
