t_s,mode,target_rad_s,speed_rad_s,u,u_unsaturated
0.0893,coast,6.2800,0.0000,0.0000,0.0000
0.0912,pi,6.2800,0.0000,0.1256,0.1256
0.0956,pi,6.2800,0.0000,0.1272,0.1272
0.0996,pi,6.2800,0.0000,0.1287,0.1287
0.1038,pi,6.2800,0.0000,0.1303,0.1303
0.1078,pi,6.2800,0.0000,0.1319,0.1319
0.1116,pi,6.2800,0.0000,0.1335,0.1335
0.1153,pi,6.2800,0.0000,0.1351,0.1351
0.1190,pi,6.2800,0.0625,0.1354,0.1354
0.1227,pi,6.2800,0.1059,0.1360,0.1360
0.1265,pi,6.2800,0.1848,0.1360,0.1360
0.1303,pi,6.2800,0.2486,0.1362,0.1362
0.1340,pi,6.2800,0.2990,0.1368,0.1368
0.1378,pi,6.2800,0.3398,0.1374,0.1374
0.1415,pi,6.2800,0.4087,0.1375,0.1375
0.1453,pi,6.2800,0.4641,0.1379,0.1379
0.1490,pi,6.2800,0.5086,0.1385,0.1385
0.1529,pi,6.2800,0.5899,0.1383,0.1383
0.1567,pi,6.2800,0.6550,0.1384,0.1384
0.1610,pi,6.2800,0.6611,0.1397,0.1397
0.1656,pi,6.2800,0.6294,0.1417,0.1417
0.1705,pi,6.2800,0.6406,0.1429,0.1429
0.1756,pi,6.2800,0.6632,0.1439,0.1439
0.1806,pi,6.2800,0.7316,0.1439,0.1439
0.1856,pi,6.2800,0.7361,0.1452,0.1452
0.1906,pi,6.2800,0.7396,0.1465,0.1465
0.1956,pi,6.2800,0.7424,0.1478,0.1478
0.2008,pi,6.2800,0.7447,0.1492,0.1492
0.2056,pi,6.2800,0.7464,0.1505,0.1505
0.2108,pi,6.2800,0.7479,0.1519,0.1519
0.2161,pi,6.2800,0.7491,0.1532,0.1532
0.2205,pi,6.2800,0.7500,0.1546,0.1546
0.2255,pi,6.2800,0.7371,0.1563,0.1563
0.2307,pi,6.2800,0.7268,0.1578,0.1578
0.2358,pi,6.2800,0.6817,0.1601,0.1601
0.2406,pi,6.2800,0.6825,0.1615,0.1615
0.2456,pi,6.2800,0.6831,0.1629,0.1629
0.2506,pi,6.2800,0.7293,0.1634,0.1634
0.2557,pi,6.2800,0.7205,0.1649,0.1649
0.2606,pi,6.2800,0.7136,0.1665,0.1665
0.2660,pi,6.2800,0.7217,0.1677,0.1677
0.2714,pi,6.2800,0.6771,0.1700,0.1700
0.2760,pi,6.2800,0.6428,0.1721,0.1721
0.2806,pi,6.2800,0.6147,0.1740,0.1740
0.2855,pi,6.2800,0.5833,0.1761,0.1761
0.2907,pi,6.2800,0.5580,0.1780,0.1780
0.2959,pi,6.2800,0.4963,0.1807,0.1807
0.3008,pi,6.2800,0.3970,0.1841,0.1841
0.3056,pi,6.2800,0.3177,0.1872,0.1872
0.3106,pi,6.2800,0.2545,0.1899,0.1899
0.3160,pi,6.2800,0.2031,0.1925,0.1925
0.3211,pi,6.2800,0.1627,0.1948,0.1948
0.3262,pi,6.2800,0.1301,0.1970,0.1970
0.3313,pi,6.2800,0.1041,0.1990,0.1990
0.3363,pi,6.2800,0.0832,0.2010,0.2010
0.3414,pi,6.2800,0.0666,0.2029,0.2029
0.3463,pi,6.2800,0.0533,0.2047,0.2047
0.3513,pi,6.2800,0.0426,0.2065,0.2065
0.3563,pi,6.2800,0.0341,0.2082,0.2082
0.3615,pi,6.2800,0.0273,0.2099,0.2099
0.3661,pi,6.2800,0.0218,0.2116,0.2116
0.3706,pi,6.2800,0.0175,0.2132,0.2132
0.3756,pi,6.2800,0.0140,0.2148,0.2148
0.3806,pi,6.2800,0.0112,0.2165,0.2165
0.3856,pi,6.2800,0.0089,0.2181,0.2181
0.3906,pi,6.2800,0.0072,0.2197,0.2197
0.3956,pi,6.2800,0.0057,0.2213,0.2213
0.4006,pi,6.2800,0.0046,0.2229,0.2229
0.4056,pi,6.2800,0.0037,0.2245,0.2245
0.4106,pi,6.2800,0.0029,0.2260,0.2260
0.4157,pi,6.2800,0.0023,0.2276,0.2276
0.4206,pi,6.2800,0.0019,0.2292,0.2292
0.4256,pi,6.2800,0.0015,0.2308,0.2308
0.4306,pi,6.2800,0.0012,0.2324,0.2324
0.4356,pi,6.2800,0.0010,0.2339,0.2339
0.4406,pi,6.2800,0.0008,0.2355,0.2355
0.4456,pi,6.2800,0.0006,0.2371,0.2371
0.4506,pi,6.2800,0.0005,0.2386,0.2386
0.4557,pi,6.2800,0.0004,0.2402,0.2402
0.4606,pi,6.2800,0.0003,0.2418,0.2418
0.4656,pi,6.2800,0.0003,0.2434,0.2434
0.4706,pi,6.2800,0.0002,0.2449,0.2449
0.4756,pi,6.2800,0.0002,0.2465,0.2465
0.4806,pi,6.2800,0.0001,0.2481,0.2481
0.4856,pi,6.2800,0.0001,0.2496,0.2496
0.4906,pi,6.2800,0.0001,0.2512,0.2512
0.4956,pi,6.2800,0.0001,0.2528,0.2528
0.5006,pi,6.2800,0.0001,0.2544,0.2544
0.5056,pi,6.2800,0.0000,0.2559,0.2559
0.5106,pi,6.2800,0.0000,0.2575,0.2575
0.5157,pi,6.2800,0.0000,0.2591,0.2591
0.5206,pi,6.2800,0.0000,0.2606,0.2606
0.5256,pi,6.2800,0.0000,0.2622,0.2622
0.5306,pi,6.2800,0.0000,0.2638,0.2638
0.5357,pi,6.2800,0.0000,0.2653,0.2653
0.5406,pi,6.2800,0.0000,0.2669,0.2669
0.5456,pi,6.2800,0.0000,0.2685,0.2685
0.5507,pi,6.2800,0.0000,0.2701,0.2701
0.5556,pi,6.2800,0.0000,0.2716,0.2716
0.5606,pi,6.2800,0.0000,0.2732,0.2732
0.5656,pi,6.2800,0.0000,0.2748,0.2748
0.5709,pi,6.2800,0.0000,0.2763,0.2763
0.5764,pi,6.2800,0.0000,0.2779,0.2779
0.5807,pi,6.2800,0.0000,0.2795,0.2795
0.5857,pi,6.2800,0.0000,0.2810,0.2810
0.5907,pi,6.2800,0.0000,0.2826,0.2826
0.5957,pi,6.2800,0.0000,0.2842,0.2842
0.6006,pi,6.2800,0.0000,0.2858,0.2858
0.6056,pi,6.2800,0.0000,0.2873,0.2873
0.6107,pi,6.2800,0.0000,0.2889,0.2889
0.6156,pi,6.2800,0.0000,0.2905,0.2905
0.6207,pi,6.2800,0.0000,0.2920,0.2920
0.6255,pi,6.2800,0.0000,0.2936,0.2936
0.6308,pi,6.2800,0.0000,0.2952,0.2952
0.6356,pi,6.2800,0.0000,0.2967,0.2967
0.6407,pi,6.2800,0.0000,0.2983,0.2983
0.6456,pi,6.2800,0.0000,0.2999,0.2999
0.6506,pi,6.2800,0.0000,0.3015,0.3015
0.6556,pi,6.2800,0.0000,0.3030,0.3030
0.6606,pi,6.2800,0.0000,0.3046,0.3046
0.6657,pi,6.2800,0.0000,0.3062,0.3062
0.6706,pi,6.2800,0.0000,0.3077,0.3077
0.6756,pi,6.2800,0.0000,0.3093,0.3093
0.6806,pi,6.2800,0.0000,0.3109,0.3109
0.6856,pi,6.2800,0.0000,0.3124,0.3124
0.6906,pi,6.2800,0.0000,0.3140,0.3140
0.6958,pi,6.2800,0.0000,0.3156,0.3156
0.7006,pi,6.2800,0.0000,0.3172,0.3172
0.7056,pi,6.2800,0.0000,0.3187,0.3187
0.7106,pi,6.2800,0.0000,0.3203,0.3203
0.7156,pi,6.2800,0.0000,0.3219,0.3219
0.7206,pi,6.2800,0.0000,0.3234,0.3234
0.7257,pi,6.2800,0.0000,0.3250,0.3250
0.7306,pi,6.2800,0.0000,0.3266,0.3266
0.7356,pi,6.2800,0.0000,0.3281,0.3281
0.7406,pi,6.2800,0.0000,0.3297,0.3297
0.7457,pi,6.2800,0.0000,0.3313,0.3313
0.7508,pi,6.2800,0.0000,0.3329,0.3329
0.7556,pi,6.2800,0.0000,0.3344,0.3344
0.7607,pi,6.2800,0.0000,0.3360,0.3360
0.7656,pi,6.2800,0.0000,0.3376,0.3376
0.7706,pi,6.2800,0.0000,0.3391,0.3391
0.7756,pi,6.2800,0.0000,0.3407,0.3407
0.7807,pi,6.2800,0.0000,0.3423,0.3423
0.7857,pi,6.2800,0.0000,0.3439,0.3439
0.7908,pi,6.2800,0.0000,0.3454,0.3454
0.7956,pi,6.2800,0.0000,0.3470,0.3470
0.8006,pi,6.2800,0.0000,0.3486,0.3486
0.8056,pi,6.2800,0.0000,0.3501,0.3501
0.8106,pi,6.2800,0.0000,0.3517,0.3517
0.8157,pi,6.2800,0.0000,0.3533,0.3533
0.8206,pi,6.2800,0.0000,0.3549,0.3549
0.8257,pi,6.2800,0.0000,0.3564,0.3564
0.8306,pi,6.2800,0.0000,0.3580,0.3580
0.8356,pi,6.2800,0.0000,0.3595,0.3595
0.8407,pi,6.2800,0.0000,0.3611,0.3611
0.8456,pi,6.2800,0.0000,0.3627,0.3627
0.8506,pi,6.2800,0.0000,0.3643,0.3643
0.8557,pi,6.2800,0.0000,0.3658,0.3658
0.8606,pi,6.2800,0.0000,0.3674,0.3674
0.8656,pi,6.2800,0.0000,0.3690,0.3690
0.8707,pi,6.2800,0.0000,0.3705,0.3705
0.8756,pi,6.2800,0.0000,0.3721,0.3721
0.8806,pi,6.2800,0.0000,0.3737,0.3737
0.8857,pi,6.2800,0.0000,0.3752,0.3752
0.8906,pi,6.2800,0.0000,0.3768,0.3768
0.8957,pi,6.2800,0.0000,0.3784,0.3784
0.9006,pi,6.2800,0.0000,0.3800,0.3800
0.9056,pi,6.2800,0.0000,0.3815,0.3815
0.9106,pi,6.2800,0.0000,0.3831,0.3831
0.9156,pi,6.2800,0.0000,0.3847,0.3847
0.9206,pi,6.2800,0.0000,0.3862,0.3862
0.9257,pi,6.2800,0.0000,0.3878,0.3878
0.9306,pi,6.2800,0.0000,0.3894,0.3894
0.9356,pi,6.2800,0.0000,0.3909,0.3909
0.9406,pi,6.2800,0.0000,0.3925,0.3925
0.9456,pi,6.2800,0.0000,0.3941,0.3941
0.9506,pi,6.2800,0.0000,0.3957,0.3957
0.9557,pi,6.2800,0.0000,0.3972,0.3972
0.9606,pi,6.2800,0.0000,0.3988,0.3988
0.9657,pi,6.2800,0.0000,0.4004,0.4004
0.9706,pi,6.2800,0.0000,0.4019,0.4019
0.9757,pi,6.2800,0.0000,0.4035,0.4035
0.9806,pi,6.2800,0.0000,0.4051,0.4051
0.9856,pi,6.2800,0.0000,0.4066,0.4066
0.9907,pi,6.2800,0.0000,0.4082,0.4082
0.9956,pi,6.2800,0.0000,0.4098,0.4098
1.0006,pi,6.2800,0.0000,0.4114,0.4114
1.0057,pi,6.2800,0.0000,0.4129,0.4129
1.0106,pi,6.2800,0.0000,0.4145,0.4145
1.0156,pi,6.2800,0.0000,0.4161,0.4161
1.0206,pi,6.2800,0.0000,0.4176,0.4176
1.0256,pi,6.2800,0.0000,0.4192,0.4192
1.0306,pi,6.2800,0.0000,0.4208,0.4208
1.0356,pi,6.2800,0.0000,0.4223,0.4223
1.0406,pi,6.2800,0.0000,0.4239,0.4239
1.0456,pi,6.2800,0.0000,0.4255,0.4255
1.0506,pi,6.2800,0.0000,0.4271,0.4271
1.0556,pi,6.2800,0.0000,0.4286,0.4286
1.0606,pi,6.2800,0.0000,0.4302,0.4302
1.0656,pi,6.2800,0.0000,0.4318,0.4318
1.0706,pi,6.2800,0.0000,0.4333,0.4333
1.0756,pi,6.2800,0.0000,0.4349,0.4349
1.0807,pi,6.2800,0.0000,0.4365,0.4365
1.0856,pi,6.2800,0.0000,0.4380,0.4380
1.0906,pi,6.2800,0.0000,0.4396,0.4396
1.0957,pi,6.2800,0.0000,0.4412,0.4412
1.1007,pi,6.2800,0.0000,0.4428,0.4428
1.1059,pi,6.2800,0.0000,0.4443,0.4443
1.1108,pi,6.2800,0.0000,0.4459,0.4459
1.1156,pi,6.2800,0.0000,0.4475,0.4475
1.1207,pi,6.2800,0.0000,0.4490,0.4490
1.1256,pi,6.2800,0.0000,0.4506,0.4506
1.1307,pi,6.2800,0.0000,0.4522,0.4522
1.1356,pi,6.2800,0.0000,0.4538,0.4538
1.1407,pi,6.2800,0.0000,0.4553,0.4553
1.1456,pi,6.2800,0.0000,0.4569,0.4569
1.1507,pi,6.2800,0.0000,0.4585,0.4585
1.1556,pi,6.2800,0.0000,0.4600,0.4600
1.1606,pi,6.2800,0.0000,0.4616,0.4616
1.1657,pi,6.2800,0.0000,0.4632,0.4632
1.1706,pi,6.2800,0.0000,0.4647,0.4647
1.1756,pi,6.2800,0.0000,0.4663,0.4663
1.1806,pi,6.2800,0.0000,0.4679,0.4679
1.1857,pi,6.2800,0.0000,0.4694,0.4694
1.1906,pi,6.2800,0.0000,0.4710,0.4710
1.1956,pi,6.2800,0.0000,0.4726,0.4726
1.2007,pi,6.2800,0.0000,0.4742,0.4742
1.2056,pi,6.2800,0.0000,0.4757,0.4757
1.2107,pi,6.2800,0.0000,0.4773,0.4773
1.2156,pi,6.2800,0.0000,0.4789,0.4789
1.2206,pi,6.2800,0.0000,0.4804,0.4804
1.2256,pi,6.2800,0.0000,0.4820,0.4820
1.2307,pi,6.2800,0.0000,0.4836,0.4836
1.2356,pi,6.2800,0.0000,0.4851,0.4851
1.2407,pi,6.2800,0.0000,0.4867,0.4867
1.2456,pi,6.2800,0.0000,0.4883,0.4883
1.2506,pi,6.2800,0.0000,0.4899,0.4899
1.2557,pi,6.2800,0.0000,0.4914,0.4914
1.2606,pi,6.2800,0.0000,0.4930,0.4930
1.2656,pi,6.2800,0.0000,0.4946,0.4946
1.2709,pi,6.2800,0.0000,0.4961,0.4961
1.2757,pi,6.2800,0.0000,0.4977,0.4977
1.2806,pi,6.2800,0.0000,0.4993,0.4993
1.2856,pi,6.2800,0.0000,0.5008,0.5008
1.2906,pi,6.2800,0.0000,0.5024,0.5024
1.2955,pi,6.2800,0.0000,0.5040,0.5040
1.3006,pi,6.2800,0.0000,0.5055,0.5055
1.3056,pi,6.2800,0.0000,0.5071,0.5071
1.3106,pi,6.2800,0.0000,0.5087,0.5087
1.3156,pi,6.2800,0.0000,0.5103,0.5103
1.3206,pi,6.2800,0.0000,0.5118,0.5118
1.3256,pi,6.2800,0.0000,0.5134,0.5134
1.3306,pi,6.2800,0.0000,0.5150,0.5150
1.3357,pi,6.2800,0.0000,0.5165,0.5165
1.3406,pi,6.2800,0.0000,0.5181,0.5181
1.3457,pi,6.2800,0.0000,0.5197,0.5197
1.3506,pi,6.2800,0.0000,0.5212,0.5212
1.3556,pi,6.2800,0.0000,0.5228,0.5228
1.3606,pi,6.2800,0.0000,0.5244,0.5244
1.3656,pi,6.2800,0.0000,0.5260,0.5260
1.3706,pi,6.2800,0.0000,0.5275,0.5275
1.3756,pi,6.2800,0.0000,0.5291,0.5291
1.3806,pi,6.2800,0.0000,0.5307,0.5307
1.3856,pi,6.2800,0.0000,0.5322,0.5322
1.3906,pi,6.2800,0.0000,0.5338,0.5338
1.3956,pi,6.2800,0.0000,0.5354,0.5354
1.4006,pi,6.2800,0.0000,0.5369,0.5369
1.4056,pi,6.2800,0.0000,0.5385,0.5385
1.4106,pi,6.2800,0.0000,0.5401,0.5401
1.4156,pi,6.2800,0.0000,0.5417,0.5417
1.4206,pi,6.2800,0.0000,0.5432,0.5432
1.4256,pi,6.2800,0.0000,0.5448,0.5448
1.4306,pi,6.2800,0.0503,0.5454,0.5454
1.4356,pi,6.2800,0.1409,0.5451,0.5451
1.4407,pi,6.2800,0.2133,0.5452,0.5452
1.4456,pi,6.2800,0.3211,0.5446,0.5446
1.4506,pi,6.2800,0.4579,0.5433,0.5433
1.4556,pi,6.2800,0.5674,0.5426,0.5426
1.4606,pi,6.2800,0.7050,0.5413,0.5413
1.4656,pi,6.2800,0.8383,0.5400,0.5400
1.4706,pi,6.2800,0.9905,0.5383,0.5383
1.4756,pi,6.2800,1.1578,0.5363,0.5363
1.4806,pi,6.2800,1.2920,0.5349,0.5349
1.4856,pi,6.2800,1.3992,0.5340,0.5340
1.4906,pi,6.2800,1.4850,0.5335,0.5335
1.4956,pi,6.2800,1.5994,0.5324,0.5324
1.5006,pi,6.2800,1.6908,0.5317,0.5317
1.5056,pi,6.2800,1.7640,0.5314,0.5314
1.5106,pi,6.2800,1.8682,0.5305,0.5305
1.5156,pi,6.2800,1.9516,0.5299,0.5299
1.5206,pi,6.2800,2.0183,0.5296,0.5296
1.5256,pi,6.2800,2.1173,0.5287,0.5287
1.5307,pi,6.2800,2.2472,0.5272,0.5272
1.5356,pi,6.2800,2.3913,0.5253,0.5253
1.5407,pi,6.2800,2.5528,0.5230,0.5230
1.5456,pi,6.2800,2.7278,0.5205,0.5205
1.5507,pi,6.2800,2.9362,0.5172,0.5172
1.5557,pi,6.2800,3.1538,0.5137,0.5137
1.5606,pi,6.2800,3.4259,0.5090,0.5090
1.5656,pi,6.2800,3.6956,0.5043,0.5043
1.5706,pi,6.2800,3.9622,0.4996,0.4996
1.5757,pi,6.2800,4.2248,0.4950,0.4950
1.5806,pi,6.2800,4.4763,0.4905,0.4905
1.5857,pi,6.2800,4.8368,0.4837,0.4837
1.5907,pi,6.2800,5.2270,0.4763,0.4763
1.5956,pi,6.2800,5.6378,0.4683,0.4683
1.6006,pi,6.2800,6.1192,0.4588,0.4588
1.6056,pi,6.2800,6.5847,0.4496,0.4496
1.6107,pi,6.2800,7.1781,0.4376,0.4376
1.6157,pi,6.2800,7.8019,0.4249,0.4249
1.6207,pi,6.2800,8.5055,0.4105,0.4105
1.6256,pi,6.2800,9.1769,0.3965,0.3965
1.6306,pi,6.2800,9.8551,0.3822,0.3822
1.6357,pi,6.2800,10.5367,0.3677,0.3677
1.6407,pi,6.2800,11.2175,0.3530,0.3530
1.6457,pi,6.2800,11.9386,0.3373,0.3373
1.6507,pi,6.2800,12.5208,0.3243,0.3243
1.6557,pi,6.2800,13.1337,0.3105,0.3105
1.6606,pi,6.2800,13.6141,0.2991,0.2991
1.6657,pi,6.2800,14.0581,0.2884,0.2884
1.6707,pi,6.2800,14.3531,0.2806,0.2806
1.6757,pi,6.2800,14.5479,0.2747,0.2747
1.6807,pi,6.2800,14.7028,0.2695,0.2695
1.6857,pi,6.2800,14.7777,0.2659,0.2659
1.6907,pi,6.2800,14.7872,0.2636,0.2636
1.6956,pi,6.2800,14.8004,0.2612,0.2612
1.7007,pi,6.2800,14.7554,0.2600,0.2600
1.7057,pi,6.2800,14.6170,0.2606,0.2606
1.7106,pi,6.2800,14.4588,0.2617,0.2617
1.7156,pi,6.2800,14.2806,0.2632,0.2632
1.7206,pi,6.2800,14.1217,0.2644,0.2644
1.7257,pi,6.2800,13.9601,0.2657,0.2657
1.7306,pi,6.2800,13.8188,0.2666,0.2666
1.7357,pi,6.2800,13.6682,0.2677,0.2677
1.7406,pi,6.2800,13.5394,0.2684,0.2684
1.7457,pi,6.2800,13.3432,0.2705,0.2705
1.7506,pi,6.2800,13.1381,0.2729,0.2729
1.7558,pi,6.2800,12.9690,0.2745,0.2745
1.7607,pi,6.2800,12.8394,0.2754,0.2754
1.7656,pi,6.2800,12.7392,0.2758,0.2758
1.7706,pi,6.2800,12.6599,0.2758,0.2758
1.7757,pi,6.2800,12.5950,0.2755,0.2755
1.7807,pi,6.2800,12.5390,0.2750,0.2750
1.7856,pi,6.2800,12.4529,0.2752,0.2752
1.7907,pi,6.2800,12.3743,0.2752,0.2752
1.7956,pi,6.2800,12.3213,0.2747,0.2747
1.8006,pi,6.2800,12.2798,0.2741,0.2741
1.8057,pi,6.2800,12.2904,0.2724,0.2724
1.8107,pi,6.2800,12.2577,0.2715,0.2715
1.8157,pi,6.2800,12.2188,0.2708,0.2708
1.8206,pi,6.2800,12.1852,0.2700,0.2700
1.8256,pi,6.2800,12.1246,0.2697,0.2697
1.8307,pi,6.2800,12.0620,0.2695,0.2695
1.8356,pi,6.2800,12.0259,0.2688,0.2688
1.8407,pi,6.2800,11.9826,0.2682,0.2682
1.8456,pi,6.2800,11.9628,0.2672,0.2672
1.8507,pi,6.2800,11.9467,0.2661,0.2661
1.8556,pi,6.2800,11.8871,0.2659,0.2659
1.8606,pi,6.2800,11.8721,0.2648,0.2648
1.8656,pi,6.2800,11.8740,0.2633,0.2633
1.8707,pi,6.2800,11.8293,0.2628,0.2628
1.8756,pi,6.2800,11.7960,0.2621,0.2621
1.8807,pi,6.2800,11.7485,0.2617,0.2617
1.8857,pi,6.2800,11.7109,0.2610,0.2610
1.8906,pi,6.2800,11.6990,0.2599,0.2599
1.8956,pi,6.2800,11.6906,0.2587,0.2587
1.9007,pi,6.2800,11.6645,0.2579,0.2579
1.9057,pi,6.2800,11.6430,0.2570,0.2570
1.9106,pi,6.2800,11.6454,0.2556,0.2556
1.9156,pi,6.2800,11.6471,0.2542,0.2542
1.9207,pi,6.2800,11.6299,0.2532,0.2532
1.9256,pi,6.2800,11.6353,0.2518,0.2518
1.9306,pi,6.2800,11.5936,0.2513,0.2513
1.9357,pi,6.2800,11.6065,0.2497,0.2497
1.9406,pi,6.2800,11.5706,0.2491,0.2491
1.9456,pi,6.2800,11.5414,0.2484,0.2484
1.9507,pi,6.2800,11.4944,0.2480,0.2480
1.9557,pi,6.2800,11.4347,0.2479,0.2479
1.9610,pi,6.2800,11.4097,0.2471,0.2471
1.9665,pi,6.2800,11.3386,0.2472,0.2472
1.9719,pi,6.2800,11.3320,0.2461,0.2461
1.9761,pi,6.2800,11.2767,0.2459,0.2459
1.9810,pi,6.2800,11.2820,0.2446,0.2446
1.9856,pi,6.2800,11.2368,0.2442,0.2442
1.9906,pi,6.2800,11.2004,0.2437,0.2437
1.9956,pi,6.2800,11.1994,0.2425,0.2425
2.0006,pi,6.2800,11.1533,0.2422,0.2422
2.0056,pi,6.2800,11.1624,0.2408,0.2408
2.0107,pi,6.2800,11.1411,0.2400,0.2400
2.0156,pi,6.2800,11.1062,0.2395,0.2395
2.0207,pi,6.2800,11.0789,0.2388,0.2388
2.0256,pi,6.2800,11.0574,0.2381,0.2381
2.0307,pi,6.2800,11.0068,0.2379,0.2379
2.0356,pi,6.2800,11.0171,0.2365,0.2365
2.0407,pi,6.2800,11.0241,0.2352,0.2352
2.0456,pi,6.2800,10.9802,0.2348,0.2348
2.0507,pi,6.2800,10.9447,0.2344,0.2344
2.0556,pi,6.2800,10.9166,0.2338,0.2338
2.0606,pi,6.2800,10.8809,0.2333,0.2333
2.0657,pi,6.2800,10.8655,0.2325,0.2325
2.0707,pi,6.2800,10.8538,0.2316,0.2316
2.0757,pi,6.2800,10.8418,0.2307,0.2307
2.0806,pi,6.2800,10.8216,0.2299,0.2299
2.0858,pi,6.2800,10.8060,0.2291,0.2291
2.0908,pi,6.2800,10.7460,0.2292,0.2292
2.0956,pi,6.2800,10.7002,0.2290,0.2290
2.1007,pi,6.2800,10.6619,0.2286,0.2286
2.1058,pi,6.2800,10.5895,0.2290,0.2290
2.1115,pi,6.2800,10.5313,0.2291,0.2291
2.1157,pi,6.2800,10.4856,0.2289,0.2289
2.1206,pi,6.2800,10.4492,0.2286,0.2286
2.1256,pi,6.2800,10.4155,0.2282,0.2282
2.1307,pi,6.2800,10.3932,0.2277,0.2277
2.1356,pi,6.2800,10.3753,0.2270,0.2270
2.1406,pi,6.2800,10.3102,0.2273,0.2273
2.1457,pi,6.2800,10.2588,0.2273,0.2273
2.1507,pi,6.2800,10.2175,0.2271,0.2271
2.1560,pi,6.2800,10.2299,0.2259,0.2259
2.1610,pi,6.2800,10.2402,0.2247,0.2247
2.1658,pi,6.2800,10.2492,0.2235,0.2235
2.1706,pi,6.2800,10.2567,0.2224,0.2224
2.1756,pi,6.2800,10.2617,0.2213,0.2213
2.1806,pi,6.2800,10.2198,0.2211,0.2211
2.1857,pi,6.2800,10.1867,0.2208,0.2208
2.1909,pi,6.2800,10.2098,0.2194,0.2194
2.1959,pi,6.2800,10.2281,0.2180,0.2180
2.2007,pi,6.2800,10.2430,0.2167,0.2167
2.2058,pi,6.2800,10.2505,0.2156,0.2156
2.2106,pi,6.2800,10.2117,0.2154,0.2154
2.2157,pi,6.2800,10.1796,0.2150,0.2150
2.2206,pi,6.2800,10.1549,0.2145,0.2145
2.2257,pi,6.2800,10.1348,0.2140,0.2140
2.2307,pi,6.2800,10.1181,0.2134,0.2134
2.2356,pi,6.2800,10.1048,0.2127,0.2127
2.2408,pi,6.2800,10.0476,0.2128,0.2128
2.2457,pi,6.2800,9.9970,0.2129,0.2129
2.2509,pi,6.2800,9.9577,0.2128,0.2128
2.2560,pi,6.2800,9.9257,0.2125,0.2125
2.2605,pi,6.2800,9.9058,0.2120,0.2120
2.2656,pi,6.2800,9.8894,0.2114,0.2114
2.2706,pi,6.2800,9.8714,0.2109,0.2109
2.2756,pi,6.2800,9.8572,0.2102,0.2102
2.2806,pi,6.2800,9.8042,0.2104,0.2104
2.2857,pi,6.2800,9.7635,0.2103,0.2103
2.2907,pi,6.2800,9.7299,0.2102,0.2102
2.2957,pi,6.2800,9.7496,0.2089,0.2089
2.3007,pi,6.2800,9.7655,0.2077,0.2077
2.3057,pi,6.2800,9.7323,0.2075,0.2075
2.3107,pi,6.2800,9.6959,0.2074,0.2074
2.3156,pi,6.2800,9.6762,0.2069,0.2069
2.3207,pi,6.2800,9.6601,0.2064,0.2064
2.3256,pi,6.2800,9.6021,0.2067,0.2067
2.3307,pi,6.2800,9.5551,0.2068,0.2068
2.3358,pi,6.2800,9.5541,0.2060,0.2060
2.3406,pi,6.2800,9.5532,0.2052,0.2052
2.3456,pi,6.2800,9.5163,0.2051,0.2051
2.3506,pi,6.2800,9.4870,0.2049,0.2049
2.3557,pi,6.2800,9.4995,0.2038,0.2038
2.3606,pi,6.2800,9.5192,0.2026,0.2026
2.3657,pi,6.2800,9.4748,0.2027,0.2027
2.3706,pi,6.2800,9.4534,0.2024,0.2024
2.3757,pi,6.2800,9.4221,0.2022,0.2022
2.3806,pi,6.2800,9.3969,0.2019,0.2019
2.3856,pi,6.2800,9.3273,0.2025,0.2025
2.3907,pi,6.2800,9.2710,0.2029,0.2029
2.3956,pi,6.2800,9.2452,0.2026,0.2026
2.4007,pi,6.2800,9.2051,0.2027,0.2027
2.4056,pi,6.2800,9.1918,0.2022,0.2022
2.4107,pi,6.2800,9.1618,0.2021,0.2021
2.4156,pi,6.2800,9.1572,0.2015,0.2015
2.4207,pi,6.2800,9.1350,0.2012,0.2012
2.4256,pi,6.2800,9.1359,0.2005,0.2005
2.4307,pi,6.2800,9.1825,0.1988,0.1988
2.4357,pi,6.2800,9.2051,0.1977,0.1977
2.4407,pi,6.2800,9.2375,0.1963,0.1963
2.4457,pi,6.2800,9.2486,0.1953,0.1953
2.4507,pi,6.2800,9.2266,0.1950,0.1950
2.4559,pi,6.2800,9.1897,0.1950,0.1950
2.4611,pi,6.2800,9.1791,0.1945,0.1945
2.4656,pi,6.2800,9.1724,0.1939,0.1939
2.4706,pi,6.2800,9.1199,0.1942,0.1942
2.4757,pi,6.2800,9.1033,0.1939,0.1939
2.4806,pi,6.2800,9.0650,0.1939,0.1939
2.4857,pi,6.2800,9.0338,0.1939,0.1939
2.4907,pi,6.2800,9.0352,0.1931,0.1931
2.4956,pi,6.2800,9.0102,0.1929,0.1929
2.5007,pi,6.2800,8.9669,0.1931,0.1931
2.5056,pi,6.2800,8.9555,0.1927,0.1927
2.5107,pi,6.2800,8.9736,0.1917,0.1917
2.5156,pi,6.2800,8.9378,0.1917,0.1917
2.5206,pi,6.2800,8.9593,0.1906,0.1906
2.5256,pi,6.2800,8.9495,0.1901,0.1901
2.5308,pi,6.2800,8.9685,0.1891,0.1891
2.5364,pi,6.2800,8.9827,0.1881,0.1881
2.5415,pi,6.2800,8.9685,0.1877,0.1877
2.5457,pi,6.2800,8.9340,0.1877,0.1877
2.5506,pi,6.2800,8.9299,0.1872,0.1872
2.5556,pi,6.2800,8.9265,0.1866,0.1866
2.5606,pi,6.2800,8.9232,0.1860,0.1860
2.5657,pi,6.2800,8.8758,0.1863,0.1863
2.5707,pi,6.2800,8.8094,0.1869,0.1869
2.5756,pi,6.2800,8.7844,0.1868,0.1868
2.5807,pi,6.2800,8.7640,0.1866,0.1866
2.5856,pi,6.2800,8.7478,0.1863,0.1863
2.5906,pi,6.2800,8.6909,0.1868,0.1868
2.5957,pi,6.2800,8.6614,0.1868,0.1868
2.6006,pi,6.2800,8.6378,0.1867,0.1867
2.6056,pi,6.2800,8.6188,0.1865,0.1865
2.6107,pi,6.2800,8.5535,0.1872,0.1872
2.6157,pi,6.2800,8.5517,0.1867,0.1867
2.6206,pi,6.2800,8.5318,0.1865,0.1865
2.6256,pi,6.2800,8.5345,0.1859,0.1859
2.6307,pi,6.2800,8.5363,0.1853,0.1853
2.6357,pi,6.2800,8.5656,0.1841,0.1841
2.6407,pi,6.2800,8.5610,0.1836,0.1836
2.6457,pi,6.2800,8.5393,0.1835,0.1835
2.6506,pi,6.2800,8.5684,0.1824,0.1824
2.6556,pi,6.2800,8.5450,0.1823,0.1823
2.6607,pi,6.2800,8.5271,0.1820,0.1820
2.6657,pi,6.2800,8.4789,0.1825,0.1825
2.6706,pi,6.2800,8.4739,0.1820,0.1820
2.6757,pi,6.2800,8.4368,0.1822,0.1822
2.6807,pi,6.2800,8.3944,0.1825,0.1825
2.6858,pi,6.2800,8.3713,0.1824,0.1824
2.6914,pi,6.2800,8.3419,0.1825,0.1825
2.6966,pi,6.2800,8.3806,0.1812,0.1812
2.7008,pi,6.2800,8.3630,0.1810,0.1810
2.7056,pi,6.2800,8.3359,0.1811,0.1811
2.7106,pi,6.2800,8.3144,0.1810,0.1810
2.7156,pi,6.2800,8.3425,0.1799,0.1799
2.7215,pi,6.2800,8.3305,0.1796,0.1796
2.7270,pi,6.2800,8.3093,0.1795,0.1795
2.7312,pi,6.2800,8.2932,0.1794,0.1794
2.7357,pi,6.2800,8.3253,0.1782,0.1782
2.7406,pi,6.2800,8.3076,0.1781,0.1781
2.7456,pi,6.2800,8.2912,0.1779,0.1779
2.7506,pi,6.2800,8.2805,0.1776,0.1776
2.7557,pi,6.2800,8.2824,0.1770,0.1770
2.7607,pi,6.2800,8.2841,0.1765,0.1765
2.7656,pi,6.2800,8.2859,0.1760,0.1760
2.7707,pi,6.2800,8.2729,0.1757,0.1757
2.7758,pi,6.2800,8.2771,0.1752,0.1752
2.7806,pi,6.2800,8.2794,0.1746,0.1746
2.7856,pi,6.2800,8.3140,0.1734,0.1734
2.7907,pi,6.2800,8.3096,0.1730,0.1730
2.7956,pi,6.2800,8.2925,0.1728,0.1728
2.8007,pi,6.2800,8.2423,0.1733,0.1733
2.8056,pi,6.2800,8.2389,0.1729,0.1729
2.8107,pi,6.2800,8.2497,0.1722,0.1722
2.8156,pi,6.2800,8.2083,0.1725,0.1725
2.8206,pi,6.2800,8.1659,0.1729,0.1729
2.8257,pi,6.2800,8.1326,0.1731,0.1731
2.8307,pi,6.2800,8.1508,0.1723,0.1723
2.8356,pi,6.2800,8.1670,0.1715,0.1715
2.8406,pi,6.2800,8.1333,0.1717,0.1717
2.8457,pi,6.2800,8.1148,0.1716,0.1716
2.8507,pi,6.2800,8.0913,0.1716,0.1716
2.8556,pi,6.2800,8.0727,0.1715,0.1715
2.8607,pi,6.2800,8.0160,0.1722,0.1722
2.8656,pi,6.2800,8.0127,0.1718,0.1718
2.8707,pi,6.2800,8.0186,0.1713,0.1713
2.8756,pi,6.2800,8.0146,0.1709,0.1709
2.8806,pi,6.2800,8.0108,0.1706,0.1706
2.8857,pi,6.2800,7.9667,0.1710,0.1710
2.8906,pi,6.2800,7.9812,0.1703,0.1703
2.8956,pi,6.2800,7.9387,0.1707,0.1707
2.9006,pi,6.2800,7.9506,0.1701,0.1701
2.9057,pi,6.2800,7.9179,0.1703,0.1703
2.9106,pi,6.2800,7.9335,0.1696,0.1696
2.9157,pi,6.2800,7.9042,0.1698,0.1698
2.9207,pi,6.2800,7.8772,0.1699,0.1699
2.9256,pi,6.2800,7.8561,0.1699,0.1699
2.9307,pi,6.2800,7.8386,0.1699,0.1699
2.9356,pi,6.2800,7.8252,0.1698,0.1698
2.9407,pi,6.2800,7.8141,0.1696,0.1696
2.9456,pi,6.2800,7.8057,0.1694,0.1694
2.9506,pi,6.2800,7.7985,0.1691,0.1691
2.9556,pi,6.2800,7.7929,0.1689,0.1689
2.9606,pi,6.2800,7.8347,0.1677,0.1677
2.9656,pi,6.2800,7.8218,0.1675,0.1675
2.9707,pi,6.2800,7.8152,0.1673,0.1673
2.9756,pi,6.2800,7.8102,0.1670,0.1670
2.9806,pi,6.2800,7.8059,0.1667,0.1667
2.9856,pi,6.2800,7.8023,0.1664,0.1664
2.9906,pi,6.2800,7.7999,0.1661,0.1661
2.9957,pi,6.2800,7.7467,0.1667,0.1667
3.0006,pi,6.2800,7.7553,0.1662,0.1662
3.0057,pi,6.2800,7.7114,0.1667,0.1667
3.0106,pi,6.2800,7.6768,0.1670,0.1670
3.0157,pi,6.2800,7.6479,0.1673,0.1673
3.0207,pi,6.2800,7.6254,0.1674,0.1674
3.0256,pi,6.2800,7.6080,0.1674,0.1674
3.0306,pi,6.2800,7.6398,0.1664,0.1664
3.0357,pi,6.2800,7.6200,0.1665,0.1665
3.0407,pi,6.2800,7.6037,0.1665,0.1665
3.0456,pi,6.2800,7.5904,0.1664,0.1664
3.0507,pi,6.2800,7.6304,0.1653,0.1653
3.0556,pi,6.2800,7.6623,0.1643,0.1643
3.0606,pi,6.2800,7.6838,0.1635,0.1635
3.0656,pi,6.2800,7.6545,0.1638,0.1638
3.0706,pi,6.2800,7.6783,0.1629,0.1629
3.0756,pi,6.2800,7.6516,0.1631,0.1631
3.0807,pi,6.2800,7.6291,0.1632,0.1632
3.0856,pi,6.2800,7.6114,0.1633,0.1633
3.0906,pi,6.2800,7.6429,0.1623,0.1623
3.0956,pi,6.2800,7.6681,0.1614,0.1614
3.1006,pi,6.2800,7.6889,0.1607,0.1607
3.1056,pi,6.2800,7.6586,0.1609,0.1609
3.1107,pi,6.2800,7.6332,0.1611,0.1611
3.1159,pi,6.2800,7.6143,0.1611,0.1611
3.1206,pi,6.2800,7.5987,0.1611,0.1611
3.1256,pi,6.2800,7.6365,0.1600,0.1600
3.1305,pi,6.2800,7.6630,0.1592,0.1592
3.1356,pi,6.2800,7.6389,0.1593,0.1593
3.1407,pi,6.2800,7.6189,0.1594,0.1594
3.1457,pi,6.2800,7.6030,0.1593,0.1593
3.1506,pi,6.2800,7.5897,0.1593,0.1593
3.1556,pi,6.2800,7.5795,0.1592,0.1592
3.1607,pi,6.2800,7.5711,0.1590,0.1590
3.1656,pi,6.2800,7.5662,0.1588,0.1588
3.1707,pi,6.2800,7.5605,0.1586,0.1586
3.1756,pi,6.2800,7.5113,0.1592,0.1592
3.1807,pi,6.2800,7.5150,0.1588,0.1588
3.1857,pi,6.2800,7.4697,0.1594,0.1594
3.1907,pi,6.2800,7.4330,0.1599,0.1599
3.1956,pi,6.2800,7.4088,0.1601,0.1601
3.2007,pi,6.2800,7.3847,0.1603,0.1603
3.2056,pi,6.2800,7.3654,0.1604,0.1604
3.2106,pi,6.2800,7.3541,0.1603,0.1603
3.2160,pi,6.2800,7.3404,0.1603,0.1603
3.2206,pi,6.2800,7.3342,0.1602,0.1602
3.2257,pi,6.2800,7.3752,0.1591,0.1591
3.2306,pi,6.2800,7.4082,0.1582,0.1582
3.2357,pi,6.2800,7.4344,0.1574,0.1574
3.2406,pi,6.2800,7.4556,0.1567,0.1567
3.2457,pi,6.2800,7.4723,0.1560,0.1560
3.2506,pi,6.2800,7.4858,0.1555,0.1555
3.2558,pi,6.2800,7.4962,0.1550,0.1550
3.2607,pi,6.2800,7.4589,0.1554,0.1554
3.2658,pi,6.2800,7.4235,0.1558,0.1558
3.2706,pi,6.2800,7.4013,0.1560,0.1560
3.2756,pi,6.2800,7.3837,0.1560,0.1560
3.2808,pi,6.2800,7.3644,0.1562,0.1562
3.2856,pi,6.2800,7.3490,0.1562,0.1562
3.2906,pi,6.2800,7.3368,0.1562,0.1562
3.2956,pi,6.2800,7.3271,0.1561,0.1561
3.3006,pi,6.2800,7.3242,0.1559,0.1559
3.3056,pi,6.2800,7.2758,0.1566,0.1566
3.3107,pi,6.2800,7.3286,0.1553,0.1553
3.3156,pi,6.2800,7.3254,0.1551,0.1551
3.3207,pi,6.2800,7.3179,0.1550,0.1550
3.3256,pi,6.2800,7.3171,0.1547,0.1547
3.3306,pi,6.2800,7.3162,0.1545,0.1545
3.3356,pi,6.2800,7.3155,0.1543,0.1543
3.3406,pi,6.2800,7.3151,0.1540,0.1540
3.3456,pi,6.2800,7.3142,0.1538,0.1538
3.3508,pi,6.2800,7.2585,0.1546,0.1546
3.3556,pi,6.2800,7.2233,0.1551,0.1551
3.3607,pi,6.2800,7.1853,0.1556,0.1556
3.3656,pi,6.2800,7.1654,0.1558,0.1558
3.3707,pi,6.2800,7.1945,0.1550,0.1550
3.3757,pi,6.2800,7.2128,0.1544,0.1544
3.3806,pi,6.2800,7.2326,0.1538,0.1538
3.3857,pi,6.2800,7.2435,0.1533,0.1533
3.3906,pi,6.2800,7.2523,0.1529,0.1529
3.3957,pi,6.2800,7.2089,0.1535,0.1535
3.4006,pi,6.2800,7.1840,0.1538,0.1538
3.4057,pi,6.2800,7.2045,0.1531,0.1531
3.4106,pi,6.2800,7.2259,0.1525,0.1525
3.4157,pi,6.2800,7.2374,0.1520,0.1520
3.4206,pi,6.2800,7.2521,0.1515,0.1515
3.4257,pi,6.2800,7.2594,0.1511,0.1511
3.4309,pi,6.2800,7.2142,0.1517,0.1517
3.4362,pi,6.2800,7.1782,0.1522,0.1522
3.4408,pi,6.2800,7.1495,0.1526,0.1526
3.4458,pi,6.2800,7.1361,0.1526,0.1526
3.4506,pi,6.2800,7.1663,0.1518,0.1518
3.4556,pi,6.2800,7.1950,0.1510,0.1510
3.4606,pi,6.2800,7.2188,0.1503,0.1503
3.4657,pi,6.2800,7.1911,0.1506,0.1506
3.4707,pi,6.2800,7.1602,0.1510,0.1510
3.4757,pi,6.2800,7.1354,0.1513,0.1513
3.4806,pi,6.2800,7.1252,0.1513,0.1513
3.4856,pi,6.2800,7.1624,0.1503,0.1503
3.4906,pi,6.2800,7.1928,0.1495,0.1495
3.4956,pi,6.2800,7.2172,0.1488,0.1488
3.5007,pi,6.2800,7.1811,0.1493,0.1493
3.5056,pi,6.2800,7.1613,0.1494,0.1494
3.5107,pi,6.2800,7.1364,0.1497,0.1497
3.5156,pi,6.2800,7.1664,0.1489,0.1489
3.5206,pi,6.2800,7.1959,0.1481,0.1481
3.5256,pi,6.2800,7.1736,0.1483,0.1483
3.5306,pi,6.2800,7.1560,0.1484,0.1484
3.5356,pi,6.2800,7.1410,0.1485,0.1485
3.5406,pi,6.2800,7.1302,0.1485,0.1485
3.5456,pi,6.2800,7.1206,0.1485,0.1485
3.5507,pi,6.2800,7.1026,0.1487,0.1487
3.5557,pi,6.2800,7.1380,0.1477,0.1477
3.5605,pi,6.2800,7.1276,0.1477,0.1477
3.5657,pi,6.2800,7.1190,0.1477,0.1477
3.5707,pi,6.2800,7.1024,0.1478,0.1478
3.5757,pi,6.2800,7.1391,0.1469,0.1469
3.5806,pi,6.2800,7.1682,0.1461,0.1461
3.5857,pi,6.2800,7.1512,0.1462,0.1462
3.5908,pi,6.2800,7.1280,0.1464,0.1464
3.5956,pi,6.2800,7.1096,0.1466,0.1466
3.6006,pi,6.2800,7.0581,0.1474,0.1474
3.6056,pi,6.2800,7.0642,0.1471,0.1471
3.6112,pi,6.2800,7.0573,0.1471,0.1471
3.6166,pi,6.2800,7.0520,0.1470,0.1470
3.6208,pi,6.2800,7.0484,0.1468,0.1468
3.6256,pi,6.2800,7.0094,0.1474,0.1474
3.6306,pi,6.2800,6.9786,0.1479,0.1479
3.6356,pi,6.2800,6.9899,0.1475,0.1475
3.6407,pi,6.2800,7.0083,0.1469,0.1469
3.6457,pi,6.2800,6.9631,0.1476,0.1476
3.6506,pi,6.2800,6.9414,0.1479,0.1479
3.6556,pi,6.2800,6.9699,0.1472,0.1472
3.6606,pi,6.2800,6.9462,0.1475,0.1475
3.6657,pi,6.2800,6.9287,0.1477,0.1477
3.6707,pi,6.2800,6.9145,0.1478,0.1478
3.6756,pi,6.2800,6.9028,0.1478,0.1478
3.6807,pi,6.2800,6.8788,0.1482,0.1482
3.6856,pi,6.2800,6.8737,0.1481,0.1481
3.6909,pi,6.2800,6.8558,0.1483,0.1483
3.6959,pi,6.2800,6.8553,0.1482,0.1482
3.7008,pi,6.2800,6.8915,0.1473,0.1473
3.7056,pi,6.2800,6.8702,0.1476,0.1476
3.7106,pi,6.2800,6.8671,0.1475,0.1475
3.7156,pi,6.2800,6.9007,0.1467,0.1467
3.7205,pi,6.2800,6.9372,0.1458,0.1458
3.7256,pi,6.2800,6.9664,0.1451,0.1451
3.7307,pi,6.2800,6.9800,0.1446,0.1446
3.7356,pi,6.2800,7.0009,0.1440,0.1440
3.7407,pi,6.2800,7.0081,0.1437,0.1437
3.7456,pi,6.2800,6.9776,0.1441,0.1441
3.7507,pi,6.2800,6.9531,0.1445,0.1445
3.7556,pi,6.2800,6.9336,0.1447,0.1447
3.7607,pi,6.2800,6.9543,0.1441,0.1441
3.7656,pi,6.2800,6.9341,0.1443,0.1443
3.7706,pi,6.2800,6.9042,0.1448,0.1448
3.7756,pi,6.2800,6.8802,0.1451,0.1451
3.7806,pi,6.2800,6.8751,0.1450,0.1450
3.7857,pi,6.2800,6.8567,0.1453,0.1453
3.7906,pi,6.2800,6.8563,0.1451,0.1451
3.7957,pi,6.2800,6.8923,0.1443,0.1443
3.8006,pi,6.2800,6.8709,0.1445,0.1445
3.8056,pi,6.2800,6.8677,0.1445,0.1445
3.8106,pi,6.2800,6.8508,0.1446,0.1446
3.8156,pi,6.2800,6.8058,0.1454,0.1454
3.8206,pi,6.2800,6.8156,0.1451,0.1451
3.8258,pi,6.2800,6.8094,0.1451,0.1451
3.8306,pi,6.2800,6.8044,0.1450,0.1450
3.8356,pi,6.2800,6.8141,0.1447,0.1447
3.8407,pi,6.2800,6.8083,0.1447,0.1447
3.8457,pi,6.2800,6.8035,0.1447,0.1447
3.8506,pi,6.2800,6.8139,0.1443,0.1443
3.8557,pi,6.2800,6.8075,0.1443,0.1443
3.8607,pi,6.2800,6.8032,0.1443,0.1443
3.8658,pi,6.2800,6.8495,0.1432,0.1432
3.8711,pi,6.2800,6.8866,0.1423,0.1423
3.8763,pi,6.2800,6.8663,0.1426,0.1426
3.8806,pi,6.2800,6.8501,0.1428,0.1428
3.8856,pi,6.2800,6.8512,0.1426,0.1426
3.8906,pi,6.2800,6.8883,0.1417,0.1417
3.8957,pi,6.2800,6.8813,0.1417,0.1417
3.9007,pi,6.2800,6.8621,0.1419,0.1419
3.9056,pi,6.2800,6.8605,0.1418,0.1418
3.9106,pi,6.2800,6.8598,0.1417,0.1417
3.9157,pi,6.2800,6.8591,0.1415,0.1415
3.9206,pi,6.2800,6.8584,0.1414,0.1414
3.9256,pi,6.2800,6.8122,0.1422,0.1422
3.9307,pi,6.2800,6.8213,0.1419,0.1419
3.9357,pi,6.2800,6.8138,0.1419,0.1419
3.9406,pi,6.2800,6.7761,0.1425,0.1425
3.9457,pi,6.2800,6.7461,0.1430,0.1430
3.9506,pi,6.2800,6.7682,0.1424,0.1424
3.9557,pi,6.2800,6.7198,0.1433,0.1433
3.9606,pi,6.2800,6.7012,0.1435,0.1435
3.9657,pi,6.2800,6.7179,0.1431,0.1431
3.9706,pi,6.2800,6.6994,0.1434,0.1434
3.9757,pi,6.2800,6.6849,0.1435,0.1435
3.9807,pi,6.2800,6.7044,0.1431,0.1431
3.9857,pi,6.2800,6.7199,0.1426,0.1426
3.9906,pi,6.2800,6.7016,0.1429,0.1429
3.9957,pi,6.2800,6.7182,0.1425,0.1425
4.0008,pi,6.2800,6.7312,0.1421,0.1421
4.0062,pi,6.2800,6.7552,0.1415,0.1415
4.0109,pi,6.2800,6.7611,0.1413,0.1413
4.0156,pi,6.2800,6.7795,0.1408,0.1408
4.0206,pi,6.2800,6.8307,0.1396,0.1396
4.0256,pi,6.2800,6.8357,0.1394,0.1394
4.0306,pi,6.2800,6.8390,0.1392,0.1392
4.0356,pi,6.2800,6.7974,0.1399,0.1399
4.0410,pi,6.2800,6.7947,0.1398,0.1398
4.0466,pi,6.2800,6.7926,0.1397,0.1397
4.0521,pi,6.2800,6.7406,0.1406,0.1406
4.0566,pi,6.2800,6.7179,0.1410,0.1410
4.0609,pi,6.2800,6.6998,0.1412,0.1412
4.0656,pi,6.2800,6.6666,0.1418,0.1418
4.0706,pi,6.2800,6.6586,0.1418,0.1418
4.0757,pi,6.2800,6.6828,0.1413,0.1413
4.0806,pi,6.2800,6.7169,0.1405,0.1405
4.0857,pi,6.2800,6.7303,0.1401,0.1401
4.0906,pi,6.2800,6.7547,0.1395,0.1395
4.0956,pi,6.2800,6.7293,0.1399,0.1399
4.1007,pi,6.2800,6.7397,0.1396,0.1396
4.1056,pi,6.2800,6.7483,0.1393,0.1393
4.1107,pi,6.2800,6.7242,0.1396,0.1396
4.1158,pi,6.2800,6.7355,0.1393,0.1393
4.1210,pi,6.2800,6.7445,0.1390,0.1390
4.1256,pi,6.2800,6.7203,0.1394,0.1394
4.1307,pi,6.2800,6.6832,0.1400,0.1400
4.1357,pi,6.2800,6.7037,0.1395,0.1395
4.1407,pi,6.2800,6.6699,0.1401,0.1401
4.1456,pi,6.2800,6.6931,0.1395,0.1395
4.1506,pi,6.2800,6.7254,0.1388,0.1388
4.1556,pi,6.2800,6.7524,0.1381,0.1381
4.1609,pi,6.2800,6.7283,0.1385,0.1385
4.1663,pi,6.2800,6.7528,0.1379,0.1379
4.1713,pi,6.2800,6.7279,0.1383,0.1383
4.1765,pi,6.2800,6.7377,0.1379,0.1379
4.1811,pi,6.2800,6.7458,0.1377,0.1377
4.1862,pi,6.2800,6.7019,0.1384,0.1384
4.1915,pi,6.2800,6.7168,0.1380,0.1380
4.1962,pi,6.2800,6.7219,0.1378,0.1378
4.2008,pi,6.2800,6.6851,0.1384,0.1384
4.2057,pi,6.2800,6.6729,0.1386,0.1386
4.2108,pi,6.2800,6.6444,0.1391,0.1391
4.2157,pi,6.2800,6.6402,0.1390,0.1390
4.2207,pi,6.2800,6.6379,0.1390,0.1390
4.2257,pi,6.2800,6.6353,0.1390,0.1390
4.2308,pi,6.2800,6.6351,0.1389,0.1389
4.2357,pi,6.2800,6.6344,0.1388,0.1388
4.2407,pi,6.2800,6.6339,0.1387,0.1387
4.2460,pi,6.2800,6.6279,0.1388,0.1388
4.2507,pi,6.2800,6.6349,0.1385,0.1385
4.2563,pi,6.2800,6.6041,0.1391,0.1391
4.2611,pi,6.2800,6.6378,0.1383,0.1383
4.2661,pi,6.2800,6.6664,0.1376,0.1376
4.2712,pi,6.2800,6.6394,0.1381,0.1381
4.2762,pi,6.2800,6.6363,0.1381,0.1381
4.2813,pi,6.2800,6.6642,0.1374,0.1374
4.2864,pi,6.2800,6.6375,0.1378,0.1378
4.2909,pi,6.2800,6.6670,0.1372,0.1372
4.2959,pi,6.2800,6.6586,0.1372,0.1372
4.3010,pi,6.2800,6.6325,0.1377,0.1377
4.3062,pi,6.2800,6.6282,0.1377,0.1377
4.3113,pi,6.2800,6.6354,0.1374,0.1374
4.3165,pi,6.2800,6.6342,0.1374,0.1374
4.3209,pi,6.2800,6.5132,0.1397,0.1397
4.3256,pi,6.2800,6.4453,0.1410,0.1410
4.3306,pi,6.2800,6.3910,0.1420,0.1420
4.3357,pi,6.2800,6.3031,0.1438,0.1438
4.3406,pi,6.2800,6.2773,0.1443,0.1443
4.3456,pi,6.2800,6.2558,0.1447,0.1447
4.3507,pi,6.2800,6.2391,0.1451,0.1451
4.3556,pi,6.2800,6.2264,0.1453,0.1453
4.3607,pi,6.2800,6.2176,0.1455,0.1455
4.3658,pi,6.2800,6.2085,0.1457,0.1457
4.3711,pi,6.2800,6.2006,0.1459,0.1459
4.3759,pi,6.2800,6.3172,0.1436,0.1436
4.3806,pi,6.2800,6.3601,0.1427,0.1427
4.3856,pi,6.2800,6.4130,0.1416,0.1416
4.3906,pi,6.2800,6.4876,0.1401,0.1401
4.3956,pi,6.2800,6.5151,0.1395,0.1395
4.4007,pi,6.2800,6.5692,0.1384,0.1384
4.4058,pi,6.2800,6.6110,0.1375,0.1375
4.4106,pi,6.2800,6.6138,0.1373,0.1373
4.4156,pi,6.2800,6.6169,0.1372,0.1372
4.4207,pi,6.2800,6.6000,0.1374,0.1374
4.4256,pi,6.2800,6.6057,0.1372,0.1372
4.4306,pi,6.2800,6.6103,0.1371,0.1371
4.4357,pi,6.2800,6.6451,0.1363,0.1363
4.4406,pi,6.2800,6.6411,0.1363,0.1363
4.4457,pi,6.2800,6.6699,0.1356,0.1356
4.4506,pi,6.2800,6.7069,0.1348,0.1348
4.4556,pi,6.2800,6.6906,0.1350,0.1350
4.4606,pi,6.2800,6.6796,0.1351,0.1351
4.4657,pi,6.2800,6.6502,0.1356,0.1356
4.4706,pi,6.2800,6.6455,0.1356,0.1356
4.4757,pi,6.2800,6.6427,0.1356,0.1356
4.4806,pi,6.2800,6.6396,0.1355,0.1355
4.4856,pi,6.2800,6.6372,0.1355,0.1355
4.4906,pi,6.2800,6.5897,0.1363,0.1363
4.4956,pi,6.2800,6.5970,0.1361,0.1361
4.5007,pi,6.2800,6.5841,0.1363,0.1363
4.5056,pi,6.2800,6.5472,0.1370,0.1370
4.5106,pi,6.2800,6.4942,0.1380,0.1380
4.5157,pi,6.2800,6.5019,0.1377,0.1377
4.5206,pi,6.2800,6.5083,0.1376,0.1376
4.5256,pi,6.2800,6.5135,0.1374,0.1374
4.5307,pi,6.2800,6.5173,0.1373,0.1373
4.5356,pi,6.2800,6.5201,0.1372,0.1372
4.5406,pi,6.2800,6.5229,0.1370,0.1370
4.5457,pi,6.2800,6.5248,0.1369,0.1369
4.5506,pi,6.2800,6.4993,0.1374,0.1374
4.5556,pi,6.2800,6.5056,0.1372,0.1372
4.5606,pi,6.2800,6.4839,0.1376,0.1376
4.5657,pi,6.2800,6.5122,0.1370,0.1370
4.5706,pi,6.2800,6.5165,0.1368,0.1368
4.5756,pi,6.2800,6.5199,0.1367,0.1367
4.5806,pi,6.2800,6.5411,0.1362,0.1362
4.5857,pi,6.2800,6.4893,0.1372,0.1372
4.5907,pi,6.2800,6.4978,0.1370,0.1370
4.5956,pi,6.2800,6.4779,0.1373,0.1373
4.6007,pi,6.2800,6.4889,0.1370,0.1370
4.6056,pi,6.2800,6.5164,0.1364,0.1364
4.6108,pi,6.2800,6.5181,0.1363,0.1363
4.6157,pi,6.2800,6.5210,0.1362,0.1362
4.6206,pi,6.2800,6.5237,0.1361,0.1361
4.6257,pi,6.2800,6.5257,0.1360,0.1360
4.6306,pi,6.2800,6.4772,0.1369,0.1369
4.6357,pi,6.2800,6.4883,0.1366,0.1366
4.6406,pi,6.2800,6.5162,0.1360,0.1360
4.6457,pi,6.2800,6.5197,0.1359,0.1359
4.6506,pi,6.2800,6.5409,0.1354,0.1354
4.6557,pi,6.2800,6.5392,0.1354,0.1354
4.6606,pi,6.2800,6.5109,0.1359,0.1359
4.6657,pi,6.2800,6.4652,0.1367,0.1367
4.6707,pi,6.2800,6.4288,0.1374,0.1374
4.6756,pi,6.2800,6.4223,0.1375,0.1375
4.6807,pi,6.2800,6.4443,0.1370,0.1370
4.6856,pi,6.2800,6.4806,0.1363,0.1363
4.6907,pi,6.2800,6.4903,0.1360,0.1360
4.6956,pi,6.2800,6.4718,0.1363,0.1363
4.7007,pi,6.2800,6.4340,0.1371,0.1371
4.7057,pi,6.2800,6.4268,0.1372,0.1372
4.7108,pi,6.2800,6.4478,0.1367,0.1367
4.7160,pi,6.2800,6.4650,0.1363,0.1363
4.7206,pi,6.2800,6.4284,0.1370,0.1370
4.7255,pi,6.2800,6.4224,0.1371,0.1371
4.7306,pi,6.2800,6.4178,0.1371,0.1371
4.7356,pi,6.2800,6.4143,0.1372,0.1372
4.7406,pi,6.2800,6.4109,0.1372,0.1372
4.7457,pi,6.2800,6.4352,0.1367,0.1367
4.7506,pi,6.2800,6.4550,0.1363,0.1363
4.7556,pi,6.2800,6.4703,0.1359,0.1359
4.7606,pi,6.2800,6.4553,0.1362,0.1362
4.7657,pi,6.2800,6.4438,0.1363,0.1363
4.7706,pi,6.2800,6.5121,0.1349,0.1349
4.7758,pi,6.2800,6.5147,0.1348,0.1348
4.7806,pi,6.2800,6.5184,0.1347,0.1347
4.7857,pi,6.2800,6.5197,0.1346,0.1346
4.7906,pi,6.2800,6.4727,0.1355,0.1355
4.7956,pi,6.2800,6.4574,0.1358,0.1358
4.8009,pi,6.2800,6.4723,0.1354,0.1354
4.8057,pi,6.2800,6.4344,0.1361,0.1361
4.8106,pi,6.2800,6.4276,0.1362,0.1362
4.8156,pi,6.2800,6.4677,0.1354,0.1354
4.8206,pi,6.2800,6.4542,0.1356,0.1356
4.8256,pi,6.2800,6.3976,0.1367,0.1367
4.8308,pi,6.2800,6.3721,0.1372,0.1372
4.8356,pi,6.2800,6.3773,0.1370,0.1370
4.8406,pi,6.2800,6.3830,0.1369,0.1369
4.8457,pi,6.2800,6.4317,0.1359,0.1359
4.8507,pi,6.2800,6.4249,0.1360,0.1360
4.8556,pi,6.2800,6.4200,0.1361,0.1361
4.8611,pi,6.2800,6.3915,0.1366,0.1366
4.8665,pi,6.2800,6.3689,0.1370,0.1370
4.8721,pi,6.2800,6.4010,0.1364,0.1364
4.8762,pi,6.2800,6.4274,0.1358,0.1358
4.8805,pi,6.2800,6.4211,0.1359,0.1359
4.8856,pi,6.2800,6.3932,0.1364,0.1364
4.8907,pi,6.2800,6.4211,0.1358,0.1358
4.8958,pi,6.2800,6.4161,0.1359,0.1359
4.9006,pi,6.2800,6.4125,0.1359,0.1359
4.9057,pi,6.2800,6.3863,0.1364,0.1364
4.9106,pi,6.2800,6.3884,0.1364,0.1364
4.9156,pi,6.2800,6.3909,0.1363,0.1363
4.9206,pi,6.2800,6.3923,0.1362,0.1362
4.9256,pi,6.2800,6.3942,0.1362,0.1362
4.9307,pi,6.2800,6.4221,0.1356,0.1356
4.9356,pi,6.2800,6.4630,0.1347,0.1347
4.9408,pi,6.2800,6.4250,0.1354,0.1354
4.9456,pi,6.2800,6.4201,0.1355,0.1355
4.9507,pi,6.2800,6.4158,0.1355,0.1355
4.9562,pi,6.2800,6.4120,0.1356,0.1356
4.9612,pi,6.2800,6.4364,0.1351,0.1351
4.9660,pi,6.2800,6.4558,0.1346,0.1346
4.9705,pi,6.2800,6.4899,0.1339,0.1339
4.9756,pi,6.2800,6.4484,0.1347,0.1347
4.9806,pi,6.2800,6.4381,0.1349,0.1349
4.9856,pi,6.2800,6.4305,0.1350,0.1350
4.9906,pi,6.2800,6.4237,0.1351,0.1351
4.9957,pi,6.2800,6.3954,0.1356,0.1356
5.0006,pi,6.2800,6.4227,0.1350,0.1350
5.0065,pi,6.2800,6.3942,0.1356,0.1356
5.0120,pi,6.2800,6.3717,0.1360,0.1360
5.0162,pi,6.2800,6.3768,0.1358,0.1358
5.0206,pi,6.2800,6.3572,0.1362,0.1362
5.0256,pi,6.2800,6.3197,0.1369,0.1369
5.0306,pi,6.2800,6.3355,0.1366,0.1366
5.0357,pi,6.2800,6.3750,0.1358,0.1358
5.0408,pi,6.2800,6.3563,0.1362,0.1362
5.0459,pi,6.2800,6.3916,0.1354,0.1354
5.0506,pi,6.2800,6.3925,0.1354,0.1354
5.0556,pi,6.2800,6.3936,0.1353,0.1353
5.0606,pi,6.2800,6.3951,0.1353,0.1353
5.0656,pi,6.2800,6.3961,0.1352,0.1352
5.0706,pi,6.2800,6.3962,0.1352,0.1352
5.0757,pi,6.2800,6.4237,0.1346,0.1346
5.0806,pi,6.2800,6.4453,0.1342,0.1342
5.0856,pi,6.2800,6.4812,0.1334,0.1334
5.0908,pi,6.2800,6.4917,0.1331,0.1331
5.0956,pi,6.2800,6.4499,0.1339,0.1339
5.1006,pi,6.2800,6.4396,0.1341,0.1341
5.1057,pi,6.2800,6.4579,0.1337,0.1337
5.1106,pi,6.2800,6.4727,0.1333,0.1333
5.1157,pi,6.2800,6.4339,0.1341,0.1341
5.1210,pi,6.2800,6.4264,0.1342,0.1342
5.1267,pi,6.2800,6.2431,0.1378,0.1378
5.1310,pi,6.2800,6.0511,0.1417,0.1417
5.1356,pi,6.2800,5.8972,0.1448,0.1448
5.1406,pi,6.2800,5.7728,0.1474,0.1474
5.1456,pi,6.2800,5.7159,0.1486,0.1486
5.1507,pi,6.2800,5.5767,0.1516,0.1516
5.1556,pi,6.2800,5.4202,0.1549,0.1549
5.1606,pi,6.2800,5.1600,0.1603,0.1603
5.1658,pi,6.2800,4.8270,0.1672,0.1672
5.1705,pi,6.2800,4.5058,0.1740,0.1740
5.1756,pi,6.2800,4.1023,0.1825,0.1825
5.1806,pi,6.2800,3.8342,0.1884,0.1884
5.1857,pi,6.2800,3.4660,0.1964,0.1964
5.1906,pi,6.2800,3.1410,0.2036,0.2036
5.1957,pi,6.2800,2.6620,0.2140,0.2140
5.2006,pi,6.2800,2.2675,0.2228,0.2228
5.2056,pi,6.2800,1.9042,0.2310,0.2310
5.2106,pi,6.2800,1.6162,0.2379,0.2379
5.2157,pi,6.2800,1.3833,0.2437,0.2437
5.2206,pi,6.2800,1.1989,0.2486,0.2486
5.2256,pi,6.2800,1.0499,0.2529,0.2529
5.2306,pi,6.2800,0.9320,0.2566,0.2566
5.2356,pi,6.2800,0.8368,0.2598,0.2598
5.2406,pi,6.2800,0.7196,0.2635,0.2635
5.2461,pi,6.2800,0.6214,0.2668,0.2668
5.2506,pi,6.2800,0.5886,0.2689,0.2689
5.2556,pi,6.2800,0.5622,0.2709,0.2709
5.2606,pi,6.2800,0.4999,0.2735,0.2735
5.2656,pi,6.2800,0.4913,0.2752,0.2752
5.2707,pi,6.2800,0.4936,0.2766,0.2766
5.2756,pi,6.2800,0.4862,0.2782,0.2782
5.2806,pi,6.2800,0.4895,0.2795,0.2795
5.2856,pi,6.2800,0.4921,0.2809,0.2809
5.2906,pi,6.2800,0.4851,0.2825,0.2825
5.2957,pi,6.2800,0.5390,0.2829,0.2829
5.3008,pi,6.2800,0.5317,0.2845,0.2845
5.3058,pi,6.2800,0.5259,0.2860,0.2860
5.3109,pi,6.2800,0.5212,0.2876,0.2876
5.3155,pi,6.2800,0.5084,0.2893,0.2893
5.3209,pi,6.2800,0.4567,0.2917,0.2917
5.3259,pi,6.2800,0.4155,0.2940,0.2940
5.3311,pi,6.2800,0.3825,0.2962,0.2962
5.3362,pi,6.2800,0.3562,0.2982,0.2982
5.3414,pi,6.2800,0.3352,0.3001,0.3001
5.3463,pi,6.2800,0.3184,0.3019,0.3019
5.3508,pi,6.2800,0.3050,0.3036,0.3036
5.3559,pi,6.2800,0.2942,0.3053,0.3053
5.3609,pi,6.2800,0.3359,0.3060,0.3060
5.3659,pi,6.2800,0.3692,0.3068,0.3068
5.3709,pi,6.2800,0.3959,0.3078,0.3078
5.3758,pi,6.2800,0.4172,0.3088,0.3088
5.3807,pi,6.2800,0.4252,0.3101,0.3101
5.3857,pi,6.2800,0.4316,0.3114,0.3114
5.3906,pi,6.2800,0.4826,0.3119,0.3119
5.3957,pi,6.2800,0.5232,0.3125,0.3125
5.4006,pi,6.2800,0.5101,0.3142,0.3142
5.4056,pi,6.2800,0.4995,0.3159,0.3159
5.4107,pi,6.2800,0.4497,0.3183,0.3183
5.4156,pi,6.2800,0.4057,0.3207,0.3207
5.4206,pi,6.2800,0.3702,0.3228,0.3228
5.4256,pi,6.2800,0.3419,0.3249,0.3249
5.4306,pi,6.2800,0.3192,0.3268,0.3268
5.4356,pi,6.2800,0.3057,0.3286,0.3286
5.4406,pi,6.2800,0.2902,0.3304,0.3304
5.4457,pi,6.2800,0.2319,0.3330,0.3330
5.4506,pi,6.2800,0.1857,0.3355,0.3355
5.4556,pi,6.2800,0.1486,0.3377,0.3377
5.4606,pi,6.2800,0.1189,0.3399,0.3399
5.4656,pi,6.2800,0.0951,0.3419,0.3419
5.4706,pi,6.2800,0.0761,0.3438,0.3438
5.4756,pi,6.2800,0.0609,0.3457,0.3457
5.4806,pi,6.2800,0.0487,0.3475,0.3475
5.4857,pi,6.2800,0.0389,0.3492,0.3492
5.4906,pi,6.2800,0.0312,0.3509,0.3509
5.4956,pi,6.2800,0.0249,0.3526,0.3526
5.5006,pi,6.2800,0.0199,0.3543,0.3543
5.5056,pi,6.2800,0.0160,0.3559,0.3559
5.5106,pi,6.2800,0.0128,0.3576,0.3576
5.5156,pi,6.2800,0.0102,0.3592,0.3592
5.5206,pi,6.2800,0.0082,0.3608,0.3608
5.5256,pi,6.2800,0.0065,0.3624,0.3624
5.5306,pi,6.2800,0.0052,0.3640,0.3640
5.5356,pi,6.2800,0.0042,0.3656,0.3656
5.5406,pi,6.2800,0.0033,0.3672,0.3672
5.5456,pi,6.2800,0.0027,0.3687,0.3687
5.5506,pi,6.2800,0.0021,0.3703,0.3703
5.5556,pi,6.2800,0.0017,0.3719,0.3719
5.5606,pi,6.2800,0.0014,0.3735,0.3735
5.5656,pi,6.2800,0.0011,0.3751,0.3751
5.5706,pi,6.2800,0.0009,0.3766,0.3766
5.5756,pi,6.2800,0.0007,0.3782,0.3782
5.5807,pi,6.2800,0.0006,0.3798,0.3798
5.5857,pi,6.2800,0.0004,0.3813,0.3813
5.5906,pi,6.2800,0.0004,0.3829,0.3829
5.5957,pi,6.2800,0.0003,0.3845,0.3845
5.6006,pi,6.2800,0.0002,0.3861,0.3861
5.6056,pi,6.2800,0.0002,0.3876,0.3876
5.6107,pi,6.2800,0.0001,0.3892,0.3892
5.6157,pi,6.2800,0.0001,0.3908,0.3908
5.6206,pi,6.2800,0.0001,0.3923,0.3923
5.6256,pi,6.2800,0.0001,0.3939,0.3939
5.6306,pi,6.2800,0.0001,0.3955,0.3955
5.6356,pi,6.2800,0.0000,0.3971,0.3971
5.6406,pi,6.2800,0.0000,0.3986,0.3986
5.6456,pi,6.2800,0.0000,0.4002,0.4002
5.6506,pi,6.2800,0.0000,0.4018,0.4018
5.6556,pi,6.2800,0.0000,0.4033,0.4033
5.6606,pi,6.2800,0.0000,0.4049,0.4049
5.6656,pi,6.2800,0.0000,0.4065,0.4065
5.6708,pi,6.2800,0.0000,0.4080,0.4080
5.6756,pi,6.2800,0.0000,0.4096,0.4096
5.6806,pi,6.2800,0.0000,0.4112,0.4112
5.6856,pi,6.2800,0.0000,0.4128,0.4128
5.6906,pi,6.2800,0.0000,0.4143,0.4143
5.6957,pi,6.2800,0.0000,0.4159,0.4159
5.7008,pi,6.2800,0.0000,0.4175,0.4175
5.7058,pi,6.2800,0.0000,0.4190,0.4190
5.7105,pi,6.2800,0.0000,0.4206,0.4206
5.7156,pi,6.2800,0.0000,0.4222,0.4222
5.7207,pi,6.2800,0.0000,0.4237,0.4237
5.7256,pi,6.2800,0.0000,0.4253,0.4253
5.7306,pi,6.2800,0.0000,0.4269,0.4269
5.7356,pi,6.2800,0.0000,0.4284,0.4284
5.7406,pi,6.2800,0.0000,0.4300,0.4300
5.7456,pi,6.2800,0.0000,0.4316,0.4316
5.7506,pi,6.2800,0.0000,0.4332,0.4332
5.7563,pi,6.2800,0.0000,0.4347,0.4347
5.7613,pi,6.2800,0.0000,0.4363,0.4363
5.7660,pi,6.2800,0.0000,0.4379,0.4379
5.7706,pi,6.2800,0.0000,0.4394,0.4394
5.7756,pi,6.2800,0.0000,0.4410,0.4410
5.7807,pi,6.2800,0.0000,0.4426,0.4426
5.7857,pi,6.2800,0.0000,0.4442,0.4442
5.7908,pi,6.2800,0.0000,0.4457,0.4457
5.7957,pi,6.2800,0.0000,0.4473,0.4473
5.8006,pi,6.2800,0.0000,0.4489,0.4489
5.8055,pi,6.2800,0.0000,0.4504,0.4504
5.8106,pi,6.2800,0.0000,0.4520,0.4520
5.8156,pi,6.2800,0.0000,0.4536,0.4536
5.8207,pi,6.2800,0.0000,0.4551,0.4551
5.8256,pi,6.2800,0.0000,0.4567,0.4567
5.8306,pi,6.2800,0.0000,0.4583,0.4583
5.8356,pi,6.2800,0.0000,0.4599,0.4599
5.8406,pi,6.2800,0.0000,0.4614,0.4614
5.8456,pi,6.2800,0.0000,0.4630,0.4630
5.8506,pi,6.2800,0.0000,0.4646,0.4646
5.8556,pi,6.2800,0.0000,0.4661,0.4661
5.8606,pi,6.2800,0.0000,0.4677,0.4677
5.8657,pi,6.2800,0.0000,0.4693,0.4693
5.8706,pi,6.2800,0.0000,0.4708,0.4708
5.8758,pi,6.2800,0.0000,0.4724,0.4724
5.8805,pi,6.2800,0.0000,0.4740,0.4740
5.8857,pi,6.2800,0.0000,0.4756,0.4756
5.8907,pi,6.2800,0.0000,0.4771,0.4771
5.8957,pi,6.2800,0.0000,0.4787,0.4787
5.9015,pi,6.2800,0.0000,0.4803,0.4803
5.9069,pi,6.2800,0.0000,0.4818,0.4818
5.9109,pi,6.2800,0.0000,0.4834,0.4834
5.9156,pi,6.2800,0.0000,0.4850,0.4850
5.9206,pi,6.2800,0.0000,0.4865,0.4865
5.9255,pi,6.2800,0.0000,0.4881,0.4881
5.9308,pi,6.2800,0.0000,0.4897,0.4897
5.9357,pi,6.2800,0.0000,0.4913,0.4913
5.9406,pi,6.2800,0.0000,0.4928,0.4928
5.9456,pi,6.2800,0.0000,0.4944,0.4944
5.9506,pi,6.2800,0.0000,0.4960,0.4960
5.9556,pi,6.2800,0.0000,0.4975,0.4975
5.9606,pi,6.2800,0.0000,0.4991,0.4991
5.9655,pi,6.2800,0.0000,0.5007,0.5007
5.9706,pi,6.2800,0.0000,0.5022,0.5022
5.9756,pi,6.2800,0.0000,0.5038,0.5038
5.9806,pi,6.2800,0.0000,0.5054,0.5054
5.9856,pi,6.2800,0.0000,0.5070,0.5070
5.9906,pi,6.2800,0.0000,0.5085,0.5085
5.9956,pi,6.2800,0.0000,0.5101,0.5101
6.0006,pi,6.2800,0.0000,0.5117,0.5117
6.0056,pi,6.2800,0.0000,0.5132,0.5132
6.0106,pi,6.2800,0.0000,0.5148,0.5148
6.0156,pi,6.2800,0.0000,0.5164,0.5164
6.0206,pi,6.2800,0.0000,0.5179,0.5179
6.0256,pi,6.2800,0.0000,0.5195,0.5195
6.0306,pi,6.2800,0.0000,0.5211,0.5211
6.0356,pi,6.2800,0.0000,0.5227,0.5227
6.0406,pi,6.2800,0.0000,0.5242,0.5242
6.0456,pi,6.2800,0.0000,0.5258,0.5258
6.0506,pi,6.2800,0.0000,0.5274,0.5274
6.0556,pi,6.2800,0.0000,0.5289,0.5289
6.0607,pi,6.2800,0.0000,0.5305,0.5305
6.0661,pi,6.2800,0.0000,0.5321,0.5321
6.0714,pi,6.2800,0.0000,0.5336,0.5336
6.0756,pi,6.2800,0.0000,0.5352,0.5352
6.0806,pi,6.2800,0.0000,0.5368,0.5368
6.0856,pi,6.2800,0.0000,0.5383,0.5383
6.0907,pi,6.2800,0.0000,0.5399,0.5399
6.0956,pi,6.2800,0.0000,0.5415,0.5415
6.1006,pi,6.2800,0.0000,0.5431,0.5431
6.1056,pi,6.2800,0.0000,0.5446,0.5446
6.1106,pi,6.2800,0.0000,0.5462,0.5462
6.1156,pi,6.2800,0.0000,0.5478,0.5478
6.1208,pi,6.2800,0.0000,0.5493,0.5493
6.1263,pi,6.2800,0.0000,0.5509,0.5509
6.1311,pi,6.2800,0.0000,0.5525,0.5525
6.1356,pi,6.2800,0.0000,0.5541,0.5541
6.1406,pi,6.2800,0.0000,0.5556,0.5556
6.1457,pi,6.2800,0.0000,0.5572,0.5572
6.1506,pi,6.2800,0.0000,0.5588,0.5588
6.1557,pi,6.2800,0.0000,0.5603,0.5603
6.1607,pi,6.2800,0.0000,0.5619,0.5619
6.1656,pi,6.2800,0.0000,0.5635,0.5635
6.1706,pi,6.2800,0.0000,0.5650,0.5650
6.1756,pi,6.2800,0.0000,0.5666,0.5666
6.1807,pi,6.2800,0.0000,0.5682,0.5682
6.1856,pi,6.2800,0.0000,0.5698,0.5698
6.1907,pi,6.2800,0.0000,0.5713,0.5713
6.1956,pi,6.2800,0.0000,0.5729,0.5729
6.2007,pi,6.2800,0.0000,0.5745,0.5745
6.2057,pi,6.2800,0.0000,0.5760,0.5760
6.2106,pi,6.2800,0.0000,0.5776,0.5776
6.2157,pi,6.2800,0.0000,0.5792,0.5792
6.2206,pi,6.2800,0.0000,0.5807,0.5807
6.2257,pi,6.2800,0.0000,0.5823,0.5823
6.2306,pi,6.2800,0.0000,0.5839,0.5839
6.2357,pi,6.2800,0.0000,0.5854,0.5854
6.2406,pi,6.2800,0.0000,0.5870,0.5870
6.2457,pi,6.2800,0.0000,0.5886,0.5886
6.2506,pi,6.2800,0.0000,0.5902,0.5902
6.2557,pi,6.2800,0.0000,0.5917,0.5917
6.2606,pi,6.2800,0.0000,0.5933,0.5933
6.2656,pi,6.2800,0.0000,0.5949,0.5949
6.2707,pi,6.2800,0.0000,0.5964,0.5964
6.2756,pi,6.2800,0.0000,0.5980,0.5980
6.2807,pi,6.2800,0.0000,0.5996,0.5996
6.2856,pi,6.2800,0.0000,0.6012,0.6012
6.2908,pi,6.2800,0.0000,0.6027,0.6027
6.2956,pi,6.2800,0.0000,0.6043,0.6043
6.3007,pi,6.2800,0.0000,0.6059,0.6059
6.3056,pi,6.2800,0.0000,0.6074,0.6074
6.3106,pi,6.2800,0.0000,0.6090,0.6090
6.3156,pi,6.2800,0.0000,0.6106,0.6106
6.3212,pi,6.2800,0.0000,0.6121,0.6121
6.3266,pi,6.2800,0.0000,0.6137,0.6137
6.3308,pi,6.2800,0.0000,0.6153,0.6153
6.3357,pi,6.2800,0.0000,0.6169,0.6169
6.3405,pi,6.2800,0.0000,0.6184,0.6184
6.3456,pi,6.2800,0.0000,0.6200,0.6200
6.3507,pi,6.2800,0.0000,0.6216,0.6216
6.3557,pi,6.2800,0.0000,0.6231,0.6231
6.3606,pi,6.2800,0.0000,0.6247,0.6247
6.3656,pi,6.2800,0.0000,0.6263,0.6263
6.3707,pi,6.2800,0.0000,0.6278,0.6278
6.3756,pi,6.2800,0.0000,0.6294,0.6294
6.3806,pi,6.2800,0.0000,0.6310,0.6310
6.3856,pi,6.2800,0.0000,0.6326,0.6326
6.3907,pi,6.2800,0.0000,0.6341,0.6341
6.3956,pi,6.2800,0.0000,0.6357,0.6357
6.4006,pi,6.2800,0.0000,0.6373,0.6373
6.4056,pi,6.2800,0.0000,0.6388,0.6388
6.4107,pi,6.2800,0.0000,0.6404,0.6404
6.4156,pi,6.2800,0.0000,0.6420,0.6420
6.4206,pi,6.2800,0.0000,0.6435,0.6435
6.4257,pi,6.2800,0.0000,0.6451,0.6451
6.4306,pi,6.2800,0.0000,0.6467,0.6467
6.4357,pi,6.2800,0.0000,0.6483,0.6483
6.4406,pi,6.2800,0.0000,0.6498,0.6498
6.4457,pi,6.2800,0.0000,0.6514,0.6514
6.4506,pi,6.2800,0.0000,0.6530,0.6530
6.4556,pi,6.2800,0.0000,0.6545,0.6545
6.4606,pi,6.2800,0.0000,0.6561,0.6561
6.4657,pi,6.2800,0.0000,0.6577,0.6577
6.4706,pi,6.2800,0.0000,0.6592,0.6592
6.4757,pi,6.2800,0.0000,0.6608,0.6608
6.4806,pi,6.2800,0.0000,0.6624,0.6624
6.4856,pi,6.2800,0.0000,0.6640,0.6640
6.4907,pi,6.2800,0.0000,0.6655,0.6655
6.4956,pi,6.2800,0.0000,0.6671,0.6671
6.5006,pi,6.2800,0.0000,0.6687,0.6687
6.5056,pi,6.2800,0.0000,0.6702,0.6702
6.5107,pi,6.2800,0.0000,0.6718,0.6718
6.5156,pi,6.2800,0.0000,0.6734,0.6734
6.5207,pi,6.2800,0.0000,0.6749,0.6749
6.5256,pi,6.2800,0.0000,0.6765,0.6765
6.5306,pi,6.2800,0.0000,0.6781,0.6781
6.5357,pi,6.2800,0.0000,0.6796,0.6796
6.5406,pi,6.2800,0.0000,0.6812,0.6812
6.5456,pi,6.2800,0.0000,0.6828,0.6828
6.5506,pi,6.2800,0.0000,0.6844,0.6844
6.5557,pi,6.2800,0.0000,0.6859,0.6859
6.5606,pi,6.2800,0.0000,0.6875,0.6875
6.5656,pi,6.2800,0.0000,0.6891,0.6891
6.5706,pi,6.2800,0.0000,0.6906,0.6906
6.5757,pi,6.2800,0.0000,0.6922,0.6922
6.5806,pi,6.2800,0.0000,0.6938,0.6938
6.5856,pi,6.2800,0.0000,0.6953,0.6953
6.5906,pi,6.2800,0.0000,0.6969,0.6969
6.5956,pi,6.2800,0.0000,0.6985,0.6985
6.6006,pi,6.2800,0.0000,0.7001,0.7001
6.6056,pi,6.2800,0.0000,0.7016,0.7016
6.6107,pi,6.2800,0.0000,0.7032,0.7032
6.6157,pi,6.2800,0.0000,0.7048,0.7048
6.6206,pi,6.2800,0.0000,0.7063,0.7063
6.6256,pi,6.2800,0.0000,0.7079,0.7079
6.6306,pi,6.2800,0.0000,0.7095,0.7095
6.6356,pi,6.2800,0.0000,0.7110,0.7110
6.6406,pi,6.2800,0.0000,0.7126,0.7126
6.6456,pi,6.2800,0.0000,0.7142,0.7142
6.6507,pi,6.2800,0.0000,0.7158,0.7158
6.6556,pi,6.2800,0.0000,0.7173,0.7173
6.6606,pi,6.2800,0.0000,0.7189,0.7189
6.6656,pi,6.2800,0.0000,0.7205,0.7205
6.6706,pi,6.2800,0.0000,0.7220,0.7220
6.6757,pi,6.2800,0.0000,0.7236,0.7236
6.6806,pi,6.2800,0.0000,0.7252,0.7252
6.6856,pi,6.2800,0.0000,0.7267,0.7267
6.6906,pi,6.2800,0.0000,0.7283,0.7283
6.6957,pi,6.2800,0.0000,0.7299,0.7299
6.7006,pi,6.2800,0.0000,0.7315,0.7315
6.7057,pi,6.2800,0.0000,0.7330,0.7330
6.7106,pi,6.2800,0.0000,0.7346,0.7346
6.7156,pi,6.2800,0.0000,0.7362,0.7362
6.7206,pi,6.2800,0.0000,0.7377,0.7377
6.7256,pi,6.2800,0.0000,0.7393,0.7393
6.7306,pi,6.2800,0.0000,0.7409,0.7409
6.7356,pi,6.2800,0.0000,0.7424,0.7424
6.7406,pi,6.2800,0.0000,0.7440,0.7440
6.7456,pi,6.2800,0.0000,0.7456,0.7456
6.7506,pi,6.2800,0.0000,0.7472,0.7472
6.7556,pi,6.2800,0.0000,0.7487,0.7487
6.7606,pi,6.2800,0.0000,0.7503,0.7503
6.7657,pi,6.2800,0.0000,0.7519,0.7519
6.7706,pi,6.2800,0.0000,0.7534,0.7534
6.7757,pi,6.2800,0.0000,0.7550,0.7550
6.7806,pi,6.2800,0.0000,0.7566,0.7566
6.7856,pi,6.2800,0.0000,0.7582,0.7582
6.7906,pi,6.2800,0.0000,0.7597,0.7597
6.7956,pi,6.2800,0.0000,0.7613,0.7613
6.8006,pi,6.2800,0.0000,0.7629,0.7629
6.8056,pi,6.2800,0.0000,0.7644,0.7644
6.8106,pi,6.2800,0.0000,0.7660,0.7660
6.8156,pi,6.2800,0.0000,0.7676,0.7676
6.8206,pi,6.2800,0.0000,0.7691,0.7691
6.8257,pi,6.2800,0.0000,0.7707,0.7707
6.8306,pi,6.2800,0.0000,0.7723,0.7723
6.8356,pi,6.2800,0.0000,0.7738,0.7738
6.8406,pi,6.2800,0.0000,0.7754,0.7754
6.8456,pi,6.2800,0.0000,0.7770,0.7770
6.8506,pi,6.2800,0.0000,0.7786,0.7786
6.8556,pi,6.2800,0.0000,0.7801,0.7801
6.8606,pi,6.2800,0.0000,0.7817,0.7817
6.8656,pi,6.2800,0.0000,0.7833,0.7833
6.8706,pi,6.2800,0.0000,0.7848,0.7848
6.8756,pi,6.2800,0.0000,0.7864,0.7864
6.8806,pi,6.2800,0.0000,0.7880,0.7880
6.8856,pi,6.2800,0.0000,0.7895,0.7895
6.8906,pi,6.2800,0.0000,0.7911,0.7911
6.8956,pi,6.2800,0.0000,0.7927,0.7927
6.9006,pi,6.2800,0.0000,0.7943,0.7943
6.9056,pi,6.2800,0.0000,0.7958,0.7958
6.9106,pi,6.2800,0.0000,0.7974,0.7974
6.9158,pi,6.2800,0.0000,0.7990,0.7990
6.9206,pi,6.2800,0.0000,0.8005,0.8005
6.9256,pi,6.2800,0.0000,0.8021,0.8021
6.9306,pi,6.2800,0.0000,0.8037,0.8037
6.9356,pi,6.2800,0.0000,0.8053,0.8053
6.9406,pi,6.2800,0.0000,0.8068,0.8068
6.9456,pi,6.2800,0.0000,0.8084,0.8084
6.9506,pi,6.2800,0.0000,0.8100,0.8100
6.9556,pi,6.2800,0.0000,0.8115,0.8115
6.9606,pi,6.2800,0.0000,0.8131,0.8131
6.9656,pi,6.2800,0.0000,0.8147,0.8147
6.9706,pi,6.2800,0.0000,0.8162,0.8162
6.9756,pi,6.2800,0.0000,0.8178,0.8178
6.9806,pi,6.2800,0.0000,0.8194,0.8194
6.9856,pi,6.2800,0.0000,0.8209,0.8209
6.9906,pi,6.2800,0.0000,0.8225,0.8225
6.9956,pi,6.2800,0.0000,0.8241,0.8241
7.0006,pi,6.2800,0.0000,0.8257,0.8257
7.0056,pi,6.2800,0.0000,0.8272,0.8272
7.0106,pi,6.2800,0.0000,0.8288,0.8288
7.0156,pi,6.2800,0.0000,0.8304,0.8304
7.0206,pi,6.2800,0.0000,0.8319,0.8319
7.0256,pi,6.2800,0.0000,0.8335,0.8335
7.0306,pi,6.2800,0.0000,0.8351,0.8351
7.0357,pi,6.2800,0.0000,0.8366,0.8366
7.0406,pi,6.2800,0.0000,0.8382,0.8382
7.0456,pi,6.2800,0.0000,0.8398,0.8398
7.0506,pi,6.2800,0.0000,0.8414,0.8414
7.0556,pi,6.2800,0.0000,0.8429,0.8429
7.0606,pi,6.2800,0.0000,0.8445,0.8445
7.0657,pi,6.2800,0.0000,0.8461,0.8461
7.0706,pi,6.2800,0.0000,0.8476,0.8476
7.0756,pi,6.2800,0.0000,0.8492,0.8492
7.0806,pi,6.2800,0.0000,0.8508,0.8508
7.0856,pi,6.2800,0.0000,0.8523,0.8523
7.0906,pi,6.2800,0.0000,0.8539,0.8539
7.0956,pi,6.2800,0.0000,0.8555,0.8555
7.1006,pi,6.2800,0.0000,0.8571,0.8571
7.1056,pi,6.2800,0.0000,0.8586,0.8586
7.1107,pi,6.2800,0.0000,0.8602,0.8602
7.1156,pi,6.2800,0.0000,0.8618,0.8618
7.1206,pi,6.2800,0.0000,0.8633,0.8633
7.1257,pi,6.2800,0.0000,0.8649,0.8649
7.1310,pi,6.2800,0.0000,0.8665,0.8665
7.1358,pi,6.2800,0.0000,0.8681,0.8681
7.1406,pi,6.2800,0.0000,0.8696,0.8696
7.1456,pi,6.2800,0.0000,0.8712,0.8712
7.1506,pi,6.2800,0.0000,0.8728,0.8728
7.1556,pi,6.2800,0.0000,0.8743,0.8743
7.1606,pi,6.2800,0.0000,0.8759,0.8759
7.1656,pi,6.2800,0.0000,0.8775,0.8775
7.1706,pi,6.2800,0.0000,0.8790,0.8790
7.1756,pi,6.2800,0.0000,0.8806,0.8806
7.1806,pi,6.2800,0.0000,0.8822,0.8822
7.1856,pi,6.2800,0.0000,0.8838,0.8838
7.1906,pi,6.2800,0.0000,0.8853,0.8853
7.1956,pi,6.2800,0.0000,0.8869,0.8869
7.2006,pi,6.2800,0.0000,0.8885,0.8885
7.2057,pi,6.2800,0.0000,0.8900,0.8900
7.2106,pi,6.2800,0.0000,0.8916,0.8916
7.2156,pi,6.2800,0.0000,0.8932,0.8932
7.2206,pi,6.2800,0.0000,0.8947,0.8947
7.2256,pi,6.2800,0.0000,0.8963,0.8963
7.2306,pi,6.2800,0.0000,0.8979,0.8979
7.2356,pi,6.2800,0.0000,0.8995,0.8995
7.2407,pi,6.2800,0.0000,0.9010,0.9010
7.2456,pi,6.2800,0.0000,0.9026,0.9026
7.2507,pi,6.2800,0.0000,0.9042,0.9042
7.2556,pi,6.2800,0.0000,0.9057,0.9057
7.2607,pi,6.2800,0.0000,0.9073,0.9073
7.2656,pi,6.2800,0.0000,0.9089,0.9089
7.2707,pi,6.2800,0.0000,0.9104,0.9104
7.2756,pi,6.2800,0.0000,0.9120,0.9120
7.2806,pi,6.2800,0.0000,0.9136,0.9136
7.2856,pi,6.2800,0.0000,0.9152,0.9152
7.2906,pi,6.2800,0.0000,0.9167,0.9167
7.2957,pi,6.2800,0.0000,0.9183,0.9183
7.3007,pi,6.2800,0.0000,0.9199,0.9199
7.3056,pi,6.2800,0.0000,0.9214,0.9214
7.3107,pi,6.2800,0.0000,0.9230,0.9230
7.3158,pi,6.2800,0.0000,0.9246,0.9246
7.3208,pi,6.2800,0.0000,0.9261,0.9261
7.3256,pi,6.2800,0.0000,0.9277,0.9277
7.3307,pi,6.2800,0.0000,0.9293,0.9293
7.3356,pi,6.2800,0.0000,0.9309,0.9309
7.3407,pi,6.2800,0.0000,0.9324,0.9324
7.3456,pi,6.2800,0.0000,0.9340,0.9340
7.3506,pi,6.2800,0.0000,0.9356,0.9356
7.3556,pi,6.2800,0.0000,0.9371,0.9371
7.3606,pi,6.2800,0.0000,0.9387,0.9387
7.3656,pi,6.2800,0.0000,0.9403,0.9403
7.3706,pi,6.2800,0.0000,0.9418,0.9418
7.3756,pi,6.2800,0.0000,0.9434,0.9434
7.3806,pi,6.2800,0.0000,0.9450,0.9450
7.3857,pi,6.2800,0.0000,0.9466,0.9466
7.3906,pi,6.2800,0.0000,0.9481,0.9481
7.3956,pi,6.2800,0.0000,0.9497,0.9497
7.4007,pi,6.2800,0.0000,0.9513,0.9513
7.4056,pi,6.2800,0.0000,0.9528,0.9528
7.4106,pi,6.2800,0.0000,0.9544,0.9544
7.4156,pi,6.2800,0.0000,0.9560,0.9560
7.4206,pi,6.2800,0.0000,0.9575,0.9575
7.4256,pi,6.2800,0.0000,0.9591,0.9591
7.4306,pi,6.2800,0.0000,0.9607,0.9607
7.4356,pi,6.2800,0.0000,0.9623,0.9623
7.4406,pi,6.2800,0.0000,0.9638,0.9638
7.4456,pi,6.2800,0.0000,0.9654,0.9654
7.4506,pi,6.2800,0.0000,0.9670,0.9670
7.4556,pi,6.2800,0.0000,0.9685,0.9685
7.4606,pi,6.2800,0.0000,0.9701,0.9701
7.4656,pi,6.2800,0.0000,0.9717,0.9717
7.4707,pi,6.2800,0.0000,0.9732,0.9732
7.4756,pi,6.2800,0.0000,0.9748,0.9748
7.4806,pi,6.2800,0.0000,0.9764,0.9764
7.4856,pi,6.2800,0.0000,0.9780,0.9780
7.4906,pi,6.2800,0.0000,0.9795,0.9795
7.4956,pi,6.2800,0.0000,0.9811,0.9811
7.5007,pi,6.2800,0.0000,0.9827,0.9827
7.5056,pi,6.2800,0.0000,0.9842,0.9842
7.5106,pi,6.2800,0.0000,0.9858,0.9858
7.5156,pi,6.2800,0.0000,0.9874,0.9874
7.5206,pi,6.2800,0.0000,0.9889,0.9889
7.5256,pi,6.2800,0.0000,0.9905,0.9905
7.5306,pi,6.2800,0.0000,0.9921,0.9921
7.5356,pi,6.2800,0.0000,0.9937,0.9937
7.5406,pi,6.2800,0.0000,0.9952,0.9952
7.5456,pi,6.2800,0.0000,0.9968,0.9968
7.5506,pi,6.2800,0.0000,0.9984,0.9984
7.5557,pi,6.2800,0.0000,0.9999,0.9999
7.5606,pi,6.2800,0.0000,1.0000,1.0015
7.5657,pi,6.2800,0.0000,1.0000,1.0031
7.5706,pi,6.2800,0.0000,1.0000,1.0046
7.5757,pi,6.2800,0.0000,1.0000,1.0062
7.5806,pi,6.2800,0.0000,1.0000,1.0078
7.5856,pi,6.2800,0.0000,1.0000,1.0094
7.5907,pi,6.2800,0.0000,1.0000,1.0109
7.5956,pi,6.2800,0.0000,1.0000,1.0125
7.6006,pi,6.2800,0.0000,1.0000,1.0141
7.6056,pi,6.2800,0.0000,1.0000,1.0156
7.6107,pi,6.2800,0.0000,1.0000,1.0172
7.6157,pi,6.2800,0.0000,1.0000,1.0188
7.6206,pi,6.2800,0.0000,1.0000,1.0203
7.6256,pi,6.2800,0.0000,1.0000,1.0219
7.6306,pi,6.2800,0.0000,1.0000,1.0235
7.6356,pi,6.2800,0.0000,1.0000,1.0251
7.6406,pi,6.2800,0.0000,1.0000,1.0266
7.6456,pi,6.2800,0.0000,1.0000,1.0282
7.6507,pi,6.2800,0.0000,1.0000,1.0298
7.6556,pi,6.2800,0.0000,1.0000,1.0313
7.6606,pi,6.2800,0.0000,1.0000,1.0329
7.6656,pi,6.2800,0.0000,1.0000,1.0345
7.6706,pi,6.2800,0.0000,1.0000,1.0360
7.6756,pi,6.2800,0.0000,1.0000,1.0376
7.6806,pi,6.2800,0.0000,1.0000,1.0392
7.6857,pi,6.2800,0.0000,1.0000,1.0408
7.6909,pi,6.2800,0.0000,1.0000,1.0423
7.6959,pi,6.2800,0.0000,1.0000,1.0439
7.7008,pi,6.2800,0.0000,1.0000,1.0455
7.7056,pi,6.2800,0.0000,1.0000,1.0470
7.7105,pi,6.2800,0.0000,1.0000,1.0486
7.7156,pi,6.2800,0.0000,1.0000,1.0502
7.7208,pi,6.2800,0.0000,1.0000,1.0517
7.7256,pi,6.2800,0.0000,1.0000,1.0533
7.7307,pi,6.2800,0.0000,1.0000,1.0549
7.7356,pi,6.2800,0.0000,1.0000,1.0565
7.7406,pi,6.2800,0.0000,1.0000,1.0580
7.7456,pi,6.2800,0.0000,1.0000,1.0596
7.7506,pi,6.2800,0.0000,1.0000,1.0612
7.7556,pi,6.2800,0.0000,1.0000,1.0627
7.7607,pi,6.2800,0.0000,1.0000,1.0643
7.7656,pi,6.2800,0.0000,1.0000,1.0659
7.7707,pi,6.2800,0.0000,1.0000,1.0674
7.7756,pi,6.2800,0.0000,1.0000,1.0690
7.7807,pi,6.2800,0.0000,1.0000,1.0706
7.7856,pi,6.2800,0.0000,1.0000,1.0722
7.7908,pi,6.2800,0.0000,1.0000,1.0737
7.7956,pi,6.2800,0.0000,1.0000,1.0753
7.8007,pi,6.2800,0.0000,1.0000,1.0769
7.8056,pi,6.2800,0.0000,1.0000,1.0784
7.8107,pi,6.2800,0.0000,1.0000,1.0800
7.8156,pi,6.2800,0.0000,1.0000,1.0816
7.8206,pi,6.2800,0.0000,1.0000,1.0831
7.8257,pi,6.2800,0.0000,1.0000,1.0847
7.8306,pi,6.2800,0.0000,1.0000,1.0863
7.8356,pi,6.2800,0.0000,1.0000,1.0878
7.8406,pi,6.2800,0.0000,1.0000,1.0894
7.8456,pi,6.2800,0.0000,1.0000,1.0910
7.8507,pi,6.2800,0.0000,1.0000,1.0926
7.8558,pi,6.2800,0.0000,1.0000,1.0941
7.8607,pi,6.2800,0.0000,1.0000,1.0957
7.8657,pi,6.2800,0.0000,1.0000,1.0973
7.8705,pi,6.2800,0.0000,1.0000,1.0988
7.8758,pi,6.2800,0.0000,1.0000,1.1004
7.8807,pi,6.2800,0.0000,1.0000,1.1020
7.8856,pi,6.2800,0.0000,1.0000,1.1035
7.8909,pi,6.2800,0.0000,1.0000,1.1051
7.8963,pi,6.2800,0.0000,1.0000,1.1067
7.9005,pi,6.2800,0.0000,1.0000,1.1083
7.9056,pi,6.2800,0.0000,1.0000,1.1098
7.9107,pi,6.2800,0.0000,1.0000,1.1114
7.9156,pi,6.2800,0.0000,1.0000,1.1130
7.9207,pi,6.2800,0.0000,1.0000,1.1145
7.9256,pi,6.2800,0.0000,1.0000,1.1161
7.9307,pi,6.2800,0.0000,1.0000,1.1177
7.9356,pi,6.2800,0.0000,1.0000,1.1193
7.9406,pi,6.2800,0.0000,1.0000,1.1208
7.9456,pi,6.2800,0.0000,1.0000,1.1224
7.9506,pi,6.2800,0.0000,1.0000,1.1240
7.9557,pi,6.2800,0.0000,1.0000,1.1255
7.9606,pi,6.2800,0.0000,1.0000,1.1271
7.9656,pi,6.2800,0.0000,1.0000,1.1287
7.9706,pi,6.2800,0.0000,1.0000,1.1302
7.9756,pi,6.2800,0.0000,1.0000,1.1318
7.9806,pi,6.2800,0.0000,1.0000,1.1334
7.9857,pi,6.2800,0.0000,1.0000,1.1350
7.9906,pi,6.2800,0.0000,1.0000,1.1365
7.9956,pi,6.2800,0.0000,1.0000,1.1381
8.0006,pi,6.2800,0.0000,1.0000,1.1397
8.0056,pi,6.2800,0.0000,1.0000,1.1412
8.0108,pi,6.2800,0.0000,1.0000,1.1428
8.0156,pi,6.2800,0.0000,1.0000,1.1444
8.0206,pi,6.2800,0.0000,1.0000,1.1459
8.0256,pi,6.2800,0.0000,1.0000,1.1475
8.0306,pi,6.2800,0.0000,1.0000,1.1491
8.0357,pi,6.2800,0.0000,1.0000,1.1507
8.0407,pi,6.2800,0.0000,1.0000,1.1522
8.0455,pi,6.2800,0.0000,1.0000,1.1538
8.0506,pi,6.2800,0.0000,1.0000,1.1554
8.0557,pi,6.2800,0.0000,1.0000,1.1569
8.0607,pi,6.2800,0.0000,1.0000,1.1585
8.0656,pi,6.2800,0.0000,1.0000,1.1601
8.0706,pi,6.2800,0.0000,1.0000,1.1616
8.0756,pi,6.2800,0.0000,1.0000,1.1632
8.0806,pi,6.2800,0.0000,1.0000,1.1648
8.0856,pi,6.2800,0.0000,1.0000,1.1664
8.0906,pi,6.2800,0.0000,1.0000,1.1679
8.0956,pi,6.2800,0.0000,1.0000,1.1695
8.1006,pi,6.2800,0.0000,1.0000,1.1711
8.1056,pi,6.2800,0.0000,1.0000,1.1726
8.1107,pi,6.2800,0.0000,1.0000,1.1742
8.1156,pi,6.2800,0.0000,1.0000,1.1758
8.1207,pi,6.2800,0.0000,1.0000,1.1773
8.1257,pi,6.2800,0.0000,1.0000,1.1789
8.1309,pi,6.2800,0.0000,1.0000,1.1805
8.1359,pi,6.2800,0.0000,1.0000,1.1820
8.1407,pi,6.2800,0.0000,1.0000,1.1836
8.1457,pi,6.2800,0.0000,1.0000,1.1852
8.1506,pi,6.2800,0.0000,1.0000,1.1868
8.1556,pi,6.2800,0.0000,1.0000,1.1883
8.1606,pi,6.2800,0.0000,1.0000,1.1899
8.1656,pi,6.2800,0.0000,1.0000,1.1915
8.1706,pi,6.2800,0.0000,1.0000,1.1930
8.1756,pi,6.2800,0.0000,1.0000,1.1946
8.1807,pi,6.2800,0.0000,1.0000,1.1962
8.1856,pi,6.2800,0.0000,1.0000,1.1977
8.1906,pi,6.2800,0.0000,1.0000,1.1993
8.1956,pi,6.2800,0.0000,1.0000,1.2009
8.2006,pi,6.2800,0.0000,1.0000,1.2025
8.2057,pi,6.2800,0.0000,1.0000,1.2040
8.2106,pi,6.2800,0.0000,1.0000,1.2056
8.2156,pi,6.2800,0.0000,1.0000,1.2072
8.2206,pi,6.2800,0.0000,1.0000,1.2087
8.2256,pi,6.2800,0.0000,1.0000,1.2103
8.2310,pi,6.2800,0.0000,1.0000,1.2119
8.2357,pi,6.2800,0.0000,1.0000,1.2135
8.2406,pi,6.2800,0.0000,1.0000,1.2150
8.2456,pi,6.2800,0.0000,1.0000,1.2166
8.2507,pi,6.2800,0.0000,1.0000,1.2182
8.2556,pi,6.2800,0.0000,1.0000,1.2197
8.2606,pi,6.2800,0.0000,1.0000,1.2213
8.2656,pi,6.2800,0.0000,1.0000,1.2229
8.2706,pi,6.2800,0.0000,1.0000,1.2244
8.2756,pi,6.2800,0.0000,1.0000,1.2260
8.2806,pi,6.2800,0.0000,1.0000,1.2276
8.2856,pi,6.2800,0.0000,1.0000,1.2292
8.2906,pi,6.2800,0.0000,1.0000,1.2307
8.2956,pi,6.2800,0.0000,1.0000,1.2323
8.3006,pi,6.2800,0.0000,1.0000,1.2339
8.3056,pi,6.2800,0.0000,1.0000,1.2354
8.3107,pi,6.2800,0.0000,1.0000,1.2370
8.3156,pi,6.2800,0.0000,1.0000,1.2386
8.3206,pi,6.2800,0.0000,1.0000,1.2401
8.3256,pi,6.2800,0.0000,1.0000,1.2417
8.3306,pi,6.2800,0.0000,1.0000,1.2433
8.3356,pi,6.2800,0.0000,1.0000,1.2448
8.3406,pi,6.2800,0.0000,1.0000,1.2464
8.3456,pi,6.2800,0.0000,1.0000,1.2480
8.3506,pi,6.2800,0.0000,1.0000,1.2496
8.3556,pi,6.2800,0.0000,1.0000,1.2511
8.3606,pi,6.2800,0.0000,1.0000,1.2527
8.3656,pi,6.2800,0.0000,1.0000,1.2543
8.3706,pi,6.2800,0.0000,1.0000,1.2558
8.3756,pi,6.2800,0.0000,1.0000,1.2574
8.3806,pi,6.2800,0.0000,1.0000,1.2590
8.3856,pi,6.2800,0.0000,1.0000,1.2605
8.3907,pi,6.2800,0.0000,1.0000,1.2621
8.3956,pi,6.2800,0.0000,1.0000,1.2637
8.4006,pi,6.2800,0.0000,1.0000,1.2653
8.4056,pi,6.2800,0.0000,1.0000,1.2668
8.4107,pi,6.2800,0.0000,1.0000,1.2684
8.4156,pi,6.2800,0.0000,1.0000,1.2700
8.4206,pi,6.2800,0.0000,1.0000,1.2715
8.4256,pi,6.2800,0.0000,1.0000,1.2731
8.4309,pi,6.2800,0.0000,1.0000,1.2747
8.4357,pi,6.2800,0.0000,1.0000,1.2763
8.4406,pi,6.2800,0.0000,1.0000,1.2778
8.4457,pi,6.2800,0.0000,1.0000,1.2794
8.4507,pi,6.2800,0.0000,1.0000,1.2810
8.4557,pi,6.2800,0.0000,1.0000,1.2825
8.4606,pi,6.2800,0.0000,1.0000,1.2841
8.4656,pi,6.2800,0.0000,1.0000,1.2857
8.4706,pi,6.2800,0.0000,1.0000,1.2872
8.4759,pi,6.2800,0.0000,1.0000,1.2888
8.4807,pi,6.2800,0.0000,1.0000,1.2904
8.4858,pi,6.2800,0.0000,1.0000,1.2920
8.4912,pi,6.2800,0.0000,1.0000,1.2935
8.4955,pi,6.2800,0.0000,1.0000,1.2951
8.5006,pi,6.2800,0.0000,1.0000,1.2967
8.5056,pi,6.2800,0.0000,1.0000,1.2982
8.5106,pi,6.2800,0.0000,1.0000,1.2998
8.5156,pi,6.2800,0.0000,1.0000,1.3014
8.5206,pi,6.2800,0.0000,1.0000,1.3029
8.5256,pi,6.2800,0.0000,1.0000,1.3045
8.5306,pi,6.2800,0.0000,1.0000,1.3061
8.5356,pi,6.2800,0.0000,1.0000,1.3076
8.5406,pi,6.2800,0.0000,1.0000,1.3092
8.5457,pi,6.2800,0.0000,1.0000,1.3108
8.5506,pi,6.2800,0.0000,1.0000,1.3124
8.5557,pi,6.2800,0.0000,1.0000,1.3139
8.5606,pi,6.2800,0.0000,1.0000,1.3155
8.5656,pi,6.2800,0.0000,1.0000,1.3171
8.5706,pi,6.2800,0.0000,1.0000,1.3186
8.5756,pi,6.2800,0.0000,1.0000,1.3202
8.5806,pi,6.2800,0.0000,1.0000,1.3218
8.5857,pi,6.2800,0.0000,1.0000,1.3233
8.5906,pi,6.2800,0.0000,1.0000,1.3249
8.5956,pi,6.2800,0.0000,1.0000,1.3265
8.6006,pi,6.2800,0.0000,1.0000,1.3281
8.6056,pi,6.2800,0.0000,1.0000,1.3296
8.6106,pi,6.2800,0.0000,1.0000,1.3312
8.6159,pi,6.2800,0.0000,1.0000,1.3328
8.6207,pi,6.2800,0.0000,1.0000,1.3343
8.6257,pi,6.2800,0.0000,1.0000,1.3359
8.6307,pi,6.2800,0.0000,1.0000,1.3375
8.6356,pi,6.2800,0.0000,1.0000,1.3391
8.6406,pi,6.2800,0.0000,1.0000,1.3406
8.6456,pi,6.2800,0.0000,1.0000,1.3422
8.6506,pi,6.2800,0.0000,1.0000,1.3438
8.6556,pi,6.2800,0.0000,1.0000,1.3453
8.6606,pi,6.2800,0.0000,1.0000,1.3469
8.6656,pi,6.2800,0.0000,1.0000,1.3485
8.6706,pi,6.2800,0.0000,1.0000,1.3500
8.6756,pi,6.2800,0.0000,1.0000,1.3516
8.6806,pi,6.2800,0.0000,1.0000,1.3532
8.6857,pi,6.2800,0.0000,1.0000,1.3548
8.6906,pi,6.2800,0.0000,1.0000,1.3563
8.6956,pi,6.2800,0.0000,1.0000,1.3579
8.7007,pi,6.2800,0.0000,1.0000,1.3595
8.7056,pi,6.2800,0.0000,1.0000,1.3610
8.7106,pi,6.2800,0.0000,1.0000,1.3626
8.7156,pi,6.2800,0.0000,1.0000,1.3642
8.7206,pi,6.2800,0.0000,1.0000,1.3657
8.7256,pi,6.2800,0.0000,1.0000,1.3673
8.7306,pi,6.2800,0.0000,1.0000,1.3689
8.7356,pi,6.2800,0.0000,1.0000,1.3705
8.7406,pi,6.2800,0.0000,1.0000,1.3720
8.7456,pi,6.2800,0.0000,1.0000,1.3736
8.7506,pi,6.2800,0.0000,1.0000,1.3752
8.7556,pi,6.2800,0.0000,1.0000,1.3767
8.7606,pi,6.2800,0.0000,1.0000,1.3783
8.7656,pi,6.2800,0.0000,1.0000,1.3799
8.7706,pi,6.2800,0.0000,1.0000,1.3814
8.7756,pi,6.2800,0.0000,1.0000,1.3830
8.7806,pi,6.2800,0.0000,1.0000,1.3846
8.7856,pi,6.2800,0.0000,1.0000,1.3862
8.7906,pi,6.2800,0.0000,1.0000,1.3877
8.7956,pi,6.2800,0.0000,1.0000,1.3893
8.8006,pi,6.2800,0.0000,1.0000,1.3909
8.8057,pi,6.2800,0.0000,1.0000,1.3924
8.8106,pi,6.2800,0.0000,1.0000,1.3940
8.8156,pi,6.2800,0.0000,1.0000,1.3956
8.8206,pi,6.2800,0.0000,1.0000,1.3971
8.8256,pi,6.2800,0.0000,1.0000,1.3987
8.8306,pi,6.2800,0.0000,1.0000,1.4003
8.8357,pi,6.2800,0.0000,1.0000,1.4019
8.8406,pi,6.2800,0.0000,1.0000,1.4034
8.8456,pi,6.2800,0.0000,1.0000,1.4050
8.8506,pi,6.2800,0.0000,1.0000,1.4066
8.8556,pi,6.2800,0.0000,1.0000,1.4081
8.8607,pi,6.2800,0.0000,1.0000,1.4097
8.8656,pi,6.2800,0.0000,1.0000,1.4113
8.8706,pi,6.2800,0.0000,1.0000,1.4128
8.8757,pi,6.2800,0.0000,1.0000,1.4144
8.8806,pi,6.2800,0.0000,1.0000,1.4160
8.8856,pi,6.2800,0.0000,1.0000,1.4176
8.8906,pi,6.2800,0.0000,1.0000,1.4191
8.8956,pi,6.2800,0.0000,1.0000,1.4207
8.9006,pi,6.2800,0.0000,1.0000,1.4223
8.9056,pi,6.2800,0.0000,1.0000,1.4238
8.9106,pi,6.2800,0.0000,1.0000,1.4254
8.9157,pi,6.2800,0.0000,1.0000,1.4270
8.9206,pi,6.2800,0.0000,1.0000,1.4285
8.9256,pi,6.2800,0.0000,1.0000,1.4301
8.9306,pi,6.2800,0.0000,1.0000,1.4317
8.9356,pi,6.2800,0.0000,1.0000,1.4333
8.9406,pi,6.2800,0.0000,1.0000,1.4348
8.9456,pi,6.2800,0.0000,1.0000,1.4364
8.9506,pi,6.2800,0.0000,1.0000,1.4380
8.9556,pi,6.2800,0.0000,1.0000,1.4395
8.9606,pi,6.2800,0.0000,1.0000,1.4411
8.9657,pi,6.2800,0.0000,1.0000,1.4427
8.9706,pi,6.2800,0.0000,1.0000,1.4442
8.9756,pi,6.2800,0.0000,1.0000,1.4458
8.9806,pi,6.2800,0.0000,1.0000,1.4474
8.9856,pi,6.2800,0.0000,1.0000,1.4490
8.9906,pi,6.2800,0.0000,1.0000,1.4505
8.9956,pi,6.2800,0.0000,1.0000,1.4521
9.0006,pi,6.2800,0.0000,1.0000,1.4537
9.0057,pi,6.2800,0.0000,1.0000,1.4552
9.0106,pi,6.2800,0.0000,1.0000,1.4568
9.0157,pi,6.2800,0.0000,1.0000,1.4584
9.0206,pi,6.2800,0.0000,1.0000,1.4599
9.0257,pi,6.2800,0.0000,1.0000,1.4615
9.0306,pi,6.2800,0.0000,1.0000,1.4631
9.0356,pi,6.2800,0.0000,1.0000,1.4647
9.0407,pi,6.2800,0.0000,1.0000,1.4662
9.0456,pi,6.2800,0.0000,1.0000,1.4678
9.0507,pi,6.2800,0.0000,1.0000,1.4694
9.0556,pi,6.2800,0.0000,1.0000,1.4709
9.0607,pi,6.2800,0.0000,1.0000,1.4725
9.0656,pi,6.2800,0.0000,1.0000,1.4741
9.0707,pi,6.2800,0.0000,1.0000,1.4756
9.0756,pi,6.2800,0.0000,1.0000,1.4772
9.0806,pi,6.2800,0.0000,1.0000,1.4788
9.0857,pi,6.2800,0.0000,1.0000,1.4804
9.0906,pi,6.2800,0.0000,1.0000,1.4819
9.0957,pi,6.2800,0.0000,1.0000,1.4835
9.1006,pi,6.2800,0.0000,1.0000,1.4851
9.1056,pi,6.2800,0.0000,1.0000,1.4866
9.1106,pi,6.2800,0.0000,1.0000,1.4882
9.1156,pi,6.2800,0.0000,1.0000,1.4898
9.1207,pi,6.2800,0.0000,1.0000,1.4913
9.1256,pi,6.2800,0.0000,1.0000,1.4929
9.1307,pi,6.2800,0.0000,1.0000,1.4945
9.1359,pi,6.2800,0.0000,1.0000,1.4961
9.1406,pi,6.2800,0.0000,1.0000,1.4976
9.1456,pi,6.2800,0.0000,1.0000,1.4992
9.1505,pi,6.2800,0.0000,1.0000,1.5008
9.1557,pi,6.2800,0.0000,1.0000,1.5023
9.1609,pi,6.2800,0.0000,1.0000,1.5039
9.1667,pi,6.2800,0.0000,1.0000,1.5055
9.1713,pi,6.2800,0.0000,1.0000,1.5071
9.1760,pi,6.2800,0.0000,1.0000,1.5086
9.1814,pi,6.2800,0.0000,1.0000,1.5102
9.1862,pi,6.2800,0.0000,1.0000,1.5118
9.1912,pi,6.2800,0.0000,1.0000,1.5133
9.1961,pi,6.2800,0.0000,1.0000,1.5149
9.2008,pi,6.2800,0.0000,1.0000,1.5165
9.2057,pi,6.2800,0.0000,1.0000,1.5180
9.2107,pi,6.2800,0.0000,1.0000,1.5196
9.2157,pi,6.2800,0.0000,1.0000,1.5212
9.2207,pi,6.2800,0.0000,1.0000,1.5227
9.2258,pi,6.2800,0.0000,1.0000,1.5243
9.2308,pi,6.2800,0.0000,1.0000,1.5259
9.2358,pi,6.2800,0.0000,1.0000,1.5275
9.2408,pi,6.2800,0.0000,1.0000,1.5290
9.2458,pi,6.2800,0.0000,1.0000,1.5306
9.2513,pi,6.2800,0.0000,1.0000,1.5322
9.2569,pi,6.2800,0.0000,1.0000,1.5337
9.2619,pi,6.2800,0.0000,1.0000,1.5353
9.2667,pi,6.2800,0.0000,1.0000,1.5369
9.2711,pi,6.2800,0.0000,1.0000,1.5385
9.2760,pi,6.2800,0.0000,1.0000,1.5400
9.2810,pi,6.2800,0.0000,1.0000,1.5416
9.2859,pi,6.2800,0.0000,1.0000,1.5432
9.2909,pi,6.2800,0.0000,1.0000,1.5447
9.2961,pi,6.2800,0.0000,1.0000,1.5463
9.3011,pi,6.2800,0.0000,1.0000,1.5479
9.3060,pi,6.2800,0.0000,1.0000,1.5494
9.3109,pi,6.2800,0.0000,1.0000,1.5510
9.3156,pi,6.2800,0.0000,1.0000,1.5526
9.3206,pi,6.2800,0.0000,1.0000,1.5541
9.3256,pi,6.2800,0.0000,1.0000,1.5557
9.3306,pi,6.2800,0.0000,1.0000,1.5573
9.3356,pi,6.2800,0.0000,1.0000,1.5589
9.3406,pi,6.2800,0.0000,1.0000,1.5604
9.3456,pi,6.2800,0.0000,1.0000,1.5620
9.3506,pi,6.2800,0.0000,1.0000,1.5636
9.3556,pi,6.2800,0.0000,1.0000,1.5651
9.3606,pi,6.2800,0.0000,1.0000,1.5667
9.3656,pi,6.2800,0.0000,1.0000,1.5683
9.3707,pi,6.2800,0.0000,1.0000,1.5698
9.3756,pi,6.2800,0.0000,1.0000,1.5714
9.3806,pi,6.2800,0.0000,1.0000,1.5730
9.3857,pi,6.2800,0.0000,1.0000,1.5746
9.3906,pi,6.2800,0.0000,1.0000,1.5761
9.3957,pi,6.2800,0.0000,1.0000,1.5777
9.4006,pi,6.2800,0.0000,1.0000,1.5793
9.4056,pi,6.2800,0.0000,1.0000,1.5808
9.4106,pi,6.2800,0.0000,1.0000,1.5824
9.4156,pi,6.2800,0.0000,1.0000,1.5840
9.4206,pi,6.2800,0.0000,1.0000,1.5855
9.4256,pi,6.2800,0.0000,1.0000,1.5871
9.4306,pi,6.2800,0.0000,1.0000,1.5887
9.4357,pi,6.2800,0.0000,1.0000,1.5903
9.4406,pi,6.2800,0.0000,1.0000,1.5918
9.4457,pi,6.2800,0.0000,1.0000,1.5934
9.4506,pi,6.2800,0.0000,1.0000,1.5950
9.4556,pi,6.2800,0.0000,1.0000,1.5965
9.4607,pi,6.2800,0.0000,1.0000,1.5981
9.4656,pi,6.2800,0.0000,1.0000,1.5997
9.4707,pi,6.2800,0.0000,1.0000,1.6012
9.4756,pi,6.2800,0.0000,1.0000,1.6028
9.4807,pi,6.2800,0.0000,1.0000,1.6044
9.4856,pi,6.2800,0.0000,1.0000,1.6060
9.4907,pi,6.2800,0.0000,1.0000,1.6075
9.4956,pi,6.2800,0.0000,1.0000,1.6091
9.5007,pi,6.2800,0.0000,1.0000,1.6107
9.5056,pi,6.2800,0.0000,1.0000,1.6122
9.5107,pi,6.2800,0.0000,1.0000,1.6138
9.5156,pi,6.2800,0.0000,1.0000,1.6154
9.5207,pi,6.2800,0.0000,1.0000,1.6169
9.5256,pi,6.2800,0.0000,1.0000,1.6185
9.5306,pi,6.2800,0.0000,1.0000,1.6201
9.5356,pi,6.2800,0.0000,1.0000,1.6217
9.5406,pi,6.2800,0.0000,1.0000,1.6232
9.5456,pi,6.2800,0.0000,1.0000,1.6248
9.5506,pi,6.2800,0.0000,1.0000,1.6264
9.5556,pi,6.2800,0.0000,1.0000,1.6279
9.5607,pi,6.2800,0.0000,1.0000,1.6295
9.5656,pi,6.2800,0.0000,1.0000,1.6311
9.5707,pi,6.2800,0.0000,1.0000,1.6326
9.5757,pi,6.2800,0.0000,1.0000,1.6342
9.5806,pi,6.2800,0.0000,1.0000,1.6358
9.5857,pi,6.2800,0.0000,1.0000,1.6374
9.5906,pi,6.2800,0.0000,1.0000,1.6389
9.5956,pi,6.2800,0.0000,1.0000,1.6405
9.6007,pi,6.2800,0.0000,1.0000,1.6421
9.6056,pi,6.2800,0.0000,1.0000,1.6436
9.6106,pi,6.2800,0.0000,1.0000,1.6452
9.6159,pi,6.2800,0.0000,1.0000,1.6468
9.6207,pi,6.2800,0.0000,1.0000,1.6483
9.6256,pi,6.2800,0.0000,1.0000,1.6499
9.6307,pi,6.2800,0.0000,1.0000,1.6515
9.6356,pi,6.2800,0.0000,1.0000,1.6531
9.6406,pi,6.2800,0.0000,1.0000,1.6546
9.6456,pi,6.2800,0.0000,1.0000,1.6562
9.6506,pi,6.2800,0.0000,1.0000,1.6578
9.6556,pi,6.2800,0.0000,1.0000,1.6593
9.6606,pi,6.2800,0.0000,1.0000,1.6609
9.6656,pi,6.2800,0.0000,1.0000,1.6625
9.6706,pi,6.2800,0.0000,1.0000,1.6640
9.6756,pi,6.2800,0.0000,1.0000,1.6656
9.6806,pi,6.2800,0.0000,1.0000,1.6672
9.6856,pi,6.2800,0.0000,1.0000,1.6688
9.6906,pi,6.2800,0.0000,1.0000,1.6703
9.6956,pi,6.2800,0.0000,1.0000,1.6719
9.7006,pi,6.2800,0.0000,1.0000,1.6735
9.7056,pi,6.2800,0.0000,1.0000,1.6750
9.7106,pi,6.2800,0.0000,1.0000,1.6766
9.7155,pi,6.2800,0.0000,1.0000,1.6782
9.7206,pi,6.2800,0.0000,1.0000,1.6797
9.7256,pi,6.2800,0.0000,1.0000,1.6813
9.7306,pi,6.2800,0.0000,1.0000,1.6829
9.7356,pi,6.2800,0.0000,1.0000,1.6844
9.7406,pi,6.2800,0.0000,1.0000,1.6860
9.7456,pi,6.2800,0.0000,1.0000,1.6876
9.7506,pi,6.2800,0.0000,1.0000,1.6892
9.7556,pi,6.2800,0.0000,1.0000,1.6907
9.7606,pi,6.2800,0.0000,1.0000,1.6923
9.7656,pi,6.2800,0.0000,1.0000,1.6939
9.7706,pi,6.2800,0.0000,1.0000,1.6954
9.7756,pi,6.2800,0.0000,1.0000,1.6970
9.7806,pi,6.2800,0.0000,1.0000,1.6986
9.7856,pi,6.2800,0.0000,1.0000,1.7001
9.7906,pi,6.2800,0.0000,1.0000,1.7017
9.7956,pi,6.2800,0.0000,1.0000,1.7033
9.8006,pi,6.2800,0.0000,1.0000,1.7049
9.8056,pi,6.2800,0.0000,1.0000,1.7064
9.8106,pi,6.2800,0.0000,1.0000,1.7080
9.8155,pi,6.2800,0.0000,1.0000,1.7096
9.8206,pi,6.2800,0.0000,1.0000,1.7111
9.8256,pi,6.2800,0.0000,1.0000,1.7127
9.8306,pi,6.2800,0.0000,1.0000,1.7143
9.8356,pi,6.2800,0.0000,1.0000,1.7158
9.8405,pi,6.2800,0.0000,1.0000,1.7174
9.8456,pi,6.2800,0.0000,1.0000,1.7190
9.8506,pi,6.2800,0.0000,1.0000,1.7206
9.8556,pi,6.2800,0.0000,1.0000,1.7221
9.8606,pi,6.2800,0.0000,1.0000,1.7237
9.8656,pi,6.2800,0.0000,1.0000,1.7253
9.8706,pi,6.2800,0.0000,1.0000,1.7268
9.8756,pi,6.2800,0.0000,1.0000,1.7284
9.8806,pi,6.2800,0.0000,1.0000,1.7300
9.8856,pi,6.2800,0.0000,1.0000,1.7315
9.8906,pi,6.2800,0.0000,1.0000,1.7331
9.8956,pi,6.2800,0.0000,1.0000,1.7347
9.9006,pi,6.2800,0.0000,1.0000,1.7363
9.9056,pi,6.2800,0.0000,1.0000,1.7378
9.9105,pi,6.2800,0.0000,1.0000,1.7394
9.9156,pi,6.2800,0.0000,1.0000,1.7410
9.9206,pi,6.2800,0.0000,1.0000,1.7425
9.9256,pi,6.2800,0.0000,1.0000,1.7441
9.9306,pi,6.2800,0.0000,1.0000,1.7457
9.9356,pi,6.2800,0.0000,1.0000,1.7472
9.9406,pi,6.2800,0.0000,1.0000,1.7488
9.9456,pi,6.2800,0.0000,1.0000,1.7504
9.9505,pi,6.2800,0.0000,1.0000,1.7520
9.9556,pi,6.2800,0.0000,1.0000,1.7535
9.9606,pi,6.2800,0.0000,1.0000,1.7551
9.9656,pi,6.2800,0.0000,1.0000,1.7567
9.9706,pi,6.2800,0.0000,1.0000,1.7582
9.9756,pi,6.2800,0.0000,1.0000,1.7598
9.9807,pi,6.2800,0.0000,1.0000,1.7614
9.9856,pi,6.2800,0.0000,1.0000,1.7630
9.9906,pi,6.2800,0.0000,1.0000,1.7645
9.9956,pi,6.2800,0.0000,1.0000,1.7661
10.0007,pi,6.2800,0.0000,1.0000,1.7677
10.0055,pi,6.2800,0.0000,1.0000,1.7692
10.0106,pi,6.2800,0.0000,1.0000,1.7708
10.0155,pi,6.2800,0.0000,1.0000,1.7724
10.0206,pi,6.2800,0.0000,1.0000,1.7739
10.0256,pi,6.2800,0.0000,1.0000,1.7755
10.0306,pi,6.2800,0.0000,1.0000,1.7771
10.0356,pi,6.2800,0.0000,1.0000,1.7786
10.0406,pi,6.2800,0.0000,1.0000,1.7802
10.0456,pi,6.2800,0.0000,1.0000,1.7818
10.0506,pi,6.2800,0.0000,1.0000,1.7834
10.0556,pi,6.2800,0.0000,1.0000,1.7849
10.0606,pi,6.2800,0.0000,1.0000,1.7865
10.0656,pi,6.2800,0.0000,1.0000,1.7881
10.0706,pi,6.2800,0.0000,1.0000,1.7896
10.0756,pi,6.2800,0.0000,1.0000,1.7912
10.0806,pi,6.2800,0.0000,1.0000,1.7928
10.0856,pi,6.2800,0.0000,1.0000,1.7943
10.0907,pi,6.2800,0.0000,1.0000,1.7959
10.0956,pi,6.2800,0.0000,1.0000,1.7975
10.1006,pi,6.2800,0.0000,1.0000,1.7991
10.1056,pi,6.2800,0.0000,1.0000,1.8006
10.1106,pi,6.2800,0.0000,1.0000,1.8022
10.1156,pi,6.2800,0.0000,1.0000,1.8038
10.1206,pi,6.2800,0.0000,1.0000,1.8053
10.1256,pi,6.2800,0.0000,1.0000,1.8069
10.1306,pi,6.2800,0.0000,1.0000,1.8085
10.1357,pi,6.2800,0.0000,1.0000,1.8101
10.1411,pi,6.2800,0.0000,1.0000,1.8116
10.1461,pi,6.2800,0.0000,1.0000,1.8132
10.1513,pi,6.2800,0.0000,1.0000,1.8148
10.1560,pi,6.2800,0.0000,1.0000,1.8163
10.1611,pi,6.2800,0.0000,1.0000,1.8179
10.1656,pi,6.2800,0.0000,1.0000,1.8195
10.1706,pi,6.2800,0.0000,1.0000,1.8210
10.1757,pi,6.2800,0.0000,1.0000,1.8226
10.1807,pi,6.2800,0.0000,1.0000,1.8242
10.1856,pi,6.2800,0.0000,1.0000,1.8258
10.1906,pi,6.2800,0.0000,1.0000,1.8273
10.1957,pi,6.2800,0.0000,1.0000,1.8289
10.2006,pi,6.2800,0.0000,1.0000,1.8305
10.2057,pi,6.2800,0.0000,1.0000,1.8320
10.2106,pi,6.2800,0.0000,1.0000,1.8336
10.2156,pi,6.2800,0.0000,1.0000,1.8352
10.2207,pi,6.2800,0.0000,1.0000,1.8367
10.2256,pi,6.2800,0.0000,1.0000,1.8383
10.2306,pi,6.2800,0.0000,1.0000,1.8399
10.2356,pi,6.2800,0.0000,1.0000,1.8415
10.2406,pi,6.2800,0.0000,1.0000,1.8430
10.2456,pi,6.2800,0.0000,1.0000,1.8446
10.2506,pi,6.2800,0.0000,1.0000,1.8462
10.2557,pi,6.2800,0.0000,1.0000,1.8477
10.2606,pi,6.2800,0.0000,1.0000,1.8493
10.2657,pi,6.2800,0.0000,1.0000,1.8509
10.2707,pi,6.2800,0.0000,1.0000,1.8524
10.2756,pi,6.2800,0.0000,1.0000,1.8540
10.2809,pi,6.2800,0.0000,1.0000,1.8556
10.2857,pi,6.2800,0.0000,1.0000,1.8572
10.2906,pi,6.2800,0.0000,1.0000,1.8587
10.2956,pi,6.2800,0.0000,1.0000,1.8603
10.3006,pi,6.2800,0.0000,1.0000,1.8619
10.3056,pi,6.2800,0.0000,1.0000,1.8634
10.3106,pi,6.2800,0.0000,1.0000,1.8650
10.3159,pi,6.2800,0.0000,1.0000,1.8666
10.3214,pi,6.2800,0.0000,1.0000,1.8681
10.3263,pi,6.2800,0.0000,1.0000,1.8697
10.3309,pi,6.2800,0.0000,1.0000,1.8713
10.3360,pi,6.2800,0.0000,1.0000,1.8729
10.3409,pi,6.2800,0.0000,1.0000,1.8744
10.3461,pi,6.2800,0.0000,1.0000,1.8760
10.3512,pi,6.2800,0.0000,1.0000,1.8776
10.3563,pi,6.2800,0.0000,1.0000,1.8791
10.3613,pi,6.2800,0.0000,1.0000,1.8807
10.3662,pi,6.2800,0.0000,1.0000,1.8823
10.3712,pi,6.2800,0.0000,1.0000,1.8839
10.3760,pi,6.2800,0.0000,1.0000,1.8854
10.3806,pi,6.2800,0.0000,1.0000,1.8870
10.3856,pi,6.2800,0.0000,1.0000,1.8886
10.3908,pi,6.2800,0.0000,1.0000,1.8901
10.3956,pi,6.2800,0.0000,1.0000,1.8917
10.4006,pi,6.2800,0.0000,1.0000,1.8933
10.4056,pi,6.2800,0.0000,1.0000,1.8948
10.4106,pi,6.2800,0.0000,1.0000,1.8964
10.4156,pi,6.2800,0.0000,1.0000,1.8980
10.4206,pi,6.2800,0.0000,1.0000,1.8995
10.4256,pi,6.2800,0.0000,1.0000,1.9011
10.4306,pi,6.2800,0.0000,1.0000,1.9027
10.4357,pi,6.2800,0.0000,1.0000,1.9043
10.4406,pi,6.2800,0.0000,1.0000,1.9058
10.4456,pi,6.2800,0.0000,1.0000,1.9074
10.4507,pi,6.2800,0.0000,1.0000,1.9090
10.4556,pi,6.2800,0.0000,1.0000,1.9105
10.4607,pi,6.2800,0.0000,1.0000,1.9121
10.4656,pi,6.2800,0.0000,1.0000,1.9137
10.4706,pi,6.2800,0.0000,1.0000,1.9152
10.4756,pi,6.2800,0.0000,1.0000,1.9168
10.4806,pi,6.2800,0.0000,1.0000,1.9184
10.4856,pi,6.2800,0.0000,1.0000,1.9200
10.4907,pi,6.2800,0.0000,1.0000,1.9215
10.4956,pi,6.2800,0.0000,1.0000,1.9231
10.5006,pi,6.2800,0.0000,1.0000,1.9247
10.5057,pi,6.2800,0.0000,1.0000,1.9262
10.5106,pi,6.2800,0.0000,1.0000,1.9278
10.5157,pi,6.2800,0.0000,1.0000,1.9294
10.5206,pi,6.2800,0.0000,1.0000,1.9309
10.5256,pi,6.2800,0.0000,1.0000,1.9325
10.5306,pi,6.2800,0.0000,1.0000,1.9341
10.5357,pi,6.2800,0.0000,1.0000,1.9357
10.5406,pi,6.2800,0.0000,1.0000,1.9372
10.5456,pi,6.2800,0.0000,1.0000,1.9388
10.5506,pi,6.2800,0.0000,1.0000,1.9404
10.5556,pi,6.2800,0.0000,1.0000,1.9419
10.5606,pi,6.2800,0.0000,1.0000,1.9435
10.5656,pi,6.2800,0.0000,1.0000,1.9451
10.5707,pi,6.2800,0.0000,1.0000,1.9466
10.5756,pi,6.2800,0.0000,1.0000,1.9482
10.5807,pi,6.2800,0.0000,1.0000,1.9498
10.5856,pi,6.2800,0.0000,1.0000,1.9514
10.5907,pi,6.2800,0.0000,1.0000,1.9529
10.5956,pi,6.2800,0.0000,1.0000,1.9545
10.6006,pi,6.2800,0.0000,1.0000,1.9561
10.6057,pi,6.2800,0.0000,1.0000,1.9576
10.6106,pi,6.2800,0.0000,1.0000,1.9592
10.6159,pi,6.2800,0.0000,1.0000,1.9608
10.6207,pi,6.2800,0.0000,1.0000,1.9623
10.6257,pi,6.2800,0.0000,1.0000,1.9639
10.6306,pi,6.2800,0.0000,1.0000,1.9655
10.6358,pi,6.2800,0.0000,1.0000,1.9671
10.6406,pi,6.2800,0.0000,1.0000,1.9686
10.6456,pi,6.2800,0.0000,1.0000,1.9702
10.6506,pi,6.2800,0.0000,1.0000,1.9718
10.6556,pi,6.2800,0.0000,1.0000,1.9733
10.6606,pi,6.2800,0.0000,1.0000,1.9749
10.6656,pi,6.2800,0.0000,1.0000,1.9765
10.6706,pi,6.2800,0.0000,1.0000,1.9780
10.6757,pi,6.2800,0.0000,1.0000,1.9796
10.6806,pi,6.2800,0.0000,1.0000,1.9812
10.6857,pi,6.2800,0.0000,1.0000,1.9828
10.6906,pi,6.2800,0.0000,1.0000,1.9843
10.6957,pi,6.2800,0.0000,1.0000,1.9859
10.7007,pi,6.2800,0.0000,1.0000,1.9875
10.7057,pi,6.2800,0.0000,1.0000,1.9890
10.7115,pi,6.2800,0.0000,1.0000,1.9906
10.7170,pi,6.2800,0.0000,1.0000,1.9922
10.7210,pi,6.2800,0.0000,1.0000,1.9937
10.7256,pi,6.2800,0.0000,1.0000,1.9953
10.7306,pi,6.2800,0.0000,1.0000,1.9969
10.7356,pi,6.2800,0.0000,1.0000,1.9985
10.7407,pi,6.2800,0.0000,1.0000,2.0000
10.7456,pi,6.2800,0.0000,1.0000,2.0016
10.7507,pi,6.2800,0.0000,1.0000,2.0032
10.7555,pi,6.2800,0.0000,1.0000,2.0047
10.7606,pi,6.2800,0.0000,1.0000,2.0063
10.7656,pi,6.2800,0.0000,1.0000,2.0079
10.7707,pi,6.2800,0.0000,1.0000,2.0094
10.7756,pi,6.2800,0.0000,1.0000,2.0110
10.7807,pi,6.2800,0.0000,1.0000,2.0126
10.7856,pi,6.2800,0.0000,1.0000,2.0142
10.7906,pi,6.2800,0.0000,1.0000,2.0157
10.7956,pi,6.2800,0.0000,1.0000,2.0173
10.8007,pi,6.2800,0.0000,1.0000,2.0189
10.8056,pi,6.2800,0.0000,1.0000,2.0204
10.8106,pi,6.2800,0.0000,1.0000,2.0220
10.8157,pi,6.2800,0.0000,1.0000,2.0236
10.8207,pi,6.2800,0.0000,1.0000,2.0251
10.8256,pi,6.2800,0.0000,1.0000,2.0267
10.8307,pi,6.2800,0.0000,1.0000,2.0283
10.8357,pi,6.2800,0.0000,1.0000,2.0299
10.8407,pi,6.2800,0.0000,1.0000,2.0314
10.8456,pi,6.2800,0.0000,1.0000,2.0330
10.8506,pi,6.2800,0.0000,1.0000,2.0346
10.8557,pi,6.2800,0.0000,1.0000,2.0361
10.8606,pi,6.2800,0.0000,1.0000,2.0377
10.8656,pi,6.2800,0.0000,1.0000,2.0393
10.8706,pi,6.2800,0.0000,1.0000,2.0408
10.8756,pi,6.2800,0.0000,1.0000,2.0424
10.8807,pi,6.2800,0.0000,1.0000,2.0440
10.8856,pi,6.2800,0.0000,1.0000,2.0456
10.8906,pi,6.2800,0.0000,1.0000,2.0471
10.8957,pi,6.2800,0.0000,1.0000,2.0487
10.9006,pi,6.2800,0.0000,1.0000,2.0503
10.9056,pi,6.2800,0.0000,1.0000,2.0518
10.9106,pi,6.2800,0.0000,1.0000,2.0534
10.9156,pi,6.2800,0.0000,1.0000,2.0550
10.9207,pi,6.2800,0.0000,1.0000,2.0565
10.9256,pi,6.2800,0.0000,1.0000,2.0581
10.9306,pi,6.2800,0.0000,1.0000,2.0597
10.9356,pi,6.2800,0.0000,1.0000,2.0613
10.9407,pi,6.2800,0.0000,1.0000,2.0628
10.9456,pi,6.2800,0.0000,1.0000,2.0644
10.9506,pi,6.2800,0.0000,1.0000,2.0660
10.9557,pi,6.2800,0.0000,1.0000,2.0675
10.9606,pi,6.2800,0.0000,1.0000,2.0691
10.9657,pi,6.2800,0.0000,1.0000,2.0707
10.9706,pi,6.2800,0.0000,1.0000,2.0722
10.9756,pi,6.2800,0.0000,1.0000,2.0738
10.9807,pi,6.2800,0.0000,1.0000,2.0754
10.9856,pi,6.2800,0.0000,1.0000,2.0770
10.9906,pi,6.2800,0.0000,1.0000,2.0785
10.9957,pi,6.2800,0.0000,1.0000,2.0801
11.0006,pi,6.2800,0.0000,1.0000,2.0817
11.0056,pi,6.2800,0.0000,1.0000,2.0832
11.0106,pi,6.2800,0.0000,1.0000,2.0848
11.0156,pi,6.2800,0.0000,1.0000,2.0864
11.0206,pi,6.2800,0.0000,1.0000,2.0879
11.0256,pi,6.2800,0.0000,1.0000,2.0895
11.0307,pi,6.2800,0.0000,1.0000,2.0911
11.0356,pi,6.2800,0.0000,1.0000,2.0927
11.0406,pi,6.2800,0.0000,1.0000,2.0942
11.0457,pi,6.2800,0.0000,1.0000,2.0958
11.0506,pi,6.2800,0.0000,1.0000,2.0974
11.0556,pi,6.2800,0.0000,1.0000,2.0989
11.0606,pi,6.2800,0.0000,1.0000,2.1005
11.0657,pi,6.2800,0.0000,1.0000,2.1021
11.0706,pi,6.2800,0.0000,1.0000,2.1036
11.0757,pi,6.2800,0.0000,1.0000,2.1052
11.0806,pi,6.2800,0.0000,1.0000,2.1068
11.0856,pi,6.2800,0.0000,1.0000,2.1084
11.0907,pi,6.2800,0.0000,1.0000,2.1099
11.0956,pi,6.2800,0.0000,1.0000,2.1115
11.1006,pi,6.2800,0.0000,1.0000,2.1131
11.1057,pi,6.2800,0.0000,1.0000,2.1146
11.1107,pi,6.2800,0.0000,1.0000,2.1162
11.1156,pi,6.2800,0.0000,1.0000,2.1178
11.1206,pi,6.2800,0.0000,1.0000,2.1193
11.1257,pi,6.2800,0.0000,1.0000,2.1209
11.1306,pi,6.2800,0.0000,1.0000,2.1225
11.1357,pi,6.2800,0.0000,1.0000,2.1240
11.1407,pi,6.2800,0.0000,1.0000,2.1256
11.1459,pi,6.2800,0.0000,1.0000,2.1272
11.1507,pi,6.2800,0.0000,1.0000,2.1288
11.1556,pi,6.2800,0.0000,1.0000,2.1303
11.1606,pi,6.2800,0.0000,1.0000,2.1319
11.1657,pi,6.2800,0.0000,1.0000,2.1335
11.1706,pi,6.2800,0.0000,1.0000,2.1350
11.1756,pi,6.2800,0.0000,1.0000,2.1366
11.1806,pi,6.2800,0.0000,1.0000,2.1382
11.1856,pi,6.2800,0.0000,1.0000,2.1398
11.1906,pi,6.2800,0.0000,1.0000,2.1413
11.1956,pi,6.2800,0.0000,1.0000,2.1429
11.2006,pi,6.2800,0.0000,1.0000,2.1445
11.2056,pi,6.2800,0.0000,1.0000,2.1460
11.2106,pi,6.2800,0.0000,1.0000,2.1476
11.2156,pi,6.2800,0.0000,1.0000,2.1492
11.2207,pi,6.2800,0.0000,1.0000,2.1507
11.2257,pi,6.2800,0.0000,1.0000,2.1523
11.2306,pi,6.2800,0.0456,1.0000,2.1530
11.2356,pi,6.2800,0.1737,1.0000,2.1520
11.2407,pi,6.2800,0.4410,1.0000,2.1481
11.2456,pi,6.2800,0.8091,1.0000,2.1422
11.2507,pi,6.2800,1.4527,1.0000,2.1307
11.2556,pi,6.2800,2.1656,1.0000,2.1177
11.2607,pi,6.2800,3.2420,1.0000,2.0972
11.2663,pi,6.2800,4.5603,1.0000,2.0716
11.2721,pi,6.2800,6.0569,1.0000,2.0421
11.2762,pi,6.2800,7.5353,1.0000,2.0126
11.2808,pi,6.2800,9.4492,1.0000,1.9740
11.2856,pi,6.2800,11.2113,1.0000,1.9379
11.2907,pi,6.2800,13.0825,1.0000,1.8993
11.2957,pi,6.2800,15.2487,1.0000,1.8543
11.3007,pi,6.2800,17.1250,1.0000,1.8145
11.3059,pi,6.2800,19.2389,1.0000,1.7695
11.3107,pi,6.2800,21.1656,1.0000,1.7277
11.3157,pi,6.2800,22.8219,1.0000,1.6909
11.3206,pi,6.2800,24.3860,1.0000,1.6555
11.3257,pi,6.2800,25.9084,1.0000,1.6205
11.3306,pi,6.2800,27.2615,1.0000,1.5885
11.3358,pi,6.2800,28.6481,1.0000,1.5556
11.3408,pi,6.2800,29.9043,1.0000,1.5248
11.3456,pi,6.2800,30.9604,1.0000,1.4978
11.3507,pi,6.2800,32.0067,1.0000,1.4707
11.3556,pi,6.2800,32.8692,1.0000,1.4470
11.3607,pi,6.2800,33.6587,1.0000,1.4246
11.3658,pi,6.2800,34.4154,1.0000,1.4026
11.3707,pi,6.2800,35.1216,1.0000,1.3814
11.3756,pi,6.2800,35.7364,1.0000,1.3620
11.3807,pi,6.2800,36.3287,1.0000,1.3427
11.3857,pi,6.2800,36.8307,1.0000,1.3252
11.3907,pi,6.2800,37.3054,1.0000,1.3081
11.3956,pi,6.2800,37.7035,1.0000,1.2923
11.4007,pi,6.2800,38.0678,1.0000,1.2772
11.4057,pi,6.2800,38.4440,1.0000,1.2617
11.4106,pi,6.2800,38.7500,1.0000,1.2476
11.4157,pi,6.2800,38.9973,1.0000,1.2345
11.4207,pi,6.2800,39.2882,1.0000,1.2205
11.4257,pi,6.2800,39.5232,1.0000,1.2076
11.4308,pi,6.2800,39.7591,1.0000,1.1945
11.4357,pi,6.2800,39.9469,1.0000,1.1824
11.4406,pi,6.2800,40.1361,1.0000,1.1702
11.4456,pi,6.2800,40.3385,1.0000,1.1577
11.4506,pi,6.2800,40.4976,1.0000,1.1460
11.4557,pi,6.2800,40.6727,1.0000,1.1340
11.4608,pi,6.2800,40.8824,1.0000,1.1212
11.4657,pi,6.2800,41.0227,1.0000,1.1097
11.4707,pi,6.2800,41.1605,1.0000,1.0982
11.4757,pi,6.2800,41.2721,1.0000,1.0873
11.4806,pi,6.2800,41.3367,1.0000,1.0772
11.4857,pi,6.2800,41.3888,1.0000,1.0675
11.4907,pi,6.2800,41.4044,1.0000,1.0584
11.4957,pi,6.2800,41.4111,1.0000,1.0494
11.5010,pi,6.2800,41.4690,1.0000,1.0395
11.5062,pi,6.2800,41.4631,1.0000,1.0308
11.5108,pi,6.2800,41.4835,1.0000,1.0216
11.5157,pi,6.2800,41.5299,1.0000,1.0119
11.5206,pi,6.2800,41.5169,1.0000,1.0033
11.5256,pi,6.2800,41.5293,0.9943,0.9943
11.5308,pi,6.2800,41.6137,0.9838,0.9838
11.5357,pi,6.2800,41.5836,0.9755,0.9755
11.5407,pi,6.2800,41.5576,0.9672,0.9672
11.5456,pi,6.2800,41.5634,0.9583,0.9583
11.5507,pi,6.2800,41.4924,0.9509,0.9509
11.5556,pi,6.2800,41.4655,0.9426,0.9426
11.5607,pi,6.2800,41.4156,0.9348,0.9348
11.5657,pi,6.2800,41.3253,0.9279,0.9279
11.5706,pi,6.2800,41.3012,0.9196,0.9196
11.5756,pi,6.2800,41.2687,0.9114,0.9114
11.5807,pi,6.2800,41.1971,0.9042,0.9042
11.5858,pi,6.2800,41.1484,0.8964,0.8964
11.5915,pi,6.2800,41.1099,0.8884,0.8884
11.5974,pi,6.2800,41.0249,0.8814,0.8814
11.6015,pi,6.2800,40.8628,0.8760,0.8760
11.6056,pi,6.2800,40.6905,0.8708,0.8708
11.6107,pi,6.2800,40.4914,0.8662,0.8662
11.6157,pi,6.2800,40.2989,0.8615,0.8615
11.6210,pi,6.2800,40.0698,0.8576,0.8576
11.6260,pi,6.2800,39.8305,0.8538,0.8538
11.6307,pi,6.2800,39.6064,0.8498,0.8498
11.6356,pi,6.2800,39.4059,0.8457,0.8457
11.6406,pi,6.2800,39.2056,0.8414,0.8414
11.6456,pi,6.2800,39.0018,0.8373,0.8373
11.6507,pi,6.2800,38.7396,0.8343,0.8343
11.6557,pi,6.2800,38.5302,0.8304,0.8304
11.6607,pi,6.2800,38.3039,0.8268,0.8268
11.6658,pi,6.2800,38.0956,0.8229,0.8229
11.6708,pi,6.2800,37.8784,0.8194,0.8194
11.6757,pi,6.2800,37.6227,0.8166,0.8166
11.6807,pi,6.2800,37.3864,0.8135,0.8135
11.6856,pi,6.2800,37.1750,0.8099,0.8099
11.6907,pi,6.2800,36.9225,0.8073,0.8073
11.6957,pi,6.2800,36.6764,0.8045,0.8045
11.7014,pi,6.2800,36.5243,0.8000,0.8000
11.7067,pi,6.2800,36.3544,0.7958,0.7958
11.7111,pi,6.2800,36.2118,0.7911,0.7911
11.7157,pi,6.2800,36.0610,0.7867,0.7867
11.7207,pi,6.2800,35.9346,0.7818,0.7818
11.7256,pi,6.2800,35.8314,0.7764,0.7764
11.7308,pi,6.2800,35.6499,0.7727,0.7727
11.7357,pi,6.2800,35.5124,0.7680,0.7680
11.7408,pi,6.2800,35.3407,0.7642,0.7642
11.7456,pi,6.2800,35.2091,0.7595,0.7595
11.7506,pi,6.2800,35.0640,0.7552,0.7552
11.7556,pi,6.2800,34.9084,0.7511,0.7511
11.7606,pi,6.2800,34.7832,0.7465,0.7465
11.7657,pi,6.2800,34.6360,0.7423,0.7423
11.7706,pi,6.2800,34.4715,0.7385,0.7385
11.7756,pi,6.2800,34.2963,0.7350,0.7350
11.7806,pi,6.2800,34.1541,0.7308,0.7308
11.7857,pi,6.2800,33.9582,0.7277,0.7277
11.7906,pi,6.2800,33.7920,0.7242,0.7242
11.7957,pi,6.2800,33.6141,0.7208,0.7208
11.8006,pi,6.2800,33.4700,0.7169,0.7169
11.8057,pi,6.2800,33.3597,0.7123,0.7123
11.8106,pi,6.2800,33.2248,0.7082,0.7082
11.8157,pi,6.2800,33.0239,0.7055,0.7055
11.8206,pi,6.2800,32.8623,0.7021,0.7021
11.8256,pi,6.2800,32.6730,0.6992,0.6992
11.8307,pi,6.2800,32.4172,0.6977,0.6977
11.8357,pi,6.2800,32.2639,0.6942,0.6942
11.8406,pi,6.2800,32.1187,0.6906,0.6906
11.8456,pi,6.2800,31.9550,0.6875,0.6875
11.8507,pi,6.2800,31.7458,0.6852,0.6852
11.8556,pi,6.2800,31.5671,0.6824,0.6824
11.8607,pi,6.2800,31.3819,0.6798,0.6798
11.8657,pi,6.2800,31.2367,0.6764,0.6764
11.8706,pi,6.2800,31.1129,0.6727,0.6727
11.8756,pi,6.2800,30.9695,0.6694,0.6694
11.8806,pi,6.2800,30.8537,0.6655,0.6655
11.8857,pi,6.2800,30.7619,0.6612,0.6612
11.8907,pi,6.2800,30.6371,0.6575,0.6575
11.8956,pi,6.2800,30.4961,0.6543,0.6543
11.9006,pi,6.2800,30.3371,0.6514,0.6514
11.9056,pi,6.2800,30.2119,0.6479,0.6479
11.9107,pi,6.2800,30.0648,0.6449,0.6449
11.9156,pi,6.2800,29.9044,0.6421,0.6421
11.9207,pi,6.2800,29.7537,0.6392,0.6392
11.9256,pi,6.2800,29.5836,0.6368,0.6368
11.9306,pi,6.2800,29.4243,0.6341,0.6341
11.9356,pi,6.2800,29.2972,0.6309,0.6309
11.9407,pi,6.2800,29.1500,0.6281,0.6281
11.9457,pi,6.2800,28.9999,0.6253,0.6253
11.9507,pi,6.2800,28.9271,0.6211,0.6211
11.9556,pi,6.2800,28.8101,0.6178,0.6178
11.9607,pi,6.2800,28.6759,0.6149,0.6149
11.9656,pi,6.2800,28.5706,0.6114,0.6114
11.9706,pi,6.2800,28.4768,0.6077,0.6077
11.9757,pi,6.2800,28.3592,0.6045,0.6045
11.9807,pi,6.2800,28.2127,0.6019,0.6019
11.9856,pi,6.2800,28.1000,0.5986,0.5986
11.9906,pi,6.2800,27.9190,0.5968,0.5968
11.9956,pi,6.2800,27.7748,0.5943,0.5943
12.0006,pi,6.2800,27.6132,0.5922,0.5922
12.0056,pi,6.2800,27.3954,0.5912,0.5912
12.0106,pi,6.2800,27.2176,0.5895,0.5895
12.0157,pi,6.2800,27.0493,0.5876,0.5876
12.0206,pi,6.2800,26.8952,0.5855,0.5855
12.0257,pi,6.2800,26.7409,0.5834,0.5834
12.0307,pi,6.2800,26.6028,0.5810,0.5810
12.0357,pi,6.2800,26.4564,0.5789,0.5789
12.0406,pi,6.2800,26.3412,0.5761,0.5761
12.0456,pi,6.2800,26.2476,0.5730,0.5730
12.0507,pi,6.2800,26.1748,0.5695,0.5695
12.0556,pi,6.2800,26.1147,0.5657,0.5657
12.0606,pi,6.2800,26.0678,0.5617,0.5617
12.0658,pi,6.2800,25.9805,0.5585,0.5585
12.0707,pi,6.2800,25.9090,0.5550,0.5550
12.0765,pi,6.2800,25.7527,0.5532,0.5532
12.0818,pi,6.2800,25.6263,0.5508,0.5508
12.0860,pi,6.2800,25.5274,0.5480,0.5480
12.0906,pi,6.2800,25.3979,0.5458,0.5458
12.0957,pi,6.2800,24.9878,0.5492,0.5492
12.1006,pi,6.2800,24.7010,0.5502,0.5502
12.1057,pi,6.2800,24.4344,0.5510,0.5510
12.1106,pi,6.2800,24.2102,0.5509,0.5509
12.1157,pi,6.2800,23.9824,0.5510,0.5510
12.1207,pi,6.2800,23.8027,0.5502,0.5502
12.1261,pi,6.2800,23.6098,0.5497,0.5497
12.1314,pi,6.2800,23.4620,0.5483,0.5483
12.1360,pi,6.2800,23.2921,0.5474,0.5474
12.1410,pi,6.2800,23.2045,0.5449,0.5449
12.1459,pi,6.2800,23.3368,0.5380,0.5380
12.1506,pi,6.2800,23.4426,0.5316,0.5316
12.1556,pi,6.2800,23.5057,0.5261,0.5261
12.1607,pi,6.2800,23.5586,0.5207,0.5207
12.1658,pi,6.2800,23.6221,0.5151,0.5151
12.1707,pi,6.2800,23.6217,0.5108,0.5108
12.1758,pi,6.2800,23.6478,0.5059,0.5059
12.1812,pi,6.2800,23.6423,0.5017,0.5017
12.1857,pi,6.2800,23.6216,0.4978,0.4978
12.1906,pi,6.2800,23.6058,0.4937,0.4937
12.1956,pi,6.2800,23.5458,0.4906,0.4906
12.2006,pi,6.2800,23.4586,0.4880,0.4880
12.2056,pi,6.2800,23.3366,0.4862,0.4862
12.2108,pi,6.2800,23.1908,0.4849,0.4849
12.2157,pi,6.2800,23.0298,0.4838,0.4838
12.2207,pi,6.2800,22.8971,0.4823,0.4823
12.2257,pi,6.2800,22.7968,0.4802,0.4802
12.2310,pi,6.2800,22.6230,0.4795,0.4795
12.2359,pi,6.2800,22.4703,0.4785,0.4785
12.2407,pi,6.2800,22.3486,0.4768,0.4768
12.2456,pi,6.2800,22.2206,0.4754,0.4754
12.2507,pi,6.2800,22.0977,0.4739,0.4739
12.2557,pi,6.2800,22.0007,0.4719,0.4719
12.2606,pi,6.2800,21.8959,0.4700,0.4700
12.2657,pi,6.2800,21.8133,0.4678,0.4678
12.2706,pi,6.2800,21.7470,0.4652,0.4652
12.2757,pi,6.2800,21.6192,0.4639,0.4639
12.2807,pi,6.2800,21.4993,0.4625,0.4625
12.2857,pi,6.2800,21.4054,0.4605,0.4605
12.2907,pi,6.2800,21.3303,0.4583,0.4583
12.2957,pi,6.2800,21.2325,0.4565,0.4565
12.3006,pi,6.2800,21.1448,0.4545,0.4545
12.3056,pi,6.2800,21.0748,0.4522,0.4522
12.3106,pi,6.2800,20.9271,0.4514,0.4514
12.3157,pi,6.2800,20.8093,0.4501,0.4501
12.3207,pi,6.2800,20.6685,0.4493,0.4493
12.3256,pi,6.2800,20.5554,0.4480,0.4480
12.3306,pi,6.2800,20.4666,0.4462,0.4462
12.3357,pi,6.2800,20.3941,0.4441,0.4441
12.3406,pi,6.2800,20.3370,0.4417,0.4417
12.3457,pi,6.2800,20.1892,0.4411,0.4411
12.3506,pi,6.2800,20.0849,0.4397,0.4397
12.3557,pi,6.2800,19.9866,0.4383,0.4383
12.3606,pi,6.2800,19.9601,0.4353,0.4353
12.3657,pi,6.2800,19.8990,0.4331,0.4331
12.3707,pi,6.2800,19.8389,0.4310,0.4310
12.3757,pi,6.2800,19.8005,0.4283,0.4283
12.3806,pi,6.2800,19.7106,0.4267,0.4267
12.3856,pi,6.2800,19.6530,0.4245,0.4245
12.3908,pi,6.2800,19.5411,0.4234,0.4234
12.3957,pi,6.2800,19.4708,0.4215,0.4215
12.4006,pi,6.2800,19.4467,0.4187,0.4187
12.4056,pi,6.2800,19.3940,0.4165,0.4165
12.4107,pi,6.2800,19.3094,0.4149,0.4149
12.4157,pi,6.2800,19.2664,0.4125,0.4125
12.4206,pi,6.2800,19.2051,0.4105,0.4105
12.4257,pi,6.2800,19.0833,0.4097,0.4097
12.4306,pi,6.2800,19.0366,0.4074,0.4074
12.4357,pi,6.2800,18.9486,0.4060,0.4060
12.4407,pi,6.2800,18.8780,0.4042,0.4042
12.4456,pi,6.2800,18.8048,0.4025,0.4025
12.4508,pi,6.2800,18.7113,0.4013,0.4013
12.4556,pi,6.2800,18.6245,0.3999,0.3999
12.4606,pi,6.2800,18.5569,0.3982,0.3982
12.4658,pi,6.2800,18.4642,0.3970,0.3970
12.4706,pi,6.2800,18.3821,0.3955,0.3955
12.4758,pi,6.2800,18.3237,0.3937,0.3937
12.4806,pi,6.2800,18.2277,0.3926,0.3926
12.4857,pi,6.2800,18.1502,0.3912,0.3912
12.4906,pi,6.2800,18.0841,0.3895,0.3895
12.4957,pi,6.2800,18.0361,0.3875,0.3875
12.5006,pi,6.2800,17.9924,0.3855,0.3855
12.5058,pi,6.2800,17.9125,0.3841,0.3841
12.5107,pi,6.2800,17.8479,0.3825,0.3825
12.5156,pi,6.2800,17.7961,0.3807,0.3807
12.5207,pi,6.2800,17.7547,0.3786,0.3786
12.5255,pi,6.2800,17.7227,0.3764,0.3764
12.5308,pi,6.2800,17.6526,0.3749,0.3749
12.5357,pi,6.2800,17.5948,0.3732,0.3732
12.5406,pi,6.2800,17.5497,0.3713,0.3713
12.5458,pi,6.2800,17.4569,0.3703,0.3703
12.5506,pi,6.2800,17.3930,0.3688,0.3688
12.5557,pi,6.2800,17.3321,0.3673,0.3673
12.5607,pi,6.2800,17.2477,0.3662,0.3662
12.5657,pi,6.2800,17.1655,0.3651,0.3651
12.5706,pi,6.2800,17.0694,0.3643,0.3643
12.5756,pi,6.2800,16.9923,0.3631,0.3631
12.5807,pi,6.2800,16.9100,0.3621,0.3621
12.5857,pi,6.2800,16.8182,0.3613,0.3613
12.5908,pi,6.2800,16.7149,0.3607,0.3607
12.5956,pi,6.2800,16.6176,0.3600,0.3600
12.6006,pi,6.2800,16.5101,0.3596,0.3596
12.6056,pi,6.2800,16.4523,0.3582,0.3582
12.6108,pi,6.2800,16.3777,0.3572,0.3572
12.6164,pi,6.2800,16.2684,0.3568,0.3568
12.6210,pi,6.2800,16.2278,0.3551,0.3551
12.6256,pi,6.2800,16.1490,0.3542,0.3542
12.6306,pi,6.2800,16.0714,0.3533,0.3533
12.6356,pi,6.2800,16.0567,0.3512,0.3512
12.6407,pi,6.2800,16.0431,0.3490,0.3490
12.6457,pi,6.2800,16.0010,0.3474,0.3474
12.6507,pi,6.2800,15.9668,0.3456,0.3456
12.6556,pi,6.2800,15.9273,0.3440,0.3440
12.6607,pi,6.2800,15.9081,0.3420,0.3420
12.6657,pi,6.2800,15.8802,0.3401,0.3401
12.6707,pi,6.2800,15.8572,0.3382,0.3382
12.6764,pi,6.2800,15.8010,0.3369,0.3369
12.6816,pi,6.2800,15.7566,0.3354,0.3354
12.6860,pi,6.2800,15.6716,0.3348,0.3348
12.6906,pi,6.2800,15.5992,0.3339,0.3339
12.6957,pi,6.2800,15.5432,0.3327,0.3327
12.7006,pi,6.2800,15.4963,0.3313,0.3313
12.7057,pi,6.2800,15.4631,0.3296,0.3296
12.7107,pi,6.2800,15.4311,0.3280,0.3280
12.7157,pi,6.2800,15.3621,0.3271,0.3271
12.7207,pi,6.2800,15.3050,0.3260,0.3260
12.7257,pi,6.2800,15.2606,0.3246,0.3246
12.7307,pi,6.2800,15.1793,0.3240,0.3240
12.7357,pi,6.2800,15.1085,0.3231,0.3231
12.7407,pi,6.2800,15.0522,0.3221,0.3221
12.7456,pi,6.2800,15.0111,0.3207,0.3207
12.7506,pi,6.2800,14.9816,0.3191,0.3191
12.7556,pi,6.2800,14.9559,0.3175,0.3175
12.7606,pi,6.2800,14.8887,0.3166,0.3166
12.7657,pi,6.2800,14.8370,0.3155,0.3155
12.7706,pi,6.2800,14.7485,0.3151,0.3151
12.7758,pi,6.2800,14.6631,0.3147,0.3147
12.7810,pi,6.2800,14.6454,0.3130,0.3130
12.7861,pi,6.2800,14.5807,0.3122,0.3122
12.7906,pi,6.2800,14.5296,0.3111,0.3111
12.7956,pi,6.2800,14.4568,0.3105,0.3105
12.8007,pi,6.2800,14.3797,0.3100,0.3100
12.8058,pi,6.2800,14.3176,0.3092,0.3092
12.8106,pi,6.2800,14.2414,0.3088,0.3088
12.8157,pi,6.2800,14.2068,0.3075,0.3075
12.8207,pi,6.2800,14.1803,0.3060,0.3060
12.8257,pi,6.2800,14.1768,0.3041,0.3041
12.8307,pi,6.2800,14.1298,0.3031,0.3031
12.8357,pi,6.2800,14.1180,0.3013,0.3013
12.8407,pi,6.2800,14.0830,0.3001,0.3001
12.8457,pi,6.2800,14.0303,0.2992,0.2992
12.8506,pi,6.2800,13.9386,0.2991,0.2991
12.8556,pi,6.2800,13.8922,0.2981,0.2981
12.8607,pi,6.2800,13.8281,0.2975,0.2975
12.8657,pi,6.2800,13.7255,0.2976,0.2976
12.8707,pi,6.2800,13.6773,0.2967,0.2967
12.8757,pi,6.2800,13.6056,0.2963,0.2963
12.8806,pi,6.2800,13.5356,0.2959,0.2959
12.8857,pi,6.2800,13.5240,0.2943,0.2943
12.8906,pi,6.2800,13.4827,0.2933,0.2933
12.8957,pi,6.2800,13.4366,0.2924,0.2924
12.9007,pi,6.2800,13.4126,0.2911,0.2911
12.9056,pi,6.2800,13.3804,0.2900,0.2900
12.9107,pi,6.2800,13.3682,0.2885,0.2885
12.9156,pi,6.2800,13.3441,0.2872,0.2872
12.9207,pi,6.2800,13.3272,0.2857,0.2857
12.9257,pi,6.2800,13.2661,0.2852,0.2852
12.9307,pi,6.2800,13.2259,0.2843,0.2843
12.9356,pi,6.2800,13.1856,0.2833,0.2833
12.9408,pi,6.2800,13.1107,0.2831,0.2831
12.9457,pi,6.2800,13.1018,0.2816,0.2816
12.9510,pi,6.2800,13.0418,0.2811,0.2811
12.9565,pi,6.2800,13.0463,0.2793,0.2793
12.9614,pi,6.2800,12.9996,0.2785,0.2785
12.9659,pi,6.2800,12.9586,0.2777,0.2777
12.9706,pi,6.2800,12.9299,0.2766,0.2766
12.9757,pi,6.2800,12.9074,0.2754,0.2754
12.9806,pi,6.2800,12.8894,0.2741,0.2741
12.9857,pi,6.2800,12.8749,0.2727,0.2727
12.9906,pi,6.2800,12.8581,0.2714,0.2714
12.9957,pi,6.2800,12.8468,0.2700,0.2700
13.0007,pi,6.2800,12.7443,0.2704,0.2704
13.0057,pi,6.2800,12.7574,0.2685,0.2685
13.0106,pi,6.2800,12.6738,0.2686,0.2686
13.0157,pi,6.2800,12.6079,0.2683,0.2683
13.0208,pi,6.2800,12.5476,0.2679,0.2679
13.0256,pi,6.2800,12.5060,0.2672,0.2672
13.0308,pi,6.2800,12.4673,0.2664,0.2664
13.0356,pi,6.2800,12.4361,0.2655,0.2655
13.0406,pi,6.2800,12.4165,0.2643,0.2643
13.0456,pi,6.2800,12.3456,0.2642,0.2642
13.0506,pi,6.2800,12.2978,0.2636,0.2636
13.0557,pi,6.2800,12.3067,0.2620,0.2620
13.0607,pi,6.2800,12.3080,0.2604,0.2604
13.0658,pi,6.2800,12.3091,0.2589,0.2589
13.0706,pi,6.2800,12.2691,0.2582,0.2582
13.0757,pi,6.2800,12.2280,0.2575,0.2575
13.0806,pi,6.2800,12.1444,0.2577,0.2577
13.0856,pi,6.2800,12.0933,0.2572,0.2572
13.0906,pi,6.2800,12.0062,0.2575,0.2575
13.0956,pi,6.2800,11.9354,0.2575,0.2575
13.1006,pi,6.2800,11.8784,0.2573,0.2573
13.1057,pi,6.2800,11.8340,0.2567,0.2567
13.1106,pi,6.2800,11.7980,0.2561,0.2561
13.1157,pi,6.2800,11.7237,0.2562,0.2562
13.1208,pi,6.2800,11.6890,0.2555,0.2555
13.1256,pi,6.2800,11.6134,0.2557,0.2557
13.1306,pi,6.2800,11.5755,0.2551,0.2551
13.1357,pi,6.2800,11.5720,0.2538,0.2538
13.1407,pi,6.2800,11.5694,0.2526,0.2526
13.1457,pi,6.2800,11.5655,0.2513,0.2513
13.1509,pi,6.2800,11.6142,0.2490,0.2490
13.1556,pi,6.2800,11.6025,0.2479,0.2479
13.1607,pi,6.2800,11.5420,0.2478,0.2478
13.1656,pi,6.2800,11.5187,0.2470,0.2470
13.1706,pi,6.2800,11.5005,0.2460,0.2460
13.1757,pi,6.2800,11.4876,0.2450,0.2450
13.1806,pi,6.2800,11.4753,0.2439,0.2439
13.1856,pi,6.2800,11.4655,0.2428,0.2428
13.1906,pi,6.2800,11.4121,0.2426,0.2426
13.1956,pi,6.2800,11.4146,0.2413,0.2413
13.2007,pi,6.2800,11.3430,0.2414,0.2414
13.2056,pi,6.2800,11.2686,0.2416,0.2416
13.2106,pi,6.2800,11.2547,0.2406,0.2406
13.2157,pi,6.2800,11.2142,0.2402,0.2402
13.2206,pi,6.2800,11.2325,0.2386,0.2386
13.2256,pi,6.2800,11.1969,0.2381,0.2381
13.2306,pi,6.2800,11.1683,0.2374,0.2374
13.2357,pi,6.2800,11.1443,0.2367,0.2367
13.2406,pi,6.2800,11.1266,0.2358,0.2358
13.2457,pi,6.2800,11.0615,0.2359,0.2359
13.2506,pi,6.2800,10.9968,0.2360,0.2360
13.2560,pi,6.2800,11.0059,0.2347,0.2347
13.2606,pi,6.2800,10.9663,0.2342,0.2342
13.2656,pi,6.2800,10.9209,0.2340,0.2340
13.2709,pi,6.2800,10.8473,0.2343,0.2343
13.2756,pi,6.2800,10.7807,0.2345,0.2345
13.2807,pi,6.2800,10.7265,0.2345,0.2345
13.2857,pi,6.2800,10.7294,0.2333,0.2333
13.2906,pi,6.2800,10.6868,0.2330,0.2330
13.2957,pi,6.2800,10.6510,0.2326,0.2326
13.3007,pi,6.2800,10.6320,0.2319,0.2319
13.3056,pi,6.2800,10.6075,0.2313,0.2313
13.3107,pi,6.2800,10.5971,0.2305,0.2305
13.3156,pi,6.2800,10.5886,0.2296,0.2296
13.3206,pi,6.2800,10.5728,0.2288,0.2288
13.3257,pi,6.2800,10.5681,0.2278,0.2278
13.3307,pi,6.2800,10.5656,0.2268,0.2268
13.3357,pi,6.2800,10.5133,0.2268,0.2268
13.3407,pi,6.2800,10.4713,0.2265,0.2265
13.3456,pi,6.2800,10.4333,0.2263,0.2263
13.3507,pi,6.2800,10.4072,0.2257,0.2257
13.3556,pi,6.2800,10.3866,0.2251,0.2251
13.3607,pi,6.2800,10.3198,0.2254,0.2254
13.3656,pi,6.2800,10.2665,0.2255,0.2255
13.3706,pi,6.2800,10.2233,0.2254,0.2254
13.3756,pi,6.2800,10.1893,0.2251,0.2251
13.3807,pi,6.2800,10.1611,0.2246,0.2246
13.3857,pi,6.2800,10.1391,0.2241,0.2241
13.3906,pi,6.2800,10.1720,0.2225,0.2225
13.3956,pi,6.2800,10.1984,0.2210,0.2210
13.4006,pi,6.2800,10.2187,0.2196,0.2196
13.4056,pi,6.2800,10.2314,0.2184,0.2184
13.4106,pi,6.2800,10.2416,0.2172,0.2172
13.4156,pi,6.2800,10.2499,0.2160,0.2160
13.4207,pi,6.2800,10.2605,0.2148,0.2148
13.4256,pi,6.2800,10.2650,0.2137,0.2137
13.4306,pi,6.2800,10.2678,0.2127,0.2127
13.4357,pi,6.2800,10.2714,0.2116,0.2116
13.4406,pi,6.2800,10.2737,0.2106,0.2106
13.4456,pi,6.2800,10.1846,0.2113,0.2113
13.4507,pi,6.2800,10.1120,0.2118,0.2118
13.4556,pi,6.2800,10.0560,0.2120,0.2120
13.4608,pi,6.2800,10.0050,0.2121,0.2121
13.4657,pi,6.2800,9.9690,0.2118,0.2118
13.4710,pi,6.2800,9.9394,0.2115,0.2115
13.4757,pi,6.2800,9.9115,0.2112,0.2112
13.4806,pi,6.2800,9.8940,0.2106,0.2106
13.4856,pi,6.2800,9.8750,0.2101,0.2101
13.4906,pi,6.2800,9.8604,0.2095,0.2095
13.4956,pi,6.2800,9.8483,0.2088,0.2088
13.5006,pi,6.2800,9.8438,0.2080,0.2080
13.5064,pi,6.2800,9.8348,0.2073,0.2073
13.5120,pi,6.2800,9.8268,0.2066,0.2066
13.5161,pi,6.2800,9.7718,0.2068,0.2068
13.5207,pi,6.2800,9.7265,0.2068,0.2068
13.5256,pi,6.2800,9.7013,0.2065,0.2065
13.5306,pi,6.2800,9.6710,0.2062,0.2062
13.5357,pi,6.2800,9.6104,0.2066,0.2066
13.5406,pi,6.2800,9.5624,0.2067,0.2067
13.5457,pi,6.2800,9.5593,0.2059,0.2059
13.5507,pi,6.2800,9.5065,0.2062,0.2062
13.5556,pi,6.2800,9.4780,0.2059,0.2059
13.5606,pi,6.2800,9.4563,0.2056,0.2056
13.5657,pi,6.2800,9.4747,0.2044,0.2044
13.5706,pi,6.2800,9.4531,0.2040,0.2040
13.5757,pi,6.2800,9.4222,0.2039,0.2039
13.5806,pi,6.2800,9.4111,0.2033,0.2033
13.5857,pi,6.2800,9.3568,0.2036,0.2036
13.5907,pi,6.2800,9.3452,0.2031,0.2031
13.5957,pi,6.2800,9.3490,0.2022,0.2022
13.6007,pi,6.2800,9.3534,0.2014,0.2014
13.6057,pi,6.2800,9.3566,0.2005,0.2005
13.6107,pi,6.2800,9.3451,0.2000,0.2000
13.6158,pi,6.2800,9.3034,0.2001,0.2001
13.6207,pi,6.2800,9.2709,0.2000,0.2000
13.6258,pi,6.2800,9.2908,0.1988,0.1988
13.6307,pi,6.2800,9.2416,0.1991,0.1991
13.6356,pi,6.2800,9.2215,0.1987,0.1987
13.6414,pi,6.2800,9.1854,0.1987,0.1987
13.6464,pi,6.2800,9.1757,0.1982,0.1982
13.6509,pi,6.2800,9.1500,0.1980,0.1980
13.6556,pi,6.2800,9.1287,0.1977,0.1977
13.6606,pi,6.2800,9.1310,0.1969,0.1969
13.6656,pi,6.2800,9.0871,0.1971,0.1971
13.6706,pi,6.2800,9.0980,0.1962,0.1962
13.6757,pi,6.2800,9.0880,0.1957,0.1957
13.6806,pi,6.2800,9.0523,0.1957,0.1957
13.6856,pi,6.2800,9.0704,0.1946,0.1946
13.6906,pi,6.2800,9.0379,0.1946,0.1946
13.6956,pi,6.2800,9.0596,0.1934,0.1934
13.7006,pi,6.2800,9.0764,0.1924,0.1924
13.7056,pi,6.2800,9.0439,0.1924,0.1924
13.7106,pi,6.2800,9.0642,0.1913,0.1913
13.7156,pi,6.2800,9.0335,0.1912,0.1912
13.7206,pi,6.2800,9.0548,0.1901,0.1901
13.7257,pi,6.2800,9.0021,0.1904,0.1904
13.7306,pi,6.2800,8.9838,0.1901,0.1901
13.7357,pi,6.2800,8.9456,0.1902,0.1902
13.7406,pi,6.2800,8.9387,0.1897,0.1897
13.7456,pi,6.2800,8.9094,0.1896,0.1896
13.7506,pi,6.2800,8.8866,0.1894,0.1894
13.7556,pi,6.2800,8.8679,0.1891,0.1891
13.7607,pi,6.2800,8.8524,0.1888,0.1888
13.7657,pi,6.2800,8.8409,0.1884,0.1884
13.7706,pi,6.2800,8.8314,0.1879,0.1879
13.7756,pi,6.2800,8.8014,0.1879,0.1879
13.7807,pi,6.2800,8.7995,0.1873,0.1873
13.7856,pi,6.2800,8.7758,0.1871,0.1871
13.7907,pi,6.2800,8.7291,0.1874,0.1874
13.7956,pi,6.2800,8.7195,0.1870,0.1870
13.8007,pi,6.2800,8.6830,0.1871,0.1871
13.8056,pi,6.2800,8.6825,0.1865,0.1865
13.8106,pi,6.2800,8.6827,0.1859,0.1859
13.8157,pi,6.2800,8.7050,0.1849,0.1849
13.8206,pi,6.2800,8.7003,0.1844,0.1844
13.8257,pi,6.2800,8.6688,0.1844,0.1844
13.8307,pi,6.2800,8.6712,0.1838,0.1838
13.8359,pi,6.2800,8.6458,0.1837,0.1837
13.8411,pi,6.2800,8.6250,0.1835,0.1835
13.8456,pi,6.2800,8.6086,0.1832,0.1832
13.8506,pi,6.2800,8.5778,0.1833,0.1833
13.8556,pi,6.2800,8.5208,0.1838,0.1838
13.8606,pi,6.2800,8.5075,0.1835,0.1835
13.8657,pi,6.2800,8.4964,0.1832,0.1832
13.8707,pi,6.2800,8.4556,0.1835,0.1835
13.8756,pi,6.2800,8.4555,0.1829,0.1829
13.8807,pi,6.2800,8.4231,0.1830,0.1830
13.8856,pi,6.2800,8.3837,0.1833,0.1833
13.8906,pi,6.2800,8.3980,0.1825,0.1825
13.8956,pi,6.2800,8.4099,0.1817,0.1817
13.9006,pi,6.2800,8.3740,0.1819,0.1819
13.9056,pi,6.2800,8.3898,0.1811,0.1811
13.9107,pi,6.2800,8.3701,0.1809,0.1809
13.9156,pi,6.2800,8.3412,0.1810,0.1810
13.9207,pi,6.2800,8.3311,0.1807,0.1807
13.9256,pi,6.2800,8.3234,0.1803,0.1803
13.9307,pi,6.2800,8.3164,0.1799,0.1799
13.9356,pi,6.2800,8.3119,0.1795,0.1795
13.9407,pi,6.2800,8.2579,0.1801,0.1801
13.9456,pi,6.2800,8.2650,0.1794,0.1794
13.9507,pi,6.2800,8.2698,0.1789,0.1789
13.9556,pi,6.2800,8.2240,0.1793,0.1793
13.9606,pi,6.2800,8.2244,0.1788,0.1788
13.9657,pi,6.2800,8.2376,0.1780,0.1780
13.9706,pi,6.2800,8.2351,0.1776,0.1776
13.9756,pi,6.2800,8.2798,0.1762,0.1762
13.9806,pi,6.2800,8.2687,0.1759,0.1759
13.9856,pi,6.2800,8.2613,0.1756,0.1756
13.9906,pi,6.2800,8.2543,0.1752,0.1752
13.9956,pi,6.2800,8.2486,0.1748,0.1748
14.0006,pi,6.2800,8.2441,0.1744,0.1744
14.0056,pi,6.2800,8.2406,0.1740,0.1740
14.0107,pi,6.2800,8.2005,0.1743,0.1743
14.0156,pi,6.2800,8.1602,0.1747,0.1747
14.0207,pi,6.2800,8.1865,0.1737,0.1737
14.0256,pi,6.2800,8.1576,0.1738,0.1738
14.0306,pi,6.2800,8.1340,0.1738,0.1738
14.0356,pi,6.2800,8.1156,0.1737,0.1737
14.0406,pi,6.2800,8.1005,0.1735,0.1735
14.0456,pi,6.2800,8.1390,0.1723,0.1723
14.0506,pi,6.2800,8.1189,0.1722,0.1722
14.0556,pi,6.2800,8.0945,0.1723,0.1723
14.0607,pi,6.2800,8.0835,0.1720,0.1720
14.0656,pi,6.2800,8.1248,0.1707,0.1707
14.0706,pi,6.2800,8.1446,0.1699,0.1699
14.0757,pi,6.2800,8.1242,0.1698,0.1698
14.0806,pi,6.2800,8.0982,0.1699,0.1699
14.0856,pi,6.2800,8.0788,0.1698,0.1698
14.0907,pi,6.2800,8.0713,0.1695,0.1695
14.0956,pi,6.2800,8.0567,0.1694,0.1694
14.1007,pi,6.2800,8.0032,0.1700,0.1700
14.1056,pi,6.2800,7.9608,0.1704,0.1704
14.1106,pi,6.2800,7.9219,0.1708,0.1708
14.1156,pi,6.2800,7.8920,0.1710,0.1710
14.1207,pi,6.2800,7.8718,0.1710,0.1710
14.1256,pi,6.2800,7.8510,0.1710,0.1710
14.1306,pi,6.2800,7.8345,0.1709,0.1709
14.1357,pi,6.2800,7.8242,0.1707,0.1707
14.1406,pi,6.2800,7.8129,0.1706,0.1706
14.1457,pi,6.2800,7.8077,0.1703,0.1703
14.1507,pi,6.2800,7.8039,0.1700,0.1700
14.1559,pi,6.2800,7.7975,0.1697,0.1697
14.1611,pi,6.2800,7.7952,0.1694,0.1694
14.1666,pi,6.2800,7.7917,0.1691,0.1691
14.1711,pi,6.2800,7.7405,0.1697,0.1697
14.1764,pi,6.2800,7.7474,0.1692,0.1692
14.1812,pi,6.2800,7.7542,0.1687,0.1687
14.1861,pi,6.2800,7.7558,0.1683,0.1683
14.1913,pi,6.2800,7.7615,0.1678,0.1678
14.1962,pi,6.2800,7.7669,0.1674,0.1674
14.2008,pi,6.2800,7.7675,0.1670,0.1670
14.2058,pi,6.2800,7.7715,0.1665,0.1665
14.2107,pi,6.2800,7.7705,0.1662,0.1662
14.2158,pi,6.2800,7.7707,0.1658,0.1658
14.2207,pi,6.2800,7.7721,0.1654,0.1654
14.2258,pi,6.2800,7.7720,0.1650,0.1650
14.2307,pi,6.2800,7.7282,0.1655,0.1655
14.2358,pi,6.2800,7.6915,0.1659,0.1659
14.2413,pi,6.2800,7.6599,0.1662,0.1662
14.2460,pi,6.2800,7.6363,0.1663,0.1663
14.2509,pi,6.2800,7.6651,0.1654,0.1654
14.2562,pi,6.2800,7.6391,0.1656,0.1656
14.2611,pi,6.2800,7.6685,0.1646,0.1646
14.2662,pi,6.2800,7.6920,0.1638,0.1638
14.2713,pi,6.2800,7.7114,0.1631,0.1631
14.2763,pi,6.2800,7.7271,0.1624,0.1624
14.2812,pi,6.2800,7.7392,0.1618,0.1618
14.2862,pi,6.2800,7.7481,0.1613,0.1613
14.2913,pi,6.2800,7.7516,0.1608,0.1608
14.2960,pi,6.2800,7.7084,0.1613,0.1613
14.3011,pi,6.2800,7.7202,0.1607,0.1607
14.3062,pi,6.2800,7.6855,0.1611,0.1611
14.3112,pi,6.2800,7.7030,0.1604,0.1604
14.3162,pi,6.2800,7.6246,0.1616,0.1616
14.3206,pi,6.2800,7.6090,0.1615,0.1615
14.3256,pi,6.2800,7.5963,0.1615,0.1615
14.3307,pi,6.2800,7.5853,0.1614,0.1614
14.3357,pi,6.2800,7.5773,0.1612,0.1612
14.3406,pi,6.2800,7.5715,0.1610,0.1610
14.3456,pi,6.2800,7.5666,0.1608,0.1608
14.3507,pi,6.2800,7.6080,0.1596,0.1596
14.3557,pi,6.2800,7.5954,0.1595,0.1595
14.3607,pi,6.2800,7.5851,0.1594,0.1594
14.3656,pi,6.2800,7.5770,0.1592,0.1592
14.3707,pi,6.2800,7.6167,0.1581,0.1581
14.3756,pi,6.2800,7.6020,0.1581,0.1581
14.3806,pi,6.2800,7.5896,0.1580,0.1580
14.3857,pi,6.2800,7.5345,0.1588,0.1588
14.3906,pi,6.2800,7.5357,0.1584,0.1584
14.3956,pi,6.2800,7.4913,0.1590,0.1590
14.4006,pi,6.2800,7.4550,0.1594,0.1594
14.4056,pi,6.2800,7.4268,0.1597,0.1597
14.4106,pi,6.2800,7.4036,0.1599,0.1599
14.4156,pi,6.2800,7.3803,0.1601,0.1601
14.4206,pi,6.2800,7.3608,0.1602,0.1602
14.4256,pi,6.2800,7.3460,0.1602,0.1602
14.4306,pi,6.2800,7.3334,0.1602,0.1602
14.4356,pi,6.2800,7.3742,0.1591,0.1591
14.4407,pi,6.2800,7.3064,0.1602,0.1602
14.4456,pi,6.2800,7.3529,0.1590,0.1590
14.4506,pi,6.2800,7.3399,0.1590,0.1590
14.4557,pi,6.2800,7.3347,0.1588,0.1588
14.4607,pi,6.2800,7.3303,0.1587,0.1587
14.4656,pi,6.2800,7.3271,0.1585,0.1585
14.4707,pi,6.2800,7.3238,0.1583,0.1583
14.4757,pi,6.2800,7.3168,0.1582,0.1582
14.4806,pi,6.2800,7.3154,0.1579,0.1579
14.4856,pi,6.2800,7.3154,0.1577,0.1577
14.4907,pi,6.2800,7.3603,0.1565,0.1565
14.4957,pi,6.2800,7.2955,0.1575,0.1575
14.5006,pi,6.2800,7.2527,0.1581,0.1581
14.5063,pi,6.2800,7.2589,0.1578,0.1578
14.5113,pi,6.2800,7.2642,0.1574,0.1574
14.5156,pi,6.2800,7.2685,0.1571,0.1571
14.5206,pi,6.2800,7.2723,0.1568,0.1568
14.5256,pi,6.2800,7.2803,0.1564,0.1564
14.5307,pi,6.2800,7.2863,0.1560,0.1560
14.5356,pi,6.2800,7.2919,0.1556,0.1556
14.5406,pi,6.2800,7.2958,0.1553,0.1553
14.5457,pi,6.2800,7.3444,0.1541,0.1541
14.5506,pi,6.2800,7.3378,0.1539,0.1539
14.5557,pi,6.2800,7.3325,0.1538,0.1538
14.5607,pi,6.2800,7.3290,0.1536,0.1536
14.5657,pi,6.2800,7.3206,0.1535,0.1535
14.5706,pi,6.2800,7.3191,0.1533,0.1533
14.5757,pi,6.2800,7.3124,0.1531,0.1531
14.5806,pi,6.2800,7.2664,0.1538,0.1538
14.5857,pi,6.2800,7.2201,0.1545,0.1545
14.5906,pi,6.2800,7.1835,0.1550,0.1550
14.5956,pi,6.2800,7.1629,0.1552,0.1552
14.6006,pi,6.2800,7.1475,0.1552,0.1552
14.6056,pi,6.2800,7.1755,0.1545,0.1545
14.6106,pi,6.2800,7.1980,0.1538,0.1538
14.6156,pi,6.2800,7.2204,0.1531,0.1531
14.6208,pi,6.2800,7.1833,0.1536,0.1536
14.6256,pi,6.2800,7.1629,0.1538,0.1538
14.6306,pi,6.2800,7.1474,0.1539,0.1539
14.6357,pi,6.2800,7.1756,0.1531,0.1531
14.6406,pi,6.2800,7.2029,0.1523,0.1523
14.6456,pi,6.2800,7.2244,0.1517,0.1517
14.6506,pi,6.2800,7.1967,0.1520,0.1520
14.6557,pi,6.2800,7.1646,0.1524,0.1524
14.6606,pi,6.2800,7.1487,0.1525,0.1525
14.6657,pi,6.2800,7.1260,0.1527,0.1527
14.6707,pi,6.2800,7.1174,0.1527,0.1527
14.6757,pi,6.2800,7.1565,0.1517,0.1517
14.6807,pi,6.2800,7.1321,0.1520,0.1520
14.6857,pi,6.2800,7.1128,0.1522,0.1522
14.6912,pi,6.2800,7.0962,0.1523,0.1523
14.6963,pi,6.2800,7.0836,0.1523,0.1523
14.7013,pi,6.2800,7.1227,0.1513,0.1513
14.7057,pi,6.2800,7.1142,0.1513,0.1513
14.7106,pi,6.2800,7.1085,0.1512,0.1512
14.7156,pi,6.2800,7.1036,0.1511,0.1511
14.7206,pi,6.2800,7.1000,0.1510,0.1510
14.7257,pi,6.2800,7.0870,0.1510,0.1510
14.7306,pi,6.2800,7.0403,0.1518,0.1518
14.7357,pi,6.2800,7.0490,0.1514,0.1514
14.7409,pi,6.2800,7.0551,0.1511,0.1511
14.7462,pi,6.2800,7.0611,0.1508,0.1508
14.7507,pi,6.2800,7.0659,0.1505,0.1505
14.7556,pi,6.2800,7.0251,0.1511,0.1511
14.7607,pi,6.2800,7.0272,0.1509,0.1509
14.7656,pi,6.2800,7.0288,0.1506,0.1506
14.7707,pi,6.2800,7.0304,0.1504,0.1504
14.7756,pi,6.2800,7.0408,0.1500,0.1500
14.7806,pi,6.2800,7.0037,0.1506,0.1506
14.7857,pi,6.2800,7.0104,0.1503,0.1503
14.7906,pi,6.2800,7.0254,0.1498,0.1498
14.7956,pi,6.2800,7.0379,0.1493,0.1493
14.8007,pi,6.2800,6.9870,0.1502,0.1502
14.8056,pi,6.2800,6.9968,0.1498,0.1498
14.8106,pi,6.2800,7.0141,0.1493,0.1493
14.8157,pi,6.2800,7.0183,0.1490,0.1490
14.8207,pi,6.2800,7.0209,0.1488,0.1488
14.8257,pi,6.2800,6.9740,0.1495,0.1495
14.8307,pi,6.2800,6.9857,0.1491,0.1491
14.8356,pi,6.2800,7.0051,0.1486,0.1486
14.8407,pi,6.2800,6.9609,0.1493,0.1493
14.8457,pi,6.2800,6.9252,0.1498,0.1498
14.8506,pi,6.2800,6.9112,0.1499,0.1499
14.8557,pi,6.2800,6.9358,0.1493,0.1493
14.8606,pi,6.2800,6.9058,0.1497,0.1497
14.8656,pi,6.2800,6.8955,0.1498,0.1498
14.8707,pi,6.2800,6.8872,0.1498,0.1498
14.8757,pi,6.2800,6.8668,0.1500,0.1500
14.8807,pi,6.2800,6.8642,0.1499,0.1499
14.8856,pi,6.2800,6.8486,0.1501,0.1501
14.8906,pi,6.2800,6.8860,0.1492,0.1492
14.8956,pi,6.2800,6.9254,0.1483,0.1483
14.9007,pi,6.2800,6.9468,0.1477,0.1477
14.9056,pi,6.2800,6.9279,0.1479,0.1479
14.9106,pi,6.2800,6.9141,0.1480,0.1480
14.9157,pi,6.2800,6.9383,0.1474,0.1474
14.9206,pi,6.2800,6.9218,0.1475,0.1475
14.9257,pi,6.2800,6.9449,0.1469,0.1469
14.9306,pi,6.2800,6.9729,0.1462,0.1462
14.9356,pi,6.2800,6.9954,0.1456,0.1456
14.9406,pi,6.2800,6.9676,0.1459,0.1459
14.9456,pi,6.2800,6.9457,0.1462,0.1462
14.9506,pi,6.2800,6.9272,0.1464,0.1464
14.9556,pi,6.2800,6.8676,0.1474,0.1474
14.9607,pi,6.2800,6.8512,0.1476,0.1476
14.9656,pi,6.2800,6.8518,0.1475,0.1475
14.9706,pi,6.2800,6.8888,0.1466,0.1466
14.9756,pi,6.2800,6.8821,0.1466,0.1466
14.9806,pi,6.2800,6.8627,0.1468,0.1468
14.9856,pi,6.2800,6.8473,0.1470,0.1470
14.9906,pi,6.2800,6.8850,0.1461,0.1461
14.9956,pi,6.2800,6.8649,0.1463,0.1463
15.0006,pi,6.2800,6.8490,0.1465,0.1465
15.0056,pi,6.2800,6.8501,0.1463,0.1463
15.0106,pi,6.2800,6.8511,0.1462,0.1462
15.0156,pi,6.2800,6.8518,0.1460,0.1460
15.0206,pi,6.2800,6.8386,0.1461,0.1461
15.0256,pi,6.2800,6.8777,0.1452,0.1452
15.0306,pi,6.2800,6.8590,0.1454,0.1454
15.0356,pi,6.2800,6.8438,0.1456,0.1456
15.0406,pi,6.2800,6.8321,0.1457,0.1457
15.0456,pi,6.2800,6.8727,0.1447,0.1447
15.0506,pi,6.2800,6.8552,0.1449,0.1449
15.0557,pi,6.2800,6.8411,0.1451,0.1451
15.0606,pi,6.2800,6.8802,0.1441,0.1441
15.0656,pi,6.2800,6.8612,0.1444,0.1444
15.0706,pi,6.2800,6.8599,0.1443,0.1443
15.0757,pi,6.2800,6.8433,0.1444,0.1444
15.0807,pi,6.2800,6.8308,0.1445,0.1445
15.0856,pi,6.2800,6.8355,0.1443,0.1443
15.0907,pi,6.2800,6.8250,0.1444,0.1444
15.0956,pi,6.2800,6.7850,0.1450,0.1450
15.1006,pi,6.2800,6.7535,0.1456,0.1456
15.1057,pi,6.2800,6.7593,0.1453,0.1453
15.1106,pi,6.2800,6.7784,0.1448,0.1448
15.1156,pi,6.2800,6.7939,0.1444,0.1444
15.1207,pi,6.2800,6.7918,0.1443,0.1443
15.1256,pi,6.2800,6.8044,0.1439,0.1439
15.1306,pi,6.2800,6.8158,0.1436,0.1436
15.1356,pi,6.2800,6.8246,0.1432,0.1432
15.1406,pi,6.2800,6.8305,0.1430,0.1430
15.1456,pi,6.2800,6.8356,0.1428,0.1428
15.1507,pi,6.2800,6.8251,0.1428,0.1428
15.1557,pi,6.2800,6.8302,0.1426,0.1426
15.1610,pi,6.2800,6.8211,0.1426,0.1426
15.1661,pi,6.2800,6.7621,0.1437,0.1437
15.1706,pi,6.2800,6.7348,0.1441,0.1441
15.1756,pi,6.2800,6.7592,0.1435,0.1435
15.1806,pi,6.2800,6.7327,0.1439,0.1439
15.1856,pi,6.2800,6.7120,0.1442,0.1442
15.1906,pi,6.2800,6.7407,0.1435,0.1435
15.1956,pi,6.2800,6.7181,0.1439,0.1439
15.2007,pi,6.2800,6.6997,0.1441,0.1441
15.2057,pi,6.2800,6.7168,0.1437,0.1437
15.2106,pi,6.2800,6.6996,0.1439,0.1439
15.2156,pi,6.2800,6.6852,0.1441,0.1441
15.2206,pi,6.2800,6.6746,0.1442,0.1442
15.2257,pi,6.2800,6.6460,0.1447,0.1447
15.2306,pi,6.2800,6.6737,0.1440,0.1440
15.2356,pi,6.2800,6.6958,0.1435,0.1435
15.2406,pi,6.2800,6.6632,0.1440,0.1440
15.2456,pi,6.2800,6.6874,0.1435,0.1435
15.2506,pi,6.2800,6.7068,0.1430,0.1430
15.2557,pi,6.2800,6.6904,0.1432,0.1432
15.2607,pi,6.2800,6.7088,0.1427,0.1427
15.2656,pi,6.2800,6.7378,0.1420,0.1420
15.2707,pi,6.2800,6.7466,0.1417,0.1417
15.2756,pi,6.2800,6.7681,0.1412,0.1412
15.2807,pi,6.2800,6.7206,0.1420,0.1420
15.2856,pi,6.2800,6.7015,0.1423,0.1423
15.2906,pi,6.2800,6.6868,0.1425,0.1425
15.2959,pi,6.2800,6.7065,0.1420,0.1420
15.3007,pi,6.2800,6.6903,0.1422,0.1422
15.3056,pi,6.2800,6.6776,0.1424,0.1424
15.3106,pi,6.2800,6.6676,0.1425,0.1425
15.3157,pi,6.2800,6.6402,0.1429,0.1429
15.3210,pi,6.2800,6.5908,0.1438,0.1438
15.3262,pi,6.2800,6.5777,0.1440,0.1440
15.3314,pi,6.2800,6.6186,0.1431,0.1431
15.3365,pi,6.2800,6.5997,0.1434,0.1434
15.3410,pi,6.2800,6.5847,0.1436,0.1436
15.3462,pi,6.2800,6.5735,0.1438,0.1438
15.3513,pi,6.2800,6.6151,0.1429,0.1429
15.3558,pi,6.2800,6.5977,0.1431,0.1431
15.3610,pi,6.2800,6.6344,0.1423,0.1423
15.3661,pi,6.2800,6.6137,0.1426,0.1426
15.3713,pi,6.2800,6.6478,0.1419,0.1419
15.3757,pi,6.2800,6.6887,0.1410,0.1410
15.3806,pi,6.2800,6.6777,0.1411,0.1411
15.3857,pi,6.2800,6.6683,0.1412,0.1412
15.3906,pi,6.2800,6.7076,0.1403,0.1403
15.3956,pi,6.2800,6.6930,0.1405,0.1405
15.4007,pi,6.2800,6.6807,0.1406,0.1406
15.4056,pi,6.2800,6.6702,0.1407,0.1407
15.4106,pi,6.2800,6.6624,0.1408,0.1408
15.4156,pi,6.2800,6.6558,0.1408,0.1408
15.4206,pi,6.2800,6.6970,0.1399,0.1399
15.4256,pi,6.2800,6.6841,0.1400,0.1400
15.4306,pi,6.2800,6.6742,0.1401,0.1401
15.4356,pi,6.2800,6.6649,0.1402,0.1402
15.4406,pi,6.2800,6.6574,0.1403,0.1403
15.4456,pi,6.2800,6.6053,0.1412,0.1412
15.4506,pi,6.2800,6.6096,0.1411,0.1411
15.4556,pi,6.2800,6.6134,0.1409,0.1409
15.4607,pi,6.2800,6.5705,0.1417,0.1417
15.4656,pi,6.2800,6.5819,0.1414,0.1414
15.4706,pi,6.2800,6.5724,0.1415,0.1415
15.4756,pi,6.2800,6.5646,0.1416,0.1416
15.4806,pi,6.2800,6.5584,0.1416,0.1416
15.4856,pi,6.2800,6.5719,0.1413,0.1413
15.4907,pi,6.2800,6.5644,0.1414,0.1414
15.4956,pi,6.2800,6.5766,0.1411,0.1411
15.5007,pi,6.2800,6.5682,0.1412,0.1412
15.5057,pi,6.2800,6.5590,0.1413,0.1413
15.5110,pi,6.2800,6.5533,0.1413,0.1413
15.5165,pi,6.2800,6.5487,0.1413,0.1413
15.5208,pi,6.2800,6.5453,0.1413,0.1413
15.5257,pi,6.2800,6.5431,0.1413,0.1413
15.5305,pi,6.2800,6.5598,0.1409,0.1409
15.5356,pi,6.2800,6.5547,0.1409,0.1409
15.5407,pi,6.2800,6.5506,0.1410,0.1410
15.5456,pi,6.2800,6.5473,0.1410,0.1410
15.5506,pi,6.2800,6.5173,0.1415,0.1415
15.5556,pi,6.2800,6.5387,0.1410,0.1410
15.5606,pi,6.2800,6.5579,0.1406,0.1406
15.5656,pi,6.2800,6.5721,0.1402,0.1402
15.5707,pi,6.2800,6.5645,0.1403,0.1403
15.5756,pi,6.2800,6.5314,0.1409,0.1409
15.5808,pi,6.2800,6.5312,0.1408,0.1408
15.5860,pi,6.2800,6.5310,0.1407,0.1407
15.5908,pi,6.2800,6.5307,0.1407,0.1407
15.5955,pi,6.2800,6.5497,0.1402,0.1402
15.6007,pi,6.2800,6.5464,0.1402,0.1402
15.6056,pi,6.2800,6.5621,0.1399,0.1399
15.6109,pi,6.2800,6.5749,0.1395,0.1395
15.6161,pi,6.2800,6.5666,0.1396,0.1396
15.6210,pi,6.2800,6.5596,0.1397,0.1397
15.6256,pi,6.2800,6.5544,0.1397,0.1397
15.6306,pi,6.2800,6.5688,0.1394,0.1394
15.6355,pi,6.2800,6.5810,0.1391,0.1391
15.6407,pi,6.2800,6.5451,0.1397,0.1397
15.6456,pi,6.2800,6.5428,0.1397,0.1397
15.6507,pi,6.2800,6.5911,0.1387,0.1387
15.6556,pi,6.2800,6.5983,0.1384,0.1384
15.6606,pi,6.2800,6.5581,0.1392,0.1392
15.6657,pi,6.2800,6.5532,0.1392,0.1392
15.6707,pi,6.2800,6.5493,0.1392,0.1392
15.6756,pi,6.2800,6.5460,0.1392,0.1392
15.6807,pi,6.2800,6.5431,0.1392,0.1392
15.6856,pi,6.2800,6.5408,0.1392,0.1392
15.6907,pi,6.2800,6.5374,0.1392,0.1392
15.6956,pi,6.2800,6.5368,0.1391,0.1391
15.7008,pi,6.2800,6.4841,0.1401,0.1401
15.7056,pi,6.2800,6.4937,0.1399,0.1399
15.7107,pi,6.2800,6.5015,0.1397,0.1397
15.7157,pi,6.2800,6.5262,0.1391,0.1391
15.7206,pi,6.2800,6.5462,0.1386,0.1386
15.7256,pi,6.2800,6.5172,0.1392,0.1392
15.7307,pi,6.2800,6.5203,0.1390,0.1390
15.7356,pi,6.2800,6.4728,0.1399,0.1399
15.7406,pi,6.2800,6.4577,0.1402,0.1402
15.7457,pi,6.2800,6.4222,0.1408,0.1408
15.7507,pi,6.2800,6.4171,0.1409,0.1409
15.7556,pi,6.2800,6.4605,0.1400,0.1400
15.7607,pi,6.2800,6.4751,0.1397,0.1397
15.7657,pi,6.2800,6.4868,0.1394,0.1394
15.7706,pi,6.2800,6.5145,0.1388,0.1388
15.7757,pi,6.2800,6.5184,0.1386,0.1386
15.7807,pi,6.2800,6.5400,0.1382,0.1382
15.7857,pi,6.2800,6.5892,0.1371,0.1371
15.7906,pi,6.2800,6.5782,0.1372,0.1372
15.7956,pi,6.2800,6.5878,0.1370,0.1370
15.8007,pi,6.2800,6.6415,0.1358,0.1358
15.8057,pi,6.2800,6.6192,0.1362,0.1362
15.8106,pi,6.2800,6.6207,0.1361,0.1361
15.8157,pi,6.2800,6.6031,0.1363,0.1363
15.8206,pi,6.2800,6.6080,0.1362,0.1362
15.8257,pi,6.2800,6.5929,0.1364,0.1364
15.8306,pi,6.2800,6.5997,0.1362,0.1362
15.8357,pi,6.2800,6.5358,0.1374,0.1374
15.8406,pi,6.2800,6.5086,0.1378,0.1378
15.8457,pi,6.2800,6.4627,0.1387,0.1387
15.8506,pi,6.2800,6.4498,0.1389,0.1389
15.8556,pi,6.2800,6.4389,0.1391,0.1391
15.8607,pi,6.2800,6.4078,0.1397,0.1397
15.8656,pi,6.2800,6.4053,0.1397,0.1397
15.8706,pi,6.2800,6.4498,0.1388,0.1388
15.8757,pi,6.2800,6.4389,0.1389,0.1389
15.8806,pi,6.2800,6.4579,0.1385,0.1385
15.8856,pi,6.2800,6.4454,0.1387,0.1387
15.8906,pi,6.2800,6.4822,0.1380,0.1380
15.8957,pi,6.2800,6.4649,0.1382,0.1382
15.9006,pi,6.2800,6.4978,0.1375,0.1375
15.9057,pi,6.2800,6.5049,0.1373,0.1373
15.9107,pi,6.2800,6.5108,0.1372,0.1372
15.9157,pi,6.2800,6.5154,0.1370,0.1370
15.9212,pi,6.2800,6.4679,0.1379,0.1379
15.9266,pi,6.2800,6.4810,0.1376,0.1376
15.9306,pi,6.2800,6.4410,0.1384,0.1384
15.9356,pi,6.2800,6.4324,0.1385,0.1385
15.9406,pi,6.2800,6.4527,0.1380,0.1380
15.9456,pi,6.2800,6.4414,0.1382,0.1382
15.9507,pi,6.2800,6.4596,0.1378,0.1378
15.9556,pi,6.2800,6.4924,0.1371,0.1371
15.9610,pi,6.2800,6.5001,0.1369,0.1369
15.9666,pi,6.2800,6.5034,0.1368,0.1368
15.9707,pi,6.2800,6.4830,0.1371,0.1371
15.9756,pi,6.2800,6.4669,0.1374,0.1374
15.9806,pi,6.2800,6.4539,0.1376,0.1376
15.9857,pi,6.2800,6.4184,0.1383,0.1383
15.9907,pi,6.2800,6.3915,0.1388,0.1388
15.9957,pi,6.2800,6.4197,0.1382,0.1382
16.0006,pi,6.2800,6.4156,0.1383,0.1383
16.0058,pi,6.2800,6.3887,0.1388,0.1388
16.0106,pi,6.2800,6.3453,0.1396,0.1396
16.0156,pi,6.2800,6.3564,0.1394,0.1394
16.0206,pi,6.2800,6.3682,0.1391,0.1391
16.0257,pi,6.2800,6.4009,0.1384,0.1384
16.0306,pi,6.2800,6.4271,0.1379,0.1379
16.0356,pi,6.2800,6.4661,0.1371,0.1371
16.0407,pi,6.2800,6.4797,0.1367,0.1367
16.0456,pi,6.2800,6.5088,0.1361,0.1361
16.0507,pi,6.2800,6.5134,0.1360,0.1360
16.0556,pi,6.2800,6.5357,0.1355,0.1355
16.0607,pi,6.2800,6.5350,0.1354,0.1354
16.0656,pi,6.2800,6.5530,0.1350,0.1350
16.0707,pi,6.2800,6.4985,0.1360,0.1360
16.0756,pi,6.2800,6.4782,0.1364,0.1364
16.0806,pi,6.2800,6.5082,0.1357,0.1357
16.0856,pi,6.2800,6.4858,0.1361,0.1361
16.0906,pi,6.2800,6.4686,0.1364,0.1364
16.0956,pi,6.2800,6.4816,0.1361,0.1361
16.1006,pi,6.2800,6.4648,0.1364,0.1364
16.1057,pi,6.2800,6.4781,0.1361,0.1361
16.1107,pi,6.2800,6.4618,0.1363,0.1363
16.1156,pi,6.2800,6.4763,0.1360,0.1360
16.1206,pi,6.2800,6.4602,0.1363,0.1363
16.1256,pi,6.2800,6.4937,0.1356,0.1356
16.1307,pi,6.2800,6.4512,0.1364,0.1364
16.1356,pi,6.2800,6.4406,0.1365,0.1365
16.1407,pi,6.2800,6.4086,0.1371,0.1371
16.1456,pi,6.2800,6.4065,0.1371,0.1371
16.1506,pi,6.2800,6.4051,0.1371,0.1371
16.1557,pi,6.2800,6.4032,0.1371,0.1371
16.1608,pi,6.2800,6.4293,0.1366,0.1366
16.1659,pi,6.2800,6.3997,0.1371,0.1371
16.1708,pi,6.2800,6.4264,0.1366,0.1366
16.1757,pi,6.2800,6.3963,0.1371,0.1371
16.1806,pi,6.2800,6.3967,0.1371,0.1371
16.1856,pi,6.2800,6.4430,0.1361,0.1361
16.1906,pi,6.2800,6.4340,0.1363,0.1363
16.1957,pi,6.2800,6.4539,0.1358,0.1358
16.2006,pi,6.2800,6.4697,0.1355,0.1355
16.2056,pi,6.2800,6.4552,0.1357,0.1357
16.2107,pi,6.2800,6.4701,0.1354,0.1354
16.2156,pi,6.2800,6.4560,0.1356,0.1356
16.2206,pi,6.2800,6.4904,0.1349,0.1349
16.2257,pi,6.2800,6.4719,0.1352,0.1352
16.2306,pi,6.2800,6.4844,0.1349,0.1349
16.2357,pi,6.2800,6.4440,0.1357,0.1357
16.2406,pi,6.2800,6.4618,0.1353,0.1353
16.2457,pi,6.2800,6.4252,0.1360,0.1360
16.2506,pi,6.2800,6.4197,0.1360,0.1360
16.2557,pi,6.2800,6.4422,0.1355,0.1355
16.2607,pi,6.2800,6.4331,0.1357,0.1357
16.2656,pi,6.2800,6.4273,0.1358,0.1358
16.2707,pi,6.2800,6.3979,0.1363,0.1363
16.2756,pi,6.2800,6.3978,0.1363,0.1363
16.2807,pi,6.2800,6.3741,0.1367,0.1367
16.2856,pi,6.2800,6.3787,0.1366,0.1366
16.2907,pi,6.2800,6.3594,0.1370,0.1370
16.2956,pi,6.2800,6.3672,0.1368,0.1368
16.3008,pi,6.2800,6.3485,0.1372,0.1372
16.3056,pi,6.2800,6.3578,0.1370,0.1370
16.3106,pi,6.2800,6.3662,0.1368,0.1368
16.3157,pi,6.2800,6.3490,0.1371,0.1371
16.3208,pi,6.2800,6.3861,0.1363,0.1363
16.3256,pi,6.2800,6.3648,0.1367,0.1367
16.3306,pi,6.2800,6.3712,0.1366,0.1366
16.3356,pi,6.2800,6.4031,0.1359,0.1359
16.3406,pi,6.2800,6.4020,0.1359,0.1359
16.3457,pi,6.2800,6.4473,0.1350,0.1350
16.3507,pi,6.2800,6.4369,0.1351,0.1351
16.3556,pi,6.2800,6.4763,0.1343,0.1343
16.3607,pi,6.2800,6.4366,0.1351,0.1351
16.3656,pi,6.2800,6.4287,0.1352,0.1352
16.3706,pi,6.2800,6.4228,0.1353,0.1353
16.3756,pi,6.2800,6.4183,0.1353,0.1353
16.3806,pi,6.2800,6.4147,0.1353,0.1353
16.3857,pi,6.2800,6.3883,0.1358,0.1358
16.3907,pi,6.2800,6.3670,0.1362,0.1362
16.3957,pi,6.2800,6.3501,0.1366,0.1366
16.4006,pi,6.2800,6.3592,0.1364,0.1364
16.4057,pi,6.2800,6.3429,0.1367,0.1367
16.4106,pi,6.2800,6.3538,0.1364,0.1364
16.4156,pi,6.2800,6.3634,0.1362,0.1362
16.4207,pi,6.2800,6.3972,0.1355,0.1355
16.4256,pi,6.2800,6.4245,0.1349,0.1349
16.4306,pi,6.2800,6.4463,0.1345,0.1345
16.4356,pi,6.2800,6.4822,0.1337,0.1337
16.4407,pi,6.2800,6.4926,0.1335,0.1335
16.4456,pi,6.2800,6.5008,0.1332,0.1332
16.4507,pi,6.2800,6.4570,0.1341,0.1341
16.4556,pi,6.2800,6.4454,0.1342,0.1342
16.4607,pi,6.2800,6.4121,0.1349,0.1349
16.4656,pi,6.2800,6.4092,0.1349,0.1349
16.4706,pi,6.2800,6.4069,0.1349,0.1349
16.4757,pi,6.2800,6.3819,0.1354,0.1354
16.4806,pi,6.2800,6.3391,0.1362,0.1362
16.4856,pi,6.2800,6.3510,0.1360,0.1360
16.4907,pi,6.2800,6.3372,0.1362,0.1362
16.4956,pi,6.2800,6.3494,0.1360,0.1360
16.5007,pi,6.2800,6.3359,0.1362,0.1362
16.5056,pi,6.2800,6.3253,0.1364,0.1364
16.5106,pi,6.2800,6.3395,0.1361,0.1361
16.5156,pi,6.2800,6.3281,0.1363,0.1363
16.5206,pi,6.2800,6.3188,0.1365,0.1365
16.5256,pi,6.2800,6.3344,0.1362,0.1362
16.5306,pi,6.2800,6.3471,0.1359,0.1359
16.5357,pi,6.2800,6.3338,0.1362,0.1362
16.5406,pi,6.2800,6.3739,0.1353,0.1353
16.5456,pi,6.2800,6.3558,0.1357,0.1357
16.5506,pi,6.2800,6.3636,0.1355,0.1355
16.5556,pi,6.2800,6.3474,0.1358,0.1358
16.5606,pi,6.2800,6.3575,0.1356,0.1356
16.5656,pi,6.2800,6.3658,0.1354,0.1354
16.5706,pi,6.2800,6.3721,0.1353,0.1353
16.5757,pi,6.2800,6.4043,0.1346,0.1346
16.5806,pi,6.2800,6.4486,0.1337,0.1337
16.5856,pi,6.2800,6.4387,0.1338,0.1338
16.5907,pi,6.2800,6.4304,0.1340,0.1340
16.5956,pi,6.2800,6.4244,0.1340,0.1340
16.6006,pi,6.2800,6.4189,0.1341,0.1341
16.6056,pi,6.2800,6.4415,0.1336,0.1336
16.6107,pi,6.2800,6.4099,0.1342,0.1342
16.6156,pi,6.2800,6.3844,0.1347,0.1347
16.6207,pi,6.2800,6.4141,0.1341,0.1341
16.6256,pi,6.2800,6.4107,0.1341,0.1341
16.6306,pi,6.2800,6.3849,0.1346,0.1346
16.6357,pi,6.2800,6.3642,0.1350,0.1350
16.6406,pi,6.2800,6.3707,0.1348,0.1348
16.6457,pi,6.2800,6.3526,0.1352,0.1352
16.6506,pi,6.2800,6.3615,0.1350,0.1350
16.6556,pi,6.2800,6.3685,0.1348,0.1348
16.6606,pi,6.2800,6.3751,0.1347,0.1347
16.6657,pi,6.2800,6.3563,0.1350,0.1350
16.6706,pi,6.2800,6.3644,0.1348,0.1348
16.6758,pi,6.2800,6.3479,0.1351,0.1351
16.6806,pi,6.2800,6.3349,0.1354,0.1354
16.6856,pi,6.2800,6.3019,0.1360,0.1360
16.6883,coast,6.2800,6.3019,0.0000,0.0000
