t_s,mode,target_rad_s,speed_rad_s,u,u_unsaturated
0.0894,coast,6.2800,0.0000,0.0000,0.0000
0.0912,pi,6.2800,0.0000,0.1256,0.1256
0.0956,pi,6.2800,0.0000,0.1272,0.1272
0.0996,pi,6.2800,0.0000,0.1287,0.1287
0.1038,pi,6.2800,0.0000,0.1303,0.1303
0.1076,pi,6.2800,0.0000,0.1319,0.1319
0.1114,pi,6.2800,0.0000,0.1335,0.1335
0.1151,pi,6.2800,0.0000,0.1350,0.1350
0.1188,pi,6.2800,0.0627,0.1353,0.1353
0.1226,pi,6.2800,0.2177,0.1338,0.1338
0.1262,pi,6.2800,0.3247,0.1332,0.1332
0.1300,pi,6.2800,0.4610,0.1319,0.1319
0.1338,pi,6.2800,0.6724,0.1292,0.1292
0.1376,pi,6.2800,0.8863,0.1263,0.1263
0.1413,pi,6.2800,1.1202,0.1229,0.1229
0.1450,pi,6.2800,1.3538,0.1196,0.1196
0.1488,pi,6.2800,1.6306,0.1153,0.1153
0.1526,pi,6.2800,2.0114,0.1088,0.1088
0.1574,pi,6.2800,2.3112,0.1039,0.1039
0.1623,pi,6.2800,2.5794,0.0995,0.0995
0.1673,pi,6.2800,2.7949,0.0961,0.0961
0.1723,pi,6.2800,3.0588,0.0917,0.0917
0.1774,pi,6.2800,3.3157,0.0874,0.0874
0.1825,pi,6.2800,3.5222,0.0840,0.0840
0.1875,pi,6.2800,3.6725,0.0817,0.0817
0.1923,pi,6.2800,3.8060,0.0797,0.0797
0.1973,pi,6.2800,3.9590,0.0772,0.0772
0.2023,pi,6.2800,4.0812,0.0754,0.0754
0.2074,pi,6.2800,4.1339,0.0749,0.0749
0.2125,pi,6.2800,4.2114,0.0738,0.0738
0.2174,pi,6.2800,4.2733,0.0731,0.0731
0.2224,pi,6.2800,4.2730,0.0736,0.0736
0.2274,pi,6.2800,4.2729,0.0741,0.0741
0.2324,pi,6.2800,4.2222,0.0756,0.0756
0.2373,pi,6.2800,4.2003,0.0766,0.0766
0.2426,pi,6.2800,4.1640,0.0778,0.0778
0.2474,pi,6.2800,4.1352,0.0789,0.0789
0.2524,pi,6.2800,4.0621,0.0809,0.0809
0.2574,pi,6.2800,4.0264,0.0822,0.0822
0.2624,pi,6.2800,3.9980,0.0833,0.0833
0.2675,pi,6.2800,3.9016,0.0858,0.0858
0.2724,pi,6.2800,3.8752,0.0870,0.0870
0.2775,pi,6.2800,3.8039,0.0890,0.0890
0.2828,pi,6.2800,3.7966,0.0898,0.0898
0.2876,pi,6.2800,3.7402,0.0915,0.0915
0.2924,pi,6.2800,3.7232,0.0925,0.0925
0.2973,pi,6.2800,3.7101,0.0934,0.0934
0.3023,pi,6.2800,3.6993,0.0942,0.0942
0.3076,pi,6.2800,3.6631,0.0956,0.0956
0.3124,pi,6.2800,3.6844,0.0958,0.0958
0.3174,pi,6.2800,3.6787,0.0966,0.0966
0.3224,pi,6.2800,3.7200,0.0964,0.0964
0.3275,pi,6.2800,3.7300,0.0969,0.0969
0.3325,pi,6.2800,3.7608,0.0969,0.0969
0.3376,pi,6.2800,3.7401,0.0979,0.0979
0.3427,pi,6.2800,3.7459,0.0985,0.0985
0.3479,pi,6.2800,3.8007,0.0980,0.0980
0.3524,pi,6.2800,3.7944,0.0987,0.0987
0.3573,pi,6.2800,3.8122,0.0990,0.0990
0.3623,pi,6.2800,3.8724,0.0984,0.0984
0.3674,pi,6.2800,3.8749,0.0990,0.0990
0.3724,pi,6.2800,3.9041,0.0990,0.0990
0.3774,pi,6.2800,3.9458,0.0987,0.0987
0.3825,pi,6.2800,3.9609,0.0990,0.0990
0.3875,pi,6.2800,4.0231,0.0984,0.0984
0.3925,pi,6.2800,4.0728,0.0979,0.0979
0.3974,pi,6.2800,4.1266,0.0974,0.0974
0.4024,pi,6.2800,4.1240,0.0980,0.0980
0.4075,pi,6.2800,4.1536,0.0979,0.0979
0.4124,pi,6.2800,4.1773,0.0980,0.0980
0.4174,pi,6.2800,4.2465,0.0971,0.0971
0.4224,pi,6.2800,4.2516,0.0975,0.0975
0.4274,pi,6.2800,4.2557,0.0980,0.0980
0.4324,pi,6.2800,4.2727,0.0981,0.0981
0.4374,pi,6.2800,4.3321,0.0975,0.0975
0.4425,pi,6.2800,4.3343,0.0979,0.0979
0.4475,pi,6.2800,4.3219,0.0986,0.0986
0.4523,pi,6.2800,4.3257,0.0990,0.0990
0.4574,pi,6.2800,4.3746,0.0986,0.0986
0.4624,pi,6.2800,4.3540,0.0994,0.0994
0.4675,pi,6.2800,4.3376,0.1003,0.1003
0.4723,pi,6.2800,4.3381,0.1007,0.1007
0.4774,pi,6.2800,4.3846,0.1003,0.1003
0.4824,pi,6.2800,4.4217,0.1000,0.1000
0.4875,pi,6.2800,4.3917,0.1011,0.1011
0.4924,pi,6.2800,4.3816,0.1018,0.1018
0.4974,pi,6.2800,4.4193,0.1015,0.1015
0.5024,pi,6.2800,4.4496,0.1013,0.1013
0.5076,pi,6.2800,4.4280,0.1022,0.1022
0.5125,pi,6.2800,4.4104,0.1030,0.1030
0.5174,pi,6.2800,4.4424,0.1029,0.1029
0.5224,pi,6.2800,4.4681,0.1028,0.1028
0.5274,pi,6.2800,4.4887,0.1029,0.1029
0.5324,pi,6.2800,4.5051,0.1030,0.1030
0.5374,pi,6.2800,4.5181,0.1032,0.1032
0.5424,pi,6.2800,4.5743,0.1025,0.1025
0.5474,pi,6.2800,4.6191,0.1020,0.1020
0.5524,pi,6.2800,4.6551,0.1017,0.1017
0.5575,pi,6.2800,4.7292,0.1006,0.1006
0.5624,pi,6.2800,4.7382,0.1008,0.1008
0.5674,pi,6.2800,4.7504,0.1010,0.1010
0.5724,pi,6.2800,4.7551,0.1013,0.1013
0.5774,pi,6.2800,4.7590,0.1016,0.1016
0.5824,pi,6.2800,4.7621,0.1019,0.1019
0.5874,pi,6.2800,4.7646,0.1022,0.1022
0.5924,pi,6.2800,4.7713,0.1025,0.1025
0.5975,pi,6.2800,4.7216,0.1038,0.1038
0.6024,pi,6.2800,4.6819,0.1050,0.1050
0.6075,pi,6.2800,4.6591,0.1059,0.1059
0.6125,pi,6.2800,4.6415,0.1066,0.1066
0.6175,pi,6.2800,4.6679,0.1065,0.1065
0.6225,pi,6.2800,4.6893,0.1065,0.1065
0.6274,pi,6.2800,4.7063,0.1065,0.1065
0.6324,pi,6.2800,4.7199,0.1067,0.1067
0.6374,pi,6.2800,4.7355,0.1067,0.1067
0.6424,pi,6.2800,4.7433,0.1070,0.1070
0.6473,pi,6.2800,4.7542,0.1071,0.1071
0.6524,pi,6.2800,4.8087,0.1064,0.1064
0.6574,pi,6.2800,4.8523,0.1059,0.1059
0.6624,pi,6.2800,4.8872,0.1056,0.1056
0.6675,pi,6.2800,4.9151,0.1054,0.1054
0.6724,pi,6.2800,4.9374,0.1053,0.1053
0.6774,pi,6.2800,4.9555,0.1052,0.1052
0.6824,pi,6.2800,4.9697,0.1053,0.1053
0.6874,pi,6.2800,4.9812,0.1054,0.1054
0.6924,pi,6.2800,4.9903,0.1055,0.1055
0.6974,pi,6.2800,4.9976,0.1057,0.1057
0.7024,pi,6.2800,5.0035,0.1059,0.1059
0.7074,pi,6.2800,5.0082,0.1061,0.1061
0.7125,pi,6.2800,5.0109,0.1064,0.1064
0.7174,pi,6.2800,4.9685,0.1076,0.1076
0.7225,pi,6.2800,4.9298,0.1087,0.1087
0.7274,pi,6.2800,4.8987,0.1096,0.1096
0.7324,pi,6.2800,4.8739,0.1105,0.1105
0.7374,pi,6.2800,4.8541,0.1112,0.1112
0.7424,pi,6.2800,4.8381,0.1119,0.1119
0.7475,pi,6.2800,4.8252,0.1125,0.1125
0.7524,pi,6.2800,4.8152,0.1131,0.1131
0.7575,pi,6.2800,4.8069,0.1136,0.1136
0.7625,pi,6.2800,4.8048,0.1140,0.1140
0.7675,pi,6.2800,4.8490,0.1135,0.1135
0.7724,pi,6.2800,4.8845,0.1131,0.1131
0.7775,pi,6.2800,4.9130,0.1129,0.1129
0.7825,pi,6.2800,4.9857,0.1118,0.1118
0.7874,pi,6.2800,5.0393,0.1111,0.1111
0.7924,pi,6.2800,5.0825,0.1105,0.1105
0.7974,pi,6.2800,5.1172,0.1101,0.1101
0.8024,pi,6.2800,5.1451,0.1098,0.1098
0.8074,pi,6.2800,5.1671,0.1097,0.1097
0.8124,pi,6.2800,5.1849,0.1096,0.1096
0.8175,pi,6.2800,5.2032,0.1095,0.1095
0.8224,pi,6.2800,5.2136,0.1096,0.1096
0.8274,pi,6.2800,5.2263,0.1096,0.1096
0.8324,pi,6.2800,5.2321,0.1097,0.1097
0.8374,pi,6.2800,5.1919,0.1108,0.1108
0.8424,pi,6.2800,5.1589,0.1117,0.1117
0.8474,pi,6.2800,5.1325,0.1125,0.1125
0.8524,pi,6.2800,5.1115,0.1133,0.1133
0.8574,pi,6.2800,5.0946,0.1139,0.1139
0.8624,pi,6.2800,5.0810,0.1145,0.1145
0.8675,pi,6.2800,5.0702,0.1150,0.1150
0.8725,pi,6.2800,5.0614,0.1154,0.1154
0.8773,pi,6.2800,5.0545,0.1159,0.1159
0.8825,pi,6.2800,5.0991,0.1153,0.1153
0.8874,pi,6.2800,5.1348,0.1149,0.1149
0.8924,pi,6.2800,5.1633,0.1146,0.1146
0.8974,pi,6.2800,5.1862,0.1144,0.1144
0.9024,pi,6.2800,5.2044,0.1143,0.1143
0.9073,pi,6.2800,5.2145,0.1144,0.1144
0.9124,pi,6.2800,5.2227,0.1145,0.1145
0.9176,pi,6.2800,5.2334,0.1146,0.1146
0.9224,pi,6.2800,5.2377,0.1147,0.1147
0.9275,pi,6.2800,5.2450,0.1148,0.1148
0.9324,pi,6.2800,5.2925,0.1142,0.1142
0.9374,pi,6.2800,5.2852,0.1145,0.1145
0.9423,pi,6.2800,5.2793,0.1149,0.1149
0.9474,pi,6.2800,5.2747,0.1153,0.1153
0.9525,pi,6.2800,5.2751,0.1155,0.1155
0.9574,pi,6.2800,5.2753,0.1157,0.1157
0.9624,pi,6.2800,5.2754,0.1160,0.1160
0.9674,pi,6.2800,5.2709,0.1163,0.1163
0.9725,pi,6.2800,5.2720,0.1166,0.1166
0.9774,pi,6.2800,5.2684,0.1169,0.1169
0.9825,pi,6.2800,5.2197,0.1181,0.1181
0.9874,pi,6.2800,5.2310,0.1182,0.1182
0.9924,pi,6.2800,5.2401,0.1182,0.1182
0.9974,pi,6.2800,5.2474,0.1183,0.1183
1.0024,pi,6.2800,5.2534,0.1185,0.1185
1.0074,pi,6.2800,5.2536,0.1187,0.1187
1.0124,pi,6.2800,5.2997,0.1181,0.1181
1.0174,pi,6.2800,5.3366,0.1176,0.1176
1.0224,pi,6.2800,5.3661,0.1172,0.1172
1.0274,pi,6.2800,5.3898,0.1170,0.1170
1.0325,pi,6.2800,5.4172,0.1167,0.1167
1.0374,pi,6.2800,5.3894,0.1174,0.1174
1.0424,pi,6.2800,5.4082,0.1173,0.1173
1.0474,pi,6.2800,5.4324,0.1170,0.1170
1.0524,pi,6.2800,5.4518,0.1168,0.1168
1.0573,pi,6.2800,5.4581,0.1169,0.1169
1.0624,pi,6.2800,5.4219,0.1178,0.1178
1.0676,pi,6.2800,5.3928,0.1186,0.1186
1.0725,pi,6.2800,5.4196,0.1183,0.1183
1.0777,pi,6.2800,5.4413,0.1181,0.1181
1.0826,pi,6.2800,5.4495,0.1182,0.1182
1.0876,pi,6.2800,5.4568,0.1182,0.1182
1.0924,pi,6.2800,5.4623,0.1183,0.1183
1.0975,pi,6.2800,5.4251,0.1193,0.1193
1.1026,pi,6.2800,5.3912,0.1201,0.1201
1.1076,pi,6.2800,5.4182,0.1198,0.1198
1.1124,pi,6.2800,5.4312,0.1198,0.1198
1.1176,pi,6.2800,5.4507,0.1196,0.1196
1.1224,pi,6.2800,5.4574,0.1197,0.1197
1.1274,pi,6.2800,5.4633,0.1198,0.1198
1.1324,pi,6.2800,5.4677,0.1199,0.1199
1.1374,pi,6.2800,5.4711,0.1200,0.1200
1.1425,pi,6.2800,5.4826,0.1200,0.1200
1.1474,pi,6.2800,5.4828,0.1202,0.1202
1.1525,pi,6.2800,5.4918,0.1202,0.1202
1.1573,pi,6.2800,5.5357,0.1195,0.1195
1.1624,pi,6.2800,5.5262,0.1199,0.1199
1.1674,pi,6.2800,5.5179,0.1203,0.1203
1.1724,pi,6.2800,5.5572,0.1197,0.1197
1.1774,pi,6.2800,5.5884,0.1192,0.1192
1.1824,pi,6.2800,5.5675,0.1198,0.1198
1.1875,pi,6.2800,5.5590,0.1202,0.1202
1.1924,pi,6.2800,5.5530,0.1205,0.1205
1.1975,pi,6.2800,5.5972,0.1198,0.1198
1.2024,pi,6.2800,5.6334,0.1192,0.1192
1.2075,pi,6.2800,5.6117,0.1198,0.1198
1.2124,pi,6.2800,5.5948,0.1203,0.1203
1.2175,pi,6.2800,5.6314,0.1197,0.1197
1.2225,pi,6.2800,5.6101,0.1203,0.1203
1.2274,pi,6.2800,5.5934,0.1208,0.1208
1.2324,pi,6.2800,5.5801,0.1213,0.1213
1.2374,pi,6.2800,5.5606,0.1218,0.1218
1.2424,pi,6.2800,5.5915,0.1214,0.1214
1.2474,pi,6.2800,5.6157,0.1211,0.1211
1.2525,pi,6.2800,5.5982,0.1216,0.1216
1.2573,pi,6.2800,5.6213,0.1213,0.1213
1.2623,pi,6.2800,5.6404,0.1211,0.1211
1.2674,pi,6.2800,5.6553,0.1210,0.1210
1.2725,pi,6.2800,5.6210,0.1218,0.1218
1.2775,pi,6.2800,5.5939,0.1225,0.1225
1.2825,pi,6.2800,5.6177,0.1222,0.1222
1.2875,pi,6.2800,5.6499,0.1217,0.1217
1.2926,pi,6.2800,5.6251,0.1224,0.1224
1.2977,pi,6.2800,5.6051,0.1229,0.1229
1.3028,pi,6.2800,5.6401,0.1224,0.1224
1.3073,pi,6.2800,5.6176,0.1230,0.1230
1.3123,pi,6.2800,5.5999,0.1235,0.1235
1.3175,pi,6.2800,5.6358,0.1230,0.1230
1.3224,pi,6.2800,5.6647,0.1226,0.1226
1.3274,pi,6.2800,5.6741,0.1225,0.1225
1.3325,pi,6.2800,5.6450,0.1233,0.1233
1.3379,pi,6.2800,5.6709,0.1229,0.1229
1.3428,pi,6.2800,5.6923,0.1226,0.1226
1.3480,pi,6.2800,5.7086,0.1225,0.1225
1.3549,pi,6.2800,5.6647,0.1235,0.1235
1.3602,pi,6.2800,5.6782,0.1234,0.1234
1.3652,pi,6.2800,5.6972,0.1231,0.1231
1.3702,pi,6.2800,5.6626,0.1240,0.1240
1.3746,pi,6.2800,5.6722,0.1239,0.1239
1.3788,pi,6.2800,5.6938,0.1237,0.1237
1.3830,pi,6.2800,5.7111,0.1235,0.1235
1.3878,pi,6.2800,5.7111,0.1236,0.1236
1.3929,pi,6.2800,5.7205,0.1236,0.1236
1.3976,pi,6.2800,5.7193,0.1237,0.1237
1.4027,pi,6.2800,5.7192,0.1239,0.1239
1.4076,pi,6.2800,5.7645,0.1231,0.1231
1.4126,pi,6.2800,5.7554,0.1234,0.1234
1.4177,pi,6.2800,5.7473,0.1237,0.1237
1.4228,pi,6.2800,5.7030,0.1247,0.1247
1.4280,pi,6.2800,5.6662,0.1256,0.1256
1.4333,pi,6.2800,5.6851,0.1254,0.1254
1.4384,pi,6.2800,5.7024,0.1252,0.1252
1.4446,pi,6.2800,5.7462,0.1244,0.1244
1.4490,pi,6.2800,5.7523,0.1245,0.1245
1.4544,pi,6.2800,5.7706,0.1242,0.1242
1.4589,pi,6.2800,5.7371,0.1251,0.1251
1.4635,pi,6.2800,5.6922,0.1260,0.1260
1.4679,pi,6.2800,5.7082,0.1259,0.1259
1.4729,pi,6.2800,5.7207,0.1258,0.1258
1.4778,pi,6.2800,5.7640,0.1250,0.1250
1.4835,pi,6.2800,5.8005,0.1244,0.1244
1.4879,pi,6.2800,5.7964,0.1246,0.1246
1.4926,pi,6.2800,5.7806,0.1251,0.1251
1.4974,pi,6.2800,5.7718,0.1254,0.1254
1.5024,pi,6.2800,5.7610,0.1257,0.1257
1.5074,pi,6.2800,5.7428,0.1262,0.1262
1.5124,pi,6.2800,5.7829,0.1255,0.1255
1.5174,pi,6.2800,5.8173,0.1250,0.1250
1.5225,pi,6.2800,5.7982,0.1255,0.1255
1.5274,pi,6.2800,5.7833,0.1259,0.1259
1.5325,pi,6.2800,5.7699,0.1263,0.1263
1.5375,pi,6.2800,5.7587,0.1266,0.1266
1.5425,pi,6.2800,5.7508,0.1269,0.1269
1.5474,pi,6.2800,5.7893,0.1263,0.1263
1.5525,pi,6.2800,5.7873,0.1265,0.1265
1.5574,pi,6.2800,5.8353,0.1256,0.1256
1.5625,pi,6.2800,5.8243,0.1260,0.1260
1.5674,pi,6.2800,5.8154,0.1262,0.1262
1.5724,pi,6.2800,5.8586,0.1255,0.1255
1.5773,pi,6.2800,5.8750,0.1253,0.1253
1.5825,pi,6.2800,5.8558,0.1258,0.1258
1.5873,pi,6.2800,5.8728,0.1255,0.1255
1.5924,pi,6.2800,5.8868,0.1253,0.1253
1.5975,pi,6.2800,5.8979,0.1252,0.1252
1.6024,pi,6.2800,5.9064,0.1251,0.1251
1.6074,pi,6.2800,5.9134,0.1251,0.1251
1.6125,pi,6.2800,5.8867,0.1257,0.1257
1.6174,pi,6.2800,5.8976,0.1256,0.1256
1.6225,pi,6.2800,5.9062,0.1255,0.1255
1.6275,pi,6.2800,5.8676,0.1264,0.1264
1.6324,pi,6.2800,5.8823,0.1262,0.1262
1.6375,pi,6.2800,5.8617,0.1267,0.1267
1.6425,pi,6.2800,5.8450,0.1272,0.1272
1.6475,pi,6.2800,5.8816,0.1265,0.1265
1.6524,pi,6.2800,5.8932,0.1264,0.1264
1.6575,pi,6.2800,5.8705,0.1270,0.1270
1.6623,pi,6.2800,5.8844,0.1268,0.1268
1.6676,pi,6.2800,5.8635,0.1273,0.1273
1.6725,pi,6.2800,5.8465,0.1277,0.1277
1.6773,pi,6.2800,5.8655,0.1275,0.1275
1.6825,pi,6.2800,5.8807,0.1273,0.1273
1.6875,pi,6.2800,5.8605,0.1278,0.1278
1.6923,pi,6.2800,5.8766,0.1275,0.1275
1.6974,pi,6.2800,5.8897,0.1274,0.1274
1.7025,pi,6.2800,5.8678,0.1279,0.1279
1.7074,pi,6.2800,5.8822,0.1277,0.1277
1.7125,pi,6.2800,5.8940,0.1276,0.1276
1.7174,pi,6.2800,5.9034,0.1275,0.1275
1.7224,pi,6.2800,5.9108,0.1275,0.1275
1.7275,pi,6.2800,5.8844,0.1281,0.1281
1.7324,pi,6.2800,5.9135,0.1276,0.1276
1.7375,pi,6.2800,5.9372,0.1272,0.1272
1.7425,pi,6.2800,5.9558,0.1269,0.1269
1.7473,pi,6.2800,5.9708,0.1267,0.1267
1.7525,pi,6.2800,5.9647,0.1269,0.1269
1.7575,pi,6.2800,5.9277,0.1277,0.1277
1.7624,pi,6.2800,5.9483,0.1274,0.1274
1.7682,pi,6.2800,5.9142,0.1282,0.1282
1.7732,pi,6.2800,5.8870,0.1288,0.1288
1.7776,pi,6.2800,5.9157,0.1283,0.1283
1.7824,pi,6.2800,5.8887,0.1290,0.1290
1.7874,pi,6.2800,5.8533,0.1298,0.1298
1.7923,pi,6.2800,5.8710,0.1295,0.1295
1.7975,pi,6.2800,5.8527,0.1300,0.1300
1.8024,pi,6.2800,5.8380,0.1304,0.1304
1.8073,pi,6.2800,5.8583,0.1301,0.1301
1.8124,pi,6.2800,5.8750,0.1299,0.1299
1.8174,pi,6.2800,5.8426,0.1306,0.1306
1.8225,pi,6.2800,5.8628,0.1303,0.1303
1.8274,pi,6.2800,5.8787,0.1301,0.1301
1.8325,pi,6.2800,5.9088,0.1296,0.1296
1.8374,pi,6.2800,5.9331,0.1292,0.1292
1.8425,pi,6.2800,5.9023,0.1299,0.1299
1.8474,pi,6.2800,5.9281,0.1295,0.1295
1.8524,pi,6.2800,5.9306,0.1295,0.1295
1.8575,pi,6.2800,5.9005,0.1302,0.1302
1.8624,pi,6.2800,5.9267,0.1298,0.1298
1.8674,pi,6.2800,5.9475,0.1295,0.1295
1.8725,pi,6.2800,5.9134,0.1302,0.1302
1.8774,pi,6.2800,5.9371,0.1298,0.1298
1.8825,pi,6.2800,5.9377,0.1299,0.1299
1.8874,pi,6.2800,5.9387,0.1300,0.1300
1.8924,pi,6.2800,5.9392,0.1301,0.1301
1.8975,pi,6.2800,5.9394,0.1301,0.1301
1.9024,pi,6.2800,5.9398,0.1302,0.1302
1.9075,pi,6.2800,5.9399,0.1303,0.1303
1.9125,pi,6.2800,5.9583,0.1300,0.1300
1.9175,pi,6.2800,5.9729,0.1298,0.1298
1.9225,pi,6.2800,5.9663,0.1300,0.1300
1.9273,pi,6.2800,6.0072,0.1293,0.1293
1.9325,pi,6.2800,5.9940,0.1296,0.1296
1.9375,pi,6.2800,6.0014,0.1295,0.1295
1.9424,pi,6.2800,5.9893,0.1298,0.1298
1.9475,pi,6.2800,5.9795,0.1301,0.1301
1.9525,pi,6.2800,5.9898,0.1300,0.1300
1.9575,pi,6.2800,5.9980,0.1299,0.1299
1.9625,pi,6.2800,6.0046,0.1298,0.1298
1.9675,pi,6.2800,6.0100,0.1298,0.1298
1.9723,pi,6.2800,5.9964,0.1301,0.1301
1.9775,pi,6.2800,5.9532,0.1311,0.1311
1.9824,pi,6.2800,5.9507,0.1312,0.1312
1.9874,pi,6.2800,5.9945,0.1304,0.1304
1.9924,pi,6.2800,5.9840,0.1307,0.1307
1.9975,pi,6.2800,5.9936,0.1306,0.1306
2.0024,pi,6.2800,6.0288,0.1299,0.1299
2.0074,pi,6.2800,6.0113,0.1303,0.1303
2.0124,pi,6.2800,6.0431,0.1298,0.1298
2.0174,pi,6.2800,6.0228,0.1302,0.1302
2.0225,pi,6.2800,6.0245,0.1303,0.1303
2.0273,pi,6.2800,6.0533,0.1298,0.1298
2.0325,pi,6.2800,6.0488,0.1299,0.1299
2.0374,pi,6.2800,6.0453,0.1300,0.1300
2.0424,pi,6.2800,6.0424,0.1301,0.1301
2.0473,pi,6.2800,6.0676,0.1297,0.1297
2.0525,pi,6.2800,6.0604,0.1299,0.1299
2.0573,pi,6.2800,6.0820,0.1295,0.1295
2.0624,pi,6.2800,6.0720,0.1298,0.1298
2.0675,pi,6.2800,6.0639,0.1300,0.1300
2.0724,pi,6.2800,6.1077,0.1292,0.1292
2.0774,pi,6.2800,6.1426,0.1285,0.1285
2.0824,pi,6.2800,6.1707,0.1280,0.1280
2.0874,pi,6.2800,6.1420,0.1286,0.1286
2.0923,pi,6.2800,6.1473,0.1285,0.1285
2.0978,pi,6.2800,6.1518,0.1285,0.1285
2.1030,pi,6.2800,6.1666,0.1282,0.1282
2.1080,pi,6.2800,6.1414,0.1287,0.1287
2.1127,pi,6.2800,6.1186,0.1292,0.1292
2.1173,pi,6.2800,6.1288,0.1290,0.1290
2.1224,pi,6.2800,6.1369,0.1289,0.1289
2.1273,pi,6.2800,6.1435,0.1288,0.1288
2.1325,pi,6.2800,6.1211,0.1293,0.1293
2.1375,pi,6.2800,6.0845,0.1301,0.1301
2.1424,pi,6.2800,6.0739,0.1303,0.1303
2.1475,pi,6.2800,6.1148,0.1296,0.1296
2.1523,pi,6.2800,6.1255,0.1294,0.1294
2.1574,pi,6.2800,6.0995,0.1300,0.1300
2.1624,pi,6.2800,6.1139,0.1297,0.1297
2.1675,pi,6.2800,6.0972,0.1301,0.1301
2.1724,pi,6.2800,6.1114,0.1299,0.1299
2.1774,pi,6.2800,6.0954,0.1302,0.1302
2.1824,pi,6.2800,6.0644,0.1309,0.1309
2.1874,pi,6.2800,6.0853,0.1305,0.1305
2.1924,pi,6.2800,6.1024,0.1302,0.1302
2.1974,pi,6.2800,6.1158,0.1300,0.1300
2.2025,pi,6.2800,6.0818,0.1307,0.1307
2.2075,pi,6.2800,6.1219,0.1300,0.1300
2.2125,pi,6.2800,6.1012,0.1304,0.1304
2.2174,pi,6.2800,6.1370,0.1298,0.1298
2.2224,pi,6.2800,6.1155,0.1302,0.1302
2.2274,pi,6.2800,6.0986,0.1306,0.1306
2.2324,pi,6.2800,6.1128,0.1304,0.1304
2.2374,pi,6.2800,6.1697,0.1293,0.1293
2.2427,pi,6.2800,6.1919,0.1288,0.1288
2.2475,pi,6.2800,6.1592,0.1295,0.1295
2.2525,pi,6.2800,6.1838,0.1291,0.1291
2.2574,pi,6.2800,6.1808,0.1291,0.1291
2.2625,pi,6.2800,6.1776,0.1292,0.1292
2.2674,pi,6.2800,6.1779,0.1293,0.1293
2.2724,pi,6.2800,6.1304,0.1302,0.1302
2.2774,pi,6.2800,6.1385,0.1301,0.1301
2.2825,pi,6.2800,6.1170,0.1306,0.1306
2.2873,pi,6.2800,6.1275,0.1304,0.1304
2.2924,pi,6.2800,6.0903,0.1312,0.1312
2.2975,pi,6.2800,6.1062,0.1309,0.1309
2.3025,pi,6.2800,6.1193,0.1307,0.1307
2.3075,pi,6.2800,6.1012,0.1311,0.1311
2.3123,pi,6.2800,6.1151,0.1309,0.1309
2.3175,pi,6.2800,6.0815,0.1316,0.1316
2.3223,pi,6.2800,6.0993,0.1313,0.1313
2.3275,pi,6.2800,6.1136,0.1310,0.1310
2.3324,pi,6.2800,6.1248,0.1308,0.1308
2.3374,pi,6.2800,6.1061,0.1313,0.1313
2.3424,pi,6.2800,6.0913,0.1316,0.1316
2.3473,pi,6.2800,6.1069,0.1313,0.1313
2.3524,pi,6.2800,6.0743,0.1320,0.1320
2.3574,pi,6.2800,6.0935,0.1317,0.1317
2.3625,pi,6.2800,6.0809,0.1320,0.1320
2.3674,pi,6.2800,6.1212,0.1312,0.1312
2.3724,pi,6.2800,6.1032,0.1316,0.1316
2.3774,pi,6.2800,6.1383,0.1310,0.1310
2.3824,pi,6.2800,6.1167,0.1315,0.1315
2.3875,pi,6.2800,6.1499,0.1308,0.1308
2.3926,pi,6.2800,6.1762,0.1303,0.1303
2.3975,pi,6.2800,6.1964,0.1300,0.1300
2.4024,pi,6.2800,6.2133,0.1296,0.1296
2.4074,pi,6.2800,6.2270,0.1294,0.1294
2.4124,pi,6.2800,6.2380,0.1292,0.1292
2.4174,pi,6.2800,6.2468,0.1290,0.1290
2.4224,pi,6.2800,6.2538,0.1289,0.1289
2.4274,pi,6.2800,6.2364,0.1292,0.1292
2.4324,pi,6.2800,6.2237,0.1295,0.1295
2.4374,pi,6.2800,6.2131,0.1297,0.1297
2.4424,pi,6.2800,6.2045,0.1299,0.1299
2.4474,pi,6.2800,6.1978,0.1301,0.1301
2.4525,pi,6.2800,6.2141,0.1298,0.1298
2.4573,pi,6.2800,6.2054,0.1299,0.1299
2.4624,pi,6.2800,6.1985,0.1301,0.1301
2.4674,pi,6.2800,6.1930,0.1302,0.1302
2.4725,pi,6.2800,6.2100,0.1299,0.1299
2.4774,pi,6.2800,6.2019,0.1301,0.1301
2.4825,pi,6.2800,6.2176,0.1298,0.1298
2.4874,pi,6.2800,6.2305,0.1296,0.1296
2.4927,pi,6.2800,6.1901,0.1304,0.1304
2.4978,pi,6.2800,6.2075,0.1301,0.1301
2.5029,pi,6.2800,6.1711,0.1308,0.1308
2.5079,pi,6.2800,6.1921,0.1304,0.1304
2.5130,pi,6.2800,6.1583,0.1311,0.1311
2.5180,pi,6.2800,6.1322,0.1317,0.1317
2.5230,pi,6.2800,6.1383,0.1316,0.1316
2.5280,pi,6.2800,6.1142,0.1321,0.1321
2.5331,pi,6.2800,6.0973,0.1325,0.1325
2.5381,pi,6.2800,6.0832,0.1328,0.1328
2.5425,pi,6.2800,6.1225,0.1321,0.1321
2.5477,pi,6.2800,6.1314,0.1319,0.1319
2.5529,pi,6.2800,6.1387,0.1318,0.1318
2.5581,pi,6.2800,6.0987,0.1327,0.1327
2.5628,pi,6.2800,6.1120,0.1324,0.1324
2.5682,pi,6.2800,6.1463,0.1318,0.1318
2.5725,pi,6.2800,6.1967,0.1308,0.1308
2.5774,pi,6.2800,6.1922,0.1309,0.1309
2.5825,pi,6.2800,6.1899,0.1310,0.1310
2.5874,pi,6.2800,6.1868,0.1311,0.1311
2.5925,pi,6.2800,6.1842,0.1311,0.1311
2.5977,pi,6.2800,6.1818,0.1312,0.1312
2.6027,pi,6.2800,6.1792,0.1313,0.1313
2.6073,pi,6.2800,6.1781,0.1313,0.1313
2.6123,pi,6.2800,6.1916,0.1311,0.1311
2.6174,pi,6.2800,6.1873,0.1312,0.1312
2.6224,pi,6.2800,6.1842,0.1313,0.1313
2.6275,pi,6.2800,6.1533,0.1319,0.1319
2.6325,pi,6.2800,6.1792,0.1315,0.1315
2.6374,pi,6.2800,6.1998,0.1311,0.1311
2.6424,pi,6.2800,6.1937,0.1312,0.1312
2.6474,pi,6.2800,6.1887,0.1313,0.1313
2.6525,pi,6.2800,6.2070,0.1310,0.1310
2.6574,pi,6.2800,6.1722,0.1317,0.1317
2.6624,pi,6.2800,6.1717,0.1317,0.1317
2.6674,pi,6.2800,6.1436,0.1323,0.1323
2.6725,pi,6.2800,6.1209,0.1328,0.1328
2.6773,pi,6.2800,6.1305,0.1327,0.1327
2.6825,pi,6.2800,6.1842,0.1316,0.1316
2.6874,pi,6.2800,6.1813,0.1317,0.1317
2.6925,pi,6.2800,6.1513,0.1323,0.1323
2.6973,pi,6.2800,6.1549,0.1323,0.1323
2.7024,pi,6.2800,6.1577,0.1323,0.1323
2.7074,pi,6.2800,6.1612,0.1322,0.1322
2.7124,pi,6.2800,6.1352,0.1328,0.1328
2.7173,pi,6.2800,6.1419,0.1327,0.1327
2.7224,pi,6.2800,6.1473,0.1326,0.1326
2.7274,pi,6.2800,6.1743,0.1321,0.1321
2.7324,pi,6.2800,6.1732,0.1321,0.1321
2.7374,pi,6.2800,6.1725,0.1322,0.1322
2.7424,pi,6.2800,6.1719,0.1322,0.1322
2.7474,pi,6.2800,6.2171,0.1313,0.1313
2.7524,pi,6.2800,6.2074,0.1316,0.1316
2.7574,pi,6.2800,6.1722,0.1323,0.1323
2.7623,pi,6.2800,6.1716,0.1323,0.1323
2.7674,pi,6.2800,6.1436,0.1329,0.1329
2.7723,pi,6.2800,6.1486,0.1328,0.1328
2.7774,pi,6.2800,6.1252,0.1333,0.1333
2.7824,pi,6.2800,6.1063,0.1338,0.1338
2.7874,pi,6.2800,6.0914,0.1341,0.1341
2.7924,pi,6.2800,6.0794,0.1344,0.1344
2.7977,pi,6.2800,6.0694,0.1346,0.1346
2.8030,pi,6.2800,6.0612,0.1349,0.1349
2.8077,pi,6.2800,6.1051,0.1340,0.1340
2.8124,pi,6.2800,6.0902,0.1344,0.1344
2.8174,pi,6.2800,6.1059,0.1341,0.1341
2.8224,pi,6.2800,6.0910,0.1344,0.1344
2.8274,pi,6.2800,6.1065,0.1342,0.1342
2.8325,pi,6.2800,6.1191,0.1340,0.1340
2.8374,pi,6.2800,6.1749,0.1329,0.1329
2.8424,pi,6.2800,6.1739,0.1329,0.1329
2.8474,pi,6.2800,6.2190,0.1321,0.1321
2.8524,pi,6.2800,6.2097,0.1323,0.1323
2.8574,pi,6.2800,6.2479,0.1315,0.1315
2.8629,pi,6.2800,6.2547,0.1314,0.1314
2.8677,pi,6.2800,6.2581,0.1313,0.1313
2.8724,pi,6.2800,6.2628,0.1312,0.1312
2.8774,pi,6.2800,6.2650,0.1312,0.1312
2.8824,pi,6.2800,6.2459,0.1316,0.1316
2.8874,pi,6.2800,6.2308,0.1319,0.1319
2.8925,pi,6.2800,6.2412,0.1317,0.1317
2.8975,pi,6.2800,6.2482,0.1316,0.1316
2.9024,pi,6.2800,6.2550,0.1314,0.1314
2.9074,pi,6.2800,6.2100,0.1324,0.1324
2.9125,pi,6.2800,6.2242,0.1321,0.1321
2.9174,pi,6.2800,6.2137,0.1323,0.1323
2.9225,pi,6.2800,6.1761,0.1331,0.1331
2.9274,pi,6.2800,6.1751,0.1331,0.1331
2.9324,pi,6.2800,6.1300,0.1341,0.1341
2.9374,pi,6.2800,6.1381,0.1339,0.1339
2.9424,pi,6.2800,6.1442,0.1338,0.1338
2.9474,pi,6.2800,6.1494,0.1338,0.1338
2.9524,pi,6.2800,6.1086,0.1346,0.1346
2.9575,pi,6.2800,6.0750,0.1353,0.1353
2.9630,pi,6.2800,6.0937,0.1350,0.1350
2.9680,pi,6.2800,6.1313,0.1343,0.1343
2.9727,pi,6.2800,6.1385,0.1342,0.1342
2.9774,pi,6.2800,6.1663,0.1337,0.1337
2.9824,pi,6.2800,6.1895,0.1332,0.1332
2.9873,pi,6.2800,6.1577,0.1339,0.1339
2.9924,pi,6.2800,6.1827,0.1334,0.1334
2.9974,pi,6.2800,6.1521,0.1341,0.1341
3.0024,pi,6.2800,6.1782,0.1336,0.1336
3.0074,pi,6.2800,6.1992,0.1332,0.1332
3.0125,pi,6.2800,6.2386,0.1324,0.1324
3.0179,pi,6.2800,6.1968,0.1333,0.1333
3.0223,pi,6.2800,6.2138,0.1329,0.1329
3.0273,pi,6.2800,6.2055,0.1331,0.1331
3.0324,pi,6.2800,6.1996,0.1333,0.1333
3.0375,pi,6.2800,6.2160,0.1330,0.1330
3.0425,pi,6.2800,6.1788,0.1337,0.1337
3.0475,pi,6.2800,6.1994,0.1333,0.1333
3.0524,pi,6.2800,6.2158,0.1330,0.1330
3.0574,pi,6.2800,6.2290,0.1328,0.1328
3.0623,pi,6.2800,6.2169,0.1330,0.1330
3.0673,pi,6.2800,6.2075,0.1332,0.1332
3.0724,pi,6.2800,6.2001,0.1334,0.1334
3.0775,pi,6.2800,6.2163,0.1331,0.1331
3.0824,pi,6.2800,6.1787,0.1339,0.1339
3.0876,pi,6.2800,6.1309,0.1348,0.1348
3.0925,pi,6.2800,6.1600,0.1343,0.1343
3.0980,pi,6.2800,6.1321,0.1349,0.1349
3.1035,pi,6.2800,6.1095,0.1354,0.1354
3.1075,pi,6.2800,6.0938,0.1357,0.1357
3.1124,pi,6.2800,6.1313,0.1350,0.1350
3.1174,pi,6.2800,6.1114,0.1355,0.1355
3.1223,pi,6.2800,6.1230,0.1353,0.1353
3.1274,pi,6.2800,6.1324,0.1351,0.1351
3.1324,pi,6.2800,6.1399,0.1350,0.1350
3.1374,pi,6.2800,6.1462,0.1349,0.1349
3.1425,pi,6.2800,6.1965,0.1340,0.1340
3.1484,pi,6.2800,6.1921,0.1341,0.1341
3.1538,pi,6.2800,6.2350,0.1332,0.1332
3.1578,pi,6.2800,6.2244,0.1334,0.1334
3.1623,pi,6.2800,6.2595,0.1328,0.1328
3.1673,pi,6.2800,6.2418,0.1331,0.1331
3.1725,pi,6.2800,6.1997,0.1340,0.1340
3.1775,pi,6.2800,6.2162,0.1337,0.1337
3.1826,pi,6.2800,6.2295,0.1334,0.1334
3.1874,pi,6.2800,6.2399,0.1332,0.1332
3.1924,pi,6.2800,6.1982,0.1341,0.1341
3.1973,pi,6.2800,6.1924,0.1342,0.1342
3.2024,pi,6.2800,6.1884,0.1343,0.1343
3.2074,pi,6.2800,6.1849,0.1344,0.1344
3.2125,pi,6.2800,6.1543,0.1350,0.1350
3.2174,pi,6.2800,6.1800,0.1345,0.1345
3.2225,pi,6.2800,6.2502,0.1332,0.1332
3.2273,pi,6.2800,6.2794,0.1326,0.1326
3.2325,pi,6.2800,6.2575,0.1330,0.1330
3.2374,pi,6.2800,6.2398,0.1334,0.1334
3.2424,pi,6.2800,6.2257,0.1337,0.1337
3.2474,pi,6.2800,6.2602,0.1330,0.1330
3.2524,pi,6.2800,6.2647,0.1329,0.1329
3.2575,pi,6.2800,6.2680,0.1329,0.1329
3.2624,pi,6.2800,6.2709,0.1328,0.1328
3.2676,pi,6.2800,6.2731,0.1328,0.1328
3.2725,pi,6.2800,6.2512,0.1332,0.1332
3.2777,pi,6.2800,6.2068,0.1341,0.1341
3.2831,pi,6.2800,6.2215,0.1338,0.1338
3.2879,pi,6.2800,6.1829,0.1346,0.1346
3.2923,pi,6.2800,6.2024,0.1342,0.1342
3.2974,pi,6.2800,6.1681,0.1349,0.1349
3.3023,pi,6.2800,6.1682,0.1350,0.1350
3.3075,pi,6.2800,6.2140,0.1341,0.1341
3.3124,pi,6.2800,6.2053,0.1343,0.1343
3.3175,pi,6.2800,6.1983,0.1344,0.1344
3.3224,pi,6.2800,6.1927,0.1346,0.1346
3.3274,pi,6.2800,6.1888,0.1347,0.1347
3.3324,pi,6.2800,6.2311,0.1338,0.1338
3.3374,pi,6.2800,6.2193,0.1341,0.1341
3.3424,pi,6.2800,6.2559,0.1334,0.1334
3.3474,pi,6.2800,6.2390,0.1337,0.1337
3.3525,pi,6.2800,6.2476,0.1336,0.1336
3.3575,pi,6.2800,6.2043,0.1344,0.1344
3.3625,pi,6.2800,6.2196,0.1341,0.1341
3.3675,pi,6.2800,6.2318,0.1339,0.1339
3.3723,pi,6.2800,6.2419,0.1337,0.1337
3.3773,pi,6.2800,6.2272,0.1340,0.1340
3.3825,pi,6.2800,6.2383,0.1338,0.1338
3.3875,pi,6.2800,6.2973,0.1326,0.1326
3.3925,pi,6.2800,6.2942,0.1327,0.1327
3.3975,pi,6.2800,6.2911,0.1328,0.1328
3.4024,pi,6.2800,6.3121,0.1323,0.1323
3.4074,pi,6.2800,6.2837,0.1329,0.1329
3.4124,pi,6.2800,6.3068,0.1324,0.1324
3.4175,pi,6.2800,6.3011,0.1325,0.1325
3.4224,pi,6.2800,6.3206,0.1321,0.1321
3.4275,pi,6.2800,6.3125,0.1323,0.1323
3.4324,pi,6.2800,6.3296,0.1320,0.1320
3.4376,pi,6.2800,6.2695,0.1331,0.1331
3.4425,pi,6.2800,6.2218,0.1341,0.1341
3.4475,pi,6.2800,6.2325,0.1339,0.1339
3.4524,pi,6.2800,6.2657,0.1332,0.1332
3.4574,pi,6.2800,6.2465,0.1336,0.1336
3.4625,pi,6.2800,6.2019,0.1345,0.1345
3.4674,pi,6.2800,6.1952,0.1347,0.1347
3.4725,pi,6.2800,6.2127,0.1344,0.1344
3.4774,pi,6.2800,6.2039,0.1345,0.1345
3.4825,pi,6.2800,6.1693,0.1353,0.1353
3.4874,pi,6.2800,6.1693,0.1353,0.1353
3.4926,pi,6.2800,6.1919,0.1349,0.1349
3.4974,pi,6.2800,6.2328,0.1341,0.1341
3.5024,pi,6.2800,6.1926,0.1349,0.1349
3.5073,pi,6.2800,6.1880,0.1350,0.1350
3.5124,pi,6.2800,6.1842,0.1351,0.1351
3.5174,pi,6.2800,6.2280,0.1342,0.1342
3.5225,pi,6.2800,6.1886,0.1350,0.1350
3.5273,pi,6.2800,6.1847,0.1351,0.1351
3.5324,pi,6.2800,6.2273,0.1343,0.1343
3.5374,pi,6.2800,6.2385,0.1341,0.1341
3.5424,pi,6.2800,6.2244,0.1344,0.1344
3.5474,pi,6.2800,6.2595,0.1337,0.1337
3.5524,pi,6.2800,6.2876,0.1332,0.1332
3.5574,pi,6.2800,6.2865,0.1332,0.1332
3.5624,pi,6.2800,6.2630,0.1336,0.1336
3.5674,pi,6.2800,6.2901,0.1331,0.1331
3.5724,pi,6.2800,6.3119,0.1327,0.1327
3.5775,pi,6.2800,6.3061,0.1328,0.1328
3.5826,pi,6.2800,6.2510,0.1339,0.1339
3.5875,pi,6.2800,6.2573,0.1338,0.1338
3.5925,pi,6.2800,6.2619,0.1337,0.1337
3.5974,pi,6.2800,6.2661,0.1336,0.1336
3.6024,pi,6.2800,6.2190,0.1345,0.1345
3.6074,pi,6.2800,6.2090,0.1347,0.1347
3.6125,pi,6.2800,6.2734,0.1335,0.1335
3.6174,pi,6.2800,6.2751,0.1334,0.1334
3.6225,pi,6.2800,6.2262,0.1344,0.1344
3.6273,pi,6.2800,6.2147,0.1347,0.1347
3.6325,pi,6.2800,6.2276,0.1344,0.1344
3.6374,pi,6.2800,6.2615,0.1338,0.1338
3.6424,pi,6.2800,6.2433,0.1341,0.1341
3.6474,pi,6.2800,6.2750,0.1335,0.1335
3.6525,pi,6.2800,6.3269,0.1325,0.1325
3.6574,pi,6.2800,6.3180,0.1326,0.1326
3.6624,pi,6.2800,6.2879,0.1332,0.1332
3.6675,pi,6.2800,6.2869,0.1332,0.1332
3.6724,pi,6.2800,6.3362,0.1323,0.1323
3.6774,pi,6.2800,6.3253,0.1325,0.1325
3.6825,pi,6.2800,6.2936,0.1331,0.1331
3.6875,pi,6.2800,6.2910,0.1331,0.1331
3.6925,pi,6.2800,6.3393,0.1322,0.1322
3.6974,pi,6.2800,6.3275,0.1324,0.1324
3.7023,pi,6.2800,6.3413,0.1321,0.1321
3.7074,pi,6.2800,6.3071,0.1328,0.1328
3.7124,pi,6.2800,6.3253,0.1324,0.1324
3.7175,pi,6.2800,6.3168,0.1326,0.1326
3.7225,pi,6.2800,6.2597,0.1337,0.1337
3.7274,pi,6.2800,6.2417,0.1341,0.1341
3.7324,pi,6.2800,6.2728,0.1334,0.1334
3.7374,pi,6.2800,6.2978,0.1329,0.1329
3.7424,pi,6.2800,6.3180,0.1325,0.1325
3.7474,pi,6.2800,6.2882,0.1331,0.1331
3.7524,pi,6.2800,6.2871,0.1331,0.1331
3.7574,pi,6.2800,6.2862,0.1332,0.1332
3.7625,pi,6.2800,6.2842,0.1332,0.1332
3.7674,pi,6.2800,6.2840,0.1332,0.1332
3.7723,pi,6.2800,6.3067,0.1327,0.1327
3.7774,pi,6.2800,6.3019,0.1328,0.1328
3.7824,pi,6.2800,6.3210,0.1324,0.1324
3.7874,pi,6.2800,6.2905,0.1330,0.1330
3.7924,pi,6.2800,6.3121,0.1326,0.1326
3.7974,pi,6.2800,6.2834,0.1332,0.1332
3.8025,pi,6.2800,6.2329,0.1342,0.1342
3.8075,pi,6.2800,6.2417,0.1340,0.1340
3.8124,pi,6.2800,6.2727,0.1334,0.1334
3.8176,pi,6.2800,6.2747,0.1334,0.1334
3.8225,pi,6.2800,6.2750,0.1334,0.1334
3.8274,pi,6.2800,6.2766,0.1333,0.1333
3.8324,pi,6.2800,6.3008,0.1329,0.1329
3.8374,pi,6.2800,6.2744,0.1334,0.1334
3.8425,pi,6.2800,6.2257,0.1344,0.1344
3.8474,pi,6.2800,6.2371,0.1341,0.1341
3.8523,pi,6.2800,6.2692,0.1335,0.1335
3.8574,pi,6.2800,6.2945,0.1330,0.1330
3.8624,pi,6.2800,6.2922,0.1330,0.1330
3.8674,pi,6.2800,6.2903,0.1331,0.1331
3.8724,pi,6.2800,6.3119,0.1326,0.1326
3.8774,pi,6.2800,6.2844,0.1332,0.1332
3.8825,pi,6.2800,6.2338,0.1342,0.1342
3.8880,pi,6.2800,6.2208,0.1345,0.1345
3.8930,pi,6.2800,6.2332,0.1342,0.1342
3.8983,pi,6.2800,6.2427,0.1341,0.1341
3.9028,pi,6.2800,6.2005,0.1349,0.1349
3.9073,pi,6.2800,6.1941,0.1351,0.1351
3.9123,pi,6.2800,6.1897,0.1352,0.1352
3.9174,pi,6.2800,6.1399,0.1362,0.1362
3.9224,pi,6.2800,6.1005,0.1370,0.1370
3.9274,pi,6.2800,6.0228,0.1386,0.1386
3.9324,pi,6.2800,5.9607,0.1399,0.1399
3.9374,pi,6.2800,5.8238,0.1427,0.1427
3.9423,pi,6.2800,5.6643,0.1460,0.1460
3.9474,pi,6.2800,5.4911,0.1497,0.1497
3.9524,pi,6.2800,5.2160,0.1554,0.1554
3.9574,pi,6.2800,4.9496,0.1609,0.1609
3.9624,pi,6.2800,4.5626,0.1690,0.1690
3.9674,pi,6.2800,4.1527,0.1776,0.1776
3.9724,pi,6.2800,3.7246,0.1867,0.1867
3.9774,pi,6.2800,3.2808,0.1963,0.1963
3.9824,pi,6.2800,2.8257,0.2061,0.2061
3.9874,pi,6.2800,2.4615,0.2143,0.2143
3.9923,pi,6.2800,2.1522,0.2214,0.2214
3.9974,pi,6.2800,1.8215,0.2290,0.2290
4.0024,pi,6.2800,1.5584,0.2354,0.2354
4.0074,pi,6.2800,1.2969,0.2418,0.2418
4.0123,pi,6.2800,1.0833,0.2473,0.2473
4.0174,pi,6.2800,0.9167,0.2520,0.2520
4.0223,pi,6.2800,0.7793,0.2561,0.2561
4.0274,pi,6.2800,0.6736,0.2596,0.2596
4.0324,pi,6.2800,0.5846,0.2627,0.2627
4.0374,pi,6.2800,0.5133,0.2656,0.2656
4.0425,pi,6.2800,0.4102,0.2691,0.2691
4.0473,pi,6.2800,0.3286,0.2722,0.2722
4.0524,pi,6.2800,0.2627,0.2750,0.2750
4.0574,pi,6.2800,0.2103,0.2776,0.2776
4.0624,pi,6.2800,0.1682,0.2799,0.2799
4.0673,pi,6.2800,0.1346,0.2821,0.2821
4.0725,pi,6.2800,0.1077,0.2842,0.2842
4.0774,pi,6.2800,0.0861,0.2862,0.2862
4.0824,pi,6.2800,0.0689,0.2881,0.2881
4.0874,pi,6.2800,0.0551,0.2899,0.2899
4.0923,pi,6.2800,0.0441,0.2917,0.2917
4.0974,pi,6.2800,0.0353,0.2934,0.2934
4.1023,pi,6.2800,0.0282,0.2951,0.2951
4.1075,pi,6.2800,0.0226,0.2968,0.2968
4.1128,pi,6.2800,0.0180,0.2984,0.2984
4.1176,pi,6.2800,0.0144,0.3001,0.3001
4.1223,pi,6.2800,0.0116,0.3017,0.3017
4.1274,pi,6.2800,0.0092,0.3033,0.3033
4.1324,pi,6.2800,0.0074,0.3049,0.3049
4.1374,pi,6.2800,0.0059,0.3065,0.3065
4.1424,pi,6.2800,0.0047,0.3081,0.3081
4.1474,pi,6.2800,0.0038,0.3097,0.3097
4.1524,pi,6.2800,0.0030,0.3113,0.3113
4.1573,pi,6.2800,0.0024,0.3128,0.3128
4.1624,pi,6.2800,0.0019,0.3144,0.3144
4.1673,pi,6.2800,0.0016,0.3160,0.3160
4.1724,pi,6.2800,0.0012,0.3176,0.3176
4.1774,pi,6.2800,0.0010,0.3192,0.3192
4.1825,pi,6.2800,0.0008,0.3207,0.3207
4.1873,pi,6.2800,0.0006,0.3223,0.3223
4.1924,pi,6.2800,0.0005,0.3239,0.3239
4.1974,pi,6.2800,0.0004,0.3254,0.3254
4.2023,pi,6.2800,0.0003,0.3270,0.3270
4.2074,pi,6.2800,0.0003,0.3286,0.3286
4.2123,pi,6.2800,0.0002,0.3302,0.3302
4.2174,pi,6.2800,0.0002,0.3317,0.3317
4.2224,pi,6.2800,0.0001,0.3333,0.3333
4.2274,pi,6.2800,0.0001,0.3349,0.3349
4.2325,pi,6.2800,0.0001,0.3364,0.3364
4.2375,pi,6.2800,0.0001,0.3380,0.3380
4.2426,pi,6.2800,0.0001,0.3396,0.3396
4.2479,pi,6.2800,0.0000,0.3412,0.3412
4.2528,pi,6.2800,0.0000,0.3427,0.3427
4.2574,pi,6.2800,0.0000,0.3443,0.3443
4.2623,pi,6.2800,0.0000,0.3459,0.3459
4.2674,pi,6.2800,0.0000,0.3474,0.3474
4.2726,pi,6.2800,0.0000,0.3490,0.3490
4.2775,pi,6.2800,0.0000,0.3506,0.3506
4.2826,pi,6.2800,0.0000,0.3521,0.3521
4.2876,pi,6.2800,0.0000,0.3537,0.3537
4.2925,pi,6.2800,0.0000,0.3553,0.3553
4.2974,pi,6.2800,0.0000,0.3569,0.3569
4.3023,pi,6.2800,0.0000,0.3584,0.3584
4.3073,pi,6.2800,0.0000,0.3600,0.3600
4.3123,pi,6.2800,0.0000,0.3616,0.3616
4.3174,pi,6.2800,0.0000,0.3631,0.3631
4.3224,pi,6.2800,0.0000,0.3647,0.3647
4.3274,pi,6.2800,0.0000,0.3663,0.3663
4.3324,pi,6.2800,0.0000,0.3678,0.3678
4.3374,pi,6.2800,0.0000,0.3694,0.3694
4.3424,pi,6.2800,0.0000,0.3710,0.3710
4.3474,pi,6.2800,0.0000,0.3725,0.3725
4.3524,pi,6.2800,0.0000,0.3741,0.3741
4.3574,pi,6.2800,0.0000,0.3757,0.3757
4.3624,pi,6.2800,0.0000,0.3773,0.3773
4.3674,pi,6.2800,0.0000,0.3788,0.3788
4.3724,pi,6.2800,0.0000,0.3804,0.3804
4.3773,pi,6.2800,0.0000,0.3820,0.3820
4.3825,pi,6.2800,0.0000,0.3835,0.3835
4.3874,pi,6.2800,0.0000,0.3851,0.3851
4.3925,pi,6.2800,0.0000,0.3867,0.3867
4.3975,pi,6.2800,0.0000,0.3883,0.3883
4.4023,pi,6.2800,0.0000,0.3898,0.3898
4.4074,pi,6.2800,0.0000,0.3914,0.3914
4.4124,pi,6.2800,0.0000,0.3930,0.3930
4.4174,pi,6.2800,0.0000,0.3945,0.3945
4.4223,pi,6.2800,0.0000,0.3961,0.3961
4.4274,pi,6.2800,0.0000,0.3977,0.3977
4.4323,pi,6.2800,0.0000,0.3992,0.3992
4.4374,pi,6.2800,0.0000,0.4008,0.4008
4.4423,pi,6.2800,0.0000,0.4024,0.4024
4.4474,pi,6.2800,0.0000,0.4040,0.4040
4.4524,pi,6.2800,0.0000,0.4055,0.4055
4.4574,pi,6.2800,0.0000,0.4071,0.4071
4.4624,pi,6.2800,0.0000,0.4087,0.4087
4.4673,pi,6.2800,0.0000,0.4102,0.4102
4.4724,pi,6.2800,0.0000,0.4118,0.4118
4.4774,pi,6.2800,0.0000,0.4134,0.4134
4.4824,pi,6.2800,0.0000,0.4149,0.4149
4.4874,pi,6.2800,0.0000,0.4165,0.4165
4.4924,pi,6.2800,0.0000,0.4181,0.4181
4.4974,pi,6.2800,0.0000,0.4197,0.4197
4.5024,pi,6.2800,0.0000,0.4212,0.4212
4.5074,pi,6.2800,0.0000,0.4228,0.4228
4.5124,pi,6.2800,0.0000,0.4244,0.4244
4.5174,pi,6.2800,0.0000,0.4259,0.4259
4.5223,pi,6.2800,0.0000,0.4275,0.4275
4.5274,pi,6.2800,0.0000,0.4291,0.4291
4.5324,pi,6.2800,0.0000,0.4306,0.4306
4.5374,pi,6.2800,0.0000,0.4322,0.4322
4.5424,pi,6.2800,0.0000,0.4338,0.4338
4.5474,pi,6.2800,0.0000,0.4354,0.4354
4.5524,pi,6.2800,0.0000,0.4369,0.4369
4.5574,pi,6.2800,0.0000,0.4385,0.4385
4.5624,pi,6.2800,0.0000,0.4401,0.4401
4.5674,pi,6.2800,0.0000,0.4416,0.4416
4.5724,pi,6.2800,0.0000,0.4432,0.4432
4.5774,pi,6.2800,0.0000,0.4448,0.4448
4.5824,pi,6.2800,0.0000,0.4463,0.4463
4.5874,pi,6.2800,0.0000,0.4479,0.4479
4.5924,pi,6.2800,0.0000,0.4495,0.4495
4.5974,pi,6.2800,0.0000,0.4510,0.4510
4.6024,pi,6.2800,0.0000,0.4526,0.4526
4.6074,pi,6.2800,0.0000,0.4542,0.4542
4.6124,pi,6.2800,0.0000,0.4558,0.4558
4.6173,pi,6.2800,0.0000,0.4573,0.4573
4.6224,pi,6.2800,0.0000,0.4589,0.4589
4.6274,pi,6.2800,0.0000,0.4605,0.4605
4.6324,pi,6.2800,0.0000,0.4620,0.4620
4.6374,pi,6.2800,0.0000,0.4636,0.4636
4.6424,pi,6.2800,0.0000,0.4652,0.4652
4.6474,pi,6.2800,0.0000,0.4668,0.4668
4.6523,pi,6.2800,0.0000,0.4683,0.4683
4.6574,pi,6.2800,0.0000,0.4699,0.4699
4.6623,pi,6.2800,0.0000,0.4715,0.4715
4.6674,pi,6.2800,0.0000,0.4730,0.4730
4.6724,pi,6.2800,0.0000,0.4746,0.4746
4.6774,pi,6.2800,0.0000,0.4762,0.4762
4.6823,pi,6.2800,0.0000,0.4777,0.4777
4.6874,pi,6.2800,0.0000,0.4793,0.4793
4.6924,pi,6.2800,0.0000,0.4809,0.4809
4.6974,pi,6.2800,0.0000,0.4824,0.4824
4.7023,pi,6.2800,0.0000,0.4840,0.4840
4.7074,pi,6.2800,0.0000,0.4856,0.4856
4.7125,pi,6.2800,0.0000,0.4872,0.4872
4.7174,pi,6.2800,0.0000,0.4887,0.4887
4.7223,pi,6.2800,0.0000,0.4903,0.4903
4.7274,pi,6.2800,0.0000,0.4919,0.4919
4.7324,pi,6.2800,0.0000,0.4934,0.4934
4.7374,pi,6.2800,0.0000,0.4950,0.4950
4.7424,pi,6.2800,0.0000,0.4966,0.4966
4.7474,pi,6.2800,0.0000,0.4982,0.4982
4.7524,pi,6.2800,0.0000,0.4997,0.4997
4.7574,pi,6.2800,0.0000,0.5013,0.5013
4.7623,pi,6.2800,0.0000,0.5029,0.5029
4.7678,pi,6.2800,0.0000,0.5044,0.5044
4.7732,pi,6.2800,0.0000,0.5060,0.5060
4.7780,pi,6.2800,0.0000,0.5076,0.5076
4.7833,pi,6.2800,0.0000,0.5092,0.5092
4.7879,pi,6.2800,0.0000,0.5107,0.5107
4.7924,pi,6.2800,0.0000,0.5123,0.5123
4.7974,pi,6.2800,0.0000,0.5139,0.5139
4.8024,pi,6.2800,0.0000,0.5154,0.5154
4.8075,pi,6.2800,0.0000,0.5170,0.5170
4.8125,pi,6.2800,0.0000,0.5186,0.5186
4.8173,pi,6.2800,0.0000,0.5201,0.5201
4.8223,pi,6.2800,0.0000,0.5217,0.5217
4.8273,pi,6.2800,0.0000,0.5233,0.5233
4.8324,pi,6.2800,0.0000,0.5248,0.5248
4.8374,pi,6.2800,0.0000,0.5264,0.5264
4.8424,pi,6.2800,0.0000,0.5280,0.5280
4.8474,pi,6.2800,0.0000,0.5296,0.5296
4.8523,pi,6.2800,0.0000,0.5311,0.5311
4.8573,pi,6.2800,0.0000,0.5327,0.5327
4.8624,pi,6.2800,0.0000,0.5343,0.5343
4.8673,pi,6.2800,0.0000,0.5358,0.5358
4.8724,pi,6.2800,0.0000,0.5374,0.5374
4.8774,pi,6.2800,0.0000,0.5390,0.5390
4.8825,pi,6.2800,0.0000,0.5405,0.5405
4.8874,pi,6.2800,0.0000,0.5421,0.5421
4.8923,pi,6.2800,0.0000,0.5437,0.5437
4.8975,pi,6.2800,0.0000,0.5452,0.5452
4.9024,pi,6.2800,0.0000,0.5468,0.5468
4.9074,pi,6.2800,0.0000,0.5484,0.5484
4.9124,pi,6.2800,0.0000,0.5500,0.5500
4.9173,pi,6.2800,0.0000,0.5515,0.5515
4.9224,pi,6.2800,0.0000,0.5531,0.5531
4.9273,pi,6.2800,0.0000,0.5547,0.5547
4.9324,pi,6.2800,0.0000,0.5562,0.5562
4.9373,pi,6.2800,0.0000,0.5578,0.5578
4.9424,pi,6.2800,0.0000,0.5594,0.5594
4.9475,pi,6.2800,0.0000,0.5609,0.5609
4.9524,pi,6.2800,0.0000,0.5625,0.5625
4.9574,pi,6.2800,0.0000,0.5641,0.5641
4.9623,pi,6.2800,0.0000,0.5657,0.5657
4.9674,pi,6.2800,0.0000,0.5672,0.5672
4.9723,pi,6.2800,0.0000,0.5688,0.5688
4.9774,pi,6.2800,0.0000,0.5704,0.5704
4.9824,pi,6.2800,0.0000,0.5719,0.5719
4.9875,pi,6.2800,0.0000,0.5735,0.5735
4.9932,pi,6.2800,0.0000,0.5751,0.5751
4.9986,pi,6.2800,0.0456,0.5757,0.5757
5.0027,pi,6.2800,0.0867,0.5765,0.5765
5.0073,pi,6.2800,0.1150,0.5775,0.5775
5.0123,pi,6.2800,0.1377,0.5785,0.5785
5.0173,pi,6.2800,0.1558,0.5797,0.5797
5.0224,pi,6.2800,0.1749,0.5809,0.5809
5.0274,pi,6.2800,0.1902,0.5821,0.5821
5.0324,pi,6.2800,0.2024,0.5834,0.5834
5.0373,pi,6.2800,0.2076,0.5848,0.5848
5.0424,pi,6.2800,0.2118,0.5862,0.5862
5.0474,pi,6.2800,0.2152,0.5877,0.5877
5.0524,pi,6.2800,0.1721,0.5900,0.5900
5.0574,pi,6.2800,0.1377,0.5923,0.5923
5.0624,pi,6.2800,0.1101,0.5943,0.5943
5.0675,pi,6.2800,0.0881,0.5963,0.5963
5.0725,pi,6.2800,0.0705,0.5982,0.5982
5.0774,pi,6.2800,0.0564,0.6001,0.6001
5.0824,pi,6.2800,0.0451,0.6018,0.6018
5.0874,pi,6.2800,0.0361,0.6036,0.6036
5.0924,pi,6.2800,0.0289,0.6053,0.6053
5.0978,pi,6.2800,0.0231,0.6070,0.6070
5.1028,pi,6.2800,0.0185,0.6086,0.6086
5.1083,pi,6.2800,0.0148,0.6103,0.6103
5.1131,pi,6.2800,0.0118,0.6119,0.6119
5.1175,pi,6.2800,0.0095,0.6135,0.6135
5.1223,pi,6.2800,0.0076,0.6151,0.6151
5.1273,pi,6.2800,0.0061,0.6167,0.6167
5.1325,pi,6.2800,0.0048,0.6183,0.6183
5.1374,pi,6.2800,0.0039,0.6199,0.6199
5.1424,pi,6.2800,0.0031,0.6215,0.6215
5.1474,pi,6.2800,0.0025,0.6231,0.6231
5.1523,pi,6.2800,0.0020,0.6246,0.6246
5.1574,pi,6.2800,0.0016,0.6262,0.6262
5.1624,pi,6.2800,0.0013,0.6278,0.6278
5.1674,pi,6.2800,0.0010,0.6294,0.6294
5.1725,pi,6.2800,0.0008,0.6309,0.6309
5.1774,pi,6.2800,0.0007,0.6325,0.6325
5.1825,pi,6.2800,0.0005,0.6341,0.6341
5.1874,pi,6.2800,0.0004,0.6357,0.6357
5.1923,pi,6.2800,0.0003,0.6372,0.6372
5.1975,pi,6.2800,0.0003,0.6388,0.6388
5.2024,pi,6.2800,0.0002,0.6404,0.6404
5.2074,pi,6.2800,0.0002,0.6419,0.6419
5.2124,pi,6.2800,0.0001,0.6435,0.6435
5.2177,pi,6.2800,0.0001,0.6451,0.6451
5.2225,pi,6.2800,0.0001,0.6467,0.6467
5.2280,pi,6.2800,0.0001,0.6482,0.6482
5.2330,pi,6.2800,0.0001,0.6498,0.6498
5.2376,pi,6.2800,0.0000,0.6514,0.6514
5.2424,pi,6.2800,0.0000,0.6529,0.6529
5.2473,pi,6.2800,0.0000,0.6545,0.6545
5.2524,pi,6.2800,0.0000,0.6561,0.6561
5.2575,pi,6.2800,0.0000,0.6576,0.6576
5.2625,pi,6.2800,0.0000,0.6592,0.6592
5.2674,pi,6.2800,0.0000,0.6608,0.6608
5.2725,pi,6.2800,0.0000,0.6624,0.6624
5.2774,pi,6.2800,0.0000,0.6639,0.6639
5.2825,pi,6.2800,0.0000,0.6655,0.6655
5.2874,pi,6.2800,0.0000,0.6671,0.6671
5.2924,pi,6.2800,0.0000,0.6686,0.6686
5.2974,pi,6.2800,0.0000,0.6702,0.6702
5.3024,pi,6.2800,0.0000,0.6718,0.6718
5.3074,pi,6.2800,0.0000,0.6733,0.6733
5.3124,pi,6.2800,0.0000,0.6749,0.6749
5.3174,pi,6.2800,0.0000,0.6765,0.6765
5.3224,pi,6.2800,0.0000,0.6780,0.6780
5.3274,pi,6.2800,0.0000,0.6796,0.6796
5.3325,pi,6.2800,0.0000,0.6812,0.6812
5.3374,pi,6.2800,0.0000,0.6828,0.6828
5.3424,pi,6.2800,0.0000,0.6843,0.6843
5.3474,pi,6.2800,0.0000,0.6859,0.6859
5.3523,pi,6.2800,0.0000,0.6875,0.6875
5.3574,pi,6.2800,0.0000,0.6890,0.6890
5.3624,pi,6.2800,0.0000,0.6906,0.6906
5.3674,pi,6.2800,0.0000,0.6922,0.6922
5.3724,pi,6.2800,0.0000,0.6937,0.6937
5.3773,pi,6.2800,0.0000,0.6953,0.6953
5.3824,pi,6.2800,0.0000,0.6969,0.6969
5.3875,pi,6.2800,0.0000,0.6985,0.6985
5.3925,pi,6.2800,0.0000,0.7000,0.7000
5.3975,pi,6.2800,0.0000,0.7016,0.7016
5.4023,pi,6.2800,0.0000,0.7032,0.7032
5.4075,pi,6.2800,0.0000,0.7047,0.7047
5.4125,pi,6.2800,0.0000,0.7063,0.7063
5.4174,pi,6.2800,0.0000,0.7079,0.7079
5.4225,pi,6.2800,0.0000,0.7095,0.7095
5.4274,pi,6.2800,0.0000,0.7110,0.7110
5.4325,pi,6.2800,0.0000,0.7126,0.7126
5.4375,pi,6.2800,0.0000,0.7142,0.7142
5.4433,pi,6.2800,0.0000,0.7157,0.7157
5.4486,pi,6.2800,0.0000,0.7173,0.7173
5.4526,pi,6.2800,0.0000,0.7189,0.7189
5.4573,pi,6.2800,0.0000,0.7204,0.7204
5.4623,pi,6.2800,0.0000,0.7220,0.7220
5.4673,pi,6.2800,0.0000,0.7236,0.7236
5.4724,pi,6.2800,0.0000,0.7251,0.7251
5.4774,pi,6.2800,0.0000,0.7267,0.7267
5.4824,pi,6.2800,0.0000,0.7283,0.7283
5.4873,pi,6.2800,0.0000,0.7299,0.7299
5.4924,pi,6.2800,0.0000,0.7314,0.7314
5.4974,pi,6.2800,0.0000,0.7330,0.7330
5.5024,pi,6.2800,0.0000,0.7346,0.7346
5.5076,pi,6.2800,0.0000,0.7361,0.7361
5.5124,pi,6.2800,0.0000,0.7377,0.7377
5.5174,pi,6.2800,0.0000,0.7393,0.7393
5.5224,pi,6.2800,0.0000,0.7408,0.7408
5.5275,pi,6.2800,0.0000,0.7424,0.7424
5.5324,pi,6.2800,0.0000,0.7440,0.7440
5.5373,pi,6.2800,0.0000,0.7456,0.7456
5.5423,pi,6.2800,0.0000,0.7471,0.7471
5.5474,pi,6.2800,0.0000,0.7487,0.7487
5.5523,pi,6.2800,0.0000,0.7503,0.7503
5.5574,pi,6.2800,0.0000,0.7518,0.7518
5.5624,pi,6.2800,0.0000,0.7534,0.7534
5.5673,pi,6.2800,0.0000,0.7550,0.7550
5.5724,pi,6.2800,0.0000,0.7565,0.7565
5.5774,pi,6.2800,0.0000,0.7581,0.7581
5.5825,pi,6.2800,0.0000,0.7597,0.7597
5.5874,pi,6.2800,0.0000,0.7613,0.7613
5.5924,pi,6.2800,0.0000,0.7628,0.7628
5.5974,pi,6.2800,0.0000,0.7644,0.7644
5.6025,pi,6.2800,0.0000,0.7660,0.7660
5.6074,pi,6.2800,0.0000,0.7675,0.7675
5.6124,pi,6.2800,0.0000,0.7691,0.7691
5.6174,pi,6.2800,0.0000,0.7707,0.7707
5.6223,pi,6.2800,0.0000,0.7723,0.7723
5.6274,pi,6.2800,0.0000,0.7738,0.7738
5.6324,pi,6.2800,0.0000,0.7754,0.7754
5.6375,pi,6.2800,0.0000,0.7770,0.7770
5.6424,pi,6.2800,0.0000,0.7785,0.7785
5.6473,pi,6.2800,0.0000,0.7801,0.7801
5.6524,pi,6.2800,0.0000,0.7817,0.7817
5.6573,pi,6.2800,0.0000,0.7833,0.7833
5.6624,pi,6.2800,0.0000,0.7848,0.7848
5.6674,pi,6.2800,0.0000,0.7864,0.7864
5.6725,pi,6.2800,0.0000,0.7879,0.7879
5.6774,pi,6.2800,0.0000,0.7895,0.7895
5.6825,pi,6.2800,0.0000,0.7911,0.7911
5.6874,pi,6.2800,0.0000,0.7927,0.7927
5.6924,pi,6.2800,0.0000,0.7942,0.7942
5.6974,pi,6.2800,0.0000,0.7958,0.7958
5.7024,pi,6.2800,0.0000,0.7974,0.7974
5.7074,pi,6.2800,0.0000,0.7989,0.7989
5.7124,pi,6.2800,0.0000,0.8005,0.8005
5.7174,pi,6.2800,0.0000,0.8021,0.8021
5.7224,pi,6.2800,0.0000,0.8037,0.8037
5.7274,pi,6.2800,0.0000,0.8052,0.8052
5.7325,pi,6.2800,0.0000,0.8068,0.8068
5.7374,pi,6.2800,0.0000,0.8084,0.8084
5.7424,pi,6.2800,0.0000,0.8099,0.8099
5.7475,pi,6.2800,0.0000,0.8115,0.8115
5.7524,pi,6.2800,0.0000,0.8131,0.8131
5.7575,pi,6.2800,0.0000,0.8146,0.8146
5.7624,pi,6.2800,0.0000,0.8162,0.8162
5.7674,pi,6.2800,0.0000,0.8178,0.8178
5.7724,pi,6.2800,0.0000,0.8193,0.8193
5.7774,pi,6.2800,0.0000,0.8209,0.8209
5.7824,pi,6.2800,0.0000,0.8225,0.8225
5.7874,pi,6.2800,0.0000,0.8241,0.8241
5.7924,pi,6.2800,0.0000,0.8256,0.8256
5.7975,pi,6.2800,0.0000,0.8272,0.8272
5.8024,pi,6.2800,0.0000,0.8288,0.8288
5.8074,pi,6.2800,0.0000,0.8303,0.8303
5.8124,pi,6.2800,0.0000,0.8319,0.8319
5.8174,pi,6.2800,0.0000,0.8335,0.8335
5.8224,pi,6.2800,0.0000,0.8351,0.8351
5.8274,pi,6.2800,0.0000,0.8366,0.8366
5.8324,pi,6.2800,0.0000,0.8382,0.8382
5.8373,pi,6.2800,0.0000,0.8398,0.8398
5.8424,pi,6.2800,0.0000,0.8413,0.8413
5.8474,pi,6.2800,0.0000,0.8429,0.8429
5.8524,pi,6.2800,0.0000,0.8445,0.8445
5.8575,pi,6.2800,0.0000,0.8460,0.8460
5.8624,pi,6.2800,0.0000,0.8476,0.8476
5.8674,pi,6.2800,0.0000,0.8492,0.8492
5.8724,pi,6.2800,0.0000,0.8508,0.8508
5.8775,pi,6.2800,0.0000,0.8523,0.8523
5.8825,pi,6.2800,0.0000,0.8539,0.8539
5.8874,pi,6.2800,0.0000,0.8555,0.8555
5.8924,pi,6.2800,0.0000,0.8570,0.8570
5.8974,pi,6.2800,0.0000,0.8586,0.8586
5.9024,pi,6.2800,0.0000,0.8602,0.8602
5.9074,pi,6.2800,0.0000,0.8617,0.8617
5.9124,pi,6.2800,0.0000,0.8633,0.8633
5.9174,pi,6.2800,0.0000,0.8649,0.8649
5.9224,pi,6.2800,0.0000,0.8665,0.8665
5.9274,pi,6.2800,0.0000,0.8680,0.8680
5.9324,pi,6.2800,0.0000,0.8696,0.8696
5.9374,pi,6.2800,0.0000,0.8712,0.8712
5.9424,pi,6.2800,0.0000,0.8727,0.8727
5.9474,pi,6.2800,0.0000,0.8743,0.8743
5.9524,pi,6.2800,0.0000,0.8759,0.8759
5.9574,pi,6.2800,0.0000,0.8774,0.8774
5.9623,pi,6.2800,0.0000,0.8790,0.8790
5.9674,pi,6.2800,0.0000,0.8806,0.8806
5.9724,pi,6.2800,0.0000,0.8822,0.8822
5.9774,pi,6.2800,0.0000,0.8837,0.8837
5.9824,pi,6.2800,0.0000,0.8853,0.8853
5.9874,pi,6.2800,0.0000,0.8869,0.8869
5.9924,pi,6.2800,0.0000,0.8884,0.8884
5.9974,pi,6.2800,0.0000,0.8900,0.8900
6.0024,pi,6.2800,0.0000,0.8916,0.8916
6.0074,pi,6.2800,0.0000,0.8931,0.8931
6.0124,pi,6.2800,0.0000,0.8947,0.8947
6.0174,pi,6.2800,0.0000,0.8963,0.8963
6.0224,pi,6.2800,0.0000,0.8979,0.8979
6.0274,pi,6.2800,0.0000,0.8994,0.8994
6.0325,pi,6.2800,0.0000,0.9010,0.9010
6.0374,pi,6.2800,0.0000,0.9026,0.9026
6.0424,pi,6.2800,0.0000,0.9041,0.9041
6.0474,pi,6.2800,0.0000,0.9057,0.9057
6.0524,pi,6.2800,0.0000,0.9073,0.9073
6.0574,pi,6.2800,0.0000,0.9088,0.9088
6.0624,pi,6.2800,0.0000,0.9104,0.9104
6.0673,pi,6.2800,0.0000,0.9120,0.9120
6.0725,pi,6.2800,0.0000,0.9136,0.9136
6.0774,pi,6.2800,0.0000,0.9151,0.9151
6.0825,pi,6.2800,0.0000,0.9167,0.9167
6.0874,pi,6.2800,0.0000,0.9183,0.9183
6.0924,pi,6.2800,0.0000,0.9198,0.9198
6.0974,pi,6.2800,0.0000,0.9214,0.9214
6.1024,pi,6.2800,0.0000,0.9230,0.9230
6.1074,pi,6.2800,0.0000,0.9245,0.9245
6.1125,pi,6.2800,0.0000,0.9261,0.9261
6.1181,pi,6.2800,0.0000,0.9277,0.9277
6.1229,pi,6.2800,0.0000,0.9293,0.9293
6.1273,pi,6.2800,0.0000,0.9308,0.9308
6.1324,pi,6.2800,0.0000,0.9324,0.9324
6.1376,pi,6.2800,0.0000,0.9340,0.9340
6.1431,pi,6.2800,0.0000,0.9355,0.9355
6.1476,pi,6.2800,0.0000,0.9371,0.9371
6.1524,pi,6.2800,0.0000,0.9387,0.9387
6.1574,pi,6.2800,0.0000,0.9402,0.9402
6.1623,pi,6.2800,0.0000,0.9418,0.9418
6.1675,pi,6.2800,0.0000,0.9434,0.9434
6.1724,pi,6.2800,0.0458,0.9440,0.9440
6.1775,pi,6.2800,0.0870,0.9448,0.9448
6.1825,pi,6.2800,0.1701,0.9447,0.9447
6.1874,pi,6.2800,0.2869,0.9438,0.9438
6.1923,pi,6.2800,0.3664,0.9438,0.9438
6.1973,pi,6.2800,0.4302,0.9440,0.9440
6.2024,pi,6.2800,0.4814,0.9444,0.9444
6.2074,pi,6.2800,0.5223,0.9450,0.9450
6.2123,pi,6.2800,0.5549,0.9458,0.9458
6.2175,pi,6.2800,0.5948,0.9464,0.9464
6.2224,pi,6.2800,0.5764,0.9482,0.9482
6.2275,pi,6.2800,0.5616,0.9500,0.9500
6.2325,pi,6.2800,0.4996,0.9526,0.9526
6.2376,pi,6.2800,0.3994,0.9561,0.9561
6.2423,pi,6.2800,0.3199,0.9591,0.9591
6.2474,pi,6.2800,0.2561,0.9619,0.9619
6.2523,pi,6.2800,0.2048,0.9644,0.9644
6.2575,pi,6.2800,0.1637,0.9668,0.9668
6.2624,pi,6.2800,0.1310,0.9690,0.9690
6.2674,pi,6.2800,0.1048,0.9710,0.9710
6.2725,pi,6.2800,0.0838,0.9730,0.9730
6.2776,pi,6.2800,0.0670,0.9749,0.9749
6.2835,pi,6.2800,0.0534,0.9767,0.9767
6.2879,pi,6.2800,0.0429,0.9785,0.9785
6.2929,pi,6.2800,0.0343,0.9802,0.9802
6.2977,pi,6.2800,0.0274,0.9819,0.9819
6.3024,pi,6.2800,0.0220,0.9836,0.9836
6.3073,pi,6.2800,0.0176,0.9852,0.9852
6.3125,pi,6.2800,0.0141,0.9869,0.9869
6.3176,pi,6.2800,0.0113,0.9885,0.9885
6.3224,pi,6.2800,0.0090,0.9901,0.9901
6.3273,pi,6.2800,0.0072,0.9917,0.9917
6.3324,pi,6.2800,0.0058,0.9933,0.9933
6.3378,pi,6.2800,0.0046,0.9949,0.9949
6.3427,pi,6.2800,0.0037,0.9965,0.9965
6.3479,pi,6.2800,0.0029,0.9981,0.9981
6.3533,pi,6.2800,0.0023,0.9996,0.9996
6.3582,pi,6.2800,0.0019,1.0000,1.0013
6.3626,pi,6.2800,0.0015,1.0000,1.0028
6.3677,pi,6.2800,0.0012,1.0000,1.0044
6.3727,pi,6.2800,0.0010,1.0000,1.0060
6.3775,pi,6.2800,0.0008,1.0000,1.0076
6.3825,pi,6.2800,0.0006,1.0000,1.0091
6.3875,pi,6.2800,0.0005,1.0000,1.0107
6.3925,pi,6.2800,0.0004,1.0000,1.0122
6.3975,pi,6.2800,0.0003,1.0000,1.0138
6.4026,pi,6.2800,0.0003,1.0000,1.0154
6.4075,pi,6.2800,0.0002,1.0000,1.0169
6.4126,pi,6.2800,0.0002,1.0000,1.0185
6.4175,pi,6.2800,0.0001,1.0000,1.0201
6.4227,pi,6.2800,0.0001,1.0000,1.0217
6.4277,pi,6.2800,0.0001,1.0000,1.0233
6.4328,pi,6.2800,0.0001,1.0000,1.0248
6.4380,pi,6.2800,0.0001,1.0000,1.0264
6.4426,pi,6.2800,0.0000,1.0000,1.0279
6.4476,pi,6.2800,0.0000,1.0000,1.0295
6.4526,pi,6.2800,0.0000,1.0000,1.0311
6.4576,pi,6.2800,0.0000,1.0000,1.0327
6.4626,pi,6.2800,0.0000,1.0000,1.0342
6.4677,pi,6.2800,0.0000,1.0000,1.0358
6.4727,pi,6.2800,0.0000,1.0000,1.0374
6.4776,pi,6.2800,0.0000,1.0000,1.0389
6.4827,pi,6.2800,0.0000,1.0000,1.0405
6.4877,pi,6.2800,0.0000,1.0000,1.0421
6.4925,pi,6.2800,0.0000,1.0000,1.0436
6.4973,pi,6.2800,0.0000,1.0000,1.0452
6.5023,pi,6.2800,0.0000,1.0000,1.0468
6.5075,pi,6.2800,0.0000,1.0000,1.0483
6.5124,pi,6.2800,0.0000,1.0000,1.0499
6.5174,pi,6.2800,0.0000,1.0000,1.0515
6.5224,pi,6.2800,0.0000,1.0000,1.0531
6.5274,pi,6.2800,0.0000,1.0000,1.0546
6.5325,pi,6.2800,0.0000,1.0000,1.0562
6.5374,pi,6.2800,0.0000,1.0000,1.0578
6.5424,pi,6.2800,0.0000,1.0000,1.0593
6.5474,pi,6.2800,0.0000,1.0000,1.0609
6.5524,pi,6.2800,0.0000,1.0000,1.0625
6.5574,pi,6.2800,0.0000,1.0000,1.0640
6.5623,pi,6.2800,0.0000,1.0000,1.0656
6.5674,pi,6.2800,0.0000,1.0000,1.0672
6.5724,pi,6.2800,0.0000,1.0000,1.0688
6.5774,pi,6.2800,0.0000,1.0000,1.0703
6.5825,pi,6.2800,0.0000,1.0000,1.0719
6.5873,pi,6.2800,0.0000,1.0000,1.0735
6.5924,pi,6.2800,0.0000,1.0000,1.0750
6.5975,pi,6.2800,0.0000,1.0000,1.0766
6.6023,pi,6.2800,0.0000,1.0000,1.0782
6.6074,pi,6.2800,0.0000,1.0000,1.0797
6.6124,pi,6.2800,0.0000,1.0000,1.0813
6.6174,pi,6.2800,0.0000,1.0000,1.0829
6.6224,pi,6.2800,0.0000,1.0000,1.0845
6.6275,pi,6.2800,0.0000,1.0000,1.0860
6.6324,pi,6.2800,0.0000,1.0000,1.0876
6.6374,pi,6.2800,0.0000,1.0000,1.0892
6.6424,pi,6.2800,0.0000,1.0000,1.0907
6.6474,pi,6.2800,0.0000,1.0000,1.0923
6.6524,pi,6.2800,0.0000,1.0000,1.0939
6.6573,pi,6.2800,0.0000,1.0000,1.0954
6.6624,pi,6.2800,0.0000,1.0000,1.0970
6.6674,pi,6.2800,0.0000,1.0000,1.0986
6.6725,pi,6.2800,0.0000,1.0000,1.1002
6.6774,pi,6.2800,0.0000,1.0000,1.1017
6.6824,pi,6.2800,0.0000,1.0000,1.1033
6.6874,pi,6.2800,0.0000,1.0000,1.1049
6.6924,pi,6.2800,0.0000,1.0000,1.1064
6.6974,pi,6.2800,0.0000,1.0000,1.1080
6.7023,pi,6.2800,0.0000,1.0000,1.1096
6.7074,pi,6.2800,0.0000,1.0000,1.1111
6.7124,pi,6.2800,0.0000,1.0000,1.1127
6.7174,pi,6.2800,0.0000,1.0000,1.1143
6.7224,pi,6.2800,0.0000,1.0000,1.1159
6.7274,pi,6.2800,0.0000,1.0000,1.1174
6.7324,pi,6.2800,0.0000,1.0000,1.1190
6.7374,pi,6.2800,0.0000,1.0000,1.1206
6.7423,pi,6.2800,0.0000,1.0000,1.1221
6.7474,pi,6.2800,0.0000,1.0000,1.1237
6.7524,pi,6.2800,0.0000,1.0000,1.1253
6.7574,pi,6.2800,0.0000,1.0000,1.1268
6.7624,pi,6.2800,0.0000,1.0000,1.1284
6.7674,pi,6.2800,0.0000,1.0000,1.1300
6.7725,pi,6.2800,0.0000,1.0000,1.1316
6.7774,pi,6.2800,0.0000,1.0000,1.1331
6.7825,pi,6.2800,0.0000,1.0000,1.1347
6.7873,pi,6.2800,0.0000,1.0000,1.1363
6.7924,pi,6.2800,0.0000,1.0000,1.1378
6.7974,pi,6.2800,0.0000,1.0000,1.1394
6.8023,pi,6.2800,0.0000,1.0000,1.1410
6.8074,pi,6.2800,0.0000,1.0000,1.1425
6.8124,pi,6.2800,0.0000,1.0000,1.1441
6.8174,pi,6.2800,0.0000,1.0000,1.1457
6.8224,pi,6.2800,0.0000,1.0000,1.1473
6.8274,pi,6.2800,0.0000,1.0000,1.1488
6.8324,pi,6.2800,0.0000,1.0000,1.1504
6.8374,pi,6.2800,0.0000,1.0000,1.1520
6.8423,pi,6.2800,0.0000,1.0000,1.1535
6.8474,pi,6.2800,0.0000,1.0000,1.1551
6.8524,pi,6.2800,0.0000,1.0000,1.1567
6.8574,pi,6.2800,0.0000,1.0000,1.1582
6.8624,pi,6.2800,0.0000,1.0000,1.1598
6.8674,pi,6.2800,0.0000,1.0000,1.1614
6.8724,pi,6.2800,0.0000,1.0000,1.1630
6.8774,pi,6.2800,0.0000,1.0000,1.1645
6.8824,pi,6.2800,0.0000,1.0000,1.1661
6.8874,pi,6.2800,0.0000,1.0000,1.1677
6.8924,pi,6.2800,0.0000,1.0000,1.1692
6.8973,pi,6.2800,0.0000,1.0000,1.1708
6.9024,pi,6.2800,0.0000,1.0000,1.1724
6.9074,pi,6.2800,0.0000,1.0000,1.1739
6.9123,pi,6.2800,0.0000,1.0000,1.1755
6.9174,pi,6.2800,0.0000,1.0000,1.1771
6.9225,pi,6.2800,0.0000,1.0000,1.1787
6.9274,pi,6.2800,0.0000,1.0000,1.1802
6.9324,pi,6.2800,0.0000,1.0000,1.1818
6.9374,pi,6.2800,0.0000,1.0000,1.1834
6.9423,pi,6.2800,0.0000,1.0000,1.1849
6.9474,pi,6.2800,0.0000,1.0000,1.1865
6.9524,pi,6.2800,0.0000,1.0000,1.1881
6.9573,pi,6.2800,0.0000,1.0000,1.1896
6.9624,pi,6.2800,0.0000,1.0000,1.1912
6.9674,pi,6.2800,0.0000,1.0000,1.1928
6.9724,pi,6.2800,0.0000,1.0000,1.1944
6.9774,pi,6.2800,0.0000,1.0000,1.1959
6.9824,pi,6.2800,0.0000,1.0000,1.1975
6.9874,pi,6.2800,0.0000,1.0000,1.1991
6.9924,pi,6.2800,0.0000,1.0000,1.2006
6.9974,pi,6.2800,0.0000,1.0000,1.2022
7.0024,pi,6.2800,0.0000,1.0000,1.2038
7.0074,pi,6.2800,0.0000,1.0000,1.2053
7.0124,pi,6.2800,0.0000,1.0000,1.2069
7.0173,pi,6.2800,0.0000,1.0000,1.2085
7.0224,pi,6.2800,0.0000,1.0000,1.2101
7.0273,pi,6.2800,0.0000,1.0000,1.2116
7.0324,pi,6.2800,0.0000,1.0000,1.2132
7.0375,pi,6.2800,0.0000,1.0000,1.2148
7.0424,pi,6.2800,0.0000,1.0000,1.2163
7.0474,pi,6.2800,0.0000,1.0000,1.2179
7.0524,pi,6.2800,0.0000,1.0000,1.2195
7.0574,pi,6.2800,0.0000,1.0000,1.2210
7.0623,pi,6.2800,0.0000,1.0000,1.2226
7.0674,pi,6.2800,0.0000,1.0000,1.2242
7.0730,pi,6.2800,0.0000,1.0000,1.2258
7.0775,pi,6.2800,0.0000,1.0000,1.2273
7.0823,pi,6.2800,0.0000,1.0000,1.2289
7.0873,pi,6.2800,0.0000,1.0000,1.2305
7.0924,pi,6.2800,0.0000,1.0000,1.2320
7.0974,pi,6.2800,0.0000,1.0000,1.2336
7.1023,pi,6.2800,0.0000,1.0000,1.2352
7.1074,pi,6.2800,0.0000,1.0000,1.2367
7.1125,pi,6.2800,0.0000,1.0000,1.2383
7.1177,pi,6.2800,0.0000,1.0000,1.2399
7.1227,pi,6.2800,0.0000,1.0000,1.2415
7.1273,pi,6.2800,0.0000,1.0000,1.2430
7.1324,pi,6.2800,0.0000,1.0000,1.2446
7.1373,pi,6.2800,0.0000,1.0000,1.2462
7.1423,pi,6.2800,0.0000,1.0000,1.2477
7.1474,pi,6.2800,0.0000,1.0000,1.2493
7.1524,pi,6.2800,0.0000,1.0000,1.2509
7.1573,pi,6.2800,0.0000,1.0000,1.2524
7.1625,pi,6.2800,0.0000,1.0000,1.2540
7.1673,pi,6.2800,0.0000,1.0000,1.2556
7.1724,pi,6.2800,0.0000,1.0000,1.2572
7.1774,pi,6.2800,0.0000,1.0000,1.2587
7.1824,pi,6.2800,0.0000,1.0000,1.2603
7.1873,pi,6.2800,0.0000,1.0000,1.2619
7.1924,pi,6.2800,0.0000,1.0000,1.2634
7.1974,pi,6.2800,0.0000,1.0000,1.2650
7.2025,pi,6.2800,0.0000,1.0000,1.2666
7.2074,pi,6.2800,0.0000,1.0000,1.2682
7.2123,pi,6.2800,0.0000,1.0000,1.2697
7.2174,pi,6.2800,0.0000,1.0000,1.2713
7.2224,pi,6.2800,0.0000,1.0000,1.2729
7.2274,pi,6.2800,0.0000,1.0000,1.2744
7.2324,pi,6.2800,0.0000,1.0000,1.2760
7.2374,pi,6.2800,0.0000,1.0000,1.2776
7.2423,pi,6.2800,0.0000,1.0000,1.2791
7.2474,pi,6.2800,0.0000,1.0000,1.2807
7.2524,pi,6.2800,0.0000,1.0000,1.2823
7.2574,pi,6.2800,0.0000,1.0000,1.2838
7.2626,pi,6.2800,0.0000,1.0000,1.2854
7.2674,pi,6.2800,0.0000,1.0000,1.2870
7.2725,pi,6.2800,0.0000,1.0000,1.2886
7.2774,pi,6.2800,0.0000,1.0000,1.2901
7.2823,pi,6.2800,0.0000,1.0000,1.2917
7.2875,pi,6.2800,0.0000,1.0000,1.2933
7.2924,pi,6.2800,0.0000,1.0000,1.2949
7.2974,pi,6.2800,0.0000,1.0000,1.2964
7.3024,pi,6.2800,0.0000,1.0000,1.2980
7.3074,pi,6.2800,0.0000,1.0000,1.2995
7.3123,pi,6.2800,0.0000,1.0000,1.3011
7.3175,pi,6.2800,0.0000,1.0000,1.3027
7.3224,pi,6.2800,0.0000,1.0000,1.3043
7.3274,pi,6.2800,0.0000,1.0000,1.3058
7.3325,pi,6.2800,0.0000,1.0000,1.3074
7.3373,pi,6.2800,0.0000,1.0000,1.3090
7.3424,pi,6.2800,0.0000,1.0000,1.3105
7.3474,pi,6.2800,0.0000,1.0000,1.3121
7.3524,pi,6.2800,0.0000,1.0000,1.3137
7.3574,pi,6.2800,0.0000,1.0000,1.3152
7.3624,pi,6.2800,0.0000,1.0000,1.3168
7.3674,pi,6.2800,0.0000,1.0000,1.3184
7.3723,pi,6.2800,0.0000,1.0000,1.3200
7.3774,pi,6.2800,0.0000,1.0000,1.3215
7.3824,pi,6.2800,0.0000,1.0000,1.3231
7.3874,pi,6.2800,0.0000,1.0000,1.3247
7.3925,pi,6.2800,0.0000,1.0000,1.3262
7.3975,pi,6.2800,0.0000,1.0000,1.3278
7.4024,pi,6.2800,0.0000,1.0000,1.3294
7.4074,pi,6.2800,0.0000,1.0000,1.3309
7.4124,pi,6.2800,0.0000,1.0000,1.3325
7.4175,pi,6.2800,0.0000,1.0000,1.3341
7.4224,pi,6.2800,0.0000,1.0000,1.3357
7.4274,pi,6.2800,0.0000,1.0000,1.3372
7.4324,pi,6.2800,0.0000,1.0000,1.3388
7.4374,pi,6.2800,0.0000,1.0000,1.3404
7.4424,pi,6.2800,0.0000,1.0000,1.3419
7.4474,pi,6.2800,0.0000,1.0000,1.3435
7.4524,pi,6.2800,0.0000,1.0000,1.3451
7.4573,pi,6.2800,0.0000,1.0000,1.3466
7.4624,pi,6.2800,0.0000,1.0000,1.3482
7.4674,pi,6.2800,0.0000,1.0000,1.3498
7.4724,pi,6.2800,0.0000,1.0000,1.3514
7.4775,pi,6.2800,0.0000,1.0000,1.3529
7.4825,pi,6.2800,0.0000,1.0000,1.3545
7.4874,pi,6.2800,0.0000,1.0000,1.3561
7.4926,pi,6.2800,0.0000,1.0000,1.3576
7.4977,pi,6.2800,0.0000,1.0000,1.3592
7.5028,pi,6.2800,0.0000,1.0000,1.3608
7.5080,pi,6.2800,0.0000,1.0000,1.3624
7.5132,pi,6.2800,0.0000,1.0000,1.3639
7.5176,pi,6.2800,0.0000,1.0000,1.3655
7.5227,pi,6.2800,0.0000,1.0000,1.3671
7.5276,pi,6.2800,0.0000,1.0000,1.3686
7.5330,pi,6.2800,0.0000,1.0000,1.3702
7.5379,pi,6.2800,0.0000,1.0000,1.3718
7.5430,pi,6.2800,0.0000,1.0000,1.3734
7.5480,pi,6.2800,0.0000,1.0000,1.3749
7.5528,pi,6.2800,0.0000,1.0000,1.3765
7.5574,pi,6.2800,0.0000,1.0000,1.3781
7.5623,pi,6.2800,0.0000,1.0000,1.3796
7.5675,pi,6.2800,0.0000,1.0000,1.3812
7.5724,pi,6.2800,0.0000,1.0000,1.3828
7.5773,pi,6.2800,0.0000,1.0000,1.3843
7.5824,pi,6.2800,0.0000,1.0000,1.3859
7.5874,pi,6.2800,0.0000,1.0000,1.3875
7.5923,pi,6.2800,0.0000,1.0000,1.3890
7.5973,pi,6.2800,0.0000,1.0000,1.3906
7.6023,pi,6.2800,0.0000,1.0000,1.3922
7.6073,pi,6.2800,0.0000,1.0000,1.3937
7.6124,pi,6.2800,0.0000,1.0000,1.3953
7.6174,pi,6.2800,0.0000,1.0000,1.3969
7.6223,pi,6.2800,0.0000,1.0000,1.3985
7.6274,pi,6.2800,0.0000,1.0000,1.4000
7.6324,pi,6.2800,0.0000,1.0000,1.4016
7.6373,pi,6.2800,0.0000,1.0000,1.4032
7.6424,pi,6.2800,0.0000,1.0000,1.4047
7.6473,pi,6.2800,0.0000,1.0000,1.4063
7.6524,pi,6.2800,0.0000,1.0000,1.4079
7.6573,pi,6.2800,0.0000,1.0000,1.4094
7.6623,pi,6.2800,0.0000,1.0000,1.4110
7.6673,pi,6.2800,0.0000,1.0000,1.4126
7.6724,pi,6.2800,0.0000,1.0000,1.4141
7.6774,pi,6.2800,0.0000,1.0000,1.4157
7.6824,pi,6.2800,0.0000,1.0000,1.4173
7.6874,pi,6.2800,0.0000,1.0000,1.4189
7.6923,pi,6.2800,0.0000,1.0000,1.4204
7.6974,pi,6.2800,0.0000,1.0000,1.4220
7.7023,pi,6.2800,0.0000,1.0000,1.4236
7.7073,pi,6.2800,0.0000,1.0000,1.4251
7.7124,pi,6.2800,0.0000,1.0000,1.4267
7.7173,pi,6.2800,0.0000,1.0000,1.4283
7.7223,pi,6.2800,0.0000,1.0000,1.4299
7.7274,pi,6.2800,0.0000,1.0000,1.4314
7.7324,pi,6.2800,0.0000,1.0000,1.4330
7.7374,pi,6.2800,0.0000,1.0000,1.4346
7.7423,pi,6.2800,0.0000,1.0000,1.4361
7.7473,pi,6.2800,0.0000,1.0000,1.4377
7.7524,pi,6.2800,0.0000,1.0000,1.4393
7.7573,pi,6.2800,0.0000,1.0000,1.4408
7.7624,pi,6.2800,0.0000,1.0000,1.4424
7.7674,pi,6.2800,0.0000,1.0000,1.4440
7.7724,pi,6.2800,0.0000,1.0000,1.4456
7.7774,pi,6.2800,0.0000,1.0000,1.4471
7.7823,pi,6.2800,0.0000,1.0000,1.4487
7.7874,pi,6.2800,0.0000,1.0000,1.4503
7.7923,pi,6.2800,0.0000,1.0000,1.4518
7.7973,pi,6.2800,0.0000,1.0000,1.4534
7.8024,pi,6.2800,0.0000,1.0000,1.4550
7.8074,pi,6.2800,0.0000,1.0000,1.4565
7.8124,pi,6.2800,0.0000,1.0000,1.4581
7.8173,pi,6.2800,0.0000,1.0000,1.4597
7.8224,pi,6.2800,0.0000,1.0000,1.4612
7.8273,pi,6.2800,0.0000,1.0000,1.4628
7.8323,pi,6.2800,0.0000,1.0000,1.4644
7.8373,pi,6.2800,0.0000,1.0000,1.4660
7.8423,pi,6.2800,0.0000,1.0000,1.4675
7.8474,pi,6.2800,0.0000,1.0000,1.4691
7.8523,pi,6.2800,0.0000,1.0000,1.4707
7.8573,pi,6.2800,0.0000,1.0000,1.4722
7.8624,pi,6.2800,0.0000,1.0000,1.4738
7.8674,pi,6.2800,0.0000,1.0000,1.4754
7.8724,pi,6.2800,0.0000,1.0000,1.4770
7.8774,pi,6.2800,0.0000,1.0000,1.4785
7.8824,pi,6.2800,0.0000,1.0000,1.4801
7.8874,pi,6.2800,0.0000,1.0000,1.4817
7.8924,pi,6.2800,0.0000,1.0000,1.4832
7.8974,pi,6.2800,0.0000,1.0000,1.4848
7.9024,pi,6.2800,0.0000,1.0000,1.4864
7.9073,pi,6.2800,0.0000,1.0000,1.4879
7.9124,pi,6.2800,0.0000,1.0000,1.4895
7.9174,pi,6.2800,0.0000,1.0000,1.4911
7.9223,pi,6.2800,0.0000,1.0000,1.4927
7.9274,pi,6.2800,0.0000,1.0000,1.4942
7.9324,pi,6.2800,0.0000,1.0000,1.4958
7.9374,pi,6.2800,0.0000,1.0000,1.4974
7.9424,pi,6.2800,0.0000,1.0000,1.4989
7.9474,pi,6.2800,0.0000,1.0000,1.5005
7.9524,pi,6.2800,0.0000,1.0000,1.5021
7.9573,pi,6.2800,0.0000,1.0000,1.5036
7.9623,pi,6.2800,0.0000,1.0000,1.5052
7.9674,pi,6.2800,0.0000,1.0000,1.5068
7.9725,pi,6.2800,0.0000,1.0000,1.5084
7.9774,pi,6.2800,0.0000,1.0000,1.5099
7.9824,pi,6.2800,0.0000,1.0000,1.5115
7.9873,pi,6.2800,0.0000,1.0000,1.5131
7.9924,pi,6.2800,0.0000,1.0000,1.5146
7.9974,pi,6.2800,0.0000,1.0000,1.5162
8.0023,pi,6.2800,0.0000,1.0000,1.5178
8.0073,pi,6.2800,0.0000,1.0000,1.5193
8.0124,pi,6.2800,0.0000,1.0000,1.5209
8.0173,pi,6.2800,0.0000,1.0000,1.5225
8.0224,pi,6.2800,0.0000,1.0000,1.5241
8.0274,pi,6.2800,0.0000,1.0000,1.5256
8.0324,pi,6.2800,0.0000,1.0000,1.5272
8.0374,pi,6.2800,0.0000,1.0000,1.5288
8.0424,pi,6.2800,0.0000,1.0000,1.5303
8.0474,pi,6.2800,0.0000,1.0000,1.5319
8.0524,pi,6.2800,0.0000,1.0000,1.5335
8.0574,pi,6.2800,0.0000,1.0000,1.5350
8.0624,pi,6.2800,0.0000,1.0000,1.5366
8.0674,pi,6.2800,0.0000,1.0000,1.5382
8.0724,pi,6.2800,0.0000,1.0000,1.5398
8.0774,pi,6.2800,0.0000,1.0000,1.5413
8.0824,pi,6.2800,0.0000,1.0000,1.5429
8.0875,pi,6.2800,0.0000,1.0000,1.5445
8.0925,pi,6.2800,0.0000,1.0000,1.5460
8.0975,pi,6.2800,0.0000,1.0000,1.5476
8.1024,pi,6.2800,0.0000,1.0000,1.5492
8.1075,pi,6.2800,0.0000,1.0000,1.5507
8.1126,pi,6.2800,0.0000,1.0000,1.5523
8.1176,pi,6.2800,0.0000,1.0000,1.5539
8.1225,pi,6.2800,0.0000,1.0000,1.5555
8.1274,pi,6.2800,0.0000,1.0000,1.5570
8.1324,pi,6.2800,0.0000,1.0000,1.5586
8.1373,pi,6.2800,0.0000,1.0000,1.5602
8.1424,pi,6.2800,0.0000,1.0000,1.5617
8.1474,pi,6.2800,0.0000,1.0000,1.5633
8.1524,pi,6.2800,0.0000,1.0000,1.5649
8.1573,pi,6.2800,0.0000,1.0000,1.5664
8.1624,pi,6.2800,0.0000,1.0000,1.5680
8.1673,pi,6.2800,0.0000,1.0000,1.5696
8.1724,pi,6.2800,0.0000,1.0000,1.5712
8.1774,pi,6.2800,0.0000,1.0000,1.5727
8.1824,pi,6.2800,0.0000,1.0000,1.5743
8.1873,pi,6.2800,0.0000,1.0000,1.5759
8.1924,pi,6.2800,0.0000,1.0000,1.5774
8.1974,pi,6.2800,0.0000,1.0000,1.5790
8.2023,pi,6.2800,0.0000,1.0000,1.5806
8.2074,pi,6.2800,0.0000,1.0000,1.5821
8.2124,pi,6.2800,0.0000,1.0000,1.5837
8.2173,pi,6.2800,0.0000,1.0000,1.5853
8.2224,pi,6.2800,0.0000,1.0000,1.5869
8.2274,pi,6.2800,0.0000,1.0000,1.5884
8.2324,pi,6.2800,0.0000,1.0000,1.5900
8.2374,pi,6.2800,0.0000,1.0000,1.5916
8.2423,pi,6.2800,0.0000,1.0000,1.5931
8.2474,pi,6.2800,0.0000,1.0000,1.5947
8.2524,pi,6.2800,0.0000,1.0000,1.5963
8.2574,pi,6.2800,0.0000,1.0000,1.5978
8.2624,pi,6.2800,0.0000,1.0000,1.5994
8.2674,pi,6.2800,0.0000,1.0000,1.6010
8.2723,pi,6.2800,0.0000,1.0000,1.6026
8.2775,pi,6.2800,0.0000,1.0000,1.6041
8.2827,pi,6.2800,0.0000,1.0000,1.6057
8.2875,pi,6.2800,0.0000,1.0000,1.6073
8.2924,pi,6.2800,0.0000,1.0000,1.6088
8.2973,pi,6.2800,0.0000,1.0000,1.6104
8.3024,pi,6.2800,0.0000,1.0000,1.6120
8.3074,pi,6.2800,0.0000,1.0000,1.6135
8.3124,pi,6.2800,0.0000,1.0000,1.6151
8.3176,pi,6.2800,0.0000,1.0000,1.6167
8.3224,pi,6.2800,0.0000,1.0000,1.6183
8.3279,pi,6.2800,0.0000,1.0000,1.6198
8.3329,pi,6.2800,0.0000,1.0000,1.6214
8.3375,pi,6.2800,0.0000,1.0000,1.6230
8.3424,pi,6.2800,0.0000,1.0000,1.6245
8.3473,pi,6.2800,0.0000,1.0000,1.6261
8.3523,pi,6.2800,0.0000,1.0000,1.6277
8.3574,pi,6.2800,0.0000,1.0000,1.6292
8.3624,pi,6.2800,0.0000,1.0000,1.6308
8.3673,pi,6.2800,0.0000,1.0000,1.6324
8.3724,pi,6.2800,0.0000,1.0000,1.6340
8.3774,pi,6.2800,0.0000,1.0000,1.6355
8.3825,pi,6.2800,0.0000,1.0000,1.6371
8.3875,pi,6.2800,0.0000,1.0000,1.6387
8.3925,pi,6.2800,0.0000,1.0000,1.6402
8.3974,pi,6.2800,0.0000,1.0000,1.6418
8.4024,pi,6.2800,0.0000,1.0000,1.6434
8.4075,pi,6.2800,0.0000,1.0000,1.6449
8.4124,pi,6.2800,0.0000,1.0000,1.6465
8.4174,pi,6.2800,0.0000,1.0000,1.6481
8.4224,pi,6.2800,0.0000,1.0000,1.6497
8.4274,pi,6.2800,0.0000,1.0000,1.6512
8.4326,pi,6.2800,0.0000,1.0000,1.6528
8.4376,pi,6.2800,0.0000,1.0000,1.6544
8.4429,pi,6.2800,0.0000,1.0000,1.6559
8.4477,pi,6.2800,0.0000,1.0000,1.6575
8.4524,pi,6.2800,0.0000,1.0000,1.6591
8.4573,pi,6.2800,0.0000,1.0000,1.6606
8.4623,pi,6.2800,0.0000,1.0000,1.6622
8.4673,pi,6.2800,0.0000,1.0000,1.6638
8.4724,pi,6.2800,0.0000,1.0000,1.6654
8.4775,pi,6.2800,0.0000,1.0000,1.6669
8.4824,pi,6.2800,0.0000,1.0000,1.6685
8.4874,pi,6.2800,0.0000,1.0000,1.6701
8.4936,pi,6.2800,0.0000,1.0000,1.6716
8.4990,pi,6.2800,0.0000,1.0000,1.6732
8.5028,pi,6.2800,0.0000,1.0000,1.6748
8.5074,pi,6.2800,0.0000,1.0000,1.6763
8.5123,pi,6.2800,0.0000,1.0000,1.6779
8.5174,pi,6.2800,0.0000,1.0000,1.6795
8.5224,pi,6.2800,0.0000,1.0000,1.6811
8.5275,pi,6.2800,0.0000,1.0000,1.6826
8.5324,pi,6.2800,0.0000,1.0000,1.6842
8.5374,pi,6.2800,0.0000,1.0000,1.6858
8.5430,pi,6.2800,0.0000,1.0000,1.6873
8.5484,pi,6.2800,0.0000,1.0000,1.6889
8.5525,pi,6.2800,0.0000,1.0000,1.6905
8.5573,pi,6.2800,0.0000,1.0000,1.6921
8.5623,pi,6.2800,0.0000,1.0000,1.6936
8.5674,pi,6.2800,0.0000,1.0000,1.6952
8.5725,pi,6.2800,0.0000,1.0000,1.6968
8.5775,pi,6.2800,0.0000,1.0000,1.6983
8.5825,pi,6.2800,0.0000,1.0000,1.6999
8.5873,pi,6.2800,0.0000,1.0000,1.7015
8.5926,pi,6.2800,0.0000,1.0000,1.7030
8.5976,pi,6.2800,0.0000,1.0000,1.7046
8.6027,pi,6.2800,0.0000,1.0000,1.7062
8.6074,pi,6.2800,0.0000,1.0000,1.7077
8.6123,pi,6.2800,0.0000,1.0000,1.7093
8.6173,pi,6.2800,0.0000,1.0000,1.7109
8.6224,pi,6.2800,0.0000,1.0000,1.7125
8.6275,pi,6.2800,0.0000,1.0000,1.7140
8.6324,pi,6.2800,0.0000,1.0000,1.7156
8.6374,pi,6.2800,0.0000,1.0000,1.7172
8.6425,pi,6.2800,0.0000,1.0000,1.7187
8.6478,pi,6.2800,0.0000,1.0000,1.7203
8.6530,pi,6.2800,0.0000,1.0000,1.7219
8.6574,pi,6.2800,0.0000,1.0000,1.7235
8.6624,pi,6.2800,0.0000,1.0000,1.7250
8.6673,pi,6.2800,0.0000,1.0000,1.7266
8.6723,pi,6.2800,0.0000,1.0000,1.7282
8.6775,pi,6.2800,0.0000,1.0000,1.7297
8.6824,pi,6.2800,0.0000,1.0000,1.7313
8.6874,pi,6.2800,0.0000,1.0000,1.7329
8.6924,pi,6.2800,0.0000,1.0000,1.7344
8.6975,pi,6.2800,0.0000,1.0000,1.7360
8.7025,pi,6.2800,0.0000,1.0000,1.7376
8.7074,pi,6.2800,0.0000,1.0000,1.7392
8.7125,pi,6.2800,0.0000,1.0000,1.7407
8.7174,pi,6.2800,0.0000,1.0000,1.7423
8.7225,pi,6.2800,0.0000,1.0000,1.7439
8.7273,pi,6.2800,0.0000,1.0000,1.7454
8.7325,pi,6.2800,0.0000,1.0000,1.7470
8.7374,pi,6.2800,0.0000,1.0000,1.7486
8.7424,pi,6.2800,0.0000,1.0000,1.7501
8.7473,pi,6.2800,0.0000,1.0000,1.7517
8.7524,pi,6.2800,0.0000,1.0000,1.7533
8.7574,pi,6.2800,0.0000,1.0000,1.7548
8.7623,pi,6.2800,0.0000,1.0000,1.7564
8.7674,pi,6.2800,0.0000,1.0000,1.7580
8.7724,pi,6.2800,0.0000,1.0000,1.7596
8.7774,pi,6.2800,0.0000,1.0000,1.7611
8.7825,pi,6.2800,0.0000,1.0000,1.7627
8.7874,pi,6.2800,0.0000,1.0000,1.7643
8.7925,pi,6.2800,0.0000,1.0000,1.7658
8.7974,pi,6.2800,0.0000,1.0000,1.7674
8.8023,pi,6.2800,0.0000,1.0000,1.7690
8.8074,pi,6.2800,0.0000,1.0000,1.7705
8.8124,pi,6.2800,0.0000,1.0000,1.7721
8.8177,pi,6.2800,0.0000,1.0000,1.7737
8.8225,pi,6.2800,0.0000,1.0000,1.7753
8.8274,pi,6.2800,0.0000,1.0000,1.7768
8.8323,pi,6.2800,0.0000,1.0000,1.7784
8.8376,pi,6.2800,0.0000,1.0000,1.7800
8.8426,pi,6.2800,0.0000,1.0000,1.7815
8.8476,pi,6.2800,0.0000,1.0000,1.7831
8.8523,pi,6.2800,0.0000,1.0000,1.7847
8.8573,pi,6.2800,0.0000,1.0000,1.7862
8.8623,pi,6.2800,0.0000,1.0000,1.7878
8.8673,pi,6.2800,0.0000,1.0000,1.7894
8.8724,pi,6.2800,0.0000,1.0000,1.7910
8.8775,pi,6.2800,0.0000,1.0000,1.7925
8.8825,pi,6.2800,0.0000,1.0000,1.7941
8.8874,pi,6.2800,0.0000,1.0000,1.7957
8.8934,pi,6.2800,0.0000,1.0000,1.7972
8.8988,pi,6.2800,0.0000,1.0000,1.7988
8.9027,pi,6.2800,0.0000,1.0000,1.8004
8.9074,pi,6.2800,0.0000,1.0000,1.8019
8.9123,pi,6.2800,0.0000,1.0000,1.8035
8.9174,pi,6.2800,0.0000,1.0000,1.8051
8.9225,pi,6.2800,0.0000,1.0000,1.8067
8.9275,pi,6.2800,0.0000,1.0000,1.8082
8.9323,pi,6.2800,0.0000,1.0000,1.8098
8.9373,pi,6.2800,0.0000,1.0000,1.8114
8.9431,pi,6.2800,0.0000,1.0000,1.8129
8.9484,pi,6.2800,0.0000,1.0000,1.8145
8.9525,pi,6.2800,0.0000,1.0000,1.8161
8.9573,pi,6.2800,0.0000,1.0000,1.8176
8.9623,pi,6.2800,0.0000,1.0000,1.8192
8.9673,pi,6.2800,0.0000,1.0000,1.8208
8.9724,pi,6.2800,0.0000,1.0000,1.8224
8.9775,pi,6.2800,0.0000,1.0000,1.8239
8.9824,pi,6.2800,0.0000,1.0000,1.8255
8.9874,pi,6.2800,0.0000,1.0000,1.8271
8.9926,pi,6.2800,0.0000,1.0000,1.8286
8.9982,pi,6.2800,0.0000,1.0000,1.8302
9.0033,pi,6.2800,0.0000,1.0000,1.8318
9.0077,pi,6.2800,0.0000,1.0000,1.8334
9.0123,pi,6.2800,0.0000,1.0000,1.8349
9.0174,pi,6.2800,0.0000,1.0000,1.8365
9.0225,pi,6.2800,0.0000,1.0000,1.8381
9.0275,pi,6.2800,0.0000,1.0000,1.8396
9.0325,pi,6.2800,0.0000,1.0000,1.8412
9.0374,pi,6.2800,0.0000,1.0000,1.8428
9.0424,pi,6.2800,0.0000,1.0000,1.8443
9.0475,pi,6.2800,0.0000,1.0000,1.8459
9.0526,pi,6.2800,0.0000,1.0000,1.8475
9.0573,pi,6.2800,0.0000,1.0000,1.8490
9.0623,pi,6.2800,0.0000,1.0000,1.8506
9.0673,pi,6.2800,0.0000,1.0000,1.8522
9.0723,pi,6.2800,0.0000,1.0000,1.8538
9.0775,pi,6.2800,0.0000,1.0000,1.8553
9.0825,pi,6.2800,0.0000,1.0000,1.8569
9.0874,pi,6.2800,0.0000,1.0000,1.8585
9.0924,pi,6.2800,0.0000,1.0000,1.8600
9.0973,pi,6.2800,0.0000,1.0000,1.8616
9.1024,pi,6.2800,0.0000,1.0000,1.8632
9.1074,pi,6.2800,0.0000,1.0000,1.8647
9.1124,pi,6.2800,0.0000,1.0000,1.8663
9.1175,pi,6.2800,0.0000,1.0000,1.8679
9.1228,pi,6.2800,0.0000,1.0000,1.8695
9.1275,pi,6.2800,0.0000,1.0000,1.8711
9.1324,pi,6.2800,0.0000,1.0000,1.8726
9.1373,pi,6.2800,0.0000,1.0000,1.8742
9.1424,pi,6.2800,0.0000,1.0000,1.8757
9.1474,pi,6.2800,0.0000,1.0000,1.8773
9.1524,pi,6.2800,0.0000,1.0000,1.8789
9.1575,pi,6.2800,0.0000,1.0000,1.8804
9.1623,pi,6.2800,0.0000,1.0000,1.8820
9.1674,pi,6.2800,0.0000,1.0000,1.8836
9.1724,pi,6.2800,0.0000,1.0000,1.8852
9.1774,pi,6.2800,0.0000,1.0000,1.8867
9.1824,pi,6.2800,0.0000,1.0000,1.8883
9.1875,pi,6.2800,0.0000,1.0000,1.8899
9.1924,pi,6.2800,0.0000,1.0000,1.8914
9.1973,pi,6.2800,0.0000,1.0000,1.8930
9.2023,pi,6.2800,0.0000,1.0000,1.8946
9.2075,pi,6.2800,0.0000,1.0000,1.8961
9.2125,pi,6.2800,0.0000,1.0000,1.8977
9.2174,pi,6.2800,0.0000,1.0000,1.8993
9.2224,pi,6.2800,0.0000,1.0000,1.9009
9.2275,pi,6.2800,0.0000,1.0000,1.9024
9.2324,pi,6.2800,0.0000,1.0000,1.9040
9.2376,pi,6.2800,0.0000,1.0000,1.9056
9.2430,pi,6.2800,0.0000,1.0000,1.9071
9.2478,pi,6.2800,0.0000,1.0000,1.9087
9.2523,pi,6.2800,0.0000,1.0000,1.9103
9.2574,pi,6.2800,0.0000,1.0000,1.9119
9.2623,pi,6.2800,0.0000,1.0000,1.9134
9.2673,pi,6.2800,0.0000,1.0000,1.9150
9.2724,pi,6.2800,0.0000,1.0000,1.9166
9.2775,pi,6.2800,0.0000,1.0000,1.9181
9.2825,pi,6.2800,0.0000,1.0000,1.9197
9.2874,pi,6.2800,0.0000,1.0000,1.9213
9.2931,pi,6.2800,0.0000,1.0000,1.9228
9.2985,pi,6.2800,0.0000,1.0000,1.9244
9.3025,pi,6.2800,0.0000,1.0000,1.9260
9.3074,pi,6.2800,0.0000,1.0000,1.9275
9.3124,pi,6.2800,0.0000,1.0000,1.9291
9.3174,pi,6.2800,0.0000,1.0000,1.9307
9.3224,pi,6.2800,0.0000,1.0000,1.9323
9.3274,pi,6.2800,0.0000,1.0000,1.9338
9.3325,pi,6.2800,0.0000,1.0000,1.9354
9.3374,pi,6.2800,0.0000,1.0000,1.9370
9.3432,pi,6.2800,0.0000,1.0000,1.9385
9.3485,pi,6.2800,0.0000,1.0000,1.9401
9.3526,pi,6.2800,0.0000,1.0000,1.9417
9.3573,pi,6.2800,0.0000,1.0000,1.9432
9.3623,pi,6.2800,0.0000,1.0000,1.9448
9.3674,pi,6.2800,0.0000,1.0000,1.9464
9.3723,pi,6.2800,0.0000,1.0000,1.9480
9.3775,pi,6.2800,0.0000,1.0000,1.9495
9.3824,pi,6.2800,0.0000,1.0000,1.9511
9.3874,pi,6.2800,0.0000,1.0000,1.9527
9.3926,pi,6.2800,0.0000,1.0000,1.9542
9.3979,pi,6.2800,0.0000,1.0000,1.9558
9.4025,pi,6.2800,0.0000,1.0000,1.9574
9.4073,pi,6.2800,0.0000,1.0000,1.9590
9.4125,pi,6.2800,0.0000,1.0000,1.9605
9.4174,pi,6.2800,0.0000,1.0000,1.9621
9.4223,pi,6.2800,0.0000,1.0000,1.9637
9.4274,pi,6.2800,0.0000,1.0000,1.9652
9.4324,pi,6.2800,0.0000,1.0000,1.9668
9.4374,pi,6.2800,0.0000,1.0000,1.9684
9.4423,pi,6.2800,0.0000,1.0000,1.9699
9.4475,pi,6.2800,0.0000,1.0000,1.9715
9.4526,pi,6.2800,0.0000,1.0000,1.9731
9.4574,pi,6.2800,0.0000,1.0000,1.9747
9.4624,pi,6.2800,0.0000,1.0000,1.9762
9.4674,pi,6.2800,0.0000,1.0000,1.9778
9.4724,pi,6.2800,0.0000,1.0000,1.9794
9.4774,pi,6.2800,0.0000,1.0000,1.9809
9.4825,pi,6.2800,0.0000,1.0000,1.9825
9.4873,pi,6.2800,0.0000,1.0000,1.9841
9.4924,pi,6.2800,0.0000,1.0000,1.9856
9.4974,pi,6.2800,0.0000,1.0000,1.9872
9.5024,pi,6.2800,0.0000,1.0000,1.9888
9.5073,pi,6.2800,0.0000,1.0000,1.9903
9.5124,pi,6.2800,0.0000,1.0000,1.9919
9.5173,pi,6.2800,0.0000,1.0000,1.9935
9.5224,pi,6.2800,0.0000,1.0000,1.9951
9.5274,pi,6.2800,0.0000,1.0000,1.9966
9.5325,pi,6.2800,0.0000,1.0000,1.9982
9.5374,pi,6.2800,0.0000,1.0000,1.9998
9.5424,pi,6.2800,0.0000,1.0000,2.0013
9.5473,pi,6.2800,0.0000,1.0000,2.0029
9.5523,pi,6.2800,0.0000,1.0000,2.0045
9.5575,pi,6.2800,0.0000,1.0000,2.0060
9.5625,pi,6.2800,0.0000,1.0000,2.0076
9.5673,pi,6.2800,0.0000,1.0000,2.0092
9.5723,pi,6.2800,0.0000,1.0000,2.0108
9.5774,pi,6.2800,0.0000,1.0000,2.0123
9.5824,pi,6.2800,0.0000,1.0000,2.0139
9.5875,pi,6.2800,0.0000,1.0000,2.0155
9.5925,pi,6.2800,0.0000,1.0000,2.0170
9.5973,pi,6.2800,0.0000,1.0000,2.0186
9.6023,pi,6.2800,0.0000,1.0000,2.0202
9.6075,pi,6.2800,0.0000,1.0000,2.0217
9.6125,pi,6.2800,0.0000,1.0000,2.0233
9.6176,pi,6.2800,0.0000,1.0000,2.0249
9.6226,pi,6.2800,0.0000,1.0000,2.0265
9.6275,pi,6.2800,0.0000,1.0000,2.0280
9.6324,pi,6.2800,0.0000,1.0000,2.0296
9.6375,pi,6.2800,0.0000,1.0000,2.0312
9.6426,pi,6.2800,0.0000,1.0000,2.0327
9.6477,pi,6.2800,0.0000,1.0000,2.0343
9.6524,pi,6.2800,0.0000,1.0000,2.0359
9.6574,pi,6.2800,0.0000,1.0000,2.0374
9.6623,pi,6.2800,0.0000,1.0000,2.0390
9.6675,pi,6.2800,0.0000,1.0000,2.0406
9.6725,pi,6.2800,0.0000,1.0000,2.0422
9.6775,pi,6.2800,0.0000,1.0000,2.0437
9.6824,pi,6.2800,0.0000,1.0000,2.0453
9.6874,pi,6.2800,0.0000,1.0000,2.0469
9.6931,pi,6.2800,0.0000,1.0000,2.0484
9.6984,pi,6.2800,0.0000,1.0000,2.0500
9.7033,pi,6.2800,0.0000,1.0000,2.0516
9.7077,pi,6.2800,0.0000,1.0000,2.0532
9.7124,pi,6.2800,0.0000,1.0000,2.0547
9.7174,pi,6.2800,0.0000,1.0000,2.0563
9.7224,pi,6.2800,0.0000,1.0000,2.0579
9.7274,pi,6.2800,0.0000,1.0000,2.0594
9.7324,pi,6.2800,0.0000,1.0000,2.0610
9.7375,pi,6.2800,0.0000,1.0000,2.0626
9.7424,pi,6.2800,0.0000,1.0000,2.0641
9.7474,pi,6.2800,0.0000,1.0000,2.0657
9.7524,pi,6.2800,0.0000,1.0000,2.0673
9.7574,pi,6.2800,0.0000,1.0000,2.0688
9.7624,pi,6.2800,0.0000,1.0000,2.0704
9.7674,pi,6.2800,0.0000,1.0000,2.0720
9.7724,pi,6.2800,0.0000,1.0000,2.0736
9.7774,pi,6.2800,0.0000,1.0000,2.0751
9.7825,pi,6.2800,0.0000,1.0000,2.0767
9.7874,pi,6.2800,0.0000,1.0000,2.0783
9.7924,pi,6.2800,0.0000,1.0000,2.0798
9.7974,pi,6.2800,0.0000,1.0000,2.0814
9.8024,pi,6.2800,0.0000,1.0000,2.0830
9.8074,pi,6.2800,0.0000,1.0000,2.0845
9.8123,pi,6.2800,0.0000,1.0000,2.0861
9.8174,pi,6.2800,0.0000,1.0000,2.0877
9.8224,pi,6.2800,0.0000,1.0000,2.0893
9.8274,pi,6.2800,0.0000,1.0000,2.0908
9.8324,pi,6.2800,0.0000,1.0000,2.0924
9.8374,pi,6.2800,0.0000,1.0000,2.0940
9.8424,pi,6.2800,0.0000,1.0000,2.0955
9.8474,pi,6.2800,0.0000,1.0000,2.0971
9.8524,pi,6.2800,0.0000,1.0000,2.0987
9.8574,pi,6.2800,0.0000,1.0000,2.1002
9.8624,pi,6.2800,0.0000,1.0000,2.1018
9.8674,pi,6.2800,0.0000,1.0000,2.1034
9.8724,pi,6.2800,0.0000,1.0000,2.1050
9.8774,pi,6.2800,0.0000,1.0000,2.1065
9.8824,pi,6.2800,0.0000,1.0000,2.1081
9.8874,pi,6.2800,0.0000,1.0000,2.1097
9.8925,pi,6.2800,0.0000,1.0000,2.1112
9.8973,pi,6.2800,0.0000,1.0000,2.1128
9.9025,pi,6.2800,0.0000,1.0000,2.1144
9.9074,pi,6.2800,0.0000,1.0000,2.1160
9.9125,pi,6.2800,0.0000,1.0000,2.1175
9.9174,pi,6.2800,0.0000,1.0000,2.1191
9.9224,pi,6.2800,0.0000,1.0000,2.1207
9.9274,pi,6.2800,0.0000,1.0000,2.1222
9.9325,pi,6.2800,0.0000,1.0000,2.1238
9.9374,pi,6.2800,0.0000,1.0000,2.1254
9.9424,pi,6.2800,0.0000,1.0000,2.1269
9.9474,pi,6.2800,0.0000,1.0000,2.1285
9.9524,pi,6.2800,0.0000,1.0000,2.1301
9.9574,pi,6.2800,0.0000,1.0000,2.1316
9.9625,pi,6.2800,0.0000,1.0000,2.1332
9.9674,pi,6.2800,0.0000,1.0000,2.1348
9.9724,pi,6.2800,0.0000,1.0000,2.1364
9.9774,pi,6.2800,0.0000,1.0000,2.1379
9.9824,pi,6.2800,0.0000,1.0000,2.1395
9.9874,pi,6.2800,0.0000,1.0000,2.1411
9.9924,pi,6.2800,0.0000,1.0000,2.1426
9.9974,pi,6.2800,0.0000,1.0000,2.1442
10.0024,pi,6.2800,0.0000,1.0000,2.1458
10.0074,pi,6.2800,0.0000,1.0000,2.1473
10.0124,pi,6.2800,0.0000,1.0000,2.1489
10.0173,pi,6.2800,0.0000,1.0000,2.1505
10.0224,pi,6.2800,0.0000,1.0000,2.1521
10.0274,pi,6.2800,0.0000,1.0000,2.1536
10.0325,pi,6.2800,0.0000,1.0000,2.1552
10.0374,pi,6.2800,0.0000,1.0000,2.1568
10.0424,pi,6.2800,0.0000,1.0000,2.1583
10.0474,pi,6.2800,0.0000,1.0000,2.1599
10.0524,pi,6.2800,0.0000,1.0000,2.1615
10.0574,pi,6.2800,0.0000,1.0000,2.1630
10.0624,pi,6.2800,0.0000,1.0000,2.1646
10.0676,pi,6.2800,0.0000,1.0000,2.1662
10.0725,pi,6.2800,0.0000,1.0000,2.1678
10.0774,pi,6.2800,0.0000,1.0000,2.1693
10.0826,pi,6.2800,0.0000,1.0000,2.1709
10.0875,pi,6.2800,0.0000,1.0000,2.1725
10.0923,pi,6.2800,0.0000,1.0000,2.1741
10.0974,pi,6.2800,0.0000,1.0000,2.1756
10.1024,pi,6.2800,0.0000,1.0000,2.1772
10.1074,pi,6.2800,0.0000,1.0000,2.1787
10.1123,pi,6.2800,0.0000,1.0000,2.1803
10.1174,pi,6.2800,0.0000,1.0000,2.1819
10.1225,pi,6.2800,0.0000,1.0000,2.1835
10.1276,pi,6.2800,0.0000,1.0000,2.1850
10.1326,pi,6.2800,0.0000,1.0000,2.1866
10.1374,pi,6.2800,0.0000,1.0000,2.1882
10.1423,pi,6.2800,0.0000,1.0000,2.1897
10.1473,pi,6.2800,0.0000,1.0000,2.1913
10.1524,pi,6.2800,0.0000,1.0000,2.1929
10.1574,pi,6.2800,0.0000,1.0000,2.1944
10.1624,pi,6.2800,0.0000,1.0000,2.1960
10.1673,pi,6.2800,0.0000,1.0000,2.1976
10.1724,pi,6.2800,0.0000,1.0000,2.1991
10.1774,pi,6.2800,0.0000,1.0000,2.2007
10.1824,pi,6.2800,0.0000,1.0000,2.2023
10.1874,pi,6.2800,0.0000,1.0000,2.2039
10.1923,pi,6.2800,0.0000,1.0000,2.2054
10.1974,pi,6.2800,0.0000,1.0000,2.2070
10.2023,pi,6.2800,0.0000,1.0000,2.2086
10.2073,pi,6.2800,0.0000,1.0000,2.2101
10.2124,pi,6.2800,0.0000,1.0000,2.2117
10.2174,pi,6.2800,0.0000,1.0000,2.2133
10.2223,pi,6.2800,0.0000,1.0000,2.2149
10.2274,pi,6.2800,0.0000,1.0000,2.2164
10.2324,pi,6.2800,0.0000,1.0000,2.2180
10.2374,pi,6.2800,0.0000,1.0000,2.2196
10.2423,pi,6.2800,0.0000,1.0000,2.2211
10.2474,pi,6.2800,0.0000,1.0000,2.2227
10.2523,pi,6.2800,0.0000,1.0000,2.2243
10.2574,pi,6.2800,0.0000,1.0000,2.2258
10.2623,pi,6.2800,0.0000,1.0000,2.2274
10.2674,pi,6.2800,0.0000,1.0000,2.2290
10.2724,pi,6.2800,0.0000,1.0000,2.2306
10.2775,pi,6.2800,0.0000,1.0000,2.2321
10.2825,pi,6.2800,0.0000,1.0000,2.2337
10.2874,pi,6.2800,0.0000,1.0000,2.2353
10.2924,pi,6.2800,0.0000,1.0000,2.2368
10.2974,pi,6.2800,0.0000,1.0000,2.2384
10.3024,pi,6.2800,0.0000,1.0000,2.2400
10.3074,pi,6.2800,0.0000,1.0000,2.2415
10.3124,pi,6.2800,0.0000,1.0000,2.2431
10.3174,pi,6.2800,0.1005,1.0000,2.2427
10.3225,pi,6.2800,0.2813,1.0000,2.2406
10.3275,pi,6.2800,0.6293,1.0000,2.2351
10.3327,pi,6.2800,1.1398,1.0000,2.2264
10.3376,pi,6.2800,1.9194,1.0000,2.2120
10.3425,pi,6.2800,2.9437,1.0000,2.1926
10.3474,pi,6.2800,4.1599,1.0000,2.1692
10.3524,pi,6.2800,5.6390,1.0000,2.1401
10.3574,pi,6.2800,7.0703,1.0000,2.1116
10.3625,pi,6.2800,8.9737,1.0000,2.0734
10.3675,pi,6.2800,10.9992,1.0000,2.0322
10.3725,pi,6.2800,13.0718,1.0000,1.9896
10.3774,pi,6.2800,14.9347,1.0000,1.9506
10.3825,pi,6.2800,16.9724,1.0000,1.9077
10.3874,pi,6.2800,18.7878,1.0000,1.8687
10.3925,pi,6.2800,20.5600,1.0000,1.8301
10.3975,pi,6.2800,22.4374,1.0000,1.7890
10.4024,pi,6.2800,23.9701,1.0000,1.7543
10.4075,pi,6.2800,25.3918,1.0000,1.7215
10.4125,pi,6.2800,26.9014,1.0000,1.6865
10.4175,pi,6.2800,28.2564,1.0000,1.6542
10.4224,pi,6.2800,29.4823,1.0000,1.6242
10.4273,pi,6.2800,30.5311,1.0000,1.5975
10.4324,pi,6.2800,31.5079,1.0000,1.5719
10.4375,pi,6.2800,32.4265,1.0000,1.5472
10.4425,pi,6.2800,33.3301,1.0000,1.5226
10.4474,pi,6.2800,34.1123,1.0000,1.5002
10.4524,pi,6.2800,34.9288,1.0000,1.4769
10.4574,pi,6.2800,35.6332,1.0000,1.4556
10.4623,pi,6.2800,36.2288,1.0000,1.4364
10.4675,pi,6.2800,36.7544,1.0000,1.4184
10.4725,pi,6.2800,37.2956,1.0000,1.3999
10.4775,pi,6.2800,37.7747,1.0000,1.3826
10.4825,pi,6.2800,38.1590,1.0000,1.3670
10.4874,pi,6.2800,38.4783,1.0000,1.3527
10.4926,pi,6.2800,38.7709,1.0000,1.3388
10.4978,pi,6.2800,39.0060,1.0000,1.3259
10.5028,pi,6.2800,39.2364,1.0000,1.3131
10.5076,pi,6.2800,39.4773,1.0000,1.3000
10.5125,pi,6.2800,39.5724,1.0000,1.2899
10.5174,pi,6.2800,39.6986,1.0000,1.2790
10.5224,pi,6.2800,39.7946,1.0000,1.2688
10.5274,pi,6.2800,39.9253,1.0000,1.2577
10.5325,pi,6.2800,40.0366,1.0000,1.2472
10.5376,pi,6.2800,40.1212,1.0000,1.2371
10.5425,pi,6.2800,40.2256,1.0000,1.2265
10.5474,pi,6.2800,40.3196,1.0000,1.2161
10.5524,pi,6.2800,40.3929,1.0000,1.2061
10.5575,pi,6.2800,40.4625,1.0000,1.1962
10.5624,pi,6.2800,40.5072,1.0000,1.1868
10.5678,pi,6.2800,40.6448,1.0000,1.1755
10.5728,pi,6.2800,40.7554,1.0000,1.1646
10.5776,pi,6.2800,40.8421,1.0000,1.1542
10.5825,pi,6.2800,40.9099,1.0000,1.1443
10.5875,pi,6.2800,41.0106,1.0000,1.1336
10.5924,pi,6.2800,41.1258,1.0000,1.1225
10.5975,pi,6.2800,41.1784,1.0000,1.1129
10.6026,pi,6.2800,41.3184,1.0000,1.1014
10.6075,pi,6.2800,41.3947,1.0000,1.0909
10.6125,pi,6.2800,41.5052,1.0000,1.0801
10.6176,pi,6.2800,41.5986,1.0000,1.0694
10.6226,pi,6.2800,41.6469,1.0000,1.0595
10.6277,pi,6.2800,41.7355,1.0000,1.0490
10.6324,pi,6.2800,41.7991,1.0000,1.0389
10.6376,pi,6.2800,41.8465,1.0000,1.0291
10.6427,pi,6.2800,41.8682,1.0000,1.0197
10.6477,pi,6.2800,41.9360,1.0000,1.0095
10.6525,pi,6.2800,41.9546,1.0000,1.0002
10.6581,pi,6.2800,41.9036,0.9923,0.9923
10.6623,pi,6.2800,41.8867,0.9837,0.9837
10.6674,pi,6.2800,41.8712,0.9751,0.9751
10.6724,pi,6.2800,41.8230,0.9672,0.9672
10.6776,pi,6.2800,41.7413,0.9600,0.9600
10.6825,pi,6.2800,41.6827,0.9521,0.9521
10.6876,pi,6.2800,41.6170,0.9447,0.9447
10.6930,pi,6.2800,41.5364,0.9375,0.9375
10.6977,pi,6.2800,41.4658,0.9301,0.9301
10.7025,pi,6.2800,41.4046,0.9224,0.9224
10.7077,pi,6.2800,41.3511,0.9147,0.9147
10.7127,pi,6.2800,41.2686,0.9077,0.9077
10.7179,pi,6.2800,41.1947,0.9004,0.9004
10.7229,pi,6.2800,41.0980,0.8936,0.8936
10.7279,pi,6.2800,41.0111,0.8867,0.8867
10.7329,pi,6.2800,40.9555,0.8791,0.8791
10.7379,pi,6.2800,40.8569,0.8724,0.8724
10.7428,pi,6.2800,40.7289,0.8663,0.8663
10.7478,pi,6.2800,40.5821,0.8606,0.8606
10.7527,pi,6.2800,40.4236,0.8552,0.8552
10.7577,pi,6.2800,40.2300,0.8506,0.8506
10.7625,pi,6.2800,40.0429,0.8458,0.8458
10.7675,pi,6.2800,39.8750,0.8407,0.8407
10.7725,pi,6.2800,39.6907,0.8360,0.8360
10.7775,pi,6.2800,39.4929,0.8316,0.8316
10.7826,pi,6.2800,39.2338,0.8285,0.8285
10.7875,pi,6.2800,39.0176,0.8246,0.8246
10.7925,pi,6.2800,38.7547,0.8217,0.8217
10.7975,pi,6.2800,38.5438,0.8178,0.8178
10.8024,pi,6.2800,38.3292,0.8140,0.8140
10.8074,pi,6.2800,38.0662,0.8112,0.8112
10.8132,pi,6.2800,37.7855,0.8089,0.8089
10.8182,pi,6.2800,37.4642,0.8074,0.8074
10.8227,pi,6.2800,37.2019,0.8049,0.8049
10.8274,pi,6.2800,36.9478,0.8022,0.8022
10.8325,pi,6.2800,36.7402,0.7987,0.7987
10.8373,pi,6.2800,36.5683,0.7945,0.7945
10.8425,pi,6.2800,36.3911,0.7905,0.7905
10.8475,pi,6.2800,36.1928,0.7870,0.7870
10.8524,pi,6.2800,35.9931,0.7834,0.7834
10.8577,pi,6.2800,35.8237,0.7795,0.7795
10.8629,pi,6.2800,35.6947,0.7746,0.7746
10.8680,pi,6.2800,35.5327,0.7705,0.7705
10.8729,pi,6.2800,35.3764,0.7662,0.7662
10.8779,pi,6.2800,35.1862,0.7629,0.7629
10.8828,pi,6.2800,35.0059,0.7592,0.7592
10.8877,pi,6.2800,34.7900,0.7564,0.7564
10.8925,pi,6.2800,34.5944,0.7532,0.7532
10.8975,pi,6.2800,34.3941,0.7501,0.7501
10.9025,pi,6.2800,34.2001,0.7470,0.7470
10.9075,pi,6.2800,34.0317,0.7433,0.7433
10.9125,pi,6.2800,33.9032,0.7390,0.7390
10.9175,pi,6.2800,33.7506,0.7351,0.7351
10.9225,pi,6.2800,33.6367,0.7305,0.7305
10.9275,pi,6.2800,33.5349,0.7257,0.7257
10.9325,pi,6.2800,33.4112,0.7214,0.7214
10.9375,pi,6.2800,33.2645,0.7175,0.7175
10.9425,pi,6.2800,33.1463,0.7132,0.7132
10.9475,pi,6.2800,33.0011,0.7093,0.7093
10.9525,pi,6.2800,32.8850,0.7050,0.7050
10.9574,pi,6.2800,32.7517,0.7010,0.7010
10.9625,pi,6.2800,32.5988,0.6974,0.6974
10.9675,pi,6.2800,32.4308,0.6942,0.6942
10.9725,pi,6.2800,32.2275,0.6917,0.6917
10.9775,pi,6.2800,32.0426,0.6890,0.6890
10.9825,pi,6.2800,31.8494,0.6864,0.6864
10.9875,pi,6.2800,31.7123,0.6827,0.6827
10.9924,pi,6.2800,31.5850,0.6789,0.6789
10.9976,pi,6.2800,31.4503,0.6753,0.6753
11.0024,pi,6.2800,31.3292,0.6714,0.6714
11.0075,pi,6.2800,31.1452,0.6688,0.6688
11.0124,pi,6.2800,30.9938,0.6656,0.6656
11.0176,pi,6.2800,30.8265,0.6628,0.6628
11.0224,pi,6.2800,30.6477,0.6603,0.6603
11.0275,pi,6.2800,30.4992,0.6571,0.6571
11.0325,pi,6.2800,30.3402,0.6543,0.6543
11.0375,pi,6.2800,30.1025,0.6530,0.6530
11.0425,pi,6.2800,29.9127,0.6508,0.6508
11.0474,pi,6.2800,29.7335,0.6485,0.6485
11.0525,pi,6.2800,29.5446,0.6464,0.6464
11.0575,pi,6.2800,29.3940,0.6436,0.6436
11.0625,pi,6.2800,29.2731,0.6403,0.6403
11.0675,pi,6.2800,29.1307,0.6374,0.6374
11.0724,pi,6.2800,28.9713,0.6348,0.6348
11.0774,pi,6.2800,28.8428,0.6317,0.6317
11.0827,pi,6.2800,28.6994,0.6290,0.6290
11.0880,pi,6.2800,28.5874,0.6256,0.6256
11.0926,pi,6.2800,28.4494,0.6228,0.6228
11.0975,pi,6.2800,28.3384,0.6195,0.6195
11.1025,pi,6.2800,28.2495,0.6157,0.6157
11.1075,pi,6.2800,28.1274,0.6127,0.6127
11.1124,pi,6.2800,28.0305,0.6091,0.6091
11.1175,pi,6.2800,27.9496,0.6053,0.6053
11.1226,pi,6.2800,27.8347,0.6022,0.6022
11.1277,pi,6.2800,27.6933,0.5996,0.5996
11.1327,pi,6.2800,27.5830,0.5965,0.5965
11.1373,pi,6.2800,27.5075,0.5926,0.5926
11.1423,pi,6.2800,27.4009,0.5895,0.5895
11.1474,pi,6.2800,27.3132,0.5860,0.5860
11.1525,pi,6.2800,27.1967,0.5831,0.5831
11.1574,pi,6.2800,27.1042,0.5797,0.5797
11.1624,pi,6.2800,26.9846,0.5769,0.5769
11.1674,pi,6.2800,26.8429,0.5745,0.5745
11.1725,pi,6.2800,26.6871,0.5725,0.5725
11.1775,pi,6.2800,26.5618,0.5699,0.5699
11.1826,pi,6.2800,26.4604,0.5669,0.5669
11.1881,pi,6.2800,26.2947,0.5651,0.5651
11.1931,pi,6.2800,26.1606,0.5628,0.5628
11.1979,pi,6.2800,26.0043,0.5609,0.5609
11.2026,pi,6.2800,25.8756,0.5586,0.5586
11.2075,pi,6.2800,25.7731,0.5558,0.5558
11.2125,pi,6.2800,25.5946,0.5544,0.5544
11.2174,pi,6.2800,25.4567,0.5524,0.5524
11.2224,pi,6.2800,25.3016,0.5507,0.5507
11.2278,pi,6.2800,25.1668,0.5486,0.5486
11.2326,pi,6.2800,25.0676,0.5459,0.5459
11.2375,pi,6.2800,24.9294,0.5439,0.5439
11.2424,pi,6.2800,24.7878,0.5421,0.5421
11.2474,pi,6.2800,24.6752,0.5397,0.5397
11.2524,pi,6.2800,24.5396,0.5379,0.5379
11.2576,pi,6.2800,24.3533,0.5370,0.5370
11.2624,pi,6.2800,24.2576,0.5344,0.5344
11.2674,pi,6.2800,24.1589,0.5319,0.5319
11.2725,pi,6.2800,24.0511,0.5296,0.5296
11.2775,pi,6.2800,23.9466,0.5272,0.5272
11.2825,pi,6.2800,23.8177,0.5254,0.5254
11.2874,pi,6.2800,23.7157,0.5230,0.5230
11.2925,pi,6.2800,23.6345,0.5203,0.5203
11.2974,pi,6.2800,23.5690,0.5173,0.5173
11.3025,pi,6.2800,23.4790,0.5148,0.5148
11.3074,pi,6.2800,23.3979,0.5121,0.5121
11.3124,pi,6.2800,23.3359,0.5090,0.5090
11.3176,pi,6.2800,23.2423,0.5067,0.5067
11.3224,pi,6.2800,23.1676,0.5039,0.5039
11.3274,pi,6.2800,23.1041,0.5010,0.5010
11.3325,pi,6.2800,23.0041,0.4988,0.4988
11.3378,pi,6.2800,22.8748,0.4971,0.4971
11.3427,pi,6.2800,22.6681,0.4971,0.4971
11.3479,pi,6.2800,22.4978,0.4964,0.4964
11.3531,pi,6.2800,22.3195,0.4959,0.4959
11.3580,pi,6.2800,22.1741,0.4948,0.4948
11.3626,pi,6.2800,22.0604,0.4931,0.4931
11.3676,pi,6.2800,21.9691,0.4910,0.4910
11.3726,pi,6.2800,21.8457,0.4896,0.4896
11.3775,pi,6.2800,21.7475,0.4876,0.4876
11.3826,pi,6.2800,21.6463,0.4858,0.4858
11.3875,pi,6.2800,21.6138,0.4826,0.4826
11.3926,pi,6.2800,21.5417,0.4802,0.4802
11.3977,pi,6.2800,21.5753,0.4757,0.4757
11.4025,pi,6.2800,21.5620,0.4722,0.4722
11.4075,pi,6.2800,21.5920,0.4678,0.4678
11.4125,pi,6.2800,21.5715,0.4643,0.4643
11.4175,pi,6.2800,21.5073,0.4618,0.4618
11.4226,pi,6.2800,21.4102,0.4599,0.4599
11.4276,pi,6.2800,21.2992,0.4584,0.4584
11.4330,pi,6.2800,21.2095,0.4564,0.4564
11.4383,pi,6.2800,21.0866,0.4551,0.4551
11.4431,pi,6.2800,20.9834,0.4535,0.4535
11.4477,pi,6.2800,20.7532,0.4544,0.4544
11.4527,pi,6.2800,20.5753,0.4543,0.4543
11.4577,pi,6.2800,20.3805,0.4547,0.4547
11.4627,pi,6.2800,20.2236,0.4543,0.4543
11.4677,pi,6.2800,20.0988,0.4533,0.4533
11.4727,pi,6.2800,19.9996,0.4518,0.4518
11.4777,pi,6.2800,19.9194,0.4500,0.4500
11.4829,pi,6.2800,19.8198,0.4486,0.4486
11.4879,pi,6.2800,19.7403,0.4468,0.4468
11.4928,pi,6.2800,19.6780,0.4447,0.4447
11.4978,pi,6.2800,19.6317,0.4422,0.4422
11.5025,pi,6.2800,19.6260,0.4390,0.4390
11.5074,pi,6.2800,19.6323,0.4356,0.4356
11.5124,pi,6.2800,19.6384,0.4321,0.4321
11.5175,pi,6.2800,19.6424,0.4287,0.4287
11.5224,pi,6.2800,19.6012,0.4262,0.4262
11.5274,pi,6.2800,19.5677,0.4235,0.4235
11.5325,pi,6.2800,19.4953,0.4217,0.4217
11.5375,pi,6.2800,19.4807,0.4186,0.4186
11.5430,pi,6.2800,19.4047,0.4168,0.4168
11.5477,pi,6.2800,19.3170,0.4153,0.4153
11.5524,pi,6.2800,19.2478,0.4134,0.4134
11.5575,pi,6.2800,19.1931,0.4113,0.4113
11.5624,pi,6.2800,19.0733,0.4105,0.4105
11.5673,pi,6.2800,19.0051,0.4086,0.4086
11.5731,pi,6.2800,18.9213,0.4071,0.4071
11.5783,pi,6.2800,18.8044,0.4063,0.4063
11.5830,pi,6.2800,18.7114,0.4050,0.4050
11.5875,pi,6.2800,18.5818,0.4045,0.4045
11.5924,pi,6.2800,18.5228,0.4026,0.4026
11.5974,pi,6.2800,18.4755,0.4005,0.4005
11.6024,pi,6.2800,18.4372,0.3982,0.3982
11.6075,pi,6.2800,18.3680,0.3966,0.3966
11.6124,pi,6.2800,18.3127,0.3947,0.3947
11.6174,pi,6.2800,18.2606,0.3927,0.3927
11.6224,pi,6.2800,18.1725,0.3915,0.3915
11.6275,pi,6.2800,18.1025,0.3899,0.3899
11.6325,pi,6.2800,18.0469,0.3880,0.3880
11.6375,pi,6.2800,17.9566,0.3869,0.3869
11.6424,pi,6.2800,17.8896,0.3853,0.3853
11.6475,pi,6.2800,17.7799,0.3846,0.3846
11.6524,pi,6.2800,17.6923,0.3835,0.3835
11.6574,pi,6.2800,17.6220,0.3820,0.3820
11.6625,pi,6.2800,17.5148,0.3814,0.3814
11.6675,pi,6.2800,17.4290,0.3803,0.3803
11.6724,pi,6.2800,17.3609,0.3788,0.3788
11.6773,pi,6.2800,17.3157,0.3770,0.3770
11.6825,pi,6.2800,17.2803,0.3749,0.3749
11.6874,pi,6.2800,17.2060,0.3737,0.3737
11.6925,pi,6.2800,17.1818,0.3714,0.3714
11.6974,pi,6.2800,17.1271,0.3698,0.3698
11.7025,pi,6.2800,17.0695,0.3682,0.3682
11.7074,pi,6.2800,16.9915,0.3671,0.3671
11.7124,pi,6.2800,16.9294,0.3656,0.3656
11.7175,pi,6.2800,16.8806,0.3640,0.3640
11.7224,pi,6.2800,16.8409,0.3621,0.3621
11.7274,pi,6.2800,16.7632,0.3610,0.3610
11.7324,pi,6.2800,16.6554,0.3606,0.3606
11.7374,pi,6.2800,16.5232,0.3606,0.3606
11.7424,pi,6.2800,16.4633,0.3592,0.3592
11.7474,pi,6.2800,16.3706,0.3585,0.3585
11.7524,pi,6.2800,16.2955,0.3575,0.3575
11.7574,pi,6.2800,16.2355,0.3562,0.3562
11.7624,pi,6.2800,16.1875,0.3547,0.3547
11.7674,pi,6.2800,16.1033,0.3539,0.3539
11.7725,pi,6.2800,16.0357,0.3528,0.3528
11.7775,pi,6.2800,15.9938,0.3512,0.3512
11.7826,pi,6.2800,15.9487,0.3497,0.3497
11.7878,pi,6.2800,15.9253,0.3477,0.3477
11.7931,pi,6.2800,15.8566,0.3467,0.3467
11.7977,pi,6.2800,15.7928,0.3456,0.3456
11.8024,pi,6.2800,15.7876,0.3433,0.3433
11.8074,pi,6.2800,15.7839,0.3410,0.3410
11.8125,pi,6.2800,15.7432,0.3394,0.3394
11.8175,pi,6.2800,15.7106,0.3377,0.3377
11.8224,pi,6.2800,15.6849,0.3359,0.3359
11.8274,pi,6.2800,15.6548,0.3341,0.3341
11.8326,pi,6.2800,15.5891,0.3331,0.3331
11.8374,pi,6.2800,15.5329,0.3319,0.3319
11.8424,pi,6.2800,15.4894,0.3304,0.3304
11.8474,pi,6.2800,15.4544,0.3289,0.3289
11.8525,pi,6.2800,15.3745,0.3282,0.3282
11.8575,pi,6.2800,15.2659,0.3280,0.3280
11.8625,pi,6.2800,15.1716,0.3277,0.3277
11.8674,pi,6.2800,15.1035,0.3268,0.3268
11.8724,pi,6.2800,15.0483,0.3257,0.3257
11.8773,pi,6.2800,14.9628,0.3252,0.3252
11.8826,pi,6.2800,14.8947,0.3244,0.3244
11.8875,pi,6.2800,14.8413,0.3233,0.3233
11.8925,pi,6.2800,14.7877,0.3223,0.3223
11.8974,pi,6.2800,14.6934,0.3220,0.3220
11.9024,pi,6.2800,14.6323,0.3211,0.3211
11.9075,pi,6.2800,14.6209,0.3193,0.3193
11.9125,pi,6.2800,14.5756,0.3181,0.3181
11.9175,pi,6.2800,14.5440,0.3167,0.3167
11.9225,pi,6.2800,14.5143,0.3152,0.3152
11.9273,pi,6.2800,14.4451,0.3145,0.3145
11.9324,pi,6.2800,14.4352,0.3127,0.3127
11.9374,pi,6.2800,14.3631,0.3121,0.3121
11.9424,pi,6.2800,14.3053,0.3112,0.3112
11.9477,pi,6.2800,14.3085,0.3092,0.3092
11.9527,pi,6.2800,14.2604,0.3081,0.3081
11.9578,pi,6.2800,14.1725,0.3079,0.3079
11.9624,pi,6.2800,14.1524,0.3063,0.3063
11.9674,pi,6.2800,14.1094,0.3052,0.3052
11.9724,pi,6.2800,14.0294,0.3048,0.3048
11.9774,pi,6.2800,13.9658,0.3042,0.3042
11.9825,pi,6.2800,13.8868,0.3038,0.3038
11.9876,pi,6.2800,13.8688,0.3023,0.3023
11.9927,pi,6.2800,13.8091,0.3015,0.3015
11.9978,pi,6.2800,13.7419,0.3010,0.3010
12.0025,pi,6.2800,13.6443,0.3011,0.3011
12.0074,pi,6.2800,13.6130,0.2999,0.2999
12.0123,pi,6.2800,13.5873,0.2986,0.2986
12.0175,pi,6.2800,13.5337,0.2978,0.2978
12.0225,pi,6.2800,13.5413,0.2959,0.2959
12.0274,pi,6.2800,13.4968,0.2949,0.2949
12.0324,pi,6.2800,13.4476,0.2941,0.2941
12.0374,pi,6.2800,13.4087,0.2931,0.2931
12.0424,pi,6.2800,13.3357,0.2928,0.2928
12.0474,pi,6.2800,13.2739,0.2923,0.2923
12.0524,pi,6.2800,13.2249,0.2915,0.2915
12.0575,pi,6.2800,13.1411,0.2914,0.2914
12.0624,pi,6.2800,13.0741,0.2910,0.2910
12.0674,pi,6.2800,13.0730,0.2894,0.2894
12.0723,pi,6.2800,13.0630,0.2879,0.2879
12.0774,pi,6.2800,13.0094,0.2873,0.2873
12.0825,pi,6.2800,12.9706,0.2864,0.2864
12.0874,pi,6.2800,12.9399,0.2853,0.2853
12.0924,pi,6.2800,12.9112,0.2842,0.2842
12.0975,pi,6.2800,12.8894,0.2830,0.2830
12.1025,pi,6.2800,12.9205,0.2807,0.2807
12.1075,pi,6.2800,12.8945,0.2795,0.2795
12.1124,pi,6.2800,12.9209,0.2774,0.2774
12.1175,pi,6.2800,12.8498,0.2771,0.2771
12.1226,pi,6.2800,12.8412,0.2757,0.2757
12.1277,pi,6.2800,12.7858,0.2751,0.2751
12.1325,pi,6.2800,12.7912,0.2734,0.2734
12.1374,pi,6.2800,12.7461,0.2727,0.2727
12.1423,pi,6.2800,12.7097,0.2718,0.2718
12.1474,pi,6.2800,12.6807,0.2708,0.2708
12.1524,pi,6.2800,12.6602,0.2696,0.2696
12.1574,pi,6.2800,12.5999,0.2692,0.2692
12.1624,pi,6.2800,12.5947,0.2677,0.2677
12.1674,pi,6.2800,12.5445,0.2671,0.2671
12.1724,pi,6.2800,12.5034,0.2664,0.2664
12.1774,pi,6.2800,12.4265,0.2664,0.2664
12.1824,pi,6.2800,12.4092,0.2652,0.2652
12.1874,pi,6.2800,12.3504,0.2648,0.2648
12.1924,pi,6.2800,12.2930,0.2645,0.2645
12.1974,pi,6.2800,12.2470,0.2639,0.2639
12.2024,pi,6.2800,12.2104,0.2631,0.2631
12.2075,pi,6.2800,12.1444,0.2630,0.2630
12.2124,pi,6.2800,12.0780,0.2628,0.2628
12.2175,pi,6.2800,11.9740,0.2634,0.2634
12.2224,pi,6.2800,11.9414,0.2627,0.2627
12.2274,pi,6.2800,11.9154,0.2618,0.2618
12.2324,pi,6.2800,11.8626,0.2614,0.2614
12.2374,pi,6.2800,11.8022,0.2612,0.2612
12.2424,pi,6.2800,11.7726,0.2605,0.2605
12.2474,pi,6.2800,11.7488,0.2596,0.2596
12.2525,pi,6.2800,11.7110,0.2589,0.2589
12.2574,pi,6.2800,11.6992,0.2578,0.2578
12.2625,pi,6.2800,11.6715,0.2570,0.2570
12.2674,pi,6.2800,11.6680,0.2557,0.2557
12.2724,pi,6.2800,11.6655,0.2545,0.2545
12.2775,pi,6.2800,11.6442,0.2535,0.2535
12.2831,pi,6.2800,11.6258,0.2526,0.2526
12.2875,pi,6.2800,11.6102,0.2515,0.2515
12.2924,pi,6.2800,11.5503,0.2514,0.2514
12.2973,pi,6.2800,11.5251,0.2506,0.2506
12.3024,pi,6.2800,11.5049,0.2497,0.2497
12.3075,pi,6.2800,11.4637,0.2492,0.2492
12.3124,pi,6.2800,11.4328,0.2485,0.2485
12.3175,pi,6.2800,11.4077,0.2477,0.2477
12.3224,pi,6.2800,11.3876,0.2468,0.2468
12.3274,pi,6.2800,11.3489,0.2463,0.2463
12.3325,pi,6.2800,11.3185,0.2457,0.2457
12.3375,pi,6.2800,11.2953,0.2449,0.2449
12.3425,pi,6.2800,11.2778,0.2440,0.2440
12.3475,pi,6.2800,11.2337,0.2436,0.2436
12.3525,pi,6.2800,11.1984,0.2431,0.2431
12.3574,pi,6.2800,11.1977,0.2419,0.2419
12.3624,pi,6.2800,11.1533,0.2415,0.2415
12.3674,pi,6.2800,11.1343,0.2407,0.2407
12.3724,pi,6.2800,11.1191,0.2398,0.2398
12.3774,pi,6.2800,11.1067,0.2388,0.2388
12.3824,pi,6.2800,11.1244,0.2373,0.2373
12.3874,pi,6.2800,11.0929,0.2367,0.2367
12.3925,pi,6.2800,11.0345,0.2366,0.2366
12.3976,pi,6.2800,11.0350,0.2354,0.2354
12.4024,pi,6.2800,11.0394,0.2341,0.2341
12.4081,pi,6.2800,10.9917,0.2339,0.2339
12.4131,pi,6.2800,10.9539,0.2335,0.2335
12.4178,pi,6.2800,10.8736,0.2339,0.2339
12.4224,pi,6.2800,10.8099,0.2341,0.2341
12.4274,pi,6.2800,10.7957,0.2332,0.2332
12.4325,pi,6.2800,10.7476,0.2331,0.2331
12.4375,pi,6.2800,10.7088,0.2327,0.2327
12.4425,pi,6.2800,10.6685,0.2324,0.2324
12.4474,pi,6.2800,10.6379,0.2319,0.2319
12.4524,pi,6.2800,10.5705,0.2322,0.2322
12.4575,pi,6.2800,10.5132,0.2323,0.2323
12.4626,pi,6.2800,10.4672,0.2321,0.2321
12.4674,pi,6.2800,10.4307,0.2318,0.2318
12.4724,pi,6.2800,10.4016,0.2314,0.2314
12.4774,pi,6.2800,10.3820,0.2307,0.2307
12.4823,pi,6.2800,10.3165,0.2310,0.2310
12.4874,pi,6.2800,10.3092,0.2301,0.2301
12.4925,pi,6.2800,10.3038,0.2292,0.2292
12.4975,pi,6.2800,10.3036,0.2282,0.2282
12.5027,pi,6.2800,10.3021,0.2273,0.2273
12.5080,pi,6.2800,10.3013,0.2263,0.2263
12.5127,pi,6.2800,10.3011,0.2253,0.2253
12.5181,pi,6.2800,10.3004,0.2243,0.2243
12.5229,pi,6.2800,10.3001,0.2233,0.2233
12.5283,pi,6.2800,10.2494,0.2233,0.2233
12.5330,pi,6.2800,10.2584,0.2221,0.2221
12.5378,pi,6.2800,10.2162,0.2220,0.2220
12.5431,pi,6.2800,10.1822,0.2217,0.2217
12.5479,pi,6.2800,10.1543,0.2212,0.2212
12.5532,pi,6.2800,10.1337,0.2207,0.2207
12.5582,pi,6.2800,10.1164,0.2201,0.2201
12.5628,pi,6.2800,10.1039,0.2193,0.2193
12.5676,pi,6.2800,10.0943,0.2186,0.2186
12.5724,pi,6.2800,10.0870,0.2178,0.2178
12.5774,pi,6.2800,10.0814,0.2169,0.2169
12.5824,pi,6.2800,10.0769,0.2161,0.2161
12.5874,pi,6.2800,10.0738,0.2152,0.2152
12.5925,pi,6.2800,10.0250,0.2152,0.2152
12.5975,pi,6.2800,9.9856,0.2151,0.2151
12.6026,pi,6.2800,9.9546,0.2148,0.2148
12.6077,pi,6.2800,9.9292,0.2144,0.2144
12.6124,pi,6.2800,9.9101,0.2138,0.2138
12.6174,pi,6.2800,9.8941,0.2132,0.2132
12.6223,pi,6.2800,9.8353,0.2135,0.2135
12.6275,pi,6.2800,9.7742,0.2138,0.2138
12.6325,pi,6.2800,9.7292,0.2139,0.2139
12.6375,pi,6.2800,9.6896,0.2138,0.2138
12.6424,pi,6.2800,9.7117,0.2125,0.2125
12.6474,pi,6.2800,9.7343,0.2112,0.2112
12.6524,pi,6.2800,9.7072,0.2109,0.2109
12.6574,pi,6.2800,9.6856,0.2105,0.2105
12.6624,pi,6.2800,9.6686,0.2099,0.2099
12.6675,pi,6.2800,9.5939,0.2106,0.2106
12.6724,pi,6.2800,9.5848,0.2099,0.2099
12.6774,pi,6.2800,9.5869,0.2091,0.2091
12.6825,pi,6.2800,9.5918,0.2081,0.2081
12.6874,pi,6.2800,9.5931,0.2073,0.2073
12.6924,pi,6.2800,9.5512,0.2073,0.2073
12.6974,pi,6.2800,9.5150,0.2072,0.2072
12.7024,pi,6.2800,9.4402,0.2079,0.2079
12.7074,pi,6.2800,9.4262,0.2074,0.2074
12.7124,pi,6.2800,9.4146,0.2068,0.2068
12.7174,pi,6.2800,9.3594,0.2072,0.2072
12.7224,pi,6.2800,9.3613,0.2063,0.2063
12.7274,pi,6.2800,9.3629,0.2055,0.2055
12.7325,pi,6.2800,9.2995,0.2060,0.2060
12.7373,pi,6.2800,9.2674,0.2059,0.2059
12.7424,pi,6.2800,9.2423,0.2057,0.2057
12.7474,pi,6.2800,9.2676,0.2044,0.2044
12.7525,pi,6.2800,9.2738,0.2036,0.2036
12.7573,pi,6.2800,9.2927,0.2024,0.2024
12.7625,pi,6.2800,9.2935,0.2017,0.2017
12.7674,pi,6.2800,9.2942,0.2009,0.2009
12.7724,pi,6.2800,9.2950,0.2001,0.2001
12.7774,pi,6.2800,9.2453,0.2004,0.2004
12.7824,pi,6.2800,9.2559,0.1994,0.1994
12.7874,pi,6.2800,9.2138,0.1995,0.1995
12.7924,pi,6.2800,9.1801,0.1995,0.1995
12.7974,pi,6.2800,9.1530,0.1993,0.1993
12.8025,pi,6.2800,9.1278,0.1991,0.1991
12.8074,pi,6.2800,9.1113,0.1987,0.1987
12.8124,pi,6.2800,9.1162,0.1979,0.1979
12.8174,pi,6.2800,9.0753,0.1980,0.1980
12.8225,pi,6.2800,9.0883,0.1970,0.1970
12.8275,pi,6.2800,9.1301,0.1955,0.1955
12.8324,pi,6.2800,9.1320,0.1947,0.1947
12.8374,pi,6.2800,9.1340,0.1940,0.1940
12.8424,pi,6.2800,9.1358,0.1932,0.1932
12.8474,pi,6.2800,9.1369,0.1925,0.1925
12.8524,pi,6.2800,9.0922,0.1927,0.1927
12.8574,pi,6.2800,9.1052,0.1917,0.1917
12.8625,pi,6.2800,9.0665,0.1918,0.1918
12.8674,pi,6.2800,9.0354,0.1917,0.1917
12.8724,pi,6.2800,9.0106,0.1915,0.1915
12.8774,pi,6.2800,8.9906,0.1912,0.1912
12.8825,pi,6.2800,8.9517,0.1913,0.1913
12.8874,pi,6.2800,8.9202,0.1913,0.1913
12.8924,pi,6.2800,8.8953,0.1911,0.1911
12.8974,pi,6.2800,8.8249,0.1919,0.1919
12.9024,pi,6.2800,8.8192,0.1914,0.1914
12.9074,pi,6.2800,8.8139,0.1908,0.1908
12.9124,pi,6.2800,8.8102,0.1903,0.1903
12.9176,pi,6.2800,8.7565,0.1907,0.1907
12.9223,pi,6.2800,8.7418,0.1904,0.1904
12.9275,pi,6.2800,8.7024,0.1906,0.1906
12.9325,pi,6.2800,8.6709,0.1906,0.1906
12.9373,pi,6.2800,8.6734,0.1899,0.1899
12.9424,pi,6.2800,8.6301,0.1902,0.1902
12.9474,pi,6.2800,8.6407,0.1894,0.1894
12.9524,pi,6.2800,8.6494,0.1886,0.1886
12.9574,pi,6.2800,8.6562,0.1879,0.1879
12.9624,pi,6.2800,8.6161,0.1881,0.1881
12.9674,pi,6.2800,8.5842,0.1882,0.1882
12.9724,pi,6.2800,8.6044,0.1872,0.1872
12.9774,pi,6.2800,8.5745,0.1872,0.1872
12.9825,pi,6.2800,8.5507,0.1871,0.1871
12.9874,pi,6.2800,8.5775,0.1860,0.1860
12.9925,pi,6.2800,8.5702,0.1856,0.1856
12.9974,pi,6.2800,8.5144,0.1861,0.1861
13.0024,pi,6.2800,8.5199,0.1855,0.1855
13.0075,pi,6.2800,8.4739,0.1858,0.1858
13.0124,pi,6.2800,8.4375,0.1860,0.1860
13.0175,pi,6.2800,8.4586,0.1850,0.1850
13.0224,pi,6.2800,8.4254,0.1852,0.1852
13.0274,pi,6.2800,8.3987,0.1852,0.1852
13.0324,pi,6.2800,8.4274,0.1841,0.1841
13.0375,pi,6.2800,8.3999,0.1841,0.1841
13.0423,pi,6.2800,8.3645,0.1842,0.1842
13.0475,pi,6.2800,8.4006,0.1830,0.1830
13.0525,pi,6.2800,8.3790,0.1829,0.1829
13.0575,pi,6.2800,8.3618,0.1827,0.1827
13.0623,pi,6.2800,8.3803,0.1818,0.1818
13.0674,pi,6.2800,8.3630,0.1817,0.1817
13.0724,pi,6.2800,8.3489,0.1814,0.1814
13.0774,pi,6.2800,8.3881,0.1801,0.1801
13.0824,pi,6.2800,8.4012,0.1793,0.1793
13.0874,pi,6.2800,8.3661,0.1795,0.1795
13.0924,pi,6.2800,8.3838,0.1786,0.1786
13.0975,pi,6.2800,8.3658,0.1785,0.1785
13.1025,pi,6.2800,8.3511,0.1782,0.1782
13.1073,pi,6.2800,8.3261,0.1782,0.1782
13.1124,pi,6.2800,8.2694,0.1788,0.1788
13.1174,pi,6.2800,8.2606,0.1785,0.1785
13.1224,pi,6.2800,8.2536,0.1782,0.1782
13.1276,pi,6.2800,8.2103,0.1785,0.1785
13.1327,pi,6.2800,8.1764,0.1787,0.1787
13.1375,pi,6.2800,8.1992,0.1778,0.1778
13.1426,pi,6.2800,8.1679,0.1779,0.1779
13.1479,pi,6.2800,8.1425,0.1780,0.1780
13.1523,pi,6.2800,8.1133,0.1781,0.1781
13.1573,pi,6.2800,8.1366,0.1772,0.1772
13.1625,pi,6.2800,8.1550,0.1763,0.1763
13.1674,pi,6.2800,8.1695,0.1756,0.1756
13.1724,pi,6.2800,8.1354,0.1758,0.1758
13.1774,pi,6.2800,8.1079,0.1759,0.1759
13.1824,pi,6.2800,8.1328,0.1749,0.1749
13.1874,pi,6.2800,8.1522,0.1741,0.1741
13.1924,pi,6.2800,8.1223,0.1742,0.1742
13.1974,pi,6.2800,8.0977,0.1742,0.1742
13.2024,pi,6.2800,8.0782,0.1742,0.1742
13.2074,pi,6.2800,8.1082,0.1731,0.1731
13.2124,pi,6.2800,8.0949,0.1729,0.1729
13.2173,pi,6.2800,8.0753,0.1729,0.1729
13.2224,pi,6.2800,8.0687,0.1725,0.1725
13.2273,pi,6.2800,8.0542,0.1724,0.1724
13.2325,pi,6.2800,8.0004,0.1730,0.1730
13.2374,pi,6.2800,7.9586,0.1734,0.1734
13.2424,pi,6.2800,7.9251,0.1737,0.1737
13.2474,pi,6.2800,7.8982,0.1738,0.1738
13.2523,pi,6.2800,7.9179,0.1730,0.1730
13.2574,pi,6.2800,7.8925,0.1731,0.1731
13.2624,pi,6.2800,7.8720,0.1731,0.1731
13.2674,pi,6.2800,7.8558,0.1730,0.1730
13.2724,pi,6.2800,7.8383,0.1730,0.1730
13.2774,pi,6.2800,7.8242,0.1729,0.1729
13.2825,pi,6.2800,7.8130,0.1727,0.1727
13.2875,pi,6.2800,7.8082,0.1724,0.1724
13.2925,pi,6.2800,7.8041,0.1721,0.1721
13.2980,pi,6.2800,7.8506,0.1708,0.1708
13.3031,pi,6.2800,7.8379,0.1707,0.1707
13.3076,pi,6.2800,7.8273,0.1705,0.1705
13.3123,pi,6.2800,7.8201,0.1703,0.1703
13.3174,pi,6.2800,7.8143,0.1700,0.1700
13.3223,pi,6.2800,7.8053,0.1698,0.1698
13.3274,pi,6.2800,7.7978,0.1696,0.1696
13.3325,pi,6.2800,7.7919,0.1693,0.1693
13.3374,pi,6.2800,7.7872,0.1690,0.1690
13.3425,pi,6.2800,7.7835,0.1687,0.1687
13.3475,pi,6.2800,7.7803,0.1684,0.1684
13.3524,pi,6.2800,7.7788,0.1681,0.1681
13.3574,pi,6.2800,7.7768,0.1677,0.1677
13.3624,pi,6.2800,7.7795,0.1673,0.1673
13.3674,pi,6.2800,7.7813,0.1669,0.1669
13.3723,pi,6.2800,7.7831,0.1665,0.1665
13.3774,pi,6.2800,7.7845,0.1661,0.1661
13.3824,pi,6.2800,7.7856,0.1657,0.1657
13.3874,pi,6.2800,7.7867,0.1653,0.1653
13.3924,pi,6.2800,7.7832,0.1650,0.1650
13.3978,pi,6.2800,7.7847,0.1646,0.1646
13.4024,pi,6.2800,7.7347,0.1652,0.1652
13.4076,pi,6.2800,7.6959,0.1656,0.1656
13.4130,pi,6.2800,7.6642,0.1659,0.1659
13.4174,pi,6.2800,7.6395,0.1660,0.1660
13.4223,pi,6.2800,7.6201,0.1661,0.1661
13.4275,pi,6.2800,7.6041,0.1661,0.1661
13.4325,pi,6.2800,7.5907,0.1660,0.1660
13.4374,pi,6.2800,7.5803,0.1659,0.1659
13.4425,pi,6.2800,7.5714,0.1657,0.1657
13.4474,pi,6.2800,7.5645,0.1655,0.1655
13.4524,pi,6.2800,7.5599,0.1653,0.1653
13.4574,pi,6.2800,7.5568,0.1651,0.1651
13.4624,pi,6.2800,7.5534,0.1648,0.1648
13.4676,pi,6.2800,7.5507,0.1645,0.1645
13.4724,pi,6.2800,7.5477,0.1643,0.1643
13.4774,pi,6.2800,7.5459,0.1640,0.1640
13.4824,pi,6.2800,7.5440,0.1637,0.1637
13.4876,pi,6.2800,7.5428,0.1634,0.1634
13.4926,pi,6.2800,7.5415,0.1631,0.1631
13.4975,pi,6.2800,7.5410,0.1628,0.1628
13.5023,pi,6.2800,7.5411,0.1625,0.1625
13.5073,pi,6.2800,7.5412,0.1622,0.1622
13.5124,pi,6.2800,7.5414,0.1619,0.1619
13.5174,pi,6.2800,7.5415,0.1616,0.1616
13.5224,pi,6.2800,7.5414,0.1612,0.1612
13.5274,pi,6.2800,7.5419,0.1609,0.1609
13.5324,pi,6.2800,7.5417,0.1606,0.1606
13.5374,pi,6.2800,7.5419,0.1603,0.1603
13.5424,pi,6.2800,7.5421,0.1600,0.1600
13.5474,pi,6.2800,7.5428,0.1596,0.1596
13.5524,pi,6.2800,7.5427,0.1593,0.1593
13.5574,pi,6.2800,7.5421,0.1590,0.1590
13.5623,pi,6.2800,7.5418,0.1587,0.1587
13.5674,pi,6.2800,7.4909,0.1594,0.1594
13.5724,pi,6.2800,7.5001,0.1589,0.1589
13.5775,pi,6.2800,7.4565,0.1595,0.1595
13.5825,pi,6.2800,7.4225,0.1599,0.1599
13.5875,pi,6.2800,7.3952,0.1601,0.1601
13.5924,pi,6.2800,7.3738,0.1603,0.1603
13.5973,pi,6.2800,7.3615,0.1603,0.1603
13.6024,pi,6.2800,7.3516,0.1602,0.1602
13.6074,pi,6.2800,7.3437,0.1601,0.1601
13.6123,pi,6.2800,7.3374,0.1599,0.1599
13.6174,pi,6.2800,7.3323,0.1598,0.1598
13.6224,pi,6.2800,7.3282,0.1596,0.1596
13.6275,pi,6.2800,7.2790,0.1603,0.1603
13.6326,pi,6.2800,7.2804,0.1600,0.1600
13.6373,pi,6.2800,7.2867,0.1597,0.1597
13.6424,pi,6.2800,7.2871,0.1594,0.1594
13.6473,pi,6.2800,7.2873,0.1592,0.1592
13.6524,pi,6.2800,7.2875,0.1589,0.1589
13.6573,pi,6.2800,7.2923,0.1586,0.1586
13.6624,pi,6.2800,7.2912,0.1583,0.1583
13.6674,pi,6.2800,7.2400,0.1591,0.1591
13.6725,pi,6.2800,7.2992,0.1577,0.1577
13.6775,pi,6.2800,7.2968,0.1575,0.1575
13.6824,pi,6.2800,7.2996,0.1571,0.1571
13.6874,pi,6.2800,7.2973,0.1569,0.1569
13.6925,pi,6.2800,7.2953,0.1567,0.1567
13.6974,pi,6.2800,7.2934,0.1565,0.1565
13.7025,pi,6.2800,7.2416,0.1573,0.1573
13.7074,pi,6.2800,7.2505,0.1569,0.1569
13.7124,pi,6.2800,7.2074,0.1575,0.1575
13.7174,pi,6.2800,7.2234,0.1569,0.1569
13.7224,pi,6.2800,7.2408,0.1564,0.1564
13.7274,pi,6.2800,7.2099,0.1567,0.1567
13.7325,pi,6.2800,7.2306,0.1561,0.1561
13.7374,pi,6.2800,7.2471,0.1555,0.1555
13.7424,pi,6.2800,7.2601,0.1550,0.1550
13.7475,pi,6.2800,7.2652,0.1547,0.1547
13.7525,pi,6.2800,7.3191,0.1533,0.1533
13.7575,pi,6.2800,7.2629,0.1542,0.1542
13.7625,pi,6.2800,7.2680,0.1539,0.1539
13.7674,pi,6.2800,7.2719,0.1535,0.1535
13.7724,pi,6.2800,7.2750,0.1532,0.1532
13.7774,pi,6.2800,7.2776,0.1529,0.1529
13.7825,pi,6.2800,7.2292,0.1536,0.1536
13.7874,pi,6.2800,7.1904,0.1542,0.1542
13.7925,pi,6.2800,7.1597,0.1546,0.1546
13.7973,pi,6.2800,7.1440,0.1547,0.1547
13.8024,pi,6.2800,7.1325,0.1547,0.1547
13.8074,pi,6.2800,7.1236,0.1546,0.1546
13.8124,pi,6.2800,7.1613,0.1537,0.1537
13.8176,pi,6.2800,7.1360,0.1540,0.1540
13.8224,pi,6.2800,7.1161,0.1541,0.1541
13.8274,pi,6.2800,7.1096,0.1541,0.1541
13.8325,pi,6.2800,7.1043,0.1540,0.1540
13.8374,pi,6.2800,7.1459,0.1529,0.1529
13.8425,pi,6.2800,7.1242,0.1531,0.1531
13.8474,pi,6.2800,7.1159,0.1531,0.1531
13.8524,pi,6.2800,7.1000,0.1532,0.1532
13.8573,pi,6.2800,7.0964,0.1531,0.1531
13.8624,pi,6.2800,7.0845,0.1531,0.1531
13.8673,pi,6.2800,7.0841,0.1529,0.1529
13.8724,pi,6.2800,7.1302,0.1518,0.1518
13.8774,pi,6.2800,7.1211,0.1518,0.1518
13.8825,pi,6.2800,7.1043,0.1519,0.1519
13.8876,pi,6.2800,7.0905,0.1520,0.1520
13.8930,pi,6.2800,7.1296,0.1510,0.1510
13.8977,pi,6.2800,7.1100,0.1512,0.1512
13.9024,pi,6.2800,7.0949,0.1513,0.1513
13.9073,pi,6.2800,7.0926,0.1511,0.1511
13.9123,pi,6.2800,7.0908,0.1509,0.1509
13.9175,pi,6.2800,7.0789,0.1510,0.1510
13.9225,pi,6.2800,7.0201,0.1519,0.1519
13.9275,pi,6.2800,7.0232,0.1517,0.1517
13.9332,pi,6.2800,7.0254,0.1515,0.1515
13.9381,pi,6.2800,7.0367,0.1510,0.1510
13.9425,pi,6.2800,7.0003,0.1516,0.1516
13.9474,pi,6.2800,6.9716,0.1520,0.1520
13.9523,pi,6.2800,6.9953,0.1513,0.1513
13.9574,pi,6.2800,7.0025,0.1510,0.1510
13.9625,pi,6.2800,6.9588,0.1517,0.1517
13.9675,pi,6.2800,6.9225,0.1523,0.1523
13.9724,pi,6.2800,6.9098,0.1524,0.1524
13.9775,pi,6.2800,6.8835,0.1527,0.1527
13.9824,pi,6.2800,6.8779,0.1527,0.1527
13.9874,pi,6.2800,6.8738,0.1526,0.1526
13.9924,pi,6.2800,6.8702,0.1525,0.1525
13.9975,pi,6.2800,6.9036,0.1517,0.1517
14.0025,pi,6.2800,6.8782,0.1521,0.1521
14.0074,pi,6.2800,6.8731,0.1520,0.1520
14.0124,pi,6.2800,6.8703,0.1519,0.1519
14.0174,pi,6.2800,6.9132,0.1509,0.1509
14.0224,pi,6.2800,6.9034,0.1510,0.1510
14.0274,pi,6.2800,6.8938,0.1510,0.1510
14.0324,pi,6.2800,6.9330,0.1501,0.1501
14.0374,pi,6.2800,6.9538,0.1495,0.1495
14.0424,pi,6.2800,6.9705,0.1490,0.1490
14.0474,pi,6.2800,6.9334,0.1496,0.1496
14.0523,pi,6.2800,6.9176,0.1497,0.1497
14.0574,pi,6.2800,6.9519,0.1489,0.1489
14.0625,pi,6.2800,6.9187,0.1494,0.1494
14.0674,pi,6.2800,6.8920,0.1497,0.1497
14.0723,pi,6.2800,6.8844,0.1497,0.1497
14.0775,pi,6.2800,6.8785,0.1497,0.1497
14.0824,pi,6.2800,6.8737,0.1496,0.1496
14.0875,pi,6.2800,6.8560,0.1499,0.1499
14.0924,pi,6.2800,6.8419,0.1500,0.1500
14.0975,pi,6.2800,6.8444,0.1498,0.1498
14.1025,pi,6.2800,6.8324,0.1499,0.1499
14.1075,pi,6.2800,6.8229,0.1499,0.1499
14.1124,pi,6.2800,6.8292,0.1497,0.1497
14.1174,pi,6.2800,6.8343,0.1494,0.1494
14.1224,pi,6.2800,6.8246,0.1495,0.1495
14.1275,pi,6.2800,6.8665,0.1485,0.1485
14.1326,pi,6.2800,6.8993,0.1477,0.1477
14.1375,pi,6.2800,6.9262,0.1470,0.1470
14.1425,pi,6.2800,6.8978,0.1474,0.1474
14.1474,pi,6.2800,6.8892,0.1475,0.1475
14.1524,pi,6.2800,6.8822,0.1474,0.1474
14.1574,pi,6.2800,6.8768,0.1474,0.1474
14.1625,pi,6.2800,6.8578,0.1476,0.1476
14.1674,pi,6.2800,6.8573,0.1475,0.1475
14.1724,pi,6.2800,6.9025,0.1465,0.1465
14.1774,pi,6.2800,6.9387,0.1456,0.1456
14.1825,pi,6.2800,6.9224,0.1457,0.1457
14.1874,pi,6.2800,6.9102,0.1458,0.1458
14.1924,pi,6.2800,6.8997,0.1459,0.1459
14.1974,pi,6.2800,6.8768,0.1462,0.1462
14.2023,pi,6.2800,6.8723,0.1461,0.1461
14.2074,pi,6.2800,6.8687,0.1460,0.1460
14.2124,pi,6.2800,6.8659,0.1459,0.1459
14.2174,pi,6.2800,6.8498,0.1461,0.1461
14.2223,pi,6.2800,6.8507,0.1460,0.1460
14.2275,pi,6.2800,6.7867,0.1471,0.1471
14.2325,pi,6.2800,6.7864,0.1470,0.1470
14.2373,pi,6.2800,6.7862,0.1469,0.1469
14.2424,pi,6.2800,6.7343,0.1478,0.1478
14.2474,pi,6.2800,6.7127,0.1481,0.1481
14.2524,pi,6.2800,6.7272,0.1477,0.1477
14.2574,pi,6.2800,6.7388,0.1473,0.1473
14.2624,pi,6.2800,6.7161,0.1477,0.1477
14.2674,pi,6.2800,6.7300,0.1473,0.1473
14.2724,pi,6.2800,6.7402,0.1470,0.1470
14.2774,pi,6.2800,6.7172,0.1473,0.1473
14.2825,pi,6.2800,6.7449,0.1467,0.1467
14.2875,pi,6.2800,6.7670,0.1461,0.1461
14.2925,pi,6.2800,6.7706,0.1459,0.1459
14.2974,pi,6.2800,6.7733,0.1457,0.1457
14.3024,pi,6.2800,6.7895,0.1453,0.1453
14.3074,pi,6.2800,6.8025,0.1449,0.1449
14.3125,pi,6.2800,6.7992,0.1448,0.1448
14.3175,pi,6.2800,6.7965,0.1448,0.1448
14.3223,pi,6.2800,6.8081,0.1444,0.1444
14.3274,pi,6.2800,6.7726,0.1450,0.1450
14.3325,pi,6.2800,6.7752,0.1448,0.1448
14.3374,pi,6.2800,6.7773,0.1446,0.1446
14.3424,pi,6.2800,6.7470,0.1451,0.1451
14.3474,pi,6.2800,6.7698,0.1445,0.1445
14.3524,pi,6.2800,6.7730,0.1444,0.1444
14.3574,pi,6.2800,6.7245,0.1452,0.1452
14.3623,pi,6.2800,6.7048,0.1455,0.1455
14.3674,pi,6.2800,6.7349,0.1448,0.1448
14.3724,pi,6.2800,6.6946,0.1455,0.1455
14.3774,pi,6.2800,6.7128,0.1450,0.1450
14.3824,pi,6.2800,6.7411,0.1443,0.1443
14.3875,pi,6.2800,6.6996,0.1450,0.1450
14.3924,pi,6.2800,6.6849,0.1452,0.1452
14.3977,pi,6.2800,6.7050,0.1447,0.1447
14.4025,pi,6.2800,6.6701,0.1453,0.1453
14.4073,pi,6.2800,6.6613,0.1454,0.1454
14.4124,pi,6.2800,6.6548,0.1454,0.1454
14.4173,pi,6.2800,6.6494,0.1454,0.1454
14.4226,pi,6.2800,6.6452,0.1454,0.1454
14.4280,pi,6.2800,6.6732,0.1448,0.1448
14.4325,pi,6.2800,6.6638,0.1449,0.1449
14.4373,pi,6.2800,6.6565,0.1449,0.1449
14.4423,pi,6.2800,6.6966,0.1440,0.1440
14.4473,pi,6.2800,6.6828,0.1442,0.1442
14.4525,pi,6.2800,6.6719,0.1443,0.1443
14.4573,pi,6.2800,6.7096,0.1435,0.1435
14.4624,pi,6.2800,6.6931,0.1437,0.1437
14.4673,pi,6.2800,6.7257,0.1429,0.1429
14.4724,pi,6.2800,6.7377,0.1426,0.1426
14.4773,pi,6.2800,6.7151,0.1429,0.1429
14.4824,pi,6.2800,6.6979,0.1432,0.1432
14.4875,pi,6.2800,6.6651,0.1437,0.1437
14.4924,pi,6.2800,6.6383,0.1441,0.1441
14.4974,pi,6.2800,6.6675,0.1435,0.1435
14.5024,pi,6.2800,6.6403,0.1439,0.1439
14.5074,pi,6.2800,6.6190,0.1443,0.1443
14.5123,pi,6.2800,6.6203,0.1441,0.1441
14.5175,pi,6.2800,6.6030,0.1444,0.1444
14.5223,pi,6.2800,6.5893,0.1446,0.1446
14.5274,pi,6.2800,6.6282,0.1437,0.1437
14.5325,pi,6.2800,6.6088,0.1440,0.1440
14.5374,pi,6.2800,6.6437,0.1433,0.1433
14.5423,pi,6.2800,6.6857,0.1423,0.1423
14.5475,pi,6.2800,6.6553,0.1428,0.1428
14.5524,pi,6.2800,6.6814,0.1422,0.1422
14.5574,pi,6.2800,6.6515,0.1427,0.1427
14.5625,pi,6.2800,6.6277,0.1431,0.1431
14.5674,pi,6.2800,6.6590,0.1424,0.1424
14.5725,pi,6.2800,6.6336,0.1428,0.1428
14.5775,pi,6.2800,6.6317,0.1428,0.1428
14.5825,pi,6.2800,6.6307,0.1427,0.1427
14.5874,pi,6.2800,6.6299,0.1426,0.1426
14.5925,pi,6.2800,6.6106,0.1429,0.1429
14.5975,pi,6.2800,6.5951,0.1431,0.1431
14.6025,pi,6.2800,6.5829,0.1433,0.1433
14.6074,pi,6.2800,6.5915,0.1431,0.1431
14.6124,pi,6.2800,6.5800,0.1432,0.1432
14.6173,pi,6.2800,6.5892,0.1430,0.1430
14.6224,pi,6.2800,6.5967,0.1427,0.1427
14.6274,pi,6.2800,6.6027,0.1425,0.1425
14.6324,pi,6.2800,6.6074,0.1424,0.1424
14.6374,pi,6.2800,6.5654,0.1431,0.1431
14.6424,pi,6.2800,6.5777,0.1428,0.1428
14.6474,pi,6.2800,6.5875,0.1425,0.1425
14.6524,pi,6.2800,6.5955,0.1423,0.1423
14.6574,pi,6.2800,6.6019,0.1421,0.1421
14.6624,pi,6.2800,6.6069,0.1419,0.1419
14.6674,pi,6.2800,6.6109,0.1417,0.1417
14.6724,pi,6.2800,6.6141,0.1416,0.1416
14.6774,pi,6.2800,6.5706,0.1424,0.1424
14.6824,pi,6.2800,6.5818,0.1421,0.1421
14.6874,pi,6.2800,6.6226,0.1412,0.1412
14.6925,pi,6.2800,6.6046,0.1415,0.1415
14.6973,pi,6.2800,6.6089,0.1413,0.1413
14.7024,pi,6.2800,6.5667,0.1421,0.1421
14.7073,pi,6.2800,6.5789,0.1417,0.1417
14.7123,pi,6.2800,6.5885,0.1415,0.1415
14.7173,pi,6.2800,6.5505,0.1422,0.1422
14.7223,pi,6.2800,6.5658,0.1418,0.1418
14.7274,pi,6.2800,6.5321,0.1424,0.1424
14.7324,pi,6.2800,6.5512,0.1419,0.1419
14.7373,pi,6.2800,6.5664,0.1416,0.1416
14.7424,pi,6.2800,6.5328,0.1422,0.1422
14.7475,pi,6.2800,6.5331,0.1421,0.1421
14.7525,pi,6.2800,6.5330,0.1420,0.1420
14.7574,pi,6.2800,6.5329,0.1420,0.1420
14.7624,pi,6.2800,6.5327,0.1419,0.1419
14.7674,pi,6.2800,6.5321,0.1419,0.1419
14.7724,pi,6.2800,6.5321,0.1418,0.1418
14.7774,pi,6.2800,6.5824,0.1407,0.1407
14.7824,pi,6.2800,6.5723,0.1409,0.1409
14.7874,pi,6.2800,6.5636,0.1410,0.1410
14.7924,pi,6.2800,6.6077,0.1400,0.1400
14.7974,pi,6.2800,6.5928,0.1402,0.1402
14.8023,pi,6.2800,6.5994,0.1400,0.1400
14.8074,pi,6.2800,6.6050,0.1398,0.1398
14.8124,pi,6.2800,6.6093,0.1397,0.1397
14.8175,pi,6.2800,6.5669,0.1404,0.1404
14.8224,pi,6.2800,6.5794,0.1401,0.1401
14.8274,pi,6.2800,6.5889,0.1398,0.1398
14.8324,pi,6.2800,6.5508,0.1405,0.1405
14.8373,pi,6.2800,6.5661,0.1401,0.1401
14.8424,pi,6.2800,6.5787,0.1398,0.1398
14.8474,pi,6.2800,6.5425,0.1405,0.1405
14.8524,pi,6.2800,6.5409,0.1404,0.1404
14.8574,pi,6.2800,6.5393,0.1404,0.1404
14.8625,pi,6.2800,6.5378,0.1404,0.1404
14.8675,pi,6.2800,6.5367,0.1403,0.1403
14.8725,pi,6.2800,6.5357,0.1403,0.1403
14.8774,pi,6.2800,6.5353,0.1402,0.1402
14.8825,pi,6.2800,6.5350,0.1402,0.1402
14.8874,pi,6.2800,6.5347,0.1401,0.1401
14.8925,pi,6.2800,6.5342,0.1401,0.1401
14.8973,pi,6.2800,6.5071,0.1405,0.1405
14.9024,pi,6.2800,6.5312,0.1400,0.1400
14.9074,pi,6.2800,6.5046,0.1405,0.1405
14.9124,pi,6.2800,6.5293,0.1399,0.1399
14.9174,pi,6.2800,6.5034,0.1404,0.1404
14.9224,pi,6.2800,6.5286,0.1398,0.1398
14.9274,pi,6.2800,6.5486,0.1394,0.1394
14.9324,pi,6.2800,6.5186,0.1399,0.1399
14.9374,pi,6.2800,6.5404,0.1394,0.1394
14.9424,pi,6.2800,6.5575,0.1390,0.1390
14.9475,pi,6.2800,6.5529,0.1390,0.1390
14.9524,pi,6.2800,6.5485,0.1390,0.1390
14.9573,pi,6.2800,6.5183,0.1396,0.1396
14.9624,pi,6.2800,6.5212,0.1394,0.1394
14.9674,pi,6.2800,6.4963,0.1399,0.1399
14.9725,pi,6.2800,6.5032,0.1397,0.1397
14.9773,pi,6.2800,6.5276,0.1391,0.1391
14.9824,pi,6.2800,6.5017,0.1396,0.1396
14.9873,pi,6.2800,6.5266,0.1390,0.1390
14.9924,pi,6.2800,6.5007,0.1395,0.1395
14.9974,pi,6.2800,6.5073,0.1393,0.1393
15.0025,pi,6.2800,6.4854,0.1397,0.1397
15.0074,pi,6.2800,6.4951,0.1395,0.1395
15.0123,pi,6.2800,6.5212,0.1389,0.1389
15.0175,pi,6.2800,6.5239,0.1388,0.1388
15.0223,pi,6.2800,6.5444,0.1383,0.1383
15.0274,pi,6.2800,6.4921,0.1393,0.1393
15.0324,pi,6.2800,6.5005,0.1391,0.1391
15.0374,pi,6.2800,6.4569,0.1399,0.1399
15.0423,pi,6.2800,6.4449,0.1401,0.1401
15.0474,pi,6.2800,6.4812,0.1393,0.1393
15.0524,pi,6.2800,6.4646,0.1396,0.1396
15.0574,pi,6.2800,6.4972,0.1389,0.1389
15.0625,pi,6.2800,6.4538,0.1397,0.1397
15.0675,pi,6.2800,6.4695,0.1393,0.1393
15.0725,pi,6.2800,6.4315,0.1400,0.1400
15.0774,pi,6.2800,6.4518,0.1396,0.1396
15.0824,pi,6.2800,6.4682,0.1392,0.1392
15.0874,pi,6.2800,6.4811,0.1389,0.1389
15.0925,pi,6.2800,6.4900,0.1387,0.1387
15.0974,pi,6.2800,6.4987,0.1385,0.1385
15.1023,pi,6.2800,6.4785,0.1388,0.1388
15.1075,pi,6.2800,6.4392,0.1396,0.1396
15.1124,pi,6.2800,6.4307,0.1397,0.1397
15.1174,pi,6.2800,6.4701,0.1389,0.1389
15.1224,pi,6.2800,6.4559,0.1391,0.1391
15.1274,pi,6.2800,6.4904,0.1384,0.1384
15.1326,pi,6.2800,6.4481,0.1392,0.1392
15.1377,pi,6.2800,6.4649,0.1388,0.1388
15.1431,pi,6.2800,6.4504,0.1390,0.1390
15.1486,pi,6.2800,6.4158,0.1397,0.1397
15.1527,pi,6.2800,6.4390,0.1392,0.1392
15.1574,pi,6.2800,6.4576,0.1388,0.1388
15.1623,pi,6.2800,6.4728,0.1384,0.1384
15.1674,pi,6.2800,6.4347,0.1391,0.1391
15.1724,pi,6.2800,6.4545,0.1387,0.1387
15.1775,pi,6.2800,6.4200,0.1393,0.1393
15.1824,pi,6.2800,6.4152,0.1394,0.1394
15.1874,pi,6.2800,6.4580,0.1385,0.1385
15.1924,pi,6.2800,6.4463,0.1387,0.1387
15.1974,pi,6.2800,6.4833,0.1379,0.1379
15.2024,pi,6.2800,6.4671,0.1382,0.1382
15.2074,pi,6.2800,6.4534,0.1384,0.1384
15.2124,pi,6.2800,6.4425,0.1386,0.1386
15.2176,pi,6.2800,6.4606,0.1382,0.1382
15.2231,pi,6.2800,6.4744,0.1379,0.1379
15.2281,pi,6.2800,6.4858,0.1376,0.1376
15.2328,pi,6.2800,6.4952,0.1374,0.1374
15.2375,pi,6.2800,6.4525,0.1382,0.1382
15.2423,pi,6.2800,6.4413,0.1383,0.1383
15.2477,pi,6.2800,6.4084,0.1390,0.1390
15.2527,pi,6.2800,6.4330,0.1384,0.1384
15.2580,pi,6.2800,6.4530,0.1380,0.1380
15.2625,pi,6.2800,6.4688,0.1376,0.1376
15.2673,pi,6.2800,6.5002,0.1370,0.1370
15.2725,pi,6.2800,6.4795,0.1373,0.1373
15.2774,pi,6.2800,6.4639,0.1376,0.1376
15.2825,pi,6.2800,6.4510,0.1378,0.1378
15.2875,pi,6.2800,6.4674,0.1374,0.1374
15.2927,pi,6.2800,6.4804,0.1371,0.1371
15.2980,pi,6.2800,6.4633,0.1374,0.1374
15.3028,pi,6.2800,6.4965,0.1367,0.1367
15.3074,pi,6.2800,6.4770,0.1370,0.1370
15.3124,pi,6.2800,6.4614,0.1373,0.1373
15.3175,pi,6.2800,6.4256,0.1380,0.1380
15.3224,pi,6.2800,6.4198,0.1380,0.1380
15.3275,pi,6.2800,6.3921,0.1386,0.1386
15.3325,pi,6.2800,6.4204,0.1380,0.1380
15.3375,pi,6.2800,6.3928,0.1385,0.1385
15.3425,pi,6.2800,6.3700,0.1389,0.1389
15.3473,pi,6.2800,6.3760,0.1388,0.1388
15.3524,pi,6.2800,6.3811,0.1386,0.1386
15.3574,pi,6.2800,6.3847,0.1386,0.1386
15.3624,pi,6.2800,6.3876,0.1385,0.1385
15.3674,pi,6.2800,6.3898,0.1384,0.1384
15.3724,pi,6.2800,6.3914,0.1383,0.1383
15.3775,pi,6.2800,6.3924,0.1383,0.1383
15.3825,pi,6.2800,6.4208,0.1377,0.1377
15.3874,pi,6.2800,6.4161,0.1378,0.1378
15.3924,pi,6.2800,6.4583,0.1369,0.1369
15.3974,pi,6.2800,6.4733,0.1365,0.1365
15.4025,pi,6.2800,6.4849,0.1362,0.1362
15.4075,pi,6.2800,6.4936,0.1360,0.1360
15.4123,pi,6.2800,6.4746,0.1364,0.1364
15.4175,pi,6.2800,6.4861,0.1361,0.1361
15.4224,pi,6.2800,6.4955,0.1358,0.1358
15.4275,pi,6.2800,6.4530,0.1366,0.1366
15.4325,pi,6.2800,6.4418,0.1368,0.1368
15.4373,pi,6.2800,6.4337,0.1369,0.1369
15.4425,pi,6.2800,6.4269,0.1370,0.1370
15.4475,pi,6.2800,6.3980,0.1376,0.1376
15.4524,pi,6.2800,6.3520,0.1385,0.1385
15.4574,pi,6.2800,6.3615,0.1383,0.1383
15.4625,pi,6.2800,6.3454,0.1386,0.1386
15.4674,pi,6.2800,6.3554,0.1383,0.1383
15.4725,pi,6.2800,6.3908,0.1376,0.1376
15.4774,pi,6.2800,6.3922,0.1376,0.1376
15.4825,pi,6.2800,6.4392,0.1366,0.1366
15.4875,pi,6.2800,6.4074,0.1372,0.1372
15.4925,pi,6.2800,6.4304,0.1367,0.1367
15.4974,pi,6.2800,6.4013,0.1372,0.1372
15.5025,pi,6.2800,6.3773,0.1377,0.1377
15.5075,pi,6.2800,6.3583,0.1380,0.1380
15.5125,pi,6.2800,6.3935,0.1373,0.1373
15.5173,pi,6.2800,6.3944,0.1373,0.1373
15.5224,pi,6.2800,6.3955,0.1372,0.1372
15.5275,pi,6.2800,6.4226,0.1366,0.1366
15.5325,pi,6.2800,6.3948,0.1372,0.1372
15.5374,pi,6.2800,6.3954,0.1371,0.1371
15.5424,pi,6.2800,6.3962,0.1371,0.1371
15.5475,pi,6.2800,6.3985,0.1370,0.1370
15.5524,pi,6.2800,6.3983,0.1370,0.1370
15.5574,pi,6.2800,6.4443,0.1360,0.1360
15.5625,pi,6.2800,6.4349,0.1362,0.1362
15.5675,pi,6.2800,6.4547,0.1357,0.1357
15.5725,pi,6.2800,6.4199,0.1364,0.1364
15.5774,pi,6.2800,6.4149,0.1365,0.1365
15.5825,pi,6.2800,6.4122,0.1365,0.1365
15.5874,pi,6.2800,6.4094,0.1365,0.1365
15.5925,pi,6.2800,6.4334,0.1360,0.1360
15.5974,pi,6.2800,6.4034,0.1366,0.1366
15.6025,pi,6.2800,6.4287,0.1360,0.1360
15.6074,pi,6.2800,6.3997,0.1366,0.1366
15.6125,pi,6.2800,6.3764,0.1370,0.1370
15.6174,pi,6.2800,6.3577,0.1373,0.1373
15.6224,pi,6.2800,6.3657,0.1372,0.1372
15.6275,pi,6.2800,6.3491,0.1375,0.1375
15.6324,pi,6.2800,6.3587,0.1373,0.1373
15.6375,pi,6.2800,6.3934,0.1366,0.1366
15.6423,pi,6.2800,6.3944,0.1365,0.1365
15.6475,pi,6.2800,6.3498,0.1374,0.1374
15.6524,pi,6.2800,6.3595,0.1372,0.1372
15.6574,pi,6.2800,6.3683,0.1370,0.1370
15.6624,pi,6.2800,6.3741,0.1368,0.1368
15.6674,pi,6.2800,6.4246,0.1358,0.1358
15.6725,pi,6.2800,6.3963,0.1363,0.1363
15.6774,pi,6.2800,6.3965,0.1363,0.1363
15.6825,pi,6.2800,6.3738,0.1367,0.1367
15.6874,pi,6.2800,6.3785,0.1366,0.1366
15.6925,pi,6.2800,6.4093,0.1360,0.1360
15.6974,pi,6.2800,6.4065,0.1360,0.1360
15.7024,pi,6.2800,6.4506,0.1351,0.1351
15.7075,pi,6.2800,6.4169,0.1357,0.1357
15.7124,pi,6.2800,6.4128,0.1357,0.1357
15.7175,pi,6.2800,6.3868,0.1362,0.1362
15.7223,pi,6.2800,6.3888,0.1362,0.1362
15.7274,pi,6.2800,6.4363,0.1352,0.1352
15.7324,pi,6.2800,6.4286,0.1353,0.1353
15.7375,pi,6.2800,6.4491,0.1349,0.1349
15.7424,pi,6.2800,6.4391,0.1350,0.1350
15.7475,pi,6.2800,6.4578,0.1346,0.1346
15.7524,pi,6.2800,6.4226,0.1353,0.1353
15.7574,pi,6.2800,6.4446,0.1348,0.1348
15.7625,pi,6.2800,6.4624,0.1344,0.1344
15.7675,pi,6.2800,6.4762,0.1341,0.1341
15.7724,pi,6.2800,6.4876,0.1338,0.1338
15.7775,pi,6.2800,6.4456,0.1346,0.1346
15.7825,pi,6.2800,6.4632,0.1342,0.1342
15.7874,pi,6.2800,6.4499,0.1344,0.1344
15.7924,pi,6.2800,6.4667,0.1340,0.1340
15.7974,pi,6.2800,6.4525,0.1343,0.1343
15.8024,pi,6.2800,6.4420,0.1344,0.1344
15.8074,pi,6.2800,6.4333,0.1346,0.1346
15.8124,pi,6.2800,6.4264,0.1347,0.1347
15.8175,pi,6.2800,6.3751,0.1356,0.1356
15.8224,pi,6.2800,6.3803,0.1355,0.1355
15.8275,pi,6.2800,6.3383,0.1363,0.1363
15.8324,pi,6.2800,6.3509,0.1361,0.1361
15.8374,pi,6.2800,6.3145,0.1368,0.1368
15.8424,pi,6.2800,6.3312,0.1364,0.1364
15.8475,pi,6.2800,6.2987,0.1371,0.1371
15.8524,pi,6.2800,6.3187,0.1367,0.1367
15.8574,pi,6.2800,6.3346,0.1363,0.1363
15.8624,pi,6.2800,6.3472,0.1361,0.1361
15.8675,pi,6.2800,6.3838,0.1353,0.1353
15.8724,pi,6.2800,6.3638,0.1357,0.1357
15.8774,pi,6.2800,6.3705,0.1355,0.1355
15.8825,pi,6.2800,6.3759,0.1354,0.1354
15.8874,pi,6.2800,6.3346,0.1362,0.1362
15.8924,pi,6.2800,6.3475,0.1359,0.1359
15.8975,pi,6.2800,6.3842,0.1352,0.1352
15.9023,pi,6.2800,6.3871,0.1351,0.1351
15.9075,pi,6.2800,6.3159,0.1365,0.1365
15.9124,pi,6.2800,6.2865,0.1371,0.1371
15.9174,pi,6.2800,6.3088,0.1366,0.1366
15.9224,pi,6.2800,6.2821,0.1372,0.1372
15.9275,pi,6.2800,6.2316,0.1382,0.1382
15.9324,pi,6.2800,6.2192,0.1384,0.1384
15.9374,pi,6.2800,6.2551,0.1377,0.1377
15.9424,pi,6.2800,6.2606,0.1376,0.1376
15.9474,pi,6.2800,6.2877,0.1371,0.1371
15.9525,pi,6.2800,6.2864,0.1371,0.1371
15.9574,pi,6.2800,6.3359,0.1361,0.1361
15.9624,pi,6.2800,6.3251,0.1363,0.1363
15.9674,pi,6.2800,6.3165,0.1365,0.1365
15.9725,pi,6.2800,6.3095,0.1366,0.1366
15.9774,pi,6.2800,6.3268,0.1363,0.1363
15.9826,pi,6.2800,6.3173,0.1364,0.1364
15.9877,pi,6.2800,6.3093,0.1366,0.1366
15.9927,pi,6.2800,6.3535,0.1357,0.1357
15.9974,pi,6.2800,6.3393,0.1360,0.1360
16.0024,pi,6.2800,6.3779,0.1352,0.1352
16.0073,pi,6.2800,6.3822,0.1351,0.1351
16.0124,pi,6.2800,6.3856,0.1350,0.1350
16.0174,pi,6.2800,6.3882,0.1349,0.1349
16.0224,pi,6.2800,6.3905,0.1348,0.1348
16.0275,pi,6.2800,6.4377,0.1339,0.1339
16.0325,pi,6.2800,6.4297,0.1340,0.1340
16.0375,pi,6.2800,6.4235,0.1341,0.1341
16.0426,pi,6.2800,6.3932,0.1346,0.1346
16.0474,pi,6.2800,6.3714,0.1350,0.1350
16.0524,pi,6.2800,6.3767,0.1349,0.1349
16.0575,pi,6.2800,6.3576,0.1353,0.1353
16.0624,pi,6.2800,6.3427,0.1355,0.1355
16.0673,pi,6.2800,6.3536,0.1353,0.1353
16.0724,pi,6.2800,6.3393,0.1356,0.1356
16.0773,pi,6.2800,6.3508,0.1353,0.1353
16.0825,pi,6.2800,6.3148,0.1360,0.1360
16.0874,pi,6.2800,6.3317,0.1357,0.1357
16.0924,pi,6.2800,6.3452,0.1354,0.1354
16.0974,pi,6.2800,6.3578,0.1351,0.1351
16.1025,pi,6.2800,6.3660,0.1350,0.1350
16.1075,pi,6.2800,6.3995,0.1343,0.1343
16.1125,pi,6.2800,6.3759,0.1347,0.1347
16.1174,pi,6.2800,6.3568,0.1351,0.1351
16.1224,pi,6.2800,6.3417,0.1354,0.1354
16.1274,pi,6.2800,6.3295,0.1356,0.1356
16.1324,pi,6.2800,6.3197,0.1358,0.1358
16.1375,pi,6.2800,6.3109,0.1359,0.1359
16.1428,pi,6.2800,6.3547,0.1350,0.1350
16.1476,pi,6.2800,6.3392,0.1353,0.1353
16.1525,pi,6.2800,6.3773,0.1346,0.1346
16.1573,pi,6.2800,6.3815,0.1345,0.1345
16.1624,pi,6.2800,6.3852,0.1344,0.1344
16.1674,pi,6.2800,6.3880,0.1343,0.1343
16.1724,pi,6.2800,6.3904,0.1342,0.1342
16.1775,pi,6.2800,6.3688,0.1346,0.1346
16.1824,pi,6.2800,6.3744,0.1345,0.1345
16.1874,pi,6.2800,6.3793,0.1343,0.1343
16.1924,pi,6.2800,6.3840,0.1342,0.1342
16.1974,pi,6.2800,6.3425,0.1350,0.1350
16.2024,pi,6.2800,6.3543,0.1348,0.1348
16.2075,pi,6.2800,6.3396,0.1351,0.1351
16.2124,pi,6.2800,6.3279,0.1353,0.1353
16.2174,pi,6.2800,6.3186,0.1354,0.1354
16.2224,pi,6.2800,6.3110,0.1356,0.1356
16.2274,pi,6.2800,6.2822,0.1362,0.1362
16.2325,pi,6.2800,6.2824,0.1362,0.1362
16.2375,pi,6.2800,6.2821,0.1362,0.1362
16.2423,pi,6.2800,6.3053,0.1357,0.1357
16.2474,pi,6.2800,6.3003,0.1358,0.1358
16.2524,pi,6.2800,6.3193,0.1354,0.1354
16.2574,pi,6.2800,6.3354,0.1351,0.1351
16.2624,pi,6.2800,6.3481,0.1348,0.1348
16.2674,pi,6.2800,6.3584,0.1346,0.1346
16.2726,pi,6.2800,6.3426,0.1349,0.1349
16.2775,pi,6.2800,6.3803,0.1341,0.1341
16.2825,pi,6.2800,6.3837,0.1340,0.1340
16.2875,pi,6.2800,6.3624,0.1344,0.1344
16.2924,pi,6.2800,6.3467,0.1347,0.1347
16.2974,pi,6.2800,6.3337,0.1349,0.1349
16.3023,pi,6.2800,6.3466,0.1347,0.1347
16.3075,pi,6.2800,6.2833,0.1359,0.1359
16.3124,pi,6.2800,6.2827,0.1359,0.1359
16.3176,pi,6.2800,6.2822,0.1359,0.1359
16.3224,pi,6.2800,6.2592,0.1364,0.1364
16.3275,pi,6.2800,6.2873,0.1359,0.1359
16.3325,pi,6.2800,6.2642,0.1363,0.1363
16.3378,pi,6.2800,6.2901,0.1358,0.1358
16.3433,pi,6.2800,6.2875,0.1358,0.1358
16.3477,pi,6.2800,6.3361,0.1349,0.1349
16.3530,pi,6.2800,6.3212,0.1352,0.1352
16.3578,pi,6.2800,6.3611,0.1343,0.1343
16.3631,pi,6.2800,6.3436,0.1347,0.1347
16.3683,pi,6.2800,6.3307,0.1349,0.1349
16.3730,pi,6.2800,6.3205,0.1351,0.1351
16.3778,pi,6.2800,6.3130,0.1353,0.1353
16.3826,pi,6.2800,6.3065,0.1354,0.1354
16.3875,pi,6.2800,6.3244,0.1350,0.1350
16.3925,pi,6.2800,6.2939,0.1356,0.1356
16.3975,pi,6.2800,6.3151,0.1352,0.1352
16.4025,pi,6.2800,6.2860,0.1358,0.1358
16.4075,pi,6.2800,6.3112,0.1352,0.1352
16.4125,pi,6.2800,6.3302,0.1349,0.1349
16.4176,pi,6.2800,6.3452,0.1345,0.1345
16.4225,pi,6.2800,6.3564,0.1343,0.1343
16.4283,pi,6.2800,6.3399,0.1346,0.1346
16.4328,pi,6.2800,6.3771,0.1339,0.1339
16.4383,pi,6.2800,6.3566,0.1342,0.1342
16.4427,pi,6.2800,6.3396,0.1346,0.1346
16.4476,pi,6.2800,6.3275,0.1348,0.1348
16.4527,pi,6.2800,6.3413,0.1345,0.1345
16.4577,pi,6.2800,6.3297,0.1347,0.1347
16.4627,pi,6.2800,6.3196,0.1349,0.1349
16.4678,pi,6.2800,6.3120,0.1351,0.1351
16.4729,pi,6.2800,6.3050,0.1352,0.1352
16.4779,pi,6.2800,6.3004,0.1353,0.1353
16.4828,pi,6.2800,6.3207,0.1349,0.1349
16.4879,pi,6.2800,6.3373,0.1345,0.1345
16.4926,pi,6.2800,6.3511,0.1342,0.1342
16.4974,pi,6.2800,6.3628,0.1340,0.1340
16.5023,pi,6.2800,6.3715,0.1338,0.1338
16.5073,pi,6.2800,6.3777,0.1336,0.1336
16.5125,pi,6.2800,6.3585,0.1340,0.1340
16.5174,pi,6.2800,6.3673,0.1338,0.1338
16.5225,pi,6.2800,6.3731,0.1337,0.1337
16.5274,pi,6.2800,6.3794,0.1335,0.1335
16.5325,pi,6.2800,6.3848,0.1334,0.1334
16.5374,pi,6.2800,6.3887,0.1333,0.1333
16.5424,pi,6.2800,6.3456,0.1341,0.1341
16.5474,pi,6.2800,6.3564,0.1339,0.1339
16.5525,pi,6.2800,6.3416,0.1342,0.1342
16.5574,pi,6.2800,6.3296,0.1344,0.1344
16.5624,pi,6.2800,6.2972,0.1350,0.1350
16.5674,pi,6.2800,6.3185,0.1346,0.1346
16.5724,pi,6.2800,6.2885,0.1352,0.1352
16.5774,pi,6.2800,6.3118,0.1347,0.1347
16.5825,pi,6.2800,6.3285,0.1344,0.1344
16.5874,pi,6.2800,6.3188,0.1345,0.1345
16.5925,pi,6.2800,6.3113,0.1347,0.1347
16.5974,pi,6.2800,6.3053,0.1348,0.1348
16.6024,pi,6.2800,6.3005,0.1349,0.1349
16.6074,pi,6.2800,6.2968,0.1350,0.1350
16.6124,pi,6.2800,6.2937,0.1350,0.1350
16.6174,pi,6.2800,6.2912,0.1351,0.1351
16.6224,pi,6.2800,6.3396,0.1341,0.1341
16.6274,pi,6.2800,6.3279,0.1343,0.1343
16.6324,pi,6.2800,6.2955,0.1349,0.1349
16.6374,pi,6.2800,6.2705,0.1354,0.1354
16.6424,pi,6.2800,6.2960,0.1349,0.1349
16.6475,pi,6.2800,6.2934,0.1350,0.1350
16.6524,pi,6.2800,6.3143,0.1346,0.1346
16.6574,pi,6.2800,6.3311,0.1342,0.1342
16.6624,pi,6.2800,6.3442,0.1339,0.1339
16.6675,pi,6.2800,6.3319,0.1342,0.1342
16.6724,pi,6.2800,6.3220,0.1344,0.1344
16.6774,pi,6.2800,6.2914,0.1350,0.1350
16.6824,pi,6.2800,6.3127,0.1345,0.1345
16.6875,pi,6.2800,6.3067,0.1346,0.1346
16.6925,pi,6.2800,6.3019,0.1347,0.1347
16.6975,pi,6.2800,6.2980,0.1348,0.1348
16.7023,pi,6.2800,6.3180,0.1344,0.1344
16.7075,pi,6.2800,6.3108,0.1345,0.1345
16.7124,pi,6.2800,6.3280,0.1342,0.1342
16.7174,pi,6.2800,6.2961,0.1348,0.1348
16.7224,pi,6.2800,6.3166,0.1344,0.1344
16.7275,pi,6.2800,6.3099,0.1345,0.1345
16.7324,pi,6.2800,6.3275,0.1342,0.1342
16.7374,pi,6.2800,6.3416,0.1339,0.1339
16.7424,pi,6.2800,6.3529,0.1336,0.1336
16.7474,pi,6.2800,6.3619,0.1334,0.1334
16.7525,pi,6.2800,6.3460,0.1337,0.1337
16.7573,pi,6.2800,6.3562,0.1335,0.1335
16.7630,pi,6.2800,6.3414,0.1338,0.1338
16.7678,pi,6.2800,6.3277,0.1340,0.1340
16.7731,pi,6.2800,6.3175,0.1342,0.1342
16.7784,pi,6.2800,6.3599,0.1334,0.1334
16.7830,pi,6.2800,6.3419,0.1337,0.1337
16.7878,pi,6.2800,6.2775,0.1350,0.1350
16.7924,pi,6.2800,6.2780,0.1350,0.1350
16.7973,pi,6.2800,6.3018,0.1345,0.1345
16.8024,pi,6.2800,6.2754,0.1350,0.1350
16.8074,pi,6.2800,6.2998,0.1345,0.1345
16.8124,pi,6.2800,6.2737,0.1351,0.1351
16.8175,pi,6.2800,6.2986,0.1346,0.1346
16.8224,pi,6.2800,6.3202,0.1341,0.1341
16.8275,pi,6.2800,6.3368,0.1338,0.1338
16.8325,pi,6.2800,6.3040,0.1344,0.1344
16.8374,pi,6.2800,6.3247,0.1340,0.1340
16.8424,pi,6.2800,6.3413,0.1337,0.1337
16.8474,pi,6.2800,6.3531,0.1334,0.1334
16.8525,pi,6.2800,6.3390,0.1337,0.1337
16.8574,pi,6.2800,6.3278,0.1339,0.1339
16.8624,pi,6.2800,6.3187,0.1340,0.1340
16.8674,pi,6.2800,6.3344,0.1337,0.1337
16.8725,pi,6.2800,6.3241,0.1339,0.1339
16.8774,pi,6.2800,6.3159,0.1341,0.1341
16.8825,pi,6.2800,6.3092,0.1342,0.1342
16.8873,pi,6.2800,6.3271,0.1338,0.1338
16.8924,pi,6.2800,6.3419,0.1335,0.1335
16.8975,pi,6.2800,6.3301,0.1337,0.1337
16.9024,pi,6.2800,6.3205,0.1339,0.1339
16.9073,pi,6.2800,6.3359,0.1336,0.1336
16.9124,pi,6.2800,6.3482,0.1333,0.1333
16.9175,pi,6.2800,6.3352,0.1336,0.1336
16.9225,pi,6.2800,6.3247,0.1338,0.1338
16.9276,pi,6.2800,6.3395,0.1335,0.1335
16.9325,pi,6.2800,6.3785,0.1327,0.1327
16.9374,pi,6.2800,6.3591,0.1330,0.1330
16.9424,pi,6.2800,6.2930,0.1343,0.1343
16.9475,pi,6.2800,6.2910,0.1344,0.1344
16.9524,pi,6.2800,6.3123,0.1340,0.1340
16.9574,pi,6.2800,6.3296,0.1336,0.1336
16.9624,pi,6.2800,6.3432,0.1333,0.1333
16.9674,pi,6.2800,6.3084,0.1340,0.1340
16.9724,pi,6.2800,6.3262,0.1336,0.1336
16.9775,pi,6.2800,6.3174,0.1338,0.1338
16.9825,pi,6.2800,6.3102,0.1339,0.1339
16.9875,pi,6.2800,6.3044,0.1340,0.1340
16.9923,pi,6.2800,6.3228,0.1337,0.1337
16.9974,pi,6.2800,6.3149,0.1338,0.1338
17.0025,pi,6.2800,6.3085,0.1339,0.1339
17.0074,pi,6.2800,6.3034,0.1340,0.1340
17.0124,pi,6.2800,6.2993,0.1341,0.1341
17.0174,pi,6.2800,6.2959,0.1342,0.1342
17.0224,pi,6.2800,6.3162,0.1338,0.1338
17.0274,pi,6.2800,6.2867,0.1343,0.1343
17.0325,pi,6.2800,6.3089,0.1339,0.1339
17.0374,pi,6.2800,6.2814,0.1344,0.1344
17.0424,pi,6.2800,6.3050,0.1340,0.1340
17.0475,pi,6.2800,6.3005,0.1340,0.1340
17.0524,pi,6.2800,6.2970,0.1341,0.1341
17.0574,pi,6.2800,6.2941,0.1342,0.1342
17.0624,pi,6.2800,6.3148,0.1337,0.1337
17.0674,pi,6.2800,6.2855,0.1343,0.1343
17.0724,pi,6.2800,6.3081,0.1339,0.1339
17.0775,pi,6.2800,6.3030,0.1340,0.1340
17.0825,pi,6.2800,6.2990,0.1340,0.1340
17.0874,pi,6.2800,6.2730,0.1346,0.1346
17.0924,pi,6.2800,6.2980,0.1341,0.1341
17.0976,pi,6.2800,6.2949,0.1341,0.1341
17.1025,pi,6.2800,6.2925,0.1342,0.1342
17.1075,pi,6.2800,6.2906,0.1342,0.1342
17.1125,pi,6.2800,6.2870,0.1343,0.1343
17.1174,pi,6.2800,6.2862,0.1343,0.1343
17.1223,pi,6.2800,6.3085,0.1338,0.1338
17.1275,pi,6.2800,6.3034,0.1339,0.1339
17.1326,pi,6.2800,6.3222,0.1335,0.1335
17.1376,pi,6.2800,6.3131,0.1337,0.1337
17.1428,pi,6.2800,6.3067,0.1338,0.1338
17.1475,pi,6.2800,6.3016,0.1339,0.1339
17.1524,pi,6.2800,6.3211,0.1335,0.1335
17.1585,pi,6.2800,6.3132,0.1337,0.1337
17.1641,pi,6.2800,6.3297,0.1333,0.1333
17.1683,pi,6.2800,6.2996,0.1339,0.1339
17.1728,pi,6.2800,6.2963,0.1340,0.1340
17.1774,pi,6.2800,6.2707,0.1345,0.1345
17.1824,pi,6.2800,6.2964,0.1340,0.1340
17.1875,pi,6.2800,6.2711,0.1345,0.1345
17.1924,pi,6.2800,6.2978,0.1340,0.1340
17.1975,pi,6.2800,6.2724,0.1345,0.1345
17.2024,pi,6.2800,6.2745,0.1344,0.1344
17.2075,pi,6.2800,6.2531,0.1349,0.1349
17.2123,pi,6.2800,6.2827,0.1343,0.1343
17.2174,pi,6.2800,6.2605,0.1347,0.1347
17.2225,pi,6.2800,6.2880,0.1342,0.1342
17.2274,pi,6.2800,6.2645,0.1346,0.1346
17.2325,pi,6.2800,6.2681,0.1346,0.1346
17.2375,pi,6.2800,6.2710,0.1345,0.1345
17.2425,pi,6.2800,6.2732,0.1345,0.1345
17.2474,pi,6.2800,6.2978,0.1340,0.1340
17.2524,pi,6.2800,6.3179,0.1336,0.1336
17.2574,pi,6.2800,6.3339,0.1332,0.1332
17.2625,pi,6.2800,6.3235,0.1334,0.1334
17.2674,pi,6.2800,6.3382,0.1331,0.1331
17.2725,pi,6.2800,6.3272,0.1333,0.1333
17.2775,pi,6.2800,6.3412,0.1330,0.1330
17.2826,pi,6.2800,6.3295,0.1333,0.1333
17.2874,pi,6.2800,6.3430,0.1330,0.1330
17.2931,pi,6.2800,6.3303,0.1332,0.1332
17.2981,pi,6.2800,6.3203,0.1334,0.1334
17.3028,pi,6.2800,6.3622,0.1326,0.1326
17.3074,pi,6.2800,6.3459,0.1329,0.1329
17.3124,pi,6.2800,6.3333,0.1331,0.1331
17.3174,pi,6.2800,6.3230,0.1333,0.1333
17.3224,pi,6.2800,6.3147,0.1334,0.1334
17.3274,pi,6.2800,6.3080,0.1336,0.1336
17.3326,pi,6.2800,6.3030,0.1337,0.1337
17.3375,pi,6.2800,6.2988,0.1337,0.1337
17.3428,pi,6.2800,6.2952,0.1338,0.1338
17.3484,pi,6.2800,6.2927,0.1339,0.1339
17.3527,pi,6.2800,6.2681,0.1343,0.1343
17.3574,pi,6.2800,6.2489,0.1347,0.1347
17.3623,pi,6.2800,6.2332,0.1351,0.1351
17.3673,pi,6.2800,6.2661,0.1344,0.1344
17.3725,pi,6.2800,6.2695,0.1343,0.1343
17.3775,pi,6.2800,6.2720,0.1343,0.1343
17.3824,pi,6.2800,6.2971,0.1338,0.1338
17.3874,pi,6.2800,6.3173,0.1334,0.1334
17.3926,pi,6.2800,6.2874,0.1340,0.1340
17.3982,pi,6.2800,6.3098,0.1335,0.1335
17.4035,pi,6.2800,6.3043,0.1336,0.1336
17.4081,pi,6.2800,6.2999,0.1337,0.1337
17.4126,pi,6.2800,6.2960,0.1338,0.1338
17.4175,pi,6.2800,6.2933,0.1338,0.1338
17.4223,pi,6.2800,6.3143,0.1334,0.1334
17.4274,pi,6.2800,6.3311,0.1331,0.1331
17.4324,pi,6.2800,6.2990,0.1337,0.1337
17.4375,pi,6.2800,6.2957,0.1338,0.1338
17.4424,pi,6.2800,6.3161,0.1333,0.1333
17.4475,pi,6.2800,6.3324,0.1330,0.1330
17.4525,pi,6.2800,6.3456,0.1327,0.1327
17.4575,pi,6.2800,6.3562,0.1325,0.1325
17.4625,pi,6.2800,6.3909,0.1318,0.1318
17.4673,pi,6.2800,6.3928,0.1317,0.1317
17.4725,pi,6.2800,6.3205,0.1331,0.1331
17.4775,pi,6.2800,6.3128,0.1333,0.1333
17.4826,pi,6.2800,6.3065,0.1334,0.1334
17.4874,pi,6.2800,6.3018,0.1335,0.1335
17.4928,pi,6.2800,6.2468,0.1346,0.1346
17.4982,pi,6.2800,6.2521,0.1345,0.1345
17.5028,pi,6.2800,6.2563,0.1344,0.1344
17.5079,pi,6.2800,6.2612,0.1343,0.1343
17.5130,pi,6.2800,6.2143,0.1353,0.1353
17.5180,pi,6.2800,6.2267,0.1350,0.1350
17.5231,pi,6.2800,6.2869,0.1338,0.1338
17.5281,pi,6.2800,6.2848,0.1339,0.1339
17.5332,pi,6.2800,6.2825,0.1339,0.1339
17.5376,pi,6.2800,6.2807,0.1340,0.1340
17.5426,pi,6.2800,6.3308,0.1330,0.1330
17.5477,pi,6.2800,6.3440,0.1327,0.1327
17.5526,pi,6.2800,6.3098,0.1334,0.1334
17.5574,pi,6.2800,6.2843,0.1339,0.1339
17.5624,pi,6.2800,6.2610,0.1343,0.1343
17.5676,pi,6.2800,6.2903,0.1337,0.1337
17.5724,pi,6.2800,6.2669,0.1342,0.1342
17.5775,pi,6.2800,6.2474,0.1346,0.1346
17.5824,pi,6.2800,6.2787,0.1340,0.1340
17.5874,pi,6.2800,6.3049,0.1335,0.1335
17.5924,pi,6.2800,6.2796,0.1340,0.1340
17.5975,pi,6.2800,6.2802,0.1339,0.1339
17.6023,pi,6.2800,6.3045,0.1335,0.1335
17.6074,pi,6.2800,6.3246,0.1330,0.1330
17.6124,pi,6.2800,6.3393,0.1327,0.1327
17.6174,pi,6.2800,6.3519,0.1325,0.1325
17.6224,pi,6.2800,6.3614,0.1323,0.1323
17.6275,pi,6.2800,6.3690,0.1321,0.1321
17.6324,pi,6.2800,6.3761,0.1319,0.1319
17.6374,pi,6.2800,6.3347,0.1327,0.1327
17.6424,pi,6.2800,6.3473,0.1325,0.1325
17.6474,pi,6.2800,6.3575,0.1323,0.1323
17.6525,pi,6.2800,6.3418,0.1325,0.1325
17.6574,pi,6.2800,6.3297,0.1328,0.1328
17.6624,pi,6.2800,6.3200,0.1330,0.1330
17.6674,pi,6.2800,6.3123,0.1331,0.1331
17.6724,pi,6.2800,6.3062,0.1332,0.1332
17.6775,pi,6.2800,6.3006,0.1333,0.1333
17.6825,pi,6.2800,6.2968,0.1334,0.1334
17.6875,pi,6.2800,6.2938,0.1334,0.1334
17.6924,pi,6.2800,6.2916,0.1335,0.1335
17.6975,pi,6.2800,6.2897,0.1335,0.1335
17.7024,pi,6.2800,6.3108,0.1331,0.1331
17.7075,pi,6.2800,6.3052,0.1332,0.1332
17.7124,pi,6.2800,6.3007,0.1333,0.1333
17.7175,pi,6.2800,6.2971,0.1333,0.1333
17.7225,pi,6.2800,6.2942,0.1334,0.1334
17.7275,pi,6.2800,6.2689,0.1339,0.1339
17.7325,pi,6.2800,6.2716,0.1339,0.1339
17.7376,pi,6.2800,6.2737,0.1338,0.1338
17.7429,pi,6.2800,6.2748,0.1338,0.1338
17.7481,pi,6.2800,6.2759,0.1338,0.1338
17.7525,pi,6.2800,6.2999,0.1333,0.1333
17.7574,pi,6.2800,6.2741,0.1338,0.1338
17.7623,pi,6.2800,6.2992,0.1333,0.1333
17.7675,pi,6.2800,6.2732,0.1338,0.1338
17.7726,pi,6.2800,6.2750,0.1338,0.1338
17.7776,pi,6.2800,6.3268,0.1327,0.1327
17.7823,pi,6.2800,6.3410,0.1325,0.1325
17.7875,pi,6.2800,6.3294,0.1327,0.1327
17.7926,pi,6.2800,6.3432,0.1324,0.1324
17.7979,pi,6.2800,6.3083,0.1331,0.1331
17.8025,pi,6.2800,6.3030,0.1332,0.1332
17.8074,pi,6.2800,6.2987,0.1332,0.1332
17.8124,pi,6.2800,6.2954,0.1333,0.1333
17.8174,pi,6.2800,6.2699,0.1338,0.1338
17.8224,pi,6.2800,6.2955,0.1333,0.1333
17.8275,pi,6.2800,6.2701,0.1338,0.1338
17.8325,pi,6.2800,6.2501,0.1342,0.1342
17.8375,pi,6.2800,6.2339,0.1345,0.1345
17.8425,pi,6.2800,6.2438,0.1344,0.1344
17.8476,pi,6.2800,6.2517,0.1342,0.1342
17.8527,pi,6.2800,6.2808,0.1336,0.1336
17.8574,pi,6.2800,6.3312,0.1326,0.1326
17.8623,pi,6.2800,6.3216,0.1328,0.1328
17.8673,pi,6.2800,6.3139,0.1329,0.1329
17.8723,pi,6.2800,6.3306,0.1326,0.1326
17.8774,pi,6.2800,6.2983,0.1332,0.1332
17.8824,pi,6.2800,6.3185,0.1328,0.1328
17.8874,pi,6.2800,6.2886,0.1334,0.1334
17.8924,pi,6.2800,6.3106,0.1330,0.1330
17.8974,pi,6.2800,6.2821,0.1335,0.1335
17.9024,pi,6.2800,6.3056,0.1331,0.1331
17.9074,pi,6.2800,6.2788,0.1336,0.1336
17.9124,pi,6.2800,6.2573,0.1340,0.1340
17.9174,pi,6.2800,6.2396,0.1344,0.1344
17.9224,pi,6.2800,6.2483,0.1342,0.1342
17.9274,pi,6.2800,6.2552,0.1341,0.1341
17.9324,pi,6.2800,6.2837,0.1335,0.1335
17.9375,pi,6.2800,6.2834,0.1335,0.1335
17.9424,pi,6.2800,6.2833,0.1335,0.1335
17.9474,pi,6.2800,6.2833,0.1335,0.1335
17.9524,pi,6.2800,6.2829,0.1335,0.1335
17.9574,pi,6.2800,6.2828,0.1335,0.1335
17.9625,pi,6.2800,6.2822,0.1336,0.1336
17.9674,pi,6.2800,6.2823,0.1335,0.1335
17.9725,pi,6.2800,6.2823,0.1335,0.1335
17.9775,pi,6.2800,6.2822,0.1336,0.1336
17.9825,pi,6.2800,6.2821,0.1336,0.1336
17.9874,pi,6.2800,6.2592,0.1340,0.1340
17.9924,pi,6.2800,6.2135,0.1349,0.1349
17.9974,pi,6.2800,6.2046,0.1351,0.1351
18.0024,pi,6.2800,6.2433,0.1344,0.1344
18.0074,pi,6.2800,6.2286,0.1347,0.1347
18.0124,pi,6.2800,6.2625,0.1340,0.1340
18.0175,pi,6.2800,6.2666,0.1339,0.1339
18.0223,pi,6.2800,6.2927,0.1334,0.1334
18.0274,pi,6.2800,6.2680,0.1339,0.1339
18.0324,pi,6.2800,6.2941,0.1334,0.1334
18.0374,pi,6.2800,6.2691,0.1339,0.1339
18.0424,pi,6.2800,6.2948,0.1334,0.1334
18.0475,pi,6.2800,6.2924,0.1334,0.1334
18.0524,pi,6.2800,6.2906,0.1334,0.1334
18.0574,pi,6.2800,6.2890,0.1335,0.1335
18.0624,pi,6.2800,6.2876,0.1335,0.1335
18.0676,pi,6.2800,6.2863,0.1335,0.1335
18.0731,pi,6.2800,6.2851,0.1335,0.1335
18.0778,pi,6.2800,6.2844,0.1336,0.1336
18.0824,pi,6.2800,6.2840,0.1336,0.1336
18.0875,pi,6.2800,6.2836,0.1336,0.1336
18.0926,pi,6.2800,6.2830,0.1336,0.1336
18.0975,pi,6.2800,6.3329,0.1326,0.1326
18.1023,pi,6.2800,6.3459,0.1323,0.1323
18.1073,pi,6.2800,6.3566,0.1321,0.1321
18.1123,pi,6.2800,6.3652,0.1319,0.1319
18.1175,pi,6.2800,6.3722,0.1317,0.1317
18.1224,pi,6.2800,6.3779,0.1316,0.1316
18.1275,pi,6.2800,6.3363,0.1324,0.1324
18.1325,pi,6.2800,6.3490,0.1321,0.1321
18.1374,pi,6.2800,6.3591,0.1319,0.1319
18.1425,pi,6.2800,6.3669,0.1317,0.1317
18.1478,pi,6.2800,6.3483,0.1321,0.1321
18.1527,pi,6.2800,6.3344,0.1323,0.1323
18.1575,pi,6.2800,6.3239,0.1325,0.1325
18.1624,pi,6.2800,6.3154,0.1327,0.1327
18.1674,pi,6.2800,6.3089,0.1328,0.1328
18.1724,pi,6.2800,6.3036,0.1329,0.1329
18.1774,pi,6.2800,6.3222,0.1325,0.1325
18.1825,pi,6.2800,6.3143,0.1327,0.1327
18.1874,pi,6.2800,6.3075,0.1328,0.1328
18.1924,pi,6.2800,6.2795,0.1334,0.1334
18.1975,pi,6.2800,6.3033,0.1329,0.1329
18.2024,pi,6.2800,6.2781,0.1334,0.1334
18.2075,pi,6.2800,6.2286,0.1344,0.1344
18.2124,pi,6.2800,6.2395,0.1342,0.1342
18.2175,pi,6.2800,6.2478,0.1340,0.1340
18.2224,pi,6.2800,6.2547,0.1339,0.1339
18.2274,pi,6.2800,6.2603,0.1338,0.1338
18.2325,pi,6.2800,6.2647,0.1337,0.1337
18.2374,pi,6.2800,6.2911,0.1332,0.1332
18.2425,pi,6.2800,6.2894,0.1332,0.1332
18.2474,pi,6.2800,6.2882,0.1332,0.1332
18.2524,pi,6.2800,6.2870,0.1333,0.1333
18.2575,pi,6.2800,6.3362,0.1323,0.1323
18.2625,pi,6.2800,6.3254,0.1325,0.1325
18.2674,pi,6.2800,6.3169,0.1326,0.1326
18.2724,pi,6.2800,6.3101,0.1328,0.1328
18.2776,pi,6.2800,6.3044,0.1329,0.1329
18.2825,pi,6.2800,6.2998,0.1329,0.1329
18.2875,pi,6.2800,6.2962,0.1330,0.1330
18.2924,pi,6.2800,6.2708,0.1335,0.1335
18.2975,pi,6.2800,6.2732,0.1335,0.1335
18.3024,pi,6.2800,6.2523,0.1339,0.1339
18.3074,pi,6.2800,6.2815,0.1333,0.1333
18.3124,pi,6.2800,6.2595,0.1338,0.1338
18.3175,pi,6.2800,6.2873,0.1332,0.1332
18.3227,pi,6.2800,6.2855,0.1332,0.1332
18.3274,pi,6.2800,6.2851,0.1332,0.1332
18.3325,pi,6.2800,6.2621,0.1337,0.1337
18.3373,pi,6.2800,6.2898,0.1332,0.1332
18.3425,pi,6.2800,6.2884,0.1332,0.1332
18.3474,pi,6.2800,6.3102,0.1327,0.1327
18.3524,pi,6.2800,6.2819,0.1333,0.1333
18.3575,pi,6.2800,6.2821,0.1333,0.1333
18.3624,pi,6.2800,6.2595,0.1337,0.1337
18.3674,pi,6.2800,6.2872,0.1332,0.1332
18.3724,pi,6.2800,6.2634,0.1337,0.1337
18.3774,pi,6.2800,6.2911,0.1331,0.1331
18.3825,pi,6.2800,6.2672,0.1336,0.1336
18.3875,pi,6.2800,6.2703,0.1335,0.1335
18.3925,pi,6.2800,6.2723,0.1335,0.1335
18.3975,pi,6.2800,6.2743,0.1335,0.1335
18.4026,pi,6.2800,6.2736,0.1335,0.1335
18.4074,pi,6.2800,6.2755,0.1334,0.1334
18.4124,pi,6.2800,6.3000,0.1330,0.1330
18.4175,pi,6.2800,6.2964,0.1330,0.1330
18.4224,pi,6.2800,6.3166,0.1326,0.1326
18.4274,pi,6.2800,6.3329,0.1323,0.1323
18.4325,pi,6.2800,6.3728,0.1315,0.1315
18.4374,pi,6.2800,6.3549,0.1318,0.1318
18.4424,pi,6.2800,6.3177,0.1325,0.1325
18.4474,pi,6.2800,6.3346,0.1322,0.1322
18.4525,pi,6.2800,6.3476,0.1319,0.1319
18.4574,pi,6.2800,6.3602,0.1316,0.1316
18.4624,pi,6.2800,6.3680,0.1315,0.1315
18.4674,pi,6.2800,6.3282,0.1322,0.1322
18.4724,pi,6.2800,6.3427,0.1319,0.1319
18.4774,pi,6.2800,6.3081,0.1326,0.1326
18.4824,pi,6.2800,6.3262,0.1322,0.1322
18.4874,pi,6.2800,6.2953,0.1328,0.1328
18.4926,pi,6.2800,6.3430,0.1319,0.1319
18.4977,pi,6.2800,6.3303,0.1321,0.1321
18.5027,pi,6.2800,6.3203,0.1323,0.1323
18.5076,pi,6.2800,6.3123,0.1325,0.1325
18.5124,pi,6.2800,6.3059,0.1326,0.1326
18.5175,pi,6.2800,6.3011,0.1327,0.1327
18.5224,pi,6.2800,6.2972,0.1327,0.1327
18.5275,pi,6.2800,6.2940,0.1328,0.1328
18.5325,pi,6.2800,6.2917,0.1329,0.1329
18.5375,pi,6.2800,6.2896,0.1329,0.1329
18.5423,pi,6.2800,6.3111,0.1325,0.1325
18.5475,pi,6.2800,6.2826,0.1330,0.1330
18.5524,pi,6.2800,6.3063,0.1325,0.1325
18.5576,pi,6.2800,6.2793,0.1331,0.1331
18.5625,pi,6.2800,6.3030,0.1326,0.1326
18.5676,pi,6.2800,6.2989,0.1327,0.1327
18.5730,pi,6.2800,6.2950,0.1328,0.1328
18.5777,pi,6.2800,6.2923,0.1328,0.1328
18.5824,pi,6.2800,6.2901,0.1328,0.1328
18.5873,pi,6.2800,6.2661,0.1333,0.1333
18.5924,pi,6.2800,6.2694,0.1333,0.1333
18.5974,pi,6.2800,6.2721,0.1332,0.1332
18.6024,pi,6.2800,6.2739,0.1332,0.1332
18.6075,pi,6.2800,6.2749,0.1332,0.1332
18.6124,pi,6.2800,6.2990,0.1327,0.1327
18.6175,pi,6.2800,6.2955,0.1327,0.1327
18.6224,pi,6.2800,6.3162,0.1323,0.1323
18.6275,pi,6.2800,6.2875,0.1329,0.1329
18.6325,pi,6.2800,6.3101,0.1324,0.1324
18.6374,pi,6.2800,6.3046,0.1325,0.1325
18.6424,pi,6.2800,6.3231,0.1322,0.1322
18.6475,pi,6.2800,6.2922,0.1328,0.1328
18.6524,pi,6.2800,6.3134,0.1323,0.1323
18.6574,pi,6.2800,6.2847,0.1329,0.1329
18.6624,pi,6.2800,6.3079,0.1324,0.1324
18.6674,pi,6.2800,6.2801,0.1330,0.1330
18.6725,pi,6.2800,6.2804,0.1330,0.1330
18.6774,pi,6.2800,6.2809,0.1330,0.1330
18.6825,pi,6.2800,6.2812,0.1330,0.1330
18.6849,coast,6.2800,6.2812,0.0000,0.0000
